,overall_score,normal_score,expert_score,VVIQ_sum
overall_score,1.0,4.455331988392603e-71,1.726309788492214e-83,0.0941904213807118
normal_score,4.455331988392603e-71,1.0,6.179240992881014e-48,0.04436460705301407
expert_score,1.726309788492214e-83,6.179240992881014e-48,1.0,0.1672563523350832
VVIQ_sum,0.0941904213807118,0.04436460705301407,0.1672563523350832,1.0
