,overall_score,normal_score,expert_score,VVIQ_sum
overall_score,1.0,0.9805169959942303,0.9891722770697944,-0.16828941647357681
normal_score,0.9805169959942303,1.0,0.9410717318292652,-0.20152872378686698
expert_score,0.9891722770697944,0.9410717318292652,1.0,-0.13918400799790645
VVIQ_sum,-0.16828941647357681,-0.20152872378686698,-0.13918400799790645,1.0
