,ResponseId,overall_score,normal_score,expert_score,diff_normed_score,n_graded,n_ungraded,n_total,mean_score_per_item,mean_diff_normed_score_per_item,accumulated_difficulty,VVIQ_sum,VVIQ_mean,VVIQ_std,VVIQ - 01,VVIQ - 02,VVIQ - 03,VVIQ - 04,VVIQ - 05,VVIQ - 06,VVIQ - 07,VVIQ - 08,VVIQ - 09,VVIQ - 10,VVIQ - 11,VVIQ - 12,VVIQ - 13,VVIQ - 14,VVIQ - 15,VVIQ - 16
17,R_7D6TWTVSx8Nbnl3,51.397619047619045,42.7952380952381,60.0,19.580970352085473,14,1,15,3.4265079365079365,1.3053980234723648,9.386938600819281,77,4.8125,0.4031128874149275,4,5,5,5,5,5,5,5,5,5,5,5,5,4,5,4
19,R_3gw89p3wacWQFRn,50.9047619047619,43.30952380952382,58.5,18.207534363197063,15,0,15,3.393650793650793,1.2138356242131374,9.775419693502082,80,5.0,0.0,5,5,5,5,5,5,5,5,5,5,5,5,5,5,5,5
23,R_1mczKBtg2GsAMRr,49.10714285714286,42.714285714285715,55.5,18.141616971295043,14,1,15,3.273809523809524,1.2094411314196696,9.341920308807326,80,5.0,0.0,5,5,5,5,5,5,5,5,5,5,5,5,5,5,5,5
76,R_5fjcrirfMR1Dwul,31.433333333333334,29.366666666666667,33.5,10.635322686038474,15,0,15,2.0955555555555554,0.709021512402565,9.62740948247065,80,5.0,0.0,5,5,5,5,5,5,5,5,5,5,5,5,5,5,5,5
80,R_67re1CUSK65lHix,30.833333333333336,28.66666666666666,33.0,12.866058476313368,15,0,15,2.055555555555556,0.8577372317542246,9.107936392786538,80,5.0,0.0,5,5,5,5,5,5,5,5,5,5,5,5,5,5,5,5
90,R_5hxwR1AIkCiK5YQ,27.249999999999996,24.5,30.0,11.2814891776553,14,1,15,1.8166666666666664,0.7520992785103534,9.239762587691482,80,5.0,0.0,5,5,5,5,5,5,5,5,5,5,5,5,5,5,5,5
93,R_7IcV6n5DqSpqtcR,25.166666666666668,26.833333333333336,23.5,9.413504426704,13,2,15,1.6777777777777778,0.6275669617802666,9.350046306652843,80,5.0,0.0,5,5,5,5,5,5,5,5,5,5,5,5,5,5,5,5
