,block_num,qid,canon,label,value_1,value_2,value_3,value_4,value_5,value_6,value_7,normal_mean_score,normal_sd_score,expert_value_1,expert_value_2,expert_mean_score,expert_sd_score,average_mean_score
0,21,1553,Crystal ball - Person Outline,2 circles,1.0,1.0,1.0,1.0,1.0,,,1.0,0.0,1,1,1.0,0.0,1.0
1,27,1609,Door,2 square stacked into each other,1.0,1.0,1.0,2.0,5.0,,,2.0,1.5491933384829668,1,1,1.0,0.0,1.5
2,27,576,Door,2 squares,1.0,1.0,1.0,1.0,1.0,1.0,3.0,1.2857142857142858,0.6998542122237652,1,1,1.0,0.0,1.1428571428571428
3,37,1907,Clubs symbol,3 leaf clover,2.0,3.0,4.0,5.0,3.0,,,3.4,1.019803902718557,5,5,5.0,0.0,4.2
4,42,1731,Window - Grid,3x3 grid,1.0,1.0,1.0,1.0,1.0,,,1.0,0.0,1,2,1.5,0.5,1.25
5,10,1441,Comb - Pitchfork,A T with two small bars on the side,1.0,2.0,4.0,3.0,4.0,,,2.8,1.16619037896906,1,1,1.0,0.0,1.9
6,17,297,Ice cream,Abstract Eyeball,1.0,1.0,2.0,1.0,1.0,1.0,,1.1666666666666667,0.3726779962499649,1,3,2.0,1.0,1.5833333333333335
7,53,1239,Sailboat,Abstract umbrella,2.0,1.0,1.0,2.0,1.0,2.0,,1.5,0.5,1,1,1.0,0.0,1.25
8,29,620,Shovel,Anchor,1.0,1.0,2.0,4.0,5.0,1.0,,2.3333333333333335,1.5986105077709065,3,3,3.0,0.0,2.666666666666667
9,22,450,Fish,Angle,1.0,2.0,2.0,1.0,2.0,1.0,,1.5,0.5,1,1,1.0,0.0,1.25
10,59,1350,Pine tree,Angle,4.0,1.0,2.0,4.0,1.0,4.0,,2.6666666666666665,1.3743685418725535,1,1,1.0,0.0,1.8333333333333333
11,20,388,Crystal ball - Person Outline,Ant,1.0,1.0,1.0,3.0,1.0,1.0,,1.3333333333333333,0.7453559924999299,1,1,1.0,0.0,1.1666666666666665
12,54,1260,Music Note,Ant,1.0,1.0,1.0,1.0,1.0,1.0,,1.0,0.0,1,1,1.0,0.0,1.0
13,33,726,Plunger,Antenna,1.0,2.0,2.0,3.0,5.0,1.0,,2.3333333333333335,1.3743685418725535,3,2,2.5,0.5,2.416666666666667
14,49,1155,Heart,Antennae,2.0,1.0,1.0,1.0,1.0,1.0,,1.1666666666666667,0.3726779962499649,1,1,1.0,0.0,1.0833333333333335
15,43,1742,Mouse,Apple stem,1.0,1.0,2.0,3.0,2.0,,,1.8,0.7483314773547883,2,4,3.0,1.0,2.4
16,18,1517,Ice cream,Arch bridge,1.0,1.0,2.0,1.0,1.0,,,1.2,0.4,1,1,1.0,0.0,1.1
17,49,1794,Heart,Arrow key,1.0,4.0,1.0,1.0,1.0,1.0,,1.5,1.118033988749895,1,1,1.0,0.0,1.25
18,7,1419,Pine Tree,Arrow shaft,5.0,3.0,2.0,3.0,5.0,,,3.6,1.2000000000000002,5,3,4.0,1.0,3.8
19,31,1650,Balloon,Arrow through a cricle,2.0,3.0,4.0,1.0,1.0,,,2.2,1.16619037896906,2,1,1.5,0.5,1.85
20,59,1888,Pine tree,Arrowhead ladder,1.0,2.0,2.0,1.0,2.0,,,1.6,0.4898979485566356,1,1,1.0,0.0,1.3
21,22,451,Fish,Audio Symbol,4.0,1.0,1.0,2.0,2.0,2.0,,2.0,1.0,1,1,1.0,0.0,1.5
22,24,505,Chair,Baketball hoop,2.0,1.0,1.0,1.0,4.0,1.0,,1.6666666666666667,1.1055415967851332,1,2,1.5,0.5,1.5833333333333335
23,17,298,Ice cream,Balloon,1.0,1.0,1.0,1.0,1.0,1.0,,1.0,0.0,1,3,2.0,1.0,1.5
24,43,974,Mouse,Balloon,2.0,1.0,1.0,1.0,2.0,1.0,,1.3333333333333333,0.4714045207910317,2,1,1.5,0.5,1.4166666666666665
25,11,162,Comb - Pitchfork,Basket,1.0,1.0,1.0,1.0,1.0,1.0,,1.0,0.0,1,1,1.0,0.0,1.0
26,54,1261,Music Note,Basketball hoop,1.0,1.0,1.0,1.0,1.0,1.0,,1.0,0.0,1,1,1.0,0.0,1.0
27,28,1611,Glasses,Binoculars,1.0,2.0,3.0,2.0,2.0,,,2.0,0.6324555320336759,3,4,3.5,0.5,2.75
28,34,755,Bow tie - Owl,Binoculars,2.0,1.0,2.0,2.0,1.0,2.0,,1.6666666666666667,0.4714045207910317,1,2,1.5,0.5,1.5833333333333335
29,49,1159,Heart,Bird Beak,2.0,1.0,1.0,1.0,1.0,2.0,,1.3333333333333333,0.4714045207910317,2,1,1.5,0.5,1.4166666666666665
30,36,799,Broom,Bird feet,5.0,4.0,2.0,5.0,4.0,4.0,,4.0,1.0,5,5,5.0,0.0,4.5
31,20,391,Crystal ball - Person Outline,Boat,1.0,1.0,1.0,1.0,1.0,1.0,,1.0,0.0,1,1,1.0,0.0,1.0
32,21,421,Crystal ball - Person Outline,Boat,1.0,1.0,1.0,1.0,1.0,1.0,,1.0,0.0,1,1,1.0,0.0,1.0
33,22,452,Fish,Boat,1.0,1.0,1.0,1.0,1.0,1.0,,1.0,0.0,1,2,1.5,0.5,1.25
34,30,653,Fish bones,Boat,1.0,1.0,1.0,2.0,1.0,1.0,,1.1666666666666667,0.3726779962499649,1,1,1.0,0.0,1.0833333333333335
35,53,1243,Sailboat,Boat,5.0,5.0,5.0,4.0,5.0,5.0,,4.833333333333333,0.37267799624996495,5,5,5.0,0.0,4.916666666666666
36,50,1801,Stick Figure,Boat anchor,1.0,2.0,1.0,2.0,1.0,,,1.4,0.4898979485566356,1,1,1.0,0.0,1.2
37,25,1577,Chair,Boot heel,2.0,1.0,1.0,1.0,1.0,,,1.2,0.4000000000000001,1,1,1.0,0.0,1.1
38,37,1692,Clubs symbol,Bowtie person,2.0,1.0,1.0,1.0,2.0,,,1.4,0.4898979485566356,3,1,2.0,1.0,1.7
39,27,582,Door,Box,2.0,2.0,3.0,2.0,5.0,2.0,,2.6666666666666665,1.1055415967851334,1,2,1.5,0.5,2.083333333333333
40,46,1064,Lightbulb - Ice Cream,Bride,1.0,1.0,1.0,2.0,1.0,2.0,,1.3333333333333333,0.4714045207910317,1,1,1.0,0.0,1.1666666666666665
41,59,1889,Pine tree,Bridge arch,1.0,1.0,1.0,3.0,1.0,,,1.4,0.8,1,1,1.0,0.0,1.2
42,30,1632,Fish bones,Bridge support,1.0,1.0,3.0,2.0,1.0,1.0,,1.5,0.7637626158259734,1,2,1.5,0.5,1.5
43,56,1863,Clock,Broken arrow,2.0,1.0,2.0,,,,,1.6666666666666667,0.4714045207910317,1,1,1.0,0.0,1.3333333333333335
44,10,144,Comb - Pitchfork,Broken ladder,1.0,1.0,1.0,1.0,1.0,1.0,,1.0,0.0,1,1,1.0,0.0,1.0
45,50,1177,Stick Figure,Broom,1.0,1.0,1.0,1.0,1.0,1.0,,1.0,0.0,1,1,1.0,0.0,1.0
46,54,1263,Music Note,Brush,2.0,1.0,2.0,1.0,2.0,1.0,1.0,1.4285714285714286,0.4948716593053935,1,1,1.0,0.0,1.2142857142857144
47,21,422,Crystal ball - Person Outline,Bulb,1.0,1.0,1.0,1.0,1.0,1.0,,1.0,0.0,2,2,2.0,0.0,1.5
48,20,392,Crystal ball - Person Outline,Bun,1.0,1.0,1.0,1.0,3.0,1.0,,1.3333333333333333,0.7453559924999299,1,2,1.5,0.5,1.4166666666666665
49,3,1392,Glasses,Bunny ears,3.0,1.0,1.0,1.0,1.0,,,1.4,0.8000000000000002,1,2,1.5,0.5,1.45
50,12,185,Goblet,Butter Churner,1.0,1.0,2.0,1.0,1.0,1.0,,1.1666666666666667,0.3726779962499649,3,1,2.0,1.0,1.5833333333333335
51,44,1009,Computer Mouse,Butterfly,1.0,1.0,1.0,1.0,1.0,1.0,,1.0,0.0,1,1,1.0,0.0,1.0
52,46,1768,Lightbulb - Ice Cream,Butterfly wings,1.0,1.0,1.0,1.0,1.0,,,1.0,0.0,1,1,1.0,0.0,1.0
53,29,1621,Shovel,C note,1.0,1.0,1.0,1.0,,,,1.0,0.0,1,1,1.0,0.0,1.0
54,19,1524,Computer Mouse,CD slot,1.0,1.0,1.0,1.0,1.0,1.0,,1.0,0.0,1,1,1.0,0.0,1.0
55,59,1887,Pine tree,Campfire tripod,1.0,1.0,2.0,1.0,1.0,,,1.2,0.4,1,4,2.5,1.5,1.85
56,11,167,Comb - Pitchfork,Candelabra,2.0,4.0,4.0,5.0,4.0,3.0,,3.6666666666666665,0.9428090415820634,2,3,2.5,0.5,3.083333333333333
57,50,1800,Stick Figure,Candelabra stand,1.0,1.0,2.0,1.0,1.0,,,1.2,0.4,1,1,1.0,0.0,1.1
58,21,423,Crystal ball - Person Outline,Capital B,1.0,1.0,2.0,1.0,1.0,2.0,,1.3333333333333333,0.4714045207910317,1,1,1.0,0.0,1.1666666666666665
59,27,1608,Door,Capital E,1.0,2.0,1.0,2.0,1.0,,,1.4,0.4898979485566356,1,1,1.0,0.0,1.2
60,26,1590,Flag,Capital K,1.0,1.0,1.0,1.0,1.0,,,1.0,0.0,1,1,1.0,0.0,1.0
61,55,1911,Yield Sign - Martini Glass,Capital T,1.0,3.0,2.0,1.0,1.0,,,1.6,0.8,1,1,1.0,0.0,1.3
62,55,1283,Yield Sign - Martini Glass,Cat snout,3.0,1.0,2.0,5.0,5.0,3.0,,3.1666666666666665,1.4624940645653537,1,3,2.0,1.0,2.583333333333333
63,18,328,Ice cream,Catapult,1.0,1.0,1.0,1.0,1.0,,,1.0,0.0,2,1,1.5,0.5,1.25
64,32,701,Goblet,Champagne glass,5.0,4.0,4.0,5.0,5.0,5.0,,4.666666666666667,0.4714045207910317,5,4,4.5,0.5,4.583333333333334
65,37,830,Clubs symbol,Cherries,1.0,1.0,1.0,1.0,2.0,1.0,,1.1666666666666667,0.37267799624996495,3,2,2.5,0.5,1.8333333333333335
66,49,1163,Heart,Cherries,1.0,2.0,1.0,1.0,1.0,1.0,,1.1666666666666667,0.3726779962499649,1,2,1.5,0.5,1.3333333333333335
67,46,1068,Lightbulb - Ice Cream,Chinese Character,4.0,1.0,1.0,2.0,1.0,2.0,,1.8333333333333333,1.0671873729054748,1,1,1.0,0.0,1.4166666666666665
68,59,1890,Pine tree,Christmas tree,3.0,3.0,3.0,3.0,3.0,,,3.0,0.0,4,4,4.0,0.0,3.5
69,33,1667,Plunger,Church bell,4.0,5.0,4.0,1.0,2.0,,,3.2,1.469693845669907,3,3,3.0,0.0,3.1
70,30,1641,Fish bones,Church window,1.0,2.0,1.0,3.0,1.0,,,1.6,0.8,1,1,1.0,0.0,1.3
71,31,683,Balloon,Circle,2.0,2.0,2.0,2.0,2.0,3.0,,2.1666666666666665,0.3726779962499649,1,1,1.0,0.0,1.5833333333333333
72,45,1046,Clock,Circle,3.0,3.0,2.0,2.0,1.0,,,2.2,0.7483314773547882,1,1,1.0,0.0,1.6
73,46,1069,Lightbulb - Ice Cream,Circle,1.0,1.0,3.0,1.0,1.0,2.0,,1.5,0.7637626158259734,1,1,1.0,0.0,1.25
74,56,1864,Clock,Circled K,1.0,1.0,1.0,1.0,1.0,,,1.0,0.0,1,1,1.0,0.0,1.0
75,3,26,Glasses,Circles,1.0,2.0,1.0,3.0,2.0,1.0,,1.6666666666666667,0.7453559924999299,1,1,1.0,0.0,1.3333333333333335
76,40,899,Mug,Clock,1.0,1.0,1.0,1.0,1.0,1.0,,1.0,0.0,1,1,1.0,0.0,1.0
77,10,145,Comb - Pitchfork,Comb,1.0,1.0,1.0,2.0,1.0,,,1.2,0.4,1,5,3.0,2.0,2.1
78,54,1839,Music Note,Combination wrench,1.0,2.0,1.0,1.0,,,,1.25,0.4330127018922193,2,1,1.5,0.5,1.375
79,44,1013,Computer Mouse,Computer Mouse,2.0,3.0,3.0,5.0,2.0,3.0,4.0,3.142857142857143,0.989743318610787,5,4,4.5,0.5,3.821428571428571
80,16,274,Ice cream,Cone,5.0,4.0,4.0,5.0,5.0,5.0,,4.666666666666667,0.4714045207910317,5,4,4.5,0.5,4.583333333333334
81,26,567,Flag,Cone,1.0,1.0,1.0,2.0,1.0,2.0,,1.3333333333333333,0.4714045207910317,1,1,1.0,0.0,1.1666666666666665
82,14,1481,Computer Mouse,Contained Ds,3.0,2.0,5.0,4.0,2.0,,,3.2,1.16619037896906,1,1,1.0,0.0,2.1
83,21,425,Crystal ball - Person Outline,Crane,1.0,1.0,1.0,1.0,1.0,1.0,,1.0,0.0,1,1,1.0,0.0,1.0
84,52,1220,Letter F,Cross,1.0,1.0,1.0,1.0,1.0,,,1.0,0.0,1,1,1.0,0.0,1.0
85,47,1109,Computer Mouse,Crosshair,1.0,1.0,1.0,1.0,1.0,1.0,,1.0,0.0,1,1,1.0,0.0,1.0
86,27,585,Door,Cubes,1.0,1.0,2.0,1.0,1.0,1.0,,1.1666666666666667,0.3726779962499649,1,1,1.0,0.0,1.0833333333333335
87,18,1516,Ice cream,Cup trophy,1.0,2.0,1.0,1.0,1.0,,,1.2,0.4000000000000001,2,1,1.5,0.5,1.35
88,19,1531,Computer Mouse,Currency symbol,1.0,2.0,1.0,1.0,1.0,,,1.2,0.4000000000000001,1,2,1.5,0.5,1.35
89,10,1444,Comb - Pitchfork,Cyrillic letter,4.0,1.0,2.0,3.0,4.0,,,2.8,1.16619037896906,2,1,1.5,0.5,2.15
90,12,1467,Goblet,D on stilts,1.0,2.0,1.0,2.0,1.0,,,1.4,0.4898979485566356,1,1,1.0,0.0,1.2
91,12,1462,Goblet,Desk lamp,1.0,2.0,1.0,3.0,1.0,3.0,,1.8333333333333333,0.8975274678557507,5,5,5.0,0.0,3.4166666666666665
92,6,1893,Glasses,Digit 8,1.0,2.0,2.0,3.0,3.0,,,2.2,0.7483314773547882,1,1,1.0,0.0,1.6
93,8,1433,Butterfly,Digit 8,1.0,2.0,1.0,1.0,,,,1.25,0.4330127018922193,1,1,1.0,0.0,1.125
94,55,1851,Yield Sign - Martini Glass,Direction toward a T junction,2.0,2.0,3.0,2.0,2.0,,,2.2,0.39999999999999997,2,1,1.5,0.5,1.85
95,50,1180,Stick Figure,Doll,2.0,3.0,4.0,5.0,4.0,4.0,,3.6666666666666665,0.9428090415820634,5,4,4.5,0.5,4.083333333333333
96,55,1849,Yield Sign - Martini Glass,Down arrow,1.0,1.0,1.0,1.0,2.0,,,1.2,0.4,1,2,1.5,0.5,1.35
97,55,1844,Yield Sign - Martini Glass,Downward arrow,1.0,1.0,1.0,2.0,1.0,,,1.2,0.4,1,2,1.5,0.5,1.35
98,48,1132,Letter T,Drawn Bow,3.0,1.0,1.0,1.0,1.0,1.0,,1.3333333333333333,0.74535599249993,2,1,1.5,0.5,1.4166666666666665
99,12,1466,Goblet,Dried,1.0,1.0,1.0,1.0,1.0,1.0,,1.0,0.0,1,1,1.0,0.0,1.0
100,30,661,Fish bones,Drill,1.0,1.0,1.0,2.0,3.0,2.0,,1.6666666666666667,0.7453559924999299,1,2,1.5,0.5,1.5833333333333335
101,40,1720,Mug,EP,4.0,2.0,1.0,2.0,1.0,,,2.0,1.0954451150103321,1,1,1.0,0.0,1.5
102,21,427,Crystal ball - Person Outline,Ear,1.0,1.0,1.0,2.0,1.0,1.0,,1.1666666666666667,0.3726779962499649,2,1,1.5,0.5,1.3333333333333335
103,2,1386,Ladder,Eiffel tower,1.0,2.0,1.0,1.0,2.0,,,1.4,0.4898979485566356,1,1,1.0,0.0,1.2
104,57,1320,Hourglass,Electric symbol,1.0,1.0,1.0,1.0,1.0,1.0,,1.0,0.0,1,1,1.0,0.0,1.0
105,50,1181,Stick Figure,Electric tower,1.0,1.0,1.0,1.0,1.0,1.0,,1.0,0.0,1,1,1.0,0.0,1.0
106,44,1015,Computer Mouse,Elephant ears,1.0,1.0,1.0,3.0,1.0,1.0,,1.3333333333333333,0.7453559924999299,1,5,3.0,2.0,2.1666666666666665
107,15,1492,House,Equilateral hexagon,1.0,1.0,4.0,2.0,1.0,,,1.8,1.1661903789690602,1,2,1.5,0.5,1.65
108,3,1396,Glasses,Eyeglasses,2.0,2.0,3.0,1.0,2.0,,,2.0,0.6324555320336759,5,5,5.0,0.0,3.5
109,25,541,Chair,Fallen tree,4.0,1.0,1.0,3.0,1.0,1.0,,1.8333333333333333,1.21335164821342,1,1,1.0,0.0,1.4166666666666665
110,50,1182,Stick Figure,Female Logo,2.0,2.0,2.0,5.0,2.0,2.0,,2.5,1.118033988749895,1,1,1.0,0.0,1.75
111,4,1398,Glasses,Figure eight,2.0,1.0,1.0,1.0,1.0,,,1.2,0.4000000000000001,1,1,1.0,0.0,1.1
112,46,1770,Lightbulb - Ice Cream,Figure eight,2.0,1.0,1.0,1.0,1.0,,,1.2,0.4000000000000001,1,1,1.0,0.0,1.1
113,29,631,Shovel,Fish,2.0,2.0,3.0,2.0,1.0,1.0,,1.8333333333333333,0.6871842709362768,3,3,3.0,0.0,2.4166666666666665
114,53,1828,Sailboat,Fish hook,1.0,2.0,1.0,1.0,1.0,1.0,,1.1666666666666667,0.3726779962499649,1,3,2.0,1.0,1.5833333333333335
115,22,460,Fish,Flag,1.0,1.0,1.0,1.0,,,,1.0,0.0,1,1,1.0,0.0,1.0
116,41,1728,Mug,Flag sign,1.0,1.0,1.0,1.0,1.0,,,1.0,0.0,1,1,1.0,0.0,1.0
117,54,1836,Music Note,Flag stand,1.0,1.0,1.0,4.0,4.0,,,2.2,1.469693845669907,1,2,1.5,0.5,1.85
118,26,1595,Flag,Flagpole arrow,5.0,4.0,1.0,5.0,1.0,,,3.2,1.8330302779823358,4,4,4.0,0.0,3.6
119,40,1719,Mug,Flagpole sign,1.0,1.0,1.0,1.0,1.0,,,1.0,0.0,1,1,1.0,0.0,1.0
120,48,1782,Letter T,Flagpole sign,1.0,1.0,1.0,2.0,1.0,,,1.2,0.4,1,4,2.5,1.5,1.85
121,25,1583,Chair,Flagpole signpost,1.0,1.0,2.0,2.0,1.0,1.0,,1.3333333333333333,0.4714045207910317,1,2,1.5,0.5,1.4166666666666665
122,52,1817,Letter F,Flagpole signpost,4.0,2.0,5.0,2.0,2.0,,,3.0,1.2649110640673518,1,5,3.0,2.0,3.0
123,12,1465,Goblet,Floor lamp,2.0,2.0,4.0,3.0,2.0,,,2.6,0.8,5,4,4.5,0.5,3.55
124,14,245,Computer Mouse,Flower,1.0,1.0,1.0,1.0,1.0,1.0,,1.0,0.0,1,1,1.0,0.0,1.0
125,38,1703,Clubs symbol - Ice cream,Flower,1.0,3.0,1.0,2.0,4.0,,,2.2,1.16619037896906,4,4,4.0,0.0,3.1
126,10,1447,Comb - Pitchfork,Fork and trident,5.0,5.0,4.0,4.0,2.0,4.0,,4.0,1.0,2,4,3.0,1.0,3.5
127,10,148,Comb - Pitchfork,Forklift Icon,1.0,1.0,2.0,4.0,3.0,4.0,,2.5,1.2583057392117916,3,1,2.0,1.0,2.25
128,9,1440,Butterfly,Four-leaf clover,1.0,1.0,1.0,1.0,2.0,,,1.2,0.4,2,2,2.0,0.0,1.6
129,32,706,Goblet,Fraction Symbol,1.0,1.0,1.0,1.0,1.0,1.0,,1.0,0.0,1,1,1.0,0.0,1.0
130,29,1622,Shovel,G-clamp,1.0,1.0,1.0,1.0,2.0,,,1.2,0.4,2,2,2.0,0.0,1.6
131,32,707,Goblet,Glass,5.0,4.0,5.0,5.0,5.0,5.0,,4.833333333333333,0.372677996249965,5,5,5.0,0.0,4.916666666666666
132,28,1610,Glasses,Goggles,4.0,3.0,4.0,3.0,,,,3.5,0.5,5,5,5.0,0.0,4.25
133,10,149,Comb - Pitchfork,Greek Pi,3.0,3.0,2.0,1.0,1.0,1.0,,1.8333333333333333,0.8975274678557508,1,1,1.0,0.0,1.4166666666666665
134,59,1884,Pine tree,Greek temple,2.0,1.0,2.0,1.0,3.0,,,1.8,0.7483314773547883,1,2,1.5,0.5,1.65
135,46,1074,Lightbulb - Ice Cream,Grenade,1.0,2.0,1.0,4.0,1.0,4.0,1.0,2.0,1.3093073414159542,1,3,2.0,1.0,2.0
136,2,8,Ladder,H,2.0,3.0,1.0,1.0,1.0,3.0,,1.8333333333333333,0.8975274678557507,1,1,1.0,0.0,1.4166666666666665
137,42,1737,Window - Grid,H shape,1.0,1.0,2.0,1.0,1.0,,,1.2,0.4,1,1,1.0,0.0,1.1
138,30,1643,Fish bones,HD icon,2.0,3.0,5.0,2.0,4.0,,,3.2,1.16619037896906,1,1,1.0,0.0,2.1
139,30,1642,Fish bones,HD monogram,5.0,2.0,1.0,4.0,4.0,,,3.2,1.469693845669907,1,1,1.0,0.0,2.1
140,10,1448,Comb - Pitchfork,Hair comb,1.0,2.0,3.0,2.0,1.0,,,1.8,0.7483314773547883,2,4,3.0,1.0,2.4
141,56,1867,Clock,Half 'k' in circle,4.0,2.0,4.0,3.0,2.0,,,3.0,0.8944271909999159,1,1,1.0,0.0,2.0
142,13,214,Goblet,Half circle,2.0,1.0,1.0,1.0,1.0,1.0,,1.1666666666666667,0.3726779962499649,1,1,1.0,0.0,1.0833333333333335
143,32,709,Goblet,Hammer,1.0,1.0,1.0,1.0,1.0,1.0,,1.0,0.0,1,1,1.0,0.0,1.0
144,37,843,Clubs symbol,Hammer,1.0,1.0,1.0,1.0,1.0,1.0,1.0,1.0,0.0,1,1,1.0,0.0,1.0
145,52,1810,Letter F,Hammer,1.0,1.0,1.0,1.0,1.0,1.0,,1.0,0.0,1,1,1.0,0.0,1.0
146,3,1391,Glasses,Handlebar mustache,1.0,1.0,1.0,1.0,1.0,,,1.0,0.0,2,1,1.5,0.5,1.25
147,46,1771,Lightbulb - Ice Cream,Handlebar mustache,1.0,1.0,1.0,1.0,1.0,,,1.0,0.0,1,1,1.0,0.0,1.0
148,17,309,Ice cream,Head,1.0,1.0,4.0,4.0,1.0,2.0,,2.1666666666666665,1.3437096247164249,1,1,1.0,0.0,1.5833333333333333
149,35,1680,Bow tie - Owl,Heart glasses,1.0,1.0,1.0,1.0,1.0,,,1.0,0.0,1,2,1.5,0.5,1.25
150,30,1645,Fish bones,Hinge pin,1.0,1.0,1.0,1.0,2.0,3.0,,1.5,0.7637626158259734,1,1,1.0,0.0,1.25
151,15,1490,House,Honeycomb cell,1.0,1.0,1.0,1.0,1.0,,,1.0,0.0,1,2,1.5,0.5,1.25
152,43,982,Mouse,Hook,1.0,2.0,2.0,2.0,1.0,1.0,,1.5,0.5,1,1,1.0,0.0,1.25
153,24,515,Chair,Horse,1.0,3.0,2.0,1.0,1.0,1.0,,1.5,0.7637626158259734,1,1,1.0,0.0,1.25
154,14,1476,Computer Mouse,Horseshoe magnet,1.0,1.0,1.0,1.0,1.0,3.0,,1.3333333333333333,0.7453559924999299,2,3,2.5,0.5,1.9166666666666665
155,20,401,Crystal ball - Person Outline,Hourglass,4.0,3.0,1.0,2.0,2.0,3.0,,2.5,0.9574271077563381,2,1,1.5,0.5,2.0
156,39,882,Clubs symbol - Ice cream,Hourglass,1.0,1.0,1.0,1.0,1.0,1.0,1.0,1.0,0.0,1,1,1.0,0.0,1.0
157,12,194,Goblet,House,1.0,1.0,1.0,1.0,1.0,2.0,,1.1666666666666667,0.3726779962499649,1,1,1.0,0.0,1.0833333333333335
158,29,635,Shovel,House,1.0,1.0,1.0,1.0,1.0,1.0,,1.0,0.0,1,1,1.0,0.0,1.0
159,40,907,Mug,House,1.0,1.0,1.0,1.0,1.0,1.0,,1.0,0.0,1,1,1.0,0.0,1.0
160,14,249,Computer Mouse,Huge circle,1.0,1.0,1.0,1.0,1.0,1.0,,1.0,0.0,1,1,1.0,0.0,1.0
161,20,402,Crystal ball - Person Outline,Human Profile,4.0,2.0,5.0,4.0,5.0,5.0,,4.166666666666667,1.0671873729054746,5,3,4.0,1.0,4.083333333333334
162,48,1136,Letter T,I imagined a X,1.0,1.0,1.0,1.0,1.0,,,1.0,0.0,1,1,1.0,0.0,1.0
163,39,884,Clubs symbol - Ice cream,Ice cream cone,4.0,5.0,5.0,4.0,2.0,5.0,,4.166666666666667,1.0671873729054748,5,5,5.0,0.0,4.583333333333334
164,16,284,Ice cream,Icecream cone,5.0,5.0,4.0,5.0,5.0,5.0,,4.833333333333333,0.372677996249965,5,5,5.0,0.0,4.916666666666666
165,22,464,Fish,Icecream cone,1.0,1.0,1.0,1.0,1.0,1.0,,1.0,0.0,1,1,1.0,0.0,1.0
166,18,339,Ice cream,Incomplete heart,1.0,2.0,3.0,4.0,1.0,1.0,,2.0,1.1547005383792515,1,2,1.5,0.5,1.75
167,34,767,Bow tie - Owl,Infinity pyramid,1.0,3.0,2.0,4.0,1.0,1.0,,2.0,1.1547005383792515,1,3,2.0,1.0,2.0
168,21,430,Crystal ball - Person Outline,Infinity symbol,2.0,1.0,1.0,1.0,1.0,2.0,,1.3333333333333333,0.4714045207910317,1,1,1.0,0.0,1.1666666666666665
169,36,805,Broom,Inverted peace symbol,5.0,1.0,1.0,4.0,5.0,2.0,,3.0,1.7320508075688772,1,1,1.0,0.0,2.0
170,29,1629,Shovel,Jib crane,1.0,1.0,2.0,2.0,,,,1.5,0.5,1,1,1.0,0.0,1.25
171,50,1185,Stick Figure,Key,1.0,1.0,1.0,1.0,1.0,2.0,1.0,1.1428571428571428,0.3499271061118826,1,1,1.0,0.0,1.0714285714285714
172,53,1247,Sailboat,Key,1.0,1.0,2.0,1.0,1.0,1.0,,1.1666666666666667,0.3726779962499649,1,1,1.0,0.0,1.0833333333333335
173,19,370,Computer Mouse,Kite,3.0,3.0,1.0,1.0,2.0,1.0,,1.8333333333333333,0.8975274678557508,2,1,1.5,0.5,1.6666666666666665
174,23,490,Lollipop,Kite,3.0,1.0,2.0,1.0,2.0,1.0,,1.6666666666666667,0.74535599249993,3,1,2.0,1.0,1.8333333333333335
175,47,1114,Computer Mouse,Kite,2.0,1.0,1.0,2.0,1.0,3.0,,1.6666666666666667,0.7453559924999299,2,1,1.5,0.5,1.5833333333333335
176,45,1054,Clock,LG symbol,2.0,3.0,2.0,1.0,1.0,2.0,,1.8333333333333333,0.6871842709362768,1,1,1.0,0.0,1.4166666666666665
177,56,1307,Clock,Large circle,2.0,2.0,4.0,2.0,1.0,1.0,,2.0,1.0,1,1,1.0,0.0,1.5
178,21,1543,Crystal ball - Person Outline,Letter B,1.0,1.0,4.0,1.0,1.0,,,1.6,1.2000000000000002,2,1,1.5,0.5,1.55
179,29,1620,Shovel,Letter B,1.0,1.0,1.0,1.0,1.0,,,1.0,0.0,1,1,1.0,0.0,1.0
180,26,1588,Flag,Letter F,1.0,1.0,1.0,1.0,2.0,,,1.2,0.4,1,1,1.0,0.0,1.1
181,40,912,Mug,Lighter,4.0,2.0,2.0,1.0,1.0,1.0,,1.8333333333333333,1.0671873729054748,2,3,2.5,0.5,2.1666666666666665
182,42,963,Window - Grid,Lined square,5.0,3.0,5.0,5.0,2.0,1.0,,3.5,1.6072751268321592,1,1,1.0,0.0,2.25
183,42,1736,Window - Grid,Lined square,2.0,5.0,4.0,4.0,2.0,5.0,,3.6666666666666665,1.247219128924647,1,2,1.5,0.5,2.583333333333333
184,23,491,Lollipop,Lollipop,5.0,5.0,4.0,3.0,5.0,5.0,,4.5,0.7637626158259734,5,5,5.0,0.0,4.75
185,43,1745,Mouse,Lollipop swirl,1.0,1.0,2.0,2.0,1.0,,,1.4,0.4898979485566356,1,2,1.5,0.5,1.45
186,28,615,Glasses,Lollipops,1.0,2.0,1.0,1.0,1.0,1.0,,1.1666666666666667,0.3726779962499649,3,1,2.0,1.0,1.5833333333333335
187,25,550,Chair,Lower H,1.0,2.0,2.0,1.0,4.0,5.0,,2.5,1.5,5,5,5.0,0.0,3.75
188,49,1168,Heart,M triangle,5.0,1.0,3.0,2.0,2.0,3.0,,2.6666666666666665,1.247219128924647,1,1,1.0,0.0,1.8333333333333333
189,41,940,Mug,Mailbox,2.0,2.0,3.0,1.0,2.0,1.0,,1.8333333333333333,0.6871842709362768,4,3,3.5,0.5,2.6666666666666665
190,18,342,Ice cream,Martini,1.0,1.0,1.0,1.0,1.0,1.0,,1.0,0.0,1,1,1.0,0.0,1.0
191,22,468,Fish,Math symbol,2.0,1.0,1.0,1.0,1.0,3.0,,1.5,0.7637626158259734,1,1,1.0,0.0,1.25
192,38,863,Clubs symbol - Ice cream,Mickey Mouse,1.0,1.0,1.0,1.0,1.0,1.0,,1.0,0.0,1,1,1.0,0.0,1.0
193,58,1344,Umbrella,Motor Boat,1.0,1.0,1.0,1.0,1.0,1.0,,1.0,0.0,1,1,1.0,0.0,1.0
194,9,135,Butterfly,Mountain,1.0,1.0,1.0,2.0,1.0,1.0,,1.1666666666666667,0.3726779962499649,1,1,1.0,0.0,1.0833333333333335
195,47,1117,Computer Mouse,Mouse,4.0,4.0,5.0,5.0,5.0,4.0,,4.5,0.5,5,5,5.0,0.0,4.75
196,13,222,Goblet,Mushroom,1.0,2.0,1.0,1.0,1.0,1.0,1.0,1.1428571428571428,0.34992710611188266,1,3,2.0,1.0,1.5714285714285714
197,33,1665,Plunger,Mushroom stem,1.0,1.0,1.0,1.0,2.0,,,1.2,0.4,1,3,2.0,1.0,1.6
198,14,251,Computer Mouse,Music Note,2.0,1.0,1.0,1.0,1.0,1.0,,1.1666666666666667,0.3726779962499649,1,1,1.0,0.0,1.0833333333333335
199,10,154,Comb - Pitchfork,Numeral Three,1.0,1.0,2.0,1.0,2.0,1.0,,1.3333333333333333,0.4714045207910317,1,1,1.0,0.0,1.1666666666666665
200,44,1030,Computer Mouse,OVAL,2.0,1.0,3.0,1.0,2.0,1.0,3.0,1.8571428571428572,0.8329931278350429,1,1,1.0,0.0,1.4285714285714286
201,43,987,Mouse,Oval pile,1.0,1.0,1.0,1.0,1.0,1.0,,1.0,0.0,1,1,1.0,0.0,1.0
202,34,771,Bow tie - Owl,Owl face,2.0,2.0,4.0,3.0,1.0,2.0,1.0,2.142857142857143,0.989743318610787,5,2,3.5,1.5,2.821428571428571
203,49,1793,Heart,Owl face,1.0,1.0,2.0,1.0,1.0,,,1.2,0.4,1,1,1.0,0.0,1.1
204,40,915,Mug,PC,1.0,1.0,1.0,1.0,1.0,1.0,,1.0,0.0,1,1,1.0,0.0,1.0
205,22,1558,Fish,PacMan,1.0,1.0,1.0,1.0,2.0,,,1.2,0.4,1,1,1.0,0.0,1.1
206,17,318,Ice cream,Paris,1.0,1.0,1.0,1.0,1.0,1.0,,1.0,0.0,1,1,1.0,0.0,1.0
207,18,346,Ice cream,Pencil,3.0,2.0,3.0,2.0,1.0,2.0,,2.1666666666666665,0.6871842709362768,3,2,2.5,0.5,2.333333333333333
208,15,1488,House,Pentagon house,3.0,2.0,3.0,1.0,4.0,,,2.6,1.019803902718557,2,5,3.5,1.5,3.05
209,18,347,Ice cream,Pie,1.0,1.0,1.0,2.0,1.0,,,1.2,0.4,1,2,1.5,0.5,1.35
210,24,522,Chair,Pie symbol,1.0,1.0,3.0,1.0,1.0,1.0,2.0,1.4285714285714286,0.7284313590846835,1,1,1.0,0.0,1.2142857142857144
211,47,1119,Computer Mouse,Pill,4.0,1.0,1.0,1.0,1.0,1.0,,1.5,1.118033988749895,1,2,1.5,0.5,1.5
212,24,1575,Chair,Pistol,1.0,1.0,1.0,1.0,1.0,,,1.0,0.0,1,1,1.0,0.0,1.0
213,49,1172,Heart,Pizza,1.0,1.0,1.0,1.0,1.0,1.0,,1.0,0.0,1,1,1.0,0.0,1.0
214,55,1913,Yield Sign - Martini Glass,Planted sword,1.0,2.0,5.0,1.0,1.0,2.0,,2.0,1.4142135623730951,1,3,2.0,1.0,2.0
215,46,1769,Lightbulb - Ice Cream,Playing spade,1.0,1.0,1.0,1.0,1.0,1.0,,1.0,0.0,3,3,3.0,0.0,2.0
216,41,947,Mug,Point,1.0,1.0,1.0,1.0,1.0,2.0,,1.1666666666666667,0.3726779962499649,1,1,1.0,0.0,1.0833333333333335
217,23,494,Lollipop,Pool,1.0,1.0,1.0,1.0,1.0,2.0,,1.1666666666666667,0.3726779962499649,1,1,1.0,0.0,1.0833333333333335
218,56,1310,Clock,Potato,1.0,1.0,1.0,1.0,1.0,1.0,,1.0,0.0,1,1,1.0,0.0,1.0
219,43,1738,Mouse,Power symbol,1.0,2.0,3.0,4.0,1.0,,,2.2,1.16619037896906,1,1,1.0,0.0,1.6
220,46,1091,Lightbulb - Ice Cream,Prize Ribbon,2.0,1.0,1.0,5.0,1.0,2.0,,2.0,1.4142135623730951,1,4,2.5,1.5,2.25
221,51,1208,Television,RADIO,2.0,2.0,5.0,4.0,1.0,1.0,,2.5,1.5,5,5,5.0,0.0,3.75
222,37,848,Clubs symbol,Race track,3.0,2.0,1.0,2.0,1.0,1.0,,1.6666666666666667,0.74535599249993,1,1,1.0,0.0,1.3333333333333335
223,40,919,Mug,Race track,4.0,2.0,1.0,1.0,1.0,1.0,,1.6666666666666667,1.1055415967851332,1,1,1.0,0.0,1.3333333333333335
224,58,1347,Umbrella,Radius,1.0,1.0,1.0,1.0,1.0,1.0,,1.0,0.0,1,1,1.0,0.0,1.0
225,30,1631,Fish bones,Rail bridge,1.0,1.0,1.0,2.0,1.0,,,1.2,0.4,1,1,1.0,0.0,1.1
226,10,156,Comb - Pitchfork,Rake,5.0,5.0,3.0,3.0,3.0,2.0,,3.5,1.118033988749895,5,5,5.0,0.0,4.25
227,48,1784,Letter T,Right angle,1.0,4.0,2.0,4.0,1.0,4.0,,2.6666666666666665,1.3743685418725535,1,1,1.0,0.0,1.8333333333333333
228,51,1209,Television,Robot,4.0,2.0,2.0,3.0,3.0,2.0,,2.6666666666666665,0.7453559924999298,3,1,2.0,1.0,2.333333333333333
229,31,690,Balloon,Rocket ship,1.0,1.0,1.0,1.0,2.0,2.0,,1.3333333333333333,0.4714045207910317,2,2,2.0,0.0,1.6666666666666665
230,57,1912,Hourglass,Rotated grid,2.0,1.0,3.0,1.0,1.0,1.0,,1.5,0.7637626158259734,1,1,1.0,0.0,1.25
231,27,600,Door,Ruler,1.0,2.0,1.0,1.0,1.0,1.0,,1.1666666666666667,0.3726779962499649,3,1,2.0,1.0,1.5833333333333335
232,51,1211,Television,Satellite dish,2.0,4.0,3.0,1.0,3.0,1.0,,2.3333333333333335,1.1055415967851334,2,1,1.5,0.5,1.9166666666666667
233,13,224,Goblet,Scale,2.0,1.0,1.0,1.0,1.0,1.0,,1.1666666666666667,0.3726779962499649,1,3,2.0,1.0,1.5833333333333335
234,19,377,Computer Mouse,Sd,3.0,1.0,1.0,2.0,3.0,3.0,,2.1666666666666665,0.8975274678557507,1,1,1.0,0.0,1.5833333333333333
235,44,1035,Computer Mouse,Semicircle,1.0,1.0,2.0,1.0,1.0,1.0,,1.1666666666666667,0.3726779962499649,1,1,1.0,0.0,1.0833333333333335
236,8,1429,Butterfly,Ship anchor,1.0,2.0,4.0,1.0,,,,2.0,1.224744871391589,1,1,1.0,0.0,1.5
237,9,1436,Butterfly,Ship anchor,1.0,1.0,1.0,2.0,1.0,,,1.2,0.4,2,1,1.5,0.5,1.35
238,10,157,Comb - Pitchfork,Sideways E,4.0,2.0,2.0,3.0,2.0,3.0,,2.6666666666666665,0.7453559924999298,1,1,1.0,0.0,1.8333333333333333
239,25,1580,Chair,Skeleton key,1.0,1.0,1.0,2.0,2.0,2.0,,1.5,0.5,1,1,1.0,0.0,1.25
240,40,1722,Mug,Skeleton key,1.0,2.0,2.0,1.0,1.0,,,1.4,0.4898979485566356,1,1,1.0,0.0,1.2
241,45,1760,Clock,Skeleton key,1.0,3.0,1.0,1.0,,,,1.5,0.8660254037844386,1,1,1.0,0.0,1.25
242,14,1477,Computer Mouse,Skull,1.0,1.0,3.0,2.0,3.0,2.0,,2.0,0.816496580927726,3,1,2.0,1.0,2.0
243,15,1483,House,Skull,5.0,1.0,1.0,1.0,1.0,,,1.8,1.6000000000000003,1,1,1.0,0.0,1.4
244,36,1688,Broom,Slingshot pole,1.0,1.0,2.0,5.0,1.0,,,2.0,1.5491933384829668,3,3,3.0,0.0,2.5
245,57,1328,Hourglass,Small Peaks,1.0,1.0,1.0,1.0,1.0,1.0,,1.0,0.0,1,1,1.0,0.0,1.0
246,42,966,Window - Grid,Small Rectangles,4.0,1.0,4.0,2.0,3.0,2.0,,2.6666666666666665,1.1055415967851334,1,2,1.5,0.5,2.083333333333333
247,43,995,Mouse,Snake,2.0,2.0,2.0,1.0,1.0,,,1.6,0.4898979485566356,1,1,1.0,0.0,1.3
248,44,1753,Computer Mouse,Snake eye,1.0,2.0,1.0,1.0,1.0,,,1.2,0.4000000000000001,1,1,1.0,0.0,1.1
249,20,413,Crystal ball - Person Outline,Snowglobe,2.0,2.0,5.0,1.0,1.0,2.0,,2.1666666666666665,1.3437096247164249,5,5,5.0,0.0,3.583333333333333
250,39,1709,Clubs symbol - Ice cream,Snowman sideways,2.0,1.0,1.0,1.0,1.0,1.0,,1.1666666666666667,0.3726779962499649,1,1,1.0,0.0,1.0833333333333335
251,58,1348,Umbrella,Song,1.0,1.0,1.0,1.0,1.0,1.0,,1.0,0.0,1,1,1.0,0.0,1.0
252,17,323,Ice cream,Spade,1.0,1.0,2.0,1.0,1.0,1.0,,1.1666666666666667,0.3726779962499649,1,2,1.5,0.5,1.3333333333333335
253,18,352,Ice cream,Speed Bump,1.0,1.0,1.0,2.0,1.0,1.0,,1.1666666666666667,0.3726779962499649,1,1,1.0,0.0,1.0833333333333335
254,19,378,Computer Mouse,Sphere,1.0,1.0,1.0,1.0,1.0,1.0,,1.0,0.0,1,1,1.0,0.0,1.0
255,57,1329,Hourglass,Spring,1.0,1.0,1.0,1.0,2.0,1.0,,1.1666666666666667,0.37267799624996495,5,4,4.5,0.5,2.8333333333333335
256,24,528,Chair,Square,4.0,1.0,3.0,1.0,2.0,1.0,,2.0,1.1547005383792515,1,1,1.0,0.0,1.5
257,27,601,Door,Square,1.0,1.0,2.0,1.0,1.0,1.0,,1.1666666666666667,0.3726779962499649,1,1,1.0,0.0,1.0833333333333335
258,47,1123,Computer Mouse,Square,1.0,1.0,1.0,1.0,1.0,,,1.0,0.0,1,1,1.0,0.0,1.0
259,51,1212,Television,Square,2.0,3.0,3.0,2.0,2.0,3.0,,2.5,0.5,1,1,1.0,0.0,1.75
260,15,1489,House,Square bucket,1.0,3.0,4.0,3.0,1.0,,,2.4,1.2000000000000002,3,1,2.0,1.0,2.2
261,52,1233,Letter F,Square rotated,1.0,1.0,1.0,1.0,1.0,1.0,,1.0,0.0,1,1,1.0,0.0,1.0
262,33,750,Plunger,Stake,1.0,1.0,1.0,1.0,1.0,1.0,,1.0,0.0,3,1,2.0,1.0,1.5
263,50,1190,Stick Figure,Standing lamp,1.0,1.0,1.0,1.0,1.0,2.0,,1.1666666666666667,0.3726779962499649,1,1,1.0,0.0,1.0833333333333335
264,11,1453,Comb - Pitchfork,Stapler silhouette,2.0,1.0,1.0,2.0,1.0,,,1.4,0.4898979485566356,1,1,1.0,0.0,1.2
265,19,380,Computer Mouse,Steam,1.0,1.0,2.0,1.0,1.0,2.0,,1.3333333333333333,0.4714045207910317,1,1,1.0,0.0,1.1666666666666665
266,23,1563,Lollipop,Stethoscope silhouette,3.0,4.0,1.0,2.0,1.0,,,2.2,1.16619037896906,5,1,3.0,2.0,2.6
267,33,751,Plunger,Stick,3.0,1.0,2.0,2.0,1.0,1.0,2.0,1.7142857142857142,0.6998542122237652,1,1,1.0,0.0,1.3571428571428572
268,23,497,Lollipop,Stop sign,1.0,2.0,4.0,2.0,2.0,2.0,,2.1666666666666665,0.8975274678557507,4,1,2.5,1.5,2.333333333333333
269,24,529,Chair,Straight line,1.0,1.0,1.0,2.0,1.0,,,1.2,0.4,1,1,1.0,0.0,1.1
270,25,1584,Chair,Street lamp,1.0,1.0,1.0,1.0,1.0,,,1.0,0.0,1,3,2.0,1.0,1.5
271,44,1039,Computer Mouse,Stringray,4.0,2.0,2.0,2.0,1.0,2.0,2.0,2.142857142857143,0.8329931278350428,3,4,3.5,0.5,2.821428571428571
272,31,695,Balloon,Sun Horizon,1.0,1.0,2.0,1.0,1.0,1.0,,1.1666666666666667,0.3726779962499649,1,1,1.0,0.0,1.0833333333333335
273,20,416,Crystal ball - Person Outline,Sunrise,1.0,1.0,3.0,1.0,1.0,1.0,,1.3333333333333333,0.74535599249993,3,1,2.0,1.0,1.6666666666666665
274,43,1000,Mouse,Swing,1.0,1.0,1.0,1.0,1.0,1.0,,1.0,0.0,1,1,1.0,0.0,1.0
275,23,1566,Lollipop,Swirl lollipop,4.0,4.0,4.0,4.0,5.0,,,4.2,0.39999999999999997,5,5,5.0,0.0,4.6
276,52,1236,Letter F,Sword,1.0,1.0,1.0,1.0,1.0,1.0,,1.0,0.0,1,1,1.0,0.0,1.0
277,59,1883,Pine tree,Sword,2.0,1.0,1.0,1.0,1.0,1.0,,1.1666666666666667,0.3726779962499649,1,1,1.0,0.0,1.0833333333333335
278,48,1780,Letter T,T-junction,5.0,5.0,5.0,5.0,5.0,,,5.0,0.0,5,5,5.0,0.0,5.0
279,48,1149,Letter T,T-square,2.0,5.0,4.0,4.0,5.0,,,4.0,1.0954451150103321,1,1,1.0,0.0,2.5
280,4,1404,Glasses,TIE fighter,2.0,1.0,2.0,1.0,1.0,1.0,,1.3333333333333333,0.4714045207910317,3,4,3.5,0.5,2.4166666666666665
281,51,1215,Television,TV,3.0,4.0,2.0,4.0,4.0,5.0,,3.6666666666666665,0.9428090415820634,5,5,5.0,0.0,4.333333333333333
282,60,1380,House,TV,2.0,1.0,1.0,1.0,1.0,1.0,,1.1666666666666667,0.3726779962499649,1,1,1.0,0.0,1.0833333333333335
283,36,815,Broom,Teepee,2.0,4.0,3.0,2.0,3.0,2.0,,2.6666666666666665,0.7453559924999298,5,5,5.0,0.0,3.833333333333333
284,48,1152,Letter T,Tent,1.0,3.0,1.0,1.0,1.0,1.0,4.0,1.7142857142857142,1.1605769149479943,1,1,1.0,0.0,1.3571428571428572
285,24,530,Chair,Thread holder,1.0,1.0,2.0,2.0,1.0,1.0,,1.3333333333333333,0.4714045207910317,2,1,1.5,0.5,1.4166666666666665
286,40,921,Mug,Toilet,1.0,2.0,2.0,1.0,2.0,2.0,,1.6666666666666667,0.4714045207910317,1,1,1.0,0.0,1.3333333333333335
287,25,1585,Chair,Tower crane,2.0,1.0,1.0,1.0,1.0,2.0,,1.3333333333333333,0.4714045207910317,2,1,1.5,0.5,1.4166666666666665
288,16,292,Ice cream,Trapezoid,1.0,1.0,1.0,1.0,1.0,1.0,,1.0,0.0,1,1,1.0,0.0,1.0
289,43,1747,Mouse,Treble clef,1.0,1.0,1.0,1.0,1.0,,,1.0,0.0,1,1,1.0,0.0,1.0
290,10,159,Comb - Pitchfork,Tree,2.0,2.0,1.0,1.0,3.0,1.0,,1.6666666666666667,0.7453559924999299,2,2,2.0,0.0,1.8333333333333335
291,37,851,Clubs symbol,Tree,2.0,4.0,4.0,4.0,3.0,3.0,,3.3333333333333335,0.7453559924999298,5,5,5.0,0.0,4.166666666666667
292,55,1292,Yield Sign - Martini Glass,Tree,1.0,2.0,1.0,1.0,3.0,1.0,,1.5,0.7637626158259734,4,2,3.0,1.0,2.25
293,33,753,Plunger,Triangle,1.0,1.0,1.0,1.0,1.0,1.0,,1.0,0.0,1,1,1.0,0.0,1.0
294,49,1174,Heart,Triangle,1.0,1.0,1.0,1.0,1.0,1.0,,1.0,0.0,1,1,1.0,0.0,1.0
295,16,293,Ice cream,Triangular diamond,3.0,1.0,1.0,2.0,2.0,1.0,,1.6666666666666667,0.74535599249993,4,1,2.5,1.5,2.0833333333333335
296,10,160,Comb - Pitchfork,Trident,2.0,5.0,4.0,5.0,5.0,5.0,,4.333333333333333,1.1055415967851332,5,5,5.0,0.0,4.666666666666666
297,36,1681,Broom,Trident,4.0,4.0,3.0,3.0,2.0,,,3.2,0.7483314773547882,5,3,4.0,1.0,3.6
298,20,417,Crystal ball - Person Outline,Trophy,1.0,1.0,1.0,3.0,1.0,2.0,,1.5,0.7637626158259734,2,2,2.0,0.0,1.75
299,16,1499,Ice cream,Trophy cup,1.0,1.0,1.0,2.0,2.0,,,1.4,0.4898979485566356,2,1,1.5,0.5,1.45
300,18,1514,Ice cream,Trumpet mouthpiece,1.0,1.0,1.0,3.0,4.0,,,2.0,1.2649110640673518,3,2,2.5,0.5,2.25
301,55,1293,Yield Sign - Martini Glass,Tulip,3.0,1.0,2.0,2.0,3.0,1.0,,2.0,0.816496580927726,5,4,4.5,0.5,3.25
302,25,1578,Chair,Tuning fork,3.0,2.0,2.0,1.0,3.0,4.0,,2.5,0.9574271077563381,3,4,3.5,0.5,3.0
303,12,1458,Goblet,UFO,1.0,1.0,1.0,1.0,1.0,,,1.0,0.0,1,1,1.0,0.0,1.0
304,19,384,Computer Mouse,USB connector,1.0,5.0,2.0,2.0,2.0,2.0,3.0,2.4285714285714284,1.1780301787479028,1,4,2.5,1.5,2.4642857142857144
305,19,385,Computer Mouse,USD symbol,2.0,1.0,1.0,2.0,1.0,1.0,1.0,1.2857142857142858,0.45175395145262565,1,1,1.0,0.0,1.1428571428571428
306,12,204,Goblet,Umbrella,1.0,1.0,1.0,1.0,2.0,3.0,,1.5,0.7637626158259734,1,2,1.5,0.5,1.5
307,18,1512,Ice cream,Umbrella,1.0,1.0,1.0,1.0,4.0,1.0,,1.5,1.118033988749895,1,2,1.5,0.5,1.5
308,32,1655,Goblet,Umbrella handle,1.0,2.0,1.0,1.0,1.0,,,1.2,0.4000000000000001,1,2,1.5,0.5,1.35
309,58,1878,Umbrella,Umbrella handle,4.0,4.0,4.0,5.0,4.0,,,4.2,0.39999999999999997,3,3,3.0,0.0,3.6
310,52,1819,Letter F,Uppercase F,5.0,5.0,5.0,5.0,5.0,,,5.0,0.0,5,5,5.0,0.0,5.0
311,50,1799,Stick Figure,Upside-down tree,1.0,1.0,1.0,1.0,1.0,,,1.0,0.0,1,1,1.0,0.0,1.0
312,33,1668,Plunger,Upsidedown Umbrella,2.0,1.0,1.0,2.0,1.0,,,1.4,0.4898979485566356,1,4,2.5,1.5,1.95
313,56,1869,Clock,V in circle,2.0,3.0,5.0,3.0,3.0,2.0,,3.0,1.0,1,1,1.0,0.0,2.0
314,47,1127,Computer Mouse,Vase,1.0,1.0,1.0,1.0,1.0,1.0,,1.0,0.0,1,1,1.0,0.0,1.0
315,38,868,Clubs symbol - Ice cream,Venn diagram,2.0,1.0,3.0,1.0,2.0,2.0,,1.8333333333333333,0.6871842709362768,1,1,1.0,0.0,1.4166666666666665
316,20,418,Crystal ball - Person Outline,Vessel,1.0,1.0,1.0,1.0,2.0,1.0,,1.1666666666666667,0.37267799624996495,1,1,1.0,0.0,1.0833333333333335
317,16,295,Ice cream,Volcano,1.0,1.0,2.0,1.0,1.0,1.0,,1.1666666666666667,0.3726779962499649,1,1,1.0,0.0,1.0833333333333335
318,34,774,Bow tie - Owl,Volcano,2.0,1.0,1.0,2.0,1.0,1.0,,1.3333333333333333,0.4714045207910317,3,3,3.0,0.0,2.1666666666666665
319,41,956,Mug,Water Pitcher,4.0,2.0,4.0,2.0,4.0,3.0,,3.1666666666666665,0.8975274678557507,3,3,3.0,0.0,3.083333333333333
320,47,1128,Computer Mouse,Wings,2.0,1.0,1.0,1.0,1.0,1.0,,1.1666666666666667,0.3726779962499649,1,1,1.0,0.0,1.0833333333333335
321,27,1903,Door,X,1.0,1.0,1.0,1.0,1.0,,,1.0,0.0,1,1,1.0,0.0,1.0
322,15,1482,House,Yield sign,1.0,2.0,1.0,1.0,1.0,,,1.2,0.4000000000000001,1,1,1.0,0.0,1.1
323,23,502,Lollipop,Yinyang Medallion,1.0,2.0,4.0,4.0,4.0,4.0,,3.1666666666666665,1.2133516482134197,4,3,3.5,0.5,3.333333333333333
324,47,1129,Computer Mouse,Yo-yo,2.0,1.0,1.0,1.0,1.0,1.0,,1.1666666666666667,0.3726779962499649,1,2,1.5,0.5,1.3333333333333335
325,57,1338,Hourglass,Zorro symbol,2.0,1.0,1.0,1.0,1.0,3.0,,1.5,0.7637626158259734,1,1,1.0,0.0,1.25
326,48,1130,Letter T,a tree,2.0,1.0,1.0,1.0,2.0,2.0,,1.5,0.5,2,1,1.5,0.5,1.5
327,8,121,Butterfly,abstract glyph,2.0,1.0,1.0,3.0,5.0,1.0,,2.1666666666666665,1.4624940645653537,1,1,1.0,0.0,1.5833333333333333
328,39,869,Clubs symbol - Ice cream,abstract person,3.0,1.0,1.0,3.0,2.0,1.0,,1.8333333333333333,0.8975274678557508,1,1,1.0,0.0,1.4166666666666665
329,53,1240,Sailboat,aircraft,1.0,1.0,1.0,1.0,1.0,1.0,,1.0,0.0,1,1,1.0,0.0,1.0
330,14,235,Computer Mouse,alien,1.0,3.0,1.0,1.0,2.0,1.0,,1.5,0.7637626158259734,2,1,1.5,0.5,1.5
331,21,1544,Crystal ball - Person Outline,american football,1.0,1.0,1.0,1.0,1.0,,,1.0,0.0,1,1,1.0,0.0,1.0
332,45,155,Clock,analog clock,5.0,4.0,5.0,4.0,4.0,4.0,,4.333333333333333,0.4714045207910317,5,5,5.0,0.0,4.666666666666666
333,12,1463,Goblet,anchor,1.0,4.0,1.0,1.0,1.0,,,1.6,1.2000000000000002,1,2,1.5,0.5,1.55
334,13,206,Goblet,anchor,1.0,1.0,1.0,1.0,1.0,,,1.0,0.0,1,3,2.0,1.0,1.5
335,14,41,Computer Mouse,anchor,1.0,1.0,1.0,1.0,1.0,1.0,,1.0,0.0,1,1,1.0,0.0,1.0
336,23,480,Lollipop,anchor,1.0,2.0,1.0,1.0,3.0,1.0,,1.5,0.7637626158259734,1,1,1.0,0.0,1.25
337,24,503,Chair,anchor,1.0,4.0,2.0,1.0,1.0,1.0,,1.6666666666666667,1.1055415967851332,2,2,2.0,0.0,1.8333333333333335
338,30,647,Fish bones,anchor,1.0,2.0,4.0,4.0,1.0,3.0,,2.5,1.2583057392117916,3,1,2.0,1.0,2.25
339,31,679,Balloon,anchor,2.0,1.0,1.0,1.0,1.0,1.0,,1.1666666666666667,0.3726779962499649,2,1,1.5,0.5,1.3333333333333335
340,32,699,Goblet,anchor,1.0,2.0,1.0,1.0,1.0,1.0,,1.1666666666666667,0.3726779962499649,2,2,2.0,0.0,1.5833333333333335
341,33,725,Plunger,anchor,1.0,1.0,1.0,2.0,2.0,2.0,,1.5,0.5,3,2,2.5,0.5,2.0
342,36,797,Broom,anchor,1.0,1.0,2.0,3.0,2.0,3.0,,2.0,0.816496580927726,5,3,4.0,1.0,3.0
343,37,822,Clubs symbol,anchor,1.0,1.0,1.0,1.0,2.0,1.0,,1.1666666666666667,0.37267799624996495,1,1,1.0,0.0,1.0833333333333335
344,46,1062,Lightbulb - Ice Cream,anchor,1.0,1.0,2.0,1.0,2.0,2.0,,1.5,0.5,5,2,3.5,1.5,2.5
345,47,1099,Computer Mouse,anchor,1.0,2.0,1.0,1.0,3.0,1.0,,1.5,0.7637626158259734,1,1,1.0,0.0,1.25
346,48,1131,Letter T,anchor,1.0,1.0,1.0,1.0,2.0,1.0,,1.1666666666666667,0.37267799624996495,1,2,1.5,0.5,1.3333333333333335
347,50,1175,Stick Figure,anchor,1.0,1.0,1.0,2.0,1.0,1.0,,1.1666666666666667,0.3726779962499649,1,1,1.0,0.0,1.0833333333333335
348,53,1825,Sailboat,anchor,1.0,1.0,1.0,1.0,,,,1.0,0.0,1,3,2.0,1.0,1.5
349,55,1279,Yield Sign - Martini Glass,anchor,1.0,3.0,1.0,1.0,2.0,1.0,,1.5,0.7637626158259734,2,2,2.0,0.0,1.75
350,58,1339,Umbrella,anchor,2.0,2.0,2.0,1.0,1.0,3.0,,1.8333333333333333,0.6871842709362768,1,3,2.0,1.0,1.9166666666666665
351,46,1767,Lightbulb - Ice Cream,anchor chalice,5.0,3.0,1.0,1.0,,,,2.5,1.6583123951777,1,2,1.5,0.5,2.0
352,55,1845,Yield Sign - Martini Glass,anchor spear,1.0,1.0,3.0,1.0,1.0,1.0,,1.3333333333333333,0.74535599249993,1,1,1.0,0.0,1.1666666666666665
353,26,1591,Flag,anchor symbol,2.0,1.0,1.0,1.0,1.0,2.0,,1.3333333333333333,0.4714045207910317,1,1,1.0,0.0,1.1666666666666665
354,54,189,Music Note,anchor symbol,1.0,2.0,1.0,1.0,1.0,1.0,,1.1666666666666667,0.3726779962499649,2,1,1.5,0.5,1.3333333333333335
355,37,823,Clubs symbol,angel,1.0,1.0,1.0,2.0,1.0,2.0,,1.3333333333333333,0.4714045207910317,3,1,2.0,1.0,1.6666666666666665
356,39,129,Clubs symbol - Ice cream,angel,1.0,1.0,1.0,1.0,1.0,1.0,,1.0,0.0,1,3,2.0,1.0,1.5
357,37,824,Clubs symbol,animal,1.0,1.0,1.0,1.0,1.0,1.0,,1.0,0.0,1,1,1.0,0.0,1.0
358,4,43,Glasses,ant,1.0,1.0,1.0,1.0,1.0,1.0,,1.0,0.0,2,1,1.5,0.5,1.25
359,6,85,Glasses,ant,1.0,3.0,1.0,1.0,1.0,1.0,,1.3333333333333333,0.74535599249993,2,2,2.0,0.0,1.6666666666666665
360,9,132,Butterfly,ant,1.0,1.0,1.0,1.0,1.0,3.0,1.0,1.2857142857142858,0.6998542122237652,2,1,1.5,0.5,1.3928571428571428
361,35,119,Bow tie - Owl,anvil,1.0,1.0,1.0,2.0,2.0,1.0,,1.3333333333333333,0.4714045207910317,1,1,1.0,0.0,1.1666666666666665
362,43,144,Mouse,apple,2.0,1.0,1.0,1.0,2.0,,,1.4,0.4898979485566356,1,1,1.0,0.0,1.2
363,44,1007,Computer Mouse,apple,1.0,1.0,2.0,3.0,2.0,4.0,,2.1666666666666665,1.0671873729054748,3,1,2.0,1.0,2.083333333333333
364,29,621,Shovel,arch,1.0,1.0,1.0,2.0,2.0,2.0,,1.5,0.5,1,1,1.0,0.0,1.25
365,46,1063,Lightbulb - Ice Cream,arch,2.0,1.0,1.0,2.0,1.0,1.0,,1.3333333333333333,0.4714045207910317,1,1,1.0,0.0,1.1666666666666665
366,12,1464,Goblet,arch bridge,1.0,1.0,1.0,1.0,1.0,,,1.0,0.0,2,1,1.5,0.5,1.25
367,17,1899,Ice cream,arch bridge,1.0,1.0,1.0,1.0,,,,1.0,0.0,2,1,1.5,0.5,1.25
368,46,1910,Lightbulb - Ice Cream,arch bridge,2.0,1.0,2.0,1.0,1.0,,,1.4,0.4898979485566356,1,1,1.0,0.0,1.2
369,13,1473,Goblet,arched window,1.0,1.0,1.0,1.0,1.0,,,1.0,0.0,1,1,1.0,0.0,1.0
370,55,1280,Yield Sign - Martini Glass,arm,1.0,1.0,1.0,1.0,2.0,1.0,,1.1666666666666667,0.37267799624996495,1,1,1.0,0.0,1.0833333333333335
371,56,1296,Clock,arm,1.0,1.0,1.0,1.0,1.0,1.0,,1.0,0.0,1,1,1.0,0.0,1.0
372,7,107,Pine Tree,arrow,5.0,3.0,4.0,5.0,5.0,4.0,,4.333333333333333,0.7453559924999298,5,4,4.5,0.5,4.416666666666666
373,15,259,House,arrow,3.0,2.0,2.0,3.0,1.0,1.0,,2.0,0.816496580927726,2,2,2.0,0.0,2.0
374,22,1560,Fish,arrow,1.0,1.0,1.0,1.0,,,,1.0,0.0,1,3,2.0,1.0,1.5
375,26,561,Flag,arrow,2.0,1.0,1.0,1.0,2.0,,,1.4,0.4898979485566356,1,3,2.0,1.0,1.7
376,26,562,Flag,arrow,3.0,1.0,1.0,2.0,3.0,1.0,,1.8333333333333333,0.8975274678557508,1,3,2.0,1.0,1.9166666666666665
377,30,648,Fish bones,arrow,1.0,2.0,1.0,1.0,1.0,2.0,,1.3333333333333333,0.4714045207910317,2,1,1.5,0.5,1.4166666666666665
378,31,680,Balloon,arrow,1.0,3.0,2.0,4.0,3.0,1.0,,2.3333333333333335,1.1055415967851334,1,1,1.0,0.0,1.6666666666666667
379,36,798,Broom,arrow,2.0,2.0,3.0,4.0,3.0,3.0,,2.8333333333333335,0.6871842709362768,1,2,1.5,0.5,2.166666666666667
380,49,1156,Heart,arrow,2.0,3.0,2.0,3.0,2.0,1.0,,2.1666666666666665,0.6871842709362768,1,1,1.0,0.0,1.5833333333333333
381,50,1176,Stick Figure,arrow,1.0,1.0,1.0,1.0,1.0,,,1.0,0.0,1,1,1.0,0.0,1.0
382,53,1241,Sailboat,arrow,2.0,1.0,1.0,1.0,1.0,1.0,,1.1666666666666667,0.3726779962499649,1,1,1.0,0.0,1.0833333333333335
383,55,1281,Yield Sign - Martini Glass,arrow,2.0,2.0,1.0,2.0,1.0,1.0,,1.5,0.5,1,2,1.5,0.5,1.5
384,56,1297,Clock,arrow,1.0,2.0,1.0,1.0,1.0,1.0,,1.1666666666666667,0.3726779962499649,1,1,1.0,0.0,1.0833333333333335
385,59,1351,Pine tree,arrow,2.0,2.0,2.0,2.0,3.0,2.0,,2.1666666666666665,0.3726779962499649,5,4,4.5,0.5,3.333333333333333
386,26,84,Flag,arrow shaft,3.0,1.0,1.0,1.0,1.0,,,1.4,0.8000000000000002,2,1,1.5,0.5,1.45
387,26,1594,Flag,arrow sign,1.0,4.0,1.0,2.0,3.0,,,2.2,1.16619037896906,1,3,2.0,1.0,2.1
388,7,18,Pine Tree,arrowhead,2.0,2.0,3.0,2.0,2.0,3.0,,2.3333333333333335,0.4714045207910317,3,5,4.0,1.0,3.166666666666667
389,18,54,Ice cream,arrowhead,2.0,2.0,2.0,2.0,2.0,,,2.0,0.0,1,2,1.5,0.5,1.75
390,26,563,Flag,arrowhead,1.0,1.0,4.0,2.0,1.0,1.0,,1.6666666666666667,1.1055415967851332,1,2,1.5,0.5,1.5833333333333335
391,46,164,Lightbulb - Ice Cream,arrowhead,1.0,1.0,1.0,1.0,,,,1.0,0.0,1,1,1.0,0.0,1.0
392,55,1282,Yield Sign - Martini Glass,arrowhead,2.0,1.0,1.0,2.0,2.0,1.0,,1.5,0.5,1,1,1.0,0.0,1.25
393,59,1352,Pine tree,arrowhead,1.0,2.0,4.0,2.0,2.0,4.0,,2.5,1.118033988749895,5,2,3.5,1.5,3.0
394,60,205,House,arrowhead,2.0,2.0,2.0,2.0,3.0,,,2.2,0.39999999999999997,1,2,1.5,0.5,1.85
395,19,1522,Computer Mouse,asclepius rod,1.0,1.0,1.0,1.0,3.0,,,1.4,0.8,1,1,1.0,0.0,1.2
396,47,1100,Computer Mouse,asclepius rod,1.0,1.0,1.0,1.0,1.0,1.0,,1.0,0.0,1,1,1.0,0.0,1.0
397,24,504,Chair,axe,1.0,1.0,1.0,1.0,1.0,1.0,,1.0,0.0,1,1,1.0,0.0,1.0
398,26,1596,Flag,axe,2.0,5.0,3.0,2.0,1.0,2.0,,2.5,1.2583057392117916,4,3,3.5,0.5,3.0
399,29,95,Shovel,b,1.0,1.0,1.0,1.0,1.0,,,1.0,0.0,1,1,1.0,0.0,1.0
400,14,236,Computer Mouse,baby carriage,1.0,1.0,1.0,1.0,1.0,1.0,,1.0,0.0,2,1,1.5,0.5,1.25
401,27,1601,Door,backwards F,1.0,1.0,1.0,3.0,1.0,,,1.4,0.8,1,1,1.0,0.0,1.2
402,25,535,Chair,backwards L,1.0,1.0,1.0,2.0,1.0,1.0,,1.1666666666666667,0.3726779962499649,1,1,1.0,0.0,1.0833333333333335
403,9,133,Butterfly,bag,2.0,1.0,1.0,2.0,1.0,,,1.4,0.4898979485566356,1,2,1.5,0.5,1.45
404,40,894,Mug,balcony,1.0,2.0,1.0,1.0,1.0,1.0,,1.1666666666666667,0.3726779962499649,2,1,1.5,0.5,1.3333333333333335
405,47,1101,Computer Mouse,ball,1.0,1.0,1.0,1.0,1.0,1.0,,1.0,0.0,1,1,1.0,0.0,1.0
406,23,481,Lollipop,ball string,2.0,2.0,4.0,2.0,1.0,3.0,2.0,2.2857142857142856,0.880630571852711,5,1,3.0,2.0,2.642857142857143
407,3,18,Glasses,ballet shoes,1.0,1.0,2.0,1.0,1.0,2.0,,1.3333333333333333,0.4714045207910317,1,2,1.5,0.5,1.4166666666666665
408,23,482,Lollipop,balloon,2.0,3.0,2.0,2.0,3.0,5.0,,2.8333333333333335,1.0671873729054748,5,4,4.5,0.5,3.666666666666667
409,31,1646,Balloon,balloon,3.0,3.0,2.0,5.0,5.0,,,3.6,1.2,4,5,4.5,0.5,4.05
410,37,1694,Clubs symbol,balloon,5.0,1.0,4.0,2.0,,,,3.0,1.5811388300841898,5,4,4.5,0.5,3.75
411,45,1045,Clock,balloon,2.0,1.0,1.0,1.0,1.0,1.0,,1.1666666666666667,0.3726779962499649,3,2,2.5,0.5,1.8333333333333335
412,47,1102,Computer Mouse,balloon,1.0,1.0,2.0,2.0,1.0,1.0,,1.3333333333333333,0.4714045207910317,1,1,1.0,0.0,1.1666666666666665
413,56,1298,Clock,balloon,4.0,1.0,1.0,3.0,1.0,1.0,,1.8333333333333333,1.21335164821342,1,1,1.0,0.0,1.4166666666666665
414,20,389,Crystal ball - Person Outline,balloon animal,2.0,1.0,1.0,1.0,2.0,2.0,,1.5,0.5,1,1,1.0,0.0,1.25
415,50,177,Stick Figure,balloon man,2.0,3.0,2.0,1.0,1.0,2.0,,1.8333333333333333,0.6871842709362768,2,5,3.5,1.5,2.6666666666666665
416,35,775,Bow tie - Owl,balloon pair,2.0,3.0,2.0,3.0,2.0,3.0,2.0,2.4285714285714284,0.49487165930539345,3,4,3.5,0.5,2.9642857142857144
417,56,1861,Clock,balloon string,1.0,1.0,2.0,1.0,1.0,,,1.2,0.4,1,1,1.0,0.0,1.1
418,37,825,Clubs symbol,balloons,3.0,2.0,3.0,2.0,5.0,3.0,,3.0,1.0,5,5,5.0,0.0,4.0
419,39,870,Clubs symbol - Ice cream,balloons,3.0,3.0,2.0,4.0,2.0,5.0,,3.1666666666666665,1.0671873729054748,5,4,4.5,0.5,3.833333333333333
420,40,895,Mug,bar clamp,1.0,1.0,1.0,3.0,1.0,1.0,,1.3333333333333333,0.7453559924999299,1,1,1.0,0.0,1.1666666666666665
421,3,19,Glasses,barbell,1.0,1.0,1.0,1.0,1.0,1.0,1.0,1.0,0.0,1,1,1.0,0.0,1.0
422,6,86,Glasses,barbell,1.0,1.0,1.0,1.0,2.0,4.0,,1.6666666666666667,1.1055415967851332,1,1,1.0,0.0,1.3333333333333335
423,37,1691,Clubs symbol,barbell lollipop,2.0,3.0,1.0,1.0,1.0,,,1.6,0.8,2,1,1.5,0.5,1.55
424,5,1409,Glasses,barbell weight,1.0,1.0,1.0,1.0,1.0,,,1.0,0.0,1,1,1.0,0.0,1.0
425,28,1616,Glasses,barbell weight,1.0,1.0,4.0,1.0,1.0,,,1.6,1.2000000000000002,1,1,1.0,0.0,1.3
426,10,143,Comb - Pitchfork,barcode,1.0,1.0,1.0,1.0,2.0,1.0,1.0,1.1428571428571428,0.3499271061118826,1,1,1.0,0.0,1.0714285714285714
427,27,577,Door,barcode,3.0,2.0,1.0,2.0,2.0,2.0,,2.0,0.5773502691896257,1,1,1.0,0.0,1.5
428,57,1872,Hourglass,barn door,1.0,1.0,1.0,4.0,1.0,,,1.6,1.2,1,1,1.0,0.0,1.3
429,30,649,Fish bones,barrier gate,1.0,2.0,1.0,1.0,1.0,1.0,,1.1666666666666667,0.3726779962499649,2,1,1.5,0.5,1.3333333333333335
430,26,564,Flag,baseball pendant,2.0,5.0,3.0,4.0,5.0,5.0,,4.0,1.1547005383792515,5,1,3.0,2.0,3.5
431,29,622,Shovel,basket,3.0,2.0,2.0,1.0,2.0,1.0,,1.8333333333333333,0.6871842709362768,2,3,2.5,0.5,2.1666666666666665
432,30,650,Fish bones,basket,1.0,1.0,1.0,1.0,2.0,2.0,1.0,1.2857142857142858,0.45175395145262565,2,1,1.5,0.5,1.3928571428571428
433,6,87,Glasses,batman mask,2.0,4.0,2.0,3.0,2.0,,,2.6,0.8,2,5,3.5,1.5,3.05
434,27,1602,Door,battery symbol,3.0,1.0,2.0,3.0,3.0,5.0,,2.8333333333333335,1.2133516482134197,1,3,2.0,1.0,2.416666666666667
435,3,20,Glasses,bd,5.0,5.0,5.0,5.0,5.0,5.0,,5.0,0.0,1,1,1.0,0.0,3.0
436,5,63,Glasses,bd,5.0,5.0,5.0,5.0,5.0,5.0,,5.0,0.0,1,1,1.0,0.0,3.0
437,49,1157,Heart,beach,1.0,1.0,1.0,1.0,1.0,1.0,,1.0,0.0,1,1,1.0,0.0,1.0
438,29,623,Shovel,beach umbrella,1.0,1.0,1.0,4.0,1.0,1.0,,1.5,1.118033988749895,1,1,1.0,0.0,1.25
439,59,1353,Pine tree,beach umbrella,4.0,3.0,3.0,4.0,4.0,3.0,3.0,3.4285714285714284,0.49487165930539345,5,4,4.5,0.5,3.9642857142857144
440,35,776,Bow tie - Owl,beak,1.0,1.0,2.0,2.0,1.0,1.0,,1.3333333333333333,0.4714045207910317,3,4,3.5,0.5,2.4166666666666665
441,21,420,Crystal ball - Person Outline,beanie,3.0,4.0,4.0,4.0,1.0,2.0,,3.0,1.1547005383792515,5,1,3.0,2.0,3.0
442,14,237,Computer Mouse,bear face,1.0,1.0,1.0,1.0,1.0,1.0,,1.0,0.0,1,1,1.0,0.0,1.0
443,56,1299,Clock,beats symbol,1.0,1.0,1.0,1.0,1.0,,,1.0,0.0,1,1,1.0,0.0,1.0
444,3,21,Glasses,bed,3.0,1.0,1.0,1.0,2.0,3.0,,1.8333333333333333,0.8975274678557507,1,3,2.0,1.0,1.9166666666666665
445,4,44,Glasses,bed,1.0,1.0,1.0,2.0,2.0,,,1.4,0.4898979485566356,1,3,2.0,1.0,1.7
446,5,64,Glasses,bed,2.0,2.0,2.0,1.0,1.0,1.0,,1.5,0.5,1,3,2.0,1.0,1.75
447,6,88,Glasses,bed,1.0,1.0,1.0,1.0,1.0,1.0,,1.0,0.0,1,1,1.0,0.0,1.0
448,25,536,Chair,bed,4.0,2.0,4.0,3.0,1.0,1.0,,2.5,1.2583057392117916,5,4,4.5,0.5,3.5
449,27,578,Door,bed,1.0,4.0,1.0,1.0,1.0,2.0,,1.6666666666666667,1.1055415967851332,1,1,1.0,0.0,1.3333333333333335
450,28,89,Glasses,bed,1.0,1.0,2.0,1.0,,,,1.25,0.4330127018922193,2,2,2.0,0.0,1.625
451,29,624,Shovel,bed,1.0,1.0,1.0,1.0,1.0,,,1.0,0.0,1,1,1.0,0.0,1.0
452,30,651,Fish bones,bed,1.0,1.0,1.0,4.0,1.0,1.0,,1.5,1.118033988749895,1,1,1.0,0.0,1.25
453,40,896,Mug,bed,2.0,1.0,1.0,1.0,1.0,1.0,,1.1666666666666667,0.3726779962499649,1,1,1.0,0.0,1.0833333333333335
454,19,356,Computer Mouse,bee,1.0,1.0,1.0,1.0,1.0,1.0,,1.0,0.0,1,2,1.5,0.5,1.25
455,39,871,Clubs symbol - Ice cream,bee,1.0,1.0,1.0,1.0,1.0,1.0,,1.0,0.0,2,1,1.5,0.5,1.25
456,30,98,Fish bones,beer mug,1.0,1.0,1.0,1.0,1.0,,,1.0,0.0,1,1,1.0,0.0,1.0
457,16,1494,Ice cream,bell,1.0,2.0,1.0,1.0,1.0,,,1.2,0.4000000000000001,1,1,1.0,0.0,1.1
458,17,1502,Ice cream,bell,1.0,1.0,2.0,1.0,,,,1.25,0.4330127018922193,1,1,1.0,0.0,1.125
459,32,1651,Goblet,bell,1.0,1.0,1.0,1.0,2.0,,,1.2,0.4,1,4,2.5,1.5,1.85
460,33,727,Plunger,bell,4.0,5.0,4.0,4.0,3.0,2.0,,3.6666666666666665,0.9428090415820634,5,4,4.5,0.5,4.083333333333333
461,53,1242,Sailboat,bell,1.0,1.0,1.0,1.0,1.0,1.0,1.0,1.0,0.0,1,1,1.0,0.0,1.0
462,33,1662,Plunger,bell clapper,1.0,3.0,4.0,5.0,2.0,,,3.0,1.4142135623730951,4,2,3.0,1.0,3.0
463,4,45,Glasses,belly button,1.0,1.0,1.0,2.0,1.0,1.0,,1.1666666666666667,0.3726779962499649,1,2,1.5,0.5,1.3333333333333335
464,5,65,Glasses,belly button,1.0,1.0,1.0,1.0,2.0,1.0,,1.1666666666666667,0.37267799624996495,1,2,1.5,0.5,1.3333333333333335
465,27,579,Door,belt buckle,3.0,3.0,2.0,5.0,4.0,1.0,,3.0,1.2909944487358056,4,3,3.5,0.5,3.25
466,30,99,Fish bones,belt buckle,2.0,1.0,4.0,2.0,1.0,,,2.0,1.0954451150103321,2,2,2.0,0.0,2.0
467,30,652,Fish bones,bench,1.0,1.0,1.0,1.0,1.0,1.0,1.0,1.0,0.0,1,1,1.0,0.0,1.0
468,35,777,Bow tie - Owl,berry,1.0,1.0,1.0,1.0,3.0,1.0,,1.3333333333333333,0.7453559924999299,3,3,3.0,0.0,2.1666666666666665
469,34,114,Bow tie - Owl,bicycle,2.0,2.0,1.0,1.0,1.0,,,1.4,0.4898979485566356,1,1,1.0,0.0,1.2
470,35,778,Bow tie - Owl,bicycle,1.0,1.0,1.0,1.0,1.0,1.0,,1.0,0.0,1,2,1.5,0.5,1.25
471,28,1614,Glasses,bicycle handlebars,1.0,2.0,4.0,1.0,1.0,,,1.8,1.1661903789690604,1,3,2.0,1.0,1.9
472,44,1008,Computer Mouse,bike,1.0,1.0,1.0,1.0,1.0,1.0,,1.0,0.0,1,1,1.0,0.0,1.0
473,43,975,Mouse,bike handle,1.0,1.0,1.0,1.0,1.0,1.0,,1.0,0.0,1,1,1.0,0.0,1.0
474,49,1158,Heart,bikini set,2.0,2.0,2.0,1.0,1.0,,,1.6,0.4898979485566356,1,1,1.0,0.0,1.3
475,35,1678,Bow tie - Owl,bikini top,1.0,3.0,1.0,1.0,1.0,,,1.4,0.8000000000000002,2,3,2.5,0.5,1.95
476,49,1787,Heart,bikini top,1.0,2.0,2.0,4.0,1.0,,,2.0,1.0954451150103321,1,4,2.5,1.5,2.25
477,8,21,Butterfly,binder clip,1.0,2.0,1.0,2.0,1.0,1.0,,1.3333333333333333,0.4714045207910317,1,3,2.0,1.0,1.6666666666666665
478,4,1399,Glasses,binoculars,2.0,2.0,1.0,4.0,3.0,,,2.4,1.019803902718557,3,5,4.0,1.0,3.2
479,5,1408,Glasses,binoculars,1.0,2.0,2.0,1.0,3.0,,,1.8,0.7483314773547883,3,5,4.0,1.0,2.9
480,6,89,Glasses,binoculars,3.0,3.0,3.0,2.0,2.0,2.0,,2.5,0.5,4,3,3.5,0.5,3.0
481,20,390,Crystal ball - Person Outline,bird,1.0,1.0,1.0,1.0,1.0,1.0,,1.0,0.0,1,1,1.0,0.0,1.0
482,31,681,Balloon,bird,1.0,1.0,1.0,1.0,1.0,2.0,,1.1666666666666667,0.3726779962499649,1,1,1.0,0.0,1.0833333333333335
483,34,756,Bow tie - Owl,bird,1.0,1.0,1.0,1.0,1.0,1.0,,1.0,0.0,3,1,2.0,1.0,1.5
484,59,1354,Pine tree,bird feeder,4.0,4.0,2.0,2.0,4.0,3.0,,3.1666666666666665,0.8975274678557507,2,3,2.5,0.5,2.833333333333333
485,36,1669,Broom,bird footprint,2.0,2.0,5.0,5.0,,,,3.5,1.5,5,1,3.0,2.0,3.25
486,49,1160,Heart,bird head,1.0,1.0,1.0,1.0,1.0,1.0,,1.0,0.0,2,1,1.5,0.5,1.25
487,51,1197,Television,birdhouse,3.0,3.0,1.0,1.0,1.0,1.0,,1.6666666666666667,0.9428090415820634,2,3,2.5,0.5,2.0833333333333335
488,31,682,Balloon,birthday hat,1.0,2.0,1.0,2.0,1.0,1.0,1.0,1.2857142857142858,0.45175395145262565,1,1,1.0,0.0,1.1428571428571428
489,30,1635,Fish bones,bitcoin symbol,2.0,1.0,1.0,1.0,2.0,,,1.4,0.4898979485566356,1,1,1.0,0.0,1.2
490,24,1573,Chair,block H,2.0,4.0,3.0,1.0,3.0,2.0,,2.5,0.9574271077563381,2,5,3.5,1.5,3.0
491,18,53,Ice cream,bluetooth logo,1.0,2.0,1.0,1.0,1.0,1.0,,1.1666666666666667,0.3726779962499649,1,1,1.0,0.0,1.0833333333333335
492,13,1468,Goblet,boat,1.0,1.0,1.0,1.0,1.0,,,1.0,0.0,1,2,1.5,0.5,1.25
493,29,625,Shovel,boat,2.0,1.0,1.0,2.0,1.0,1.0,,1.3333333333333333,0.4714045207910317,1,1,1.0,0.0,1.1666666666666665
494,41,924,Mug,boat,1.0,1.0,1.0,1.0,1.0,1.0,1.0,1.0,0.0,1,1,1.0,0.0,1.0
495,27,580,Door,book,1.0,4.0,4.0,2.0,1.0,3.0,,2.5,1.2583057392117916,3,3,3.0,0.0,2.75
496,16,1500,Ice cream,bookmark,1.0,1.0,1.0,1.0,2.0,,,1.2,0.4,2,2,2.0,0.0,1.6
497,27,581,Door,bookshelf,1.0,1.0,1.0,2.0,1.0,1.0,,1.1666666666666667,0.3726779962499649,1,2,1.5,0.5,1.3333333333333335
498,42,957,Window - Grid,bookshelf,2.0,1.0,3.0,5.0,2.0,2.0,,2.5,1.2583057392117916,4,3,3.5,0.5,3.0
499,54,1262,Music Note,bottle opener,1.0,1.0,1.0,1.0,1.0,1.0,,1.0,0.0,1,2,1.5,0.5,1.25
500,34,757,Bow tie - Owl,bow,5.0,5.0,5.0,5.0,5.0,4.0,5.0,4.857142857142857,0.3499271061118826,5,5,5.0,0.0,4.928571428571429
501,35,779,Bow tie - Owl,bow,3.0,5.0,4.0,1.0,3.0,2.0,,3.0,1.2909944487358056,5,5,5.0,0.0,4.0
502,29,626,Shovel,bow and arrow,2.0,1.0,2.0,1.0,1.0,1.0,,1.3333333333333333,0.4714045207910317,1,1,1.0,0.0,1.1666666666666665
503,30,654,Fish bones,bow and arrow,1.0,2.0,4.0,1.0,2.0,2.0,,2.0,1.0,1,1,1.0,0.0,1.5
504,4,9,Glasses,bow tie,1.0,1.0,2.0,1.0,1.0,,,1.2,0.4,2,1,1.5,0.5,1.35
505,6,1413,Glasses,bow tie,3.0,1.0,1.0,2.0,3.0,,,2.0,0.8944271909999159,4,4,4.0,0.0,3.0
506,7,17,Pine Tree,bow tie,1.0,1.0,1.0,1.0,1.0,,,1.0,0.0,1,1,1.0,0.0,1.0
507,8,122,Butterfly,bow tie,2.0,1.0,1.0,1.0,2.0,1.0,,1.3333333333333333,0.4714045207910317,2,1,1.5,0.5,1.4166666666666665
508,18,52,Ice cream,bow tie,1.0,2.0,1.0,1.0,1.0,,,1.2,0.4000000000000001,1,1,1.0,0.0,1.1
509,34,758,Bow tie - Owl,bow tie,1.0,4.0,4.0,1.0,5.0,3.0,,3.0,1.5275252316519468,5,5,5.0,0.0,4.0
510,35,780,Bow tie - Owl,bow tie,2.0,4.0,1.0,3.0,1.0,3.0,,2.3333333333333335,1.1055415967851334,5,5,5.0,0.0,3.666666666666667
511,37,826,Clubs symbol,bow tie,1.0,1.0,1.0,1.0,1.0,1.0,,1.0,0.0,1,1,1.0,0.0,1.0
512,39,872,Clubs symbol - Ice cream,bow tie,1.0,1.0,2.0,2.0,1.0,1.0,,1.3333333333333333,0.4714045207910317,1,1,1.0,0.0,1.1666666666666665
513,57,1317,Hourglass,bow tie,3.0,3.0,1.0,3.0,4.0,5.0,,3.1666666666666665,1.2133516482134197,5,2,3.5,1.5,3.333333333333333
514,34,1675,Bow tie - Owl,bowbow,4.0,4.0,4.0,5.0,1.0,5.0,,3.8333333333333335,1.3437096247164249,5,3,4.0,1.0,3.916666666666667
515,21,446,Crystal ball - Person Outline,bowler hat,2.0,2.0,2.0,1.0,1.0,1.0,,1.5,0.5,1,2,1.5,0.5,1.5
516,30,655,Fish bones,box,1.0,1.0,1.0,1.0,1.0,1.0,,1.0,0.0,1,1,1.0,0.0,1.0
517,60,1369,House,box cone,5.0,4.0,3.0,5.0,2.0,5.0,,4.0,1.1547005383792515,1,1,1.0,0.0,2.5
518,40,897,Mug,box ear,1.0,2.0,1.0,1.0,1.0,1.0,,1.1666666666666667,0.3726779962499649,1,1,1.0,0.0,1.0833333333333335
519,37,827,Clubs symbol,boy,1.0,1.0,1.0,1.0,1.0,1.0,,1.0,0.0,1,1,1.0,0.0,1.0
520,3,22,Glasses,bra,2.0,3.0,4.0,2.0,3.0,3.0,,2.8333333333333335,0.6871842709362768,5,3,4.0,1.0,3.416666666666667
521,4,46,Glasses,bra,1.0,2.0,2.0,2.0,3.0,3.0,2.0,2.142857142857143,0.6388765649999398,5,4,4.5,0.5,3.321428571428571
522,5,66,Glasses,bra,3.0,1.0,2.0,1.0,1.0,2.0,,1.6666666666666667,0.74535599249993,5,4,4.5,0.5,3.0833333333333335
523,6,90,Glasses,bra,5.0,5.0,3.0,2.0,3.0,2.0,,3.3333333333333335,1.247219128924647,5,4,4.5,0.5,3.916666666666667
524,28,1612,Glasses,bra,2.0,4.0,3.0,4.0,4.0,,,3.4,0.8,5,5,5.0,0.0,4.2
525,23,483,Lollipop,brain,1.0,1.0,1.0,1.0,1.0,,,1.0,0.0,3,3,3.0,0.0,2.0
526,8,123,Butterfly,bread,1.0,1.0,1.0,1.0,1.0,1.0,,1.0,0.0,1,1,1.0,0.0,1.0
527,12,183,Goblet,bridge,1.0,1.0,1.0,1.0,1.0,1.0,,1.0,0.0,1,1,1.0,0.0,1.0
528,17,299,Ice cream,bridge,2.0,1.0,1.0,1.0,1.0,1.0,,1.1666666666666667,0.3726779962499649,1,1,1.0,0.0,1.0833333333333335
529,29,96,Shovel,bridge,1.0,2.0,1.0,2.0,2.0,,,1.6,0.4898979485566356,3,1,2.0,1.0,1.8
530,30,656,Fish bones,bridge,1.0,1.0,1.0,1.0,1.0,1.0,,1.0,0.0,1,1,1.0,0.0,1.0
531,46,1065,Lightbulb - Ice Cream,bridge,1.0,1.0,1.0,1.0,1.0,1.0,,1.0,0.0,1,1,1.0,0.0,1.0
532,47,1103,Computer Mouse,bridge,1.0,1.0,1.0,1.0,1.0,1.0,,1.0,0.0,1,1,1.0,0.0,1.0
533,59,1355,Pine tree,bridge,1.0,1.0,1.0,1.0,1.0,2.0,,1.1666666666666667,0.3726779962499649,1,1,1.0,0.0,1.0833333333333335
534,36,800,Broom,broadcast tower,1.0,2.0,4.0,1.0,2.0,1.0,,1.8333333333333333,1.0671873729054748,2,5,3.5,1.5,2.6666666666666665
535,26,1902,Flag,broken arrow,1.0,1.0,2.0,1.0,2.0,,,1.4,0.4898979485566356,3,1,2.0,1.0,1.7
536,10,1442,Comb - Pitchfork,broken comb,1.0,1.0,1.0,1.0,1.0,,,1.0,0.0,2,4,3.0,1.0,2.0
537,49,1792,Heart,broken heart,1.0,3.0,2.0,1.0,1.0,2.0,,1.6666666666666667,0.74535599249993,1,1,1.0,0.0,1.3333333333333335
538,25,537,Chair,broken hurdle,1.0,3.0,3.0,3.0,1.0,3.0,,2.3333333333333335,0.9428090415820634,2,3,2.5,0.5,2.416666666666667
539,27,1603,Door,broken ladder,1.0,1.0,2.0,1.0,,,,1.25,0.4330127018922193,2,4,3.0,1.0,2.125
540,3,23,Glasses,broom,1.0,1.0,2.0,1.0,1.0,1.0,,1.1666666666666667,0.3726779962499649,1,1,1.0,0.0,1.0833333333333335
541,11,163,Comb - Pitchfork,broom,2.0,1.0,1.0,4.0,2.0,1.0,,1.8333333333333333,1.0671873729054748,3,2,2.5,0.5,2.1666666666666665
542,11,164,Comb - Pitchfork,brush,1.0,2.0,2.0,1.0,1.0,1.0,2.0,1.4285714285714286,0.4948716593053935,3,4,3.5,0.5,2.4642857142857144
543,37,828,Clubs symbol,bubble pipe,4.0,1.0,1.0,1.0,1.0,1.0,,1.5,1.118033988749895,2,1,1.5,0.5,1.5
544,11,165,Comb - Pitchfork,buck teeth,3.0,3.0,1.0,1.0,1.0,1.0,,1.6666666666666667,0.9428090415820634,1,1,1.0,0.0,1.3333333333333335
545,15,260,House,bucket,2.0,2.0,1.0,1.0,2.0,1.0,1.0,1.4285714285714286,0.4948716593053935,2,1,1.5,0.5,1.4642857142857144
546,24,1569,Chair,bucket,1.0,1.0,1.0,1.0,,,,1.0,0.0,1,2,1.5,0.5,1.25
547,28,604,Glasses,bucket,2.0,1.0,1.0,1.0,2.0,1.0,,1.3333333333333333,0.4714045207910317,1,1,1.0,0.0,1.1666666666666665
548,39,873,Clubs symbol - Ice cream,bucket,1.0,1.0,1.0,1.0,1.0,1.0,1.0,1.0,0.0,1,1,1.0,0.0,1.0
549,40,898,Mug,bucket,1.0,3.0,1.0,3.0,2.0,1.0,1.0,1.7142857142857142,0.880630571852711,1,3,2.0,1.0,1.8571428571428572
550,11,166,Comb - Pitchfork,bug,1.0,1.0,1.0,1.0,1.0,1.0,,1.0,0.0,1,1,1.0,0.0,1.0
551,11,1456,Comb - Pitchfork,bug crawling,1.0,1.0,1.0,1.0,1.0,,,1.0,0.0,2,2,2.0,0.0,1.5
552,13,1469,Goblet,bulb,1.0,1.0,2.0,1.0,1.0,,,1.2,0.4,1,1,1.0,0.0,1.1
553,49,1161,Heart,bull skull,1.0,1.0,2.0,1.0,1.0,1.0,,1.1666666666666667,0.3726779962499649,1,1,1.0,0.0,1.0833333333333335
554,33,109,Plunger,bumper car,2.0,3.0,2.0,2.0,2.0,,,2.2,0.39999999999999997,3,1,2.0,1.0,2.1
555,12,184,Goblet,buoy,1.0,2.0,1.0,1.0,1.0,2.0,3.0,1.5714285714285714,0.7284313590846836,1,1,1.0,0.0,1.2857142857142856
556,3,24,Glasses,butterfly,1.0,1.0,3.0,2.0,2.0,1.0,,1.6666666666666667,0.74535599249993,1,1,1.0,0.0,1.3333333333333335
557,4,47,Glasses,butterfly,1.0,1.0,1.0,1.0,1.0,1.0,,1.0,0.0,1,1,1.0,0.0,1.0
558,5,67,Glasses,butterfly,1.0,1.0,1.0,1.0,1.0,1.0,,1.0,0.0,1,1,1.0,0.0,1.0
559,6,1414,Glasses,butterfly,1.0,1.0,1.0,1.0,1.0,,,1.0,0.0,1,1,1.0,0.0,1.0
560,8,124,Butterfly,butterfly,3.0,3.0,5.0,3.0,4.0,2.0,,3.3333333333333335,0.9428090415820634,5,5,5.0,0.0,4.166666666666667
561,9,134,Butterfly,butterfly,2.0,4.0,1.0,5.0,4.0,,,3.2,1.469693845669907,5,5,5.0,0.0,4.1
562,14,238,Computer Mouse,butterfly,1.0,1.0,1.0,1.0,1.0,1.0,,1.0,0.0,1,1,1.0,0.0,1.0
563,18,327,Ice cream,butterfly,1.0,1.0,1.0,1.0,1.0,1.0,,1.0,0.0,1,1,1.0,0.0,1.0
564,19,357,Computer Mouse,butterfly,1.0,1.0,1.0,1.0,1.0,1.0,,1.0,0.0,1,1,1.0,0.0,1.0
565,28,1613,Glasses,butterfly,1.0,1.0,1.0,1.0,1.0,,,1.0,0.0,1,1,1.0,0.0,1.0
566,34,759,Bow tie - Owl,butterfly,1.0,1.0,1.0,2.0,2.0,1.0,,1.3333333333333333,0.4714045207910317,1,3,2.0,1.0,1.6666666666666665
567,35,1677,Bow tie - Owl,butterfly,1.0,2.0,1.0,2.0,1.0,,,1.4,0.4898979485566356,1,2,1.5,0.5,1.45
568,37,829,Clubs symbol,butterfly,1.0,1.0,1.0,1.0,1.0,1.0,,1.0,0.0,1,1,1.0,0.0,1.0
569,38,853,Clubs symbol - Ice cream,butterfly,1.0,1.0,1.0,1.0,1.0,1.0,1.0,1.0,0.0,1,1,1.0,0.0,1.0
570,39,874,Clubs symbol - Ice cream,butterfly,1.0,1.0,1.0,1.0,1.0,1.0,1.0,1.0,0.0,1,1,1.0,0.0,1.0
571,44,1010,Computer Mouse,butterfly,1.0,1.0,1.0,1.0,1.0,2.0,,1.1666666666666667,0.3726779962499649,1,1,1.0,0.0,1.0833333333333335
572,46,1066,Lightbulb - Ice Cream,butterfly,1.0,1.0,1.0,1.0,1.0,1.0,,1.0,0.0,1,1,1.0,0.0,1.0
573,47,1104,Computer Mouse,butterfly,1.0,1.0,1.0,1.0,1.0,1.0,,1.0,0.0,1,1,1.0,0.0,1.0
574,49,1162,Heart,butterfly,2.0,1.0,1.0,1.0,1.0,1.0,1.0,1.1428571428571428,0.34992710611188266,1,1,1.0,0.0,1.0714285714285714
575,54,1264,Music Note,butterfly,1.0,1.0,1.0,1.0,1.0,2.0,,1.1666666666666667,0.3726779962499649,1,1,1.0,0.0,1.0833333333333335
576,9,1439,Butterfly,butterfly antennae,4.0,4.0,2.0,3.0,2.0,,,3.0,0.8944271909999159,4,3,3.5,0.5,3.25
577,9,1437,Butterfly,butterfly bow,3.0,3.0,1.0,2.0,4.0,2.0,,2.5,0.9574271077563381,2,4,3.0,1.0,2.75
578,14,1480,Computer Mouse,butterfly cradle,1.0,1.0,1.0,1.0,1.0,,,1.0,0.0,1,1,1.0,0.0,1.0
579,8,1431,Butterfly,butterfly head,2.0,3.0,2.0,2.0,,,,2.25,0.4330127018922193,4,3,3.5,0.5,2.875
580,49,1790,Heart,butterfly knife,1.0,1.0,1.0,1.0,1.0,,,1.0,0.0,1,1,1.0,0.0,1.0
581,34,1673,Bow tie - Owl,butterfly mask,1.0,2.0,1.0,1.0,2.0,,,1.4,0.4898979485566356,1,1,1.0,0.0,1.2
582,3,1394,Glasses,butterfly wings,1.0,1.0,1.0,2.0,1.0,,,1.2,0.4,1,2,1.5,0.5,1.35
583,4,1401,Glasses,butterfly wings,2.0,2.0,1.0,1.0,1.0,,,1.4,0.4898979485566356,1,2,1.5,0.5,1.45
584,5,1406,Glasses,butterfly wings,1.0,1.0,1.0,1.0,1.0,,,1.0,0.0,1,2,1.5,0.5,1.25
585,18,1515,Ice cream,butterfly wings,1.0,4.0,1.0,1.0,,,,1.75,1.299038105676658,1,1,1.0,0.0,1.375
586,13,207,Goblet,c clamp,1.0,1.0,1.0,1.0,1.0,1.0,1.0,1.0,0.0,2,1,1.5,0.5,1.25
587,47,1105,Computer Mouse,c clamp,1.0,1.0,1.0,1.0,1.0,2.0,,1.1666666666666667,0.3726779962499649,1,1,1.0,0.0,1.0833333333333335
588,30,657,Fish bones,c-clamp,1.0,1.0,2.0,1.0,1.0,2.0,,1.3333333333333333,0.4714045207910317,2,1,1.5,0.5,1.4166666666666665
589,9,1435,Butterfly,cactus,1.0,1.0,1.0,1.0,1.0,,,1.0,0.0,1,2,1.5,0.5,1.25
590,8,1432,Butterfly,caduceus,1.0,1.0,1.0,1.0,1.0,,,1.0,0.0,2,2,2.0,0.0,1.5
591,23,484,Lollipop,caduceus,2.0,2.0,1.0,1.0,2.0,1.0,,1.5,0.5,1,3,2.0,1.0,1.75
592,8,125,Butterfly,caduceus staff,1.0,1.0,2.0,1.0,1.0,,,1.2,0.4,2,1,1.5,0.5,1.35
593,60,1370,House,cake,1.0,1.0,4.0,2.0,1.0,1.0,,1.6666666666666667,1.1055415967851332,1,3,2.0,1.0,1.8333333333333335
594,34,760,Bow tie - Owl,camcorder,4.0,2.0,3.0,1.0,1.0,1.0,,2.0,1.1547005383792515,1,2,1.5,0.5,1.75
595,59,1356,Pine tree,campfire,1.0,1.0,3.0,1.0,1.0,1.0,,1.3333333333333333,0.74535599249993,1,2,1.5,0.5,1.4166666666666665
596,50,1178,Stick Figure,candelabra,1.0,1.0,1.0,1.0,1.0,3.0,2.0,1.4285714285714286,0.7284313590846835,1,1,1.0,0.0,1.2142857142857144
597,49,176,Heart,candelabrum,1.0,1.0,1.0,1.0,,,,1.0,0.0,1,1,1.0,0.0,1.0
598,10,31,Comb - Pitchfork,candle holder,2.0,2.0,2.0,4.0,3.0,,,2.6,0.8,3,5,4.0,1.0,3.3
599,9,140,Butterfly,candlestick,1.0,1.0,1.0,1.0,1.0,,,1.0,0.0,1,1,1.0,0.0,1.0
600,27,583,Door,candy bar,1.0,2.0,1.0,2.0,1.0,1.0,,1.3333333333333333,0.4714045207910317,3,3,3.0,0.0,2.1666666666666665
601,59,1357,Pine tree,canopy,4.0,5.0,3.0,2.0,2.0,1.0,,2.8333333333333335,1.3437096247164249,4,4,4.0,0.0,3.416666666666667
602,52,1814,Letter F,capital F,4.0,5.0,5.0,4.0,5.0,,,4.6,0.48989794855663565,5,5,5.0,0.0,4.8
603,48,1779,Letter T,capital T,4.0,5.0,5.0,5.0,,,,4.75,0.4330127018922193,5,5,5.0,0.0,4.875
604,30,100,Fish bones,capital b,1.0,1.0,1.0,1.0,1.0,,,1.0,0.0,1,1,1.0,0.0,1.0
605,40,133,Mug,capital b,1.0,1.0,1.0,1.0,1.0,,,1.0,0.0,1,1,1.0,0.0,1.0
606,47,167,Computer Mouse,capital b,1.0,1.0,1.0,1.0,1.0,,,1.0,0.0,1,1,1.0,0.0,1.0
607,30,101,Fish bones,capital r,1.0,1.0,1.0,1.0,1.0,,,1.0,0.0,1,1,1.0,0.0,1.0
608,57,1871,Hourglass,capital z,2.0,1.0,1.0,1.0,2.0,,,1.4,0.4898979485566356,1,1,1.0,0.0,1.2
609,33,1661,Plunger,capitol dome,3.0,2.0,1.0,1.0,3.0,,,2.0,0.8944271909999159,4,5,4.5,0.5,3.25
610,57,197,Hourglass,capped diamond,1.0,2.0,2.0,1.0,1.0,2.0,,1.5,0.5,1,1,1.0,0.0,1.25
611,14,239,Computer Mouse,car,1.0,1.0,1.0,1.0,1.0,1.0,,1.0,0.0,2,1,1.5,0.5,1.25
612,33,728,Plunger,car,1.0,1.0,1.0,1.0,1.0,1.0,,1.0,0.0,1,1,1.0,0.0,1.0
613,26,565,Flag,carat stem,1.0,1.0,2.0,1.0,1.0,1.0,,1.1666666666666667,0.3726779962499649,1,2,1.5,0.5,1.3333333333333335
614,43,976,Mouse,cartoon bomb,1.0,4.0,2.0,3.0,2.0,2.0,,2.3333333333333335,0.9428090415820635,5,2,3.5,1.5,2.916666666666667
615,44,149,Computer Mouse,cartoon bomb,3.0,3.0,2.0,2.0,1.0,,,2.2,0.7483314773547882,2,5,3.5,1.5,2.85
616,47,166,Computer Mouse,cartoon bomb,2.0,1.0,1.0,1.0,2.0,,,1.4,0.4898979485566356,1,2,1.5,0.5,1.45
617,22,1562,Fish,cartoon image,1.0,1.0,2.0,3.0,1.0,,,1.6,0.8,1,1,1.0,0.0,1.3
618,50,1179,Stick Figure,cartoon image,5.0,5.0,2.0,4.0,3.0,1.0,,3.3333333333333335,1.4907119849998598,3,1,2.0,1.0,2.666666666666667
619,15,261,House,cat,1.0,1.0,1.0,1.0,1.0,1.0,,1.0,0.0,1,1,1.0,0.0,1.0
620,19,358,Computer Mouse,cat,1.0,1.0,1.0,1.0,1.0,1.0,,1.0,0.0,1,2,1.5,0.5,1.25
621,43,977,Mouse,cat,1.0,1.0,1.0,1.0,1.0,1.0,,1.0,0.0,1,1,1.0,0.0,1.0
622,9,137,Butterfly,cat ears,1.0,1.0,1.0,1.0,1.0,1.0,,1.0,0.0,1,1,1.0,0.0,1.0
623,35,781,Bow tie - Owl,cat face,2.0,4.0,1.0,1.0,1.0,1.0,,1.6666666666666667,1.1055415967851332,3,2,2.5,0.5,2.0833333333333335
624,53,186,Sailboat,cave entrance,1.0,1.0,1.0,1.0,1.0,,,1.0,0.0,1,1,1.0,0.0,1.0
625,8,23,Butterfly,chain link,1.0,1.0,2.0,1.0,1.0,,,1.2,0.4,1,1,1.0,0.0,1.1
626,5,68,Glasses,chair,1.0,1.0,1.0,1.0,2.0,1.0,,1.1666666666666667,0.37267799624996495,1,1,1.0,0.0,1.0833333333333335
627,24,506,Chair,chair,3.0,5.0,4.0,4.0,4.0,3.0,2.0,3.5714285714285716,0.9035079029052513,5,5,5.0,0.0,4.285714285714286
628,25,538,Chair,chair,3.0,3.0,4.0,4.0,3.0,4.0,,3.5,0.5,5,5,5.0,0.0,4.25
629,25,539,Chair,chair,2.0,4.0,4.0,2.0,4.0,4.0,3.0,3.2857142857142856,0.880630571852711,5,5,5.0,0.0,4.142857142857142
630,29,627,Shovel,chair,1.0,2.0,1.0,2.0,1.0,2.0,,1.5,0.5,1,1,1.0,0.0,1.25
631,30,658,Fish bones,chair,3.0,1.0,1.0,1.0,1.0,1.0,1.0,1.2857142857142858,0.6998542122237652,1,1,1.0,0.0,1.1428571428571428
632,41,925,Mug,chair,1.0,1.0,1.0,1.0,3.0,1.0,,1.3333333333333333,0.7453559924999299,1,1,1.0,0.0,1.1666666666666665
633,12,186,Goblet,chalice,5.0,5.0,4.0,5.0,5.0,5.0,,4.833333333333333,0.372677996249965,5,5,5.0,0.0,4.916666666666666
634,13,208,Goblet,chalice,1.0,3.0,5.0,5.0,5.0,4.0,,3.8333333333333335,1.4624940645653537,5,5,5.0,0.0,4.416666666666667
635,17,300,Ice cream,chalice,1.0,2.0,2.0,1.0,2.0,1.0,,1.5,0.5,1,1,1.0,0.0,1.25
636,17,301,Ice cream,chalice,2.0,1.0,5.0,2.0,2.0,1.0,,2.1666666666666665,1.343709624716425,1,1,1.0,0.0,1.5833333333333333
637,29,628,Shovel,chalice,1.0,3.0,2.0,1.0,3.0,4.0,1.0,2.142857142857143,1.124858267715973,1,1,1.0,0.0,1.5714285714285714
638,32,700,Goblet,chalice,5.0,5.0,4.0,5.0,4.0,5.0,,4.666666666666667,0.4714045207910317,5,5,5.0,0.0,4.833333333333334
639,46,1067,Lightbulb - Ice Cream,chalice,2.0,1.0,1.0,1.0,2.0,3.0,,1.6666666666666667,0.7453559924999299,1,1,1.0,0.0,1.3333333333333335
640,32,702,Goblet,chandelier,1.0,1.0,1.0,1.0,1.0,2.0,,1.1666666666666667,0.3726779962499649,2,2,2.0,0.0,1.5833333333333335
641,26,566,Flag,check mark,1.0,1.0,1.0,1.0,2.0,1.0,,1.1666666666666667,0.37267799624996495,5,1,3.0,2.0,2.0833333333333335
642,56,1300,Clock,checkmark,2.0,1.0,1.0,1.0,1.0,1.0,,1.1666666666666667,0.3726779962499649,1,1,1.0,0.0,1.0833333333333335
643,8,1428,Butterfly,cheerleader,1.0,1.0,1.0,1.0,2.0,,,1.2,0.4,2,1,1.5,0.5,1.35
644,3,1397,Glasses,cherries,1.0,1.0,1.0,1.0,1.0,,,1.0,0.0,3,2,2.5,0.5,1.75
645,4,48,Glasses,cherries,1.0,1.0,1.0,1.0,2.0,1.0,,1.1666666666666667,0.37267799624996495,3,3,3.0,0.0,2.0833333333333335
646,28,605,Glasses,cherries,1.0,2.0,4.0,1.0,2.0,2.0,,2.0,1.0,3,3,3.0,0.0,2.5
647,35,782,Bow tie - Owl,cherries,5.0,1.0,4.0,2.0,1.0,2.0,,2.5,1.5,5,3,4.0,1.0,3.25
648,3,25,Glasses,cherry,1.0,1.0,1.0,1.0,1.0,1.0,,1.0,0.0,3,3,3.0,0.0,2.0
649,5,69,Glasses,cherry,2.0,1.0,1.0,1.0,1.0,1.0,,1.1666666666666667,0.3726779962499649,3,3,3.0,0.0,2.0833333333333335
650,19,359,Computer Mouse,chess,1.0,1.0,1.0,1.0,1.0,1.0,,1.0,0.0,1,1,1.0,0.0,1.0
651,20,63,Crystal ball - Person Outline,chess pawn,3.0,1.0,4.0,2.0,3.0,,,2.6,1.019803902718557,3,5,4.0,1.0,3.3
652,21,66,Crystal ball - Person Outline,chess pawn,3.0,5.0,4.0,3.0,4.0,,,3.8,0.7483314773547882,3,5,4.0,1.0,3.9
653,36,1670,Broom,chickenfoot,4.0,3.0,2.0,3.0,4.0,5.0,,3.5,0.9574271077563381,5,1,3.0,2.0,3.25
654,59,1358,Pine tree,chimney,1.0,3.0,1.0,1.0,1.0,1.0,,1.3333333333333333,0.74535599249993,1,1,1.0,0.0,1.1666666666666665
655,44,1011,Computer Mouse,christmas ornament,2.0,4.0,1.0,2.0,2.0,1.0,,2.0,1.0,2,2,2.0,0.0,2.0
656,7,1420,Pine Tree,christmas tree,3.0,1.0,2.0,3.0,,,,2.25,0.82915619758885,4,4,4.0,0.0,3.125
657,55,1846,Yield Sign - Martini Glass,christmas tree,1.0,3.0,1.0,1.0,1.0,,,1.4,0.8000000000000002,1,1,1.0,0.0,1.2
658,13,209,Goblet,church,3.0,2.0,1.0,1.0,1.0,1.0,,1.5,0.7637626158259734,1,1,1.0,0.0,1.25
659,12,187,Goblet,church bell,1.0,1.0,1.0,1.0,2.0,1.0,,1.1666666666666667,0.37267799624996495,1,3,2.0,1.0,1.5833333333333335
660,16,1498,Ice cream,church bell,1.0,1.0,1.0,1.0,1.0,1.0,,1.0,0.0,1,1,1.0,0.0,1.0
661,32,703,Goblet,church bell,1.0,1.0,1.0,1.0,2.0,1.0,,1.1666666666666667,0.37267799624996495,2,2,2.0,0.0,1.5833333333333335
662,33,729,Plunger,church steeple,3.0,1.0,3.0,1.0,2.0,4.0,,2.3333333333333335,1.1055415967851334,3,2,2.5,0.5,2.416666666666667
663,6,91,Glasses,circle,1.0,1.0,2.0,2.0,2.0,1.0,,1.5,0.5,1,1,1.0,0.0,1.25
664,8,126,Butterfly,circle,2.0,1.0,1.0,1.0,1.0,1.0,,1.1666666666666667,0.3726779962499649,1,1,1.0,0.0,1.0833333333333335
665,12,188,Goblet,circle,1.0,1.0,1.0,1.0,1.0,1.0,,1.0,0.0,1,1,1.0,0.0,1.0
666,19,360,Computer Mouse,circle,1.0,1.0,1.0,1.0,1.0,1.0,1.0,1.0,0.0,1,1,1.0,0.0,1.0
667,23,485,Lollipop,circle,1.0,1.0,1.0,1.0,2.0,2.0,,1.3333333333333333,0.4714045207910317,1,1,1.0,0.0,1.1666666666666665
668,28,606,Glasses,circle,1.0,2.0,1.0,1.0,1.0,1.0,,1.1666666666666667,0.3726779962499649,1,1,1.0,0.0,1.0833333333333335
669,56,1301,Clock,circle,4.0,4.0,5.0,2.0,2.0,4.0,,3.5,1.118033988749895,1,1,1.0,0.0,2.25
670,51,181,Television,circle cradle,1.0,1.0,1.0,1.0,2.0,,,1.2,0.4,1,1,1.0,0.0,1.1
671,46,1070,Lightbulb - Ice Cream,circle square,1.0,2.0,3.0,1.0,1.0,1.0,,1.5,0.7637626158259734,1,1,1.0,0.0,1.25
672,56,1868,Clock,circle with a V towards the top,5.0,3.0,2.0,4.0,4.0,,,3.6,1.019803902718557,1,1,1.0,0.0,2.3
673,56,1860,Clock,circled R,1.0,1.0,1.0,1.0,1.0,1.0,,1.0,0.0,1,1,1.0,0.0,1.0
674,37,831,Clubs symbol,circled triangle,3.0,1.0,1.0,1.0,1.0,2.0,,1.5,0.7637626158259734,1,1,1.0,0.0,1.25
675,21,424,Crystal ball - Person Outline,circles,2.0,1.0,1.0,1.0,2.0,1.0,,1.3333333333333333,0.4714045207910317,1,1,1.0,0.0,1.1666666666666665
676,56,194,Clock,circular pointer,3.0,1.0,1.0,2.0,3.0,,,2.0,0.8944271909999159,1,1,1.0,0.0,1.5
677,47,1106,Computer Mouse,circular shrug,1.0,1.0,1.0,1.0,1.0,1.0,,1.0,0.0,1,1,1.0,0.0,1.0
678,32,1656,Goblet,claw hammer,1.0,1.0,1.0,1.0,,,,1.0,0.0,1,1,1.0,0.0,1.0
679,51,1805,Television,claw hammer,1.0,1.0,1.0,1.0,,,,1.0,0.0,1,1,1.0,0.0,1.0
680,30,1639,Fish bones,clock,1.0,1.0,1.0,1.0,1.0,,,1.0,0.0,1,1,1.0,0.0,1.0
681,45,1047,Clock,clock,5.0,4.0,5.0,4.0,5.0,5.0,,4.666666666666667,0.4714045207910317,5,5,5.0,0.0,4.833333333333334
682,56,1302,Clock,clock,4.0,5.0,5.0,4.0,5.0,5.0,,4.666666666666667,0.4714045207910317,5,5,5.0,0.0,4.833333333333334
683,45,154,Clock,clock face,5.0,5.0,5.0,5.0,,,,5.0,0.0,5,5,5.0,0.0,5.0
684,22,453,Fish,closed eye,1.0,3.0,3.0,3.0,1.0,1.0,1.0,1.8571428571428572,0.989743318610787,4,3,3.5,0.5,2.678571428571429
685,19,1526,Computer Mouse,clothesline,1.0,1.0,1.0,1.0,1.0,,,1.0,0.0,1,1,1.0,0.0,1.0
686,35,783,Bow tie - Owl,cloudy mountain,3.0,1.0,1.0,1.0,2.0,1.0,,1.5,0.7637626158259734,5,1,3.0,2.0,2.25
687,9,141,Butterfly,clover,3.0,4.0,5.0,1.0,1.0,3.0,,2.8333333333333335,1.4624940645653537,1,1,1.0,0.0,1.9166666666666667
688,37,832,Clubs symbol,clover,2.0,3.0,3.0,5.0,3.0,5.0,5.0,3.7142857142857144,1.1605769149479943,5,5,5.0,0.0,4.357142857142858
689,38,1700,Clubs symbol - Ice cream,clover,1.0,1.0,1.0,1.0,,,,1.0,0.0,2,3,2.5,0.5,1.75
690,46,1071,Lightbulb - Ice Cream,clover,1.0,1.0,2.0,1.0,1.0,1.0,1.0,1.1428571428571428,0.3499271061118826,1,2,1.5,0.5,1.3214285714285714
691,38,1699,Clubs symbol - Ice cream,club,1.0,1.0,1.0,1.0,2.0,1.0,,1.1666666666666667,0.37267799624996495,3,3,3.0,0.0,2.0833333333333335
692,39,1710,Clubs symbol - Ice cream,club,1.0,2.0,1.0,1.0,1.0,,,1.2,0.4000000000000001,3,3,3.0,0.0,2.1
693,37,833,Clubs symbol,club suit,3.0,2.0,4.0,1.0,1.0,4.0,,2.5,1.2583057392117916,5,5,5.0,0.0,3.75
694,38,1696,Clubs symbol - Ice cream,club suit,1.0,1.0,3.0,1.0,1.0,,,1.4,0.8,3,3,3.0,0.0,2.2
695,39,1706,Clubs symbol - Ice cream,club suit,1.0,1.0,3.0,1.0,1.0,,,1.4,0.8,3,3,3.0,0.0,2.2
696,37,1693,Clubs symbol,club symbol,4.0,2.0,5.0,2.0,4.0,2.0,,3.1666666666666665,1.2133516482134197,5,5,5.0,0.0,4.083333333333333
697,38,1697,Clubs symbol - Ice cream,club symbol,1.0,2.0,3.0,1.0,1.0,2.0,,1.6666666666666667,0.7453559924999299,3,3,3.0,0.0,2.3333333333333335
698,39,1705,Clubs symbol - Ice cream,club symbol,2.0,1.0,1.0,1.0,,,,1.25,0.4330127018922193,3,3,3.0,0.0,2.125
699,39,875,Clubs symbol - Ice cream,clubs suit,4.0,1.0,1.0,2.0,1.0,1.0,,1.6666666666666667,1.1055415967851332,2,3,2.5,0.5,2.0833333333333335
700,38,854,Clubs symbol - Ice cream,clubs symbol,2.0,3.0,1.0,1.0,3.0,1.0,,1.8333333333333333,0.8975274678557508,2,2,2.0,0.0,1.9166666666666665
701,26,1597,Flag,coat hanger,1.0,1.0,2.0,1.0,,,,1.25,0.4330127018922193,1,1,1.0,0.0,1.125
702,24,507,Chair,coat hook,4.0,2.0,2.0,1.0,2.0,3.0,,2.3333333333333335,0.9428090415820634,2,3,2.5,0.5,2.416666666666667
703,29,1617,Shovel,coat hook,1.0,2.0,3.0,4.0,1.0,,,2.2,1.16619037896906,2,3,2.5,0.5,2.35
704,32,704,Goblet,coat hook,1.0,3.0,1.0,1.0,1.0,1.0,1.0,1.2857142857142858,0.6998542122237652,1,3,2.0,1.0,1.6428571428571428
705,54,1265,Music Note,coat hook,1.0,2.0,1.0,1.0,1.0,1.0,,1.1666666666666667,0.3726779962499649,1,2,1.5,0.5,1.3333333333333335
706,8,127,Butterfly,coat rack,2.0,1.0,2.0,1.0,1.0,2.0,,1.5,0.5,1,1,1.0,0.0,1.25
707,9,139,Butterfly,coat rack,2.0,2.0,1.0,2.0,1.0,2.0,,1.6666666666666667,0.4714045207910317,1,1,1.0,0.0,1.3333333333333335
708,52,1813,Letter F,coat rack,1.0,1.0,3.0,1.0,1.0,,,1.4,0.8,2,3,2.5,0.5,1.95
709,55,1284,Yield Sign - Martini Glass,coat rack,1.0,2.0,1.0,3.0,2.0,1.0,,1.6666666666666667,0.7453559924999299,4,2,3.0,1.0,2.3333333333333335
710,27,584,Door,coconut,1.0,1.0,1.0,1.0,1.0,1.0,,1.0,0.0,1,1,1.0,0.0,1.0
711,19,361,Computer Mouse,coffee cup,1.0,1.0,1.0,1.0,1.0,1.0,,1.0,0.0,1,1,1.0,0.0,1.0
712,21,1548,Crystal ball - Person Outline,coffee cup,1.0,1.0,1.0,1.0,1.0,1.0,,1.0,0.0,1,1,1.0,0.0,1.0
713,40,900,Mug,coffee cup,1.0,4.0,4.0,4.0,4.0,5.0,,3.6666666666666665,1.2472191289246473,5,5,5.0,0.0,4.333333333333333
714,41,926,Mug,coffee cup,5.0,4.0,5.0,5.0,4.0,,,4.6,0.4898979485566356,5,5,5.0,0.0,4.8
715,44,1012,Computer Mouse,coffee cup,1.0,1.0,1.0,1.0,1.0,,,1.0,0.0,1,1,1.0,0.0,1.0
716,21,443,Crystal ball - Person Outline,coffee mug,1.0,1.0,2.0,1.0,1.0,1.0,,1.1666666666666667,0.3726779962499649,1,1,1.0,0.0,1.0833333333333335
717,40,901,Mug,coffee mug,4.0,5.0,3.0,5.0,2.0,5.0,5.0,4.142857142857143,1.124858267715973,5,5,5.0,0.0,4.571428571428571
718,41,927,Mug,coffee mug,5.0,5.0,5.0,5.0,5.0,5.0,,5.0,0.0,5,5,5.0,0.0,5.0
719,2,7,Ladder,comb,1.0,1.0,1.0,1.0,2.0,1.0,,1.1666666666666667,0.37267799624996495,1,1,1.0,0.0,1.0833333333333335
720,11,168,Comb - Pitchfork,comb,2.0,2.0,3.0,1.0,2.0,1.0,,1.8333333333333333,0.6871842709362768,1,5,3.0,2.0,2.4166666666666665
721,24,508,Chair,comb,1.0,1.0,1.0,1.0,1.0,1.0,,1.0,0.0,1,2,1.5,0.5,1.25
722,24,509,Chair,comb,1.0,1.0,1.0,1.0,1.0,1.0,,1.0,0.0,1,3,2.0,1.0,1.5
723,30,1633,Fish bones,comb,1.0,1.0,1.0,4.0,,,,1.75,1.299038105676658,1,2,1.5,0.5,1.625
724,30,1637,Fish bones,comb,1.0,1.0,1.0,1.0,1.0,1.0,,1.0,0.0,1,2,1.5,0.5,1.25
725,52,1219,Letter F,comb,1.0,1.0,1.0,1.0,2.0,,,1.2,0.4,1,2,1.5,0.5,1.35
726,10,1443,Comb - Pitchfork,comb teeth,1.0,1.0,2.0,1.0,1.0,1.0,,1.1666666666666667,0.3726779962499649,3,4,3.5,0.5,2.3333333333333335
727,19,61,Computer Mouse,compact disc,1.0,2.0,1.0,1.0,1.0,1.0,,1.1666666666666667,0.3726779962499649,1,1,1.0,0.0,1.0833333333333335
728,51,182,Television,compass dial,2.0,1.0,1.0,1.0,1.0,1.0,,1.1666666666666667,0.3726779962499649,2,2,2.0,0.0,1.5833333333333335
729,56,1858,Clock,compass needle,1.0,1.0,1.0,4.0,4.0,,,2.2,1.469693845669907,1,3,2.0,1.0,2.1
730,19,362,Computer Mouse,computer mouse,4.0,5.0,5.0,2.0,5.0,5.0,,4.333333333333333,1.1055415967851332,5,5,5.0,0.0,4.666666666666666
731,43,1740,Mouse,computer mouse,5.0,3.0,5.0,3.0,5.0,,,4.2,0.9797958971132712,5,5,5.0,0.0,4.6
732,47,1107,Computer Mouse,computer mouse,5.0,5.0,5.0,5.0,5.0,5.0,,5.0,0.0,5,5,5.0,0.0,5.0
733,54,1266,Music Note,concave,1.0,1.0,1.0,2.0,3.0,1.0,,1.5,0.7637626158259734,1,1,1.0,0.0,1.25
734,57,1318,Hourglass,concave quadrilateral,3.0,1.0,2.0,1.0,4.0,3.0,,2.3333333333333335,1.1055415967851334,1,1,1.0,0.0,1.6666666666666667
735,17,302,Ice cream,cone,3.0,5.0,2.0,2.0,3.0,4.0,,3.1666666666666665,1.0671873729054748,5,5,5.0,0.0,4.083333333333333
736,18,329,Ice cream,cone,4.0,3.0,3.0,4.0,4.0,,,3.6,0.4898979485566356,5,4,4.5,0.5,4.05
737,22,454,Fish,cone,1.0,2.0,4.0,2.0,4.0,1.0,,2.3333333333333335,1.247219128924647,1,2,1.5,0.5,1.9166666666666667
738,35,784,Bow tie - Owl,cone,1.0,1.0,1.0,1.0,1.0,1.0,,1.0,0.0,1,1,1.0,0.0,1.0
739,38,855,Clubs symbol - Ice cream,cone,3.0,2.0,4.0,2.0,1.0,2.0,,2.3333333333333335,0.9428090415820634,5,4,4.5,0.5,3.416666666666667
740,22,1561,Fish,cone and face,2.0,2.0,3.0,2.0,1.0,,,2.0,0.6324555320336759,1,1,1.0,0.0,1.5
741,6,92,Glasses,controller,2.0,1.0,3.0,1.0,2.0,1.0,,1.6666666666666667,0.7453559924999299,1,2,1.5,0.5,1.5833333333333335
742,43,978,Mouse,corkscrew,1.0,1.0,2.0,1.0,1.0,3.0,,1.5,0.7637626158259734,1,1,1.0,0.0,1.25
743,48,1785,Letter T,corner bracket,2.0,3.0,4.0,3.0,3.0,3.0,,3.0,0.5773502691896257,1,2,1.5,0.5,2.25
744,14,240,Computer Mouse,crab claw,1.0,1.0,3.0,1.0,1.0,3.0,,1.6666666666666667,0.9428090415820634,1,1,1.0,0.0,1.3333333333333335
745,53,185,Sailboat,cradle snapped,2.0,1.0,1.0,1.0,,,,1.25,0.4330127018922193,1,1,1.0,0.0,1.125
746,25,540,Chair,crane,1.0,1.0,2.0,2.0,1.0,1.0,,1.3333333333333333,0.4714045207910317,1,2,1.5,0.5,1.4166666666666665
747,29,629,Shovel,crane,1.0,3.0,1.0,3.0,1.0,1.0,,1.6666666666666667,0.9428090415820634,1,1,1.0,0.0,1.3333333333333335
748,36,801,Broom,crane,2.0,2.0,1.0,1.0,4.0,1.0,,1.8333333333333333,1.0671873729054748,1,1,1.0,0.0,1.4166666666666665
749,51,1198,Television,crest,1.0,1.0,1.0,1.0,1.0,1.0,,1.0,0.0,1,1,1.0,0.0,1.0
750,30,659,Fish bones,cross,1.0,2.0,1.0,1.0,1.0,1.0,,1.1666666666666667,0.3726779962499649,1,1,1.0,0.0,1.0833333333333335
751,48,1776,Letter T,cross,1.0,2.0,1.0,2.0,1.0,,,1.4,0.4898979485566356,1,2,1.5,0.5,1.45
752,57,1319,Hourglass,cross brace,1.0,2.0,1.0,2.0,3.0,1.0,,1.6666666666666667,0.7453559924999299,4,2,3.0,1.0,2.3333333333333335
753,47,1108,Computer Mouse,cross circle,1.0,1.0,1.0,1.0,1.0,2.0,1.0,1.1428571428571428,0.3499271061118826,1,1,1.0,0.0,1.0714285714285714
754,52,1221,Letter F,crosshair,1.0,1.0,2.0,1.0,1.0,1.0,,1.1666666666666667,0.3726779962499649,1,1,1.0,0.0,1.0833333333333335
755,48,171,Letter T,crosshairs,2.0,1.0,1.0,1.0,,,,1.25,0.4330127018922193,2,1,1.5,0.5,1.375
756,8,24,Butterfly,crown hourglass,2.0,3.0,2.0,1.0,2.0,,,2.0,0.6324555320336759,1,1,1.0,0.0,1.5
757,38,126,Clubs symbol - Ice cream,crown jewel,2.0,2.0,2.0,1.0,2.0,,,1.8,0.4,2,2,2.0,0.0,1.9
758,9,29,Butterfly,crown symbol,1.0,1.0,3.0,1.0,2.0,,,1.6,0.8,1,1,1.0,0.0,1.3
759,24,510,Chair,crutch,2.0,1.0,3.0,2.0,1.0,1.0,,1.6666666666666667,0.7453559924999299,1,2,1.5,0.5,1.5833333333333335
760,20,393,Crystal ball - Person Outline,crystal ball,1.0,2.0,1.0,2.0,2.0,4.0,,2.0,1.0,5,5,5.0,0.0,3.5
761,21,442,Crystal ball - Person Outline,crystal ball,2.0,1.0,1.0,2.0,1.0,1.0,,1.3333333333333333,0.4714045207910317,5,5,5.0,0.0,3.1666666666666665
762,16,275,Ice cream,cube,1.0,1.0,1.0,1.0,1.0,2.0,,1.1666666666666667,0.3726779962499649,1,1,1.0,0.0,1.0833333333333335
763,60,1371,House,cube,1.0,1.0,2.0,1.0,2.0,1.0,,1.3333333333333333,0.4714045207910317,1,1,1.0,0.0,1.1666666666666665
764,11,169,Comb - Pitchfork,cubes,2.0,1.0,1.0,1.0,1.0,1.0,,1.1666666666666667,0.3726779962499649,1,1,1.0,0.0,1.0833333333333335
765,3,27,Glasses,cup,1.0,1.0,1.0,1.0,1.0,1.0,,1.0,0.0,1,1,1.0,0.0,1.0
766,12,189,Goblet,cup,5.0,5.0,5.0,4.0,1.0,1.0,,3.5,1.8027756377319946,5,5,5.0,0.0,4.25
767,13,210,Goblet,cup,5.0,5.0,5.0,4.0,4.0,5.0,,4.666666666666667,0.4714045207910317,5,5,5.0,0.0,4.833333333333334
768,21,426,Crystal ball - Person Outline,cup,1.0,1.0,1.0,2.0,1.0,1.0,,1.1666666666666667,0.3726779962499649,1,1,1.0,0.0,1.0833333333333335
769,40,902,Mug,cup,4.0,4.0,4.0,5.0,5.0,4.0,,4.333333333333333,0.4714045207910317,5,5,5.0,0.0,4.666666666666666
770,41,928,Mug,cup,4.0,2.0,5.0,4.0,5.0,3.0,,3.8333333333333335,1.0671873729054748,5,5,5.0,0.0,4.416666666666667
771,45,1048,Clock,cup,1.0,1.0,1.0,1.0,1.0,1.0,,1.0,0.0,1,1,1.0,0.0,1.0
772,37,834,Clubs symbol,cup and ball,1.0,1.0,2.0,1.0,1.0,1.0,,1.1666666666666667,0.3726779962499649,1,1,1.0,0.0,1.0833333333333335
773,17,303,Ice cream,cupcake,2.0,1.0,2.0,1.0,2.0,1.0,,1.5,0.5,1,1,1.0,0.0,1.25
774,33,730,Plunger,cupcake,2.0,1.0,2.0,2.0,1.0,1.0,,1.5,0.5,1,1,1.0,0.0,1.25
775,43,143,Mouse,curled ribbon,2.0,3.0,1.0,1.0,2.0,2.0,,1.8333333333333333,0.6871842709362768,1,1,1.0,0.0,1.4166666666666665
776,15,1487,House,cut diamond,1.0,1.0,2.0,1.0,1.0,,,1.2,0.4,2,2,2.0,0.0,1.6
777,28,607,Glasses,cylinder,1.0,1.0,1.0,1.0,3.0,1.0,,1.3333333333333333,0.7453559924999299,1,1,1.0,0.0,1.1666666666666665
778,10,146,Comb - Pitchfork,cyrillic letter,5.0,2.0,2.0,4.0,4.0,1.0,,3.0,1.4142135623730951,2,1,1.5,0.5,2.25
779,22,455,Fish,dart,3.0,3.0,1.0,1.0,3.0,1.0,,2.0,1.0,2,3,2.5,0.5,2.25
780,19,1530,Computer Mouse,database,3.0,1.0,1.0,1.0,1.0,,,1.4,0.8000000000000002,1,1,1.0,0.0,1.2
781,5,70,Glasses,db,3.0,2.0,2.0,1.0,4.0,1.0,,2.1666666666666665,1.0671873729054748,1,1,1.0,0.0,1.5833333333333333
782,12,190,Goblet,desk,1.0,1.0,1.0,1.0,1.0,1.0,,1.0,0.0,1,2,1.5,0.5,1.25
783,53,1244,Sailboat,desk lamp,1.0,2.0,1.0,1.0,1.0,1.0,,1.1666666666666667,0.3726779962499649,1,1,1.0,0.0,1.0833333333333335
784,56,1303,Clock,diagram,2.0,1.0,1.0,3.0,1.0,,,1.6,0.8,1,2,1.5,0.5,1.55
785,8,128,Butterfly,diamond,1.0,1.0,1.0,1.0,1.0,1.0,1.0,1.0,0.0,1,1,1.0,0.0,1.0
786,15,262,House,diamond,1.0,1.0,2.0,1.0,1.0,1.0,,1.1666666666666667,0.3726779962499649,1,1,1.0,0.0,1.0833333333333335
787,16,276,Ice cream,diamond,1.0,1.0,1.0,1.0,1.0,1.0,,1.0,0.0,1,1,1.0,0.0,1.0
788,26,81,Flag,diamond,1.0,1.0,1.0,1.0,,,,1.0,0.0,1,1,1.0,0.0,1.0
789,60,1372,House,diamond,1.0,1.0,1.0,1.0,1.0,1.0,,1.0,0.0,1,1,1.0,0.0,1.0
790,15,46,House,diamond shape,1.0,1.0,1.0,1.0,1.0,,,1.0,0.0,1,3,2.0,1.0,1.5
791,11,170,Comb - Pitchfork,dining chair,1.0,2.0,1.0,1.0,3.0,,,1.6,0.8,1,1,1.0,0.0,1.3
792,11,1452,Comb - Pitchfork,dinner fork,4.0,2.0,2.0,2.0,1.0,,,2.2,0.9797958971132712,5,4,4.5,0.5,3.35
793,14,241,Computer Mouse,dior,1.0,1.0,1.0,1.0,1.0,2.0,,1.1666666666666667,0.3726779962499649,1,1,1.0,0.0,1.0833333333333335
794,41,929,Mug,directional marker right,1.0,1.0,1.0,1.0,3.0,1.0,,1.3333333333333333,0.7453559924999299,1,1,1.0,0.0,1.1666666666666665
795,34,761,Bow tie - Owl,diving mask,2.0,1.0,1.0,2.0,1.0,1.0,,1.3333333333333333,0.4714045207910317,3,2,2.5,0.5,1.9166666666666665
796,40,903,Mug,dog,1.0,2.0,2.0,1.0,1.0,1.0,,1.3333333333333333,0.4714045207910317,1,1,1.0,0.0,1.1666666666666665
797,41,930,Mug,dog,2.0,1.0,1.0,1.0,1.0,1.0,,1.1666666666666667,0.3726779962499649,1,1,1.0,0.0,1.0833333333333335
798,15,1485,House,dog house,2.0,4.0,4.0,4.0,5.0,,,3.8,0.9797958971132712,5,5,5.0,0.0,4.4
799,47,1110,Computer Mouse,dog shape,1.0,2.0,1.0,2.0,1.0,1.0,,1.3333333333333333,0.4714045207910317,1,1,1.0,0.0,1.1666666666666665
800,19,363,Computer Mouse,dollar sign,1.0,1.0,1.0,1.0,1.0,,,1.0,0.0,1,1,1.0,0.0,1.0
801,23,486,Lollipop,dollar sign,1.0,2.0,2.0,1.0,1.0,1.0,,1.3333333333333333,0.4714045207910317,1,1,1.0,0.0,1.1666666666666665
802,43,979,Mouse,dollar sign,1.0,1.0,1.0,1.0,3.0,1.0,,1.3333333333333333,0.7453559924999299,1,1,1.0,0.0,1.1666666666666665
803,44,1014,Computer Mouse,dollar sign,1.0,1.0,2.0,1.0,1.0,1.0,,1.1666666666666667,0.3726779962499649,1,1,1.0,0.0,1.0833333333333335
804,47,1111,Computer Mouse,dollar sign,1.0,1.0,2.0,1.0,2.0,1.0,,1.3333333333333333,0.4714045207910317,1,1,1.0,0.0,1.1666666666666665
805,27,586,Door,door,4.0,5.0,5.0,5.0,5.0,5.0,5.0,4.857142857142857,0.3499271061118826,5,5,5.0,0.0,4.928571428571429
806,27,587,Door,door,4.0,5.0,5.0,4.0,5.0,5.0,,4.666666666666667,0.4714045207910317,5,5,5.0,0.0,4.833333333333334
807,41,931,Mug,door,1.0,1.0,1.0,1.0,1.0,1.0,,1.0,0.0,1,2,1.5,0.5,1.25
808,27,1604,Door,door frame,3.0,5.0,2.0,4.0,5.0,,,3.8,1.16619037896906,5,5,5.0,0.0,4.4
809,27,1607,Door,door handle,4.0,2.0,5.0,2.0,5.0,,,3.6,1.3564659966250538,5,3,4.0,1.0,3.8
810,41,136,Mug,door handle,3.0,3.0,1.0,1.0,1.0,,,1.8,0.9797958971132713,1,3,2.0,1.0,1.9
811,13,211,Goblet,door hinge,1.0,1.0,1.0,1.0,1.0,1.0,,1.0,0.0,1,1,1.0,0.0,1.0
812,29,630,Shovel,door hinge,1.0,1.0,1.0,1.0,1.0,2.0,,1.1666666666666667,0.3726779962499649,2,1,1.5,0.5,1.3333333333333335
813,30,97,Fish bones,door jamb,1.0,1.0,3.0,2.0,1.0,,,1.6,0.8,1,1,1.0,0.0,1.3
814,11,171,Comb - Pitchfork,door key,1.0,2.0,1.0,2.0,1.0,1.0,1.0,1.2857142857142858,0.45175395145262565,3,1,2.0,1.0,1.6428571428571428
815,30,660,Fish bones,door key,2.0,2.0,1.0,1.0,1.0,3.0,,1.6666666666666667,0.7453559924999299,2,1,1.5,0.5,1.5833333333333335
816,1,1,Ladder,door knob,1.0,1.0,1.0,1.0,1.0,1.0,,1.0,0.0,1,1,1.0,0.0,1.0
817,32,705,Goblet,door knocker,1.0,3.0,2.0,1.0,1.0,1.0,1.0,1.4285714285714286,0.7284313590846835,2,3,2.5,0.5,1.9642857142857144
818,40,132,Mug,door window,1.0,1.0,1.0,3.0,1.0,1.0,,1.3333333333333333,0.7453559924999299,1,1,1.0,0.0,1.1666666666666665
819,3,28,Glasses,doorway,1.0,1.0,1.0,3.0,2.0,1.0,,1.5,0.7637626158259734,3,1,2.0,1.0,1.75
820,34,118,Bow tie - Owl,double keyhole,2.0,1.0,2.0,1.0,1.0,2.0,,1.5,0.5,2,1,1.5,0.5,1.5
821,7,1421,Pine Tree,double spear,4.0,4.0,3.0,4.0,,,,3.75,0.4330127018922193,5,5,5.0,0.0,4.375
822,7,20,Pine Tree,double‑headed arrow,5.0,4.0,5.0,1.0,5.0,,,4.0,1.5491933384829668,5,5,5.0,0.0,4.5
823,45,158,Clock,doughnut stand,1.0,1.0,1.0,1.0,1.0,,,1.0,0.0,1,1,1.0,0.0,1.0
824,56,1866,Clock,down Arrow button,1.0,1.0,1.0,1.0,2.0,,,1.2,0.4,3,2,2.5,0.5,1.85
825,56,1304,Clock,down arrow,1.0,1.0,1.0,2.0,1.0,1.0,1.0,1.1428571428571428,0.3499271061118826,1,1,1.0,0.0,1.0714285714285714
826,16,277,Ice cream,download icon,1.0,1.0,1.0,1.0,1.0,1.0,,1.0,0.0,1,1,1.0,0.0,1.0
827,36,1683,Broom,downward arrow,2.0,2.0,2.0,1.0,2.0,,,1.8,0.4,1,1,1.0,0.0,1.4
828,12,191,Goblet,downward umbrella,2.0,1.0,3.0,1.0,1.0,1.0,,1.5,0.7637626158259734,1,2,1.5,0.5,1.5
829,36,802,Broom,dowsing rod,5.0,1.0,2.0,1.0,3.0,2.0,,2.3333333333333335,1.3743685418725535,3,2,2.5,0.5,2.416666666666667
830,39,876,Clubs symbol - Ice cream,dragon fly,1.0,1.0,2.0,1.0,2.0,1.0,,1.3333333333333333,0.4714045207910317,2,1,1.5,0.5,1.4166666666666665
831,37,835,Clubs symbol,dragonfly,1.0,2.0,3.0,1.0,1.0,1.0,,1.5,0.7637626158259734,2,1,1.5,0.5,1.5
832,50,178,Stick Figure,drain cover,1.0,2.0,1.0,1.0,1.0,,,1.2,0.4000000000000001,1,1,1.0,0.0,1.1
833,56,192,Clock,drawer pull,1.0,1.0,1.0,1.0,,,,1.0,0.0,1,1,1.0,0.0,1.0
834,3,29,Glasses,dried,2.0,1.0,1.0,1.0,1.0,1.0,,1.1666666666666667,0.3726779962499649,1,1,1.0,0.0,1.0833333333333335
835,12,192,Goblet,drinking fountain,3.0,1.0,1.0,1.0,1.0,3.0,,1.6666666666666667,0.9428090415820634,1,2,1.5,0.5,1.5833333333333335
836,18,330,Ice cream,drop hook,2.0,2.0,1.0,2.0,1.0,4.0,,2.0,1.0,1,1,1.0,0.0,1.5
837,46,159,Lightbulb - Ice Cream,dual torus,1.0,1.0,1.0,1.0,1.0,1.0,,1.0,0.0,1,1,1.0,0.0,1.0
838,22,456,Fish,duck,3.0,2.0,3.0,3.0,1.0,1.0,,2.1666666666666665,0.8975274678557507,4,4,4.0,0.0,3.083333333333333
839,22,457,Fish,duck beak,1.0,2.0,1.0,4.0,3.0,3.0,3.0,2.4285714285714284,1.049781318335648,4,4,4.0,0.0,3.2142857142857144
840,3,30,Glasses,dumbbell,2.0,1.0,1.0,1.0,1.0,1.0,,1.1666666666666667,0.3726779962499649,1,1,1.0,0.0,1.0833333333333335
841,4,49,Glasses,dumbbell,1.0,1.0,1.0,1.0,1.0,1.0,,1.0,0.0,1,1,1.0,0.0,1.0
842,5,71,Glasses,dumbbell,2.0,1.0,1.0,1.0,1.0,1.0,,1.1666666666666667,0.3726779962499649,1,1,1.0,0.0,1.0833333333333335
843,37,836,Clubs symbol,dumbbell,2.0,1.0,1.0,1.0,1.0,1.0,,1.1666666666666667,0.3726779962499649,1,1,1.0,0.0,1.0833333333333335
844,54,1267,Music Note,dumbbell,1.0,1.0,1.0,1.0,2.0,1.0,,1.1666666666666667,0.37267799624996495,1,1,1.0,0.0,1.0833333333333335
845,13,212,Goblet,dustpan,1.0,1.0,1.0,2.0,3.0,1.0,,1.5,0.7637626158259734,4,4,4.0,0.0,2.75
846,33,731,Plunger,dustpan,3.0,1.0,3.0,4.0,1.0,3.0,,2.5,1.118033988749895,5,5,5.0,0.0,3.75
847,40,904,Mug,ear,1.0,2.0,2.0,1.0,1.0,4.0,,1.8333333333333333,1.0671873729054748,1,1,1.0,0.0,1.4166666666666665
848,43,980,Mouse,earring,1.0,3.0,3.0,5.0,1.0,1.0,,2.3333333333333335,1.4907119849998598,3,1,2.0,1.0,2.166666666666667
849,47,1774,Computer Mouse,egyptian eye,1.0,1.0,1.0,1.0,1.0,,,1.0,0.0,1,1,1.0,0.0,1.0
850,20,394,Crystal ball - Person Outline,eight,1.0,2.0,2.0,1.0,2.0,1.0,,1.5,0.5,2,1,1.5,0.5,1.5
851,46,1072,Lightbulb - Ice Cream,eight,1.0,1.0,1.0,1.0,1.0,2.0,,1.1666666666666667,0.3726779962499649,1,1,1.0,0.0,1.0833333333333335
852,43,981,Mouse,eighth note,1.0,1.0,1.0,2.0,4.0,1.0,,1.6666666666666667,1.1055415967851332,1,1,1.0,0.0,1.3333333333333335
853,10,30,Comb - Pitchfork,eject button,1.0,2.0,1.0,1.0,1.0,,,1.2,0.4000000000000001,1,1,1.0,0.0,1.1
854,19,58,Computer Mouse,electric plug,2.0,3.0,1.0,1.0,4.0,,,2.2,1.16619037896906,2,1,1.5,0.5,1.85
855,52,184,Letter F,electric plug,2.0,1.0,1.0,1.0,2.0,,,1.4,0.4898979485566356,2,1,1.5,0.5,1.45
856,14,242,Computer Mouse,elephant head,2.0,2.0,1.0,2.0,1.0,1.0,,1.5,0.5,1,1,1.0,0.0,1.25
857,58,1340,Umbrella,elephant trunk,4.0,1.0,1.0,4.0,1.0,2.0,,2.1666666666666665,1.3437096247164249,2,2,2.0,0.0,2.083333333333333
858,24,77,Chair,enter key,1.0,2.0,1.0,1.0,1.0,,,1.2,0.4000000000000001,1,1,1.0,0.0,1.1
859,60,1373,House,envelope,1.0,2.0,1.0,2.0,4.0,2.0,,2.0,1.0,2,3,2.5,0.5,2.25
860,19,1529,Computer Mouse,euro symbol,1.0,2.0,1.0,1.0,1.0,,,1.2,0.4000000000000001,1,2,1.5,0.5,1.35
861,27,588,Door,euro symbol,1.0,1.0,4.0,1.0,1.0,1.0,,1.5,1.118033988749895,1,1,1.0,0.0,1.25
862,49,1796,Heart,evil chibi face,1.0,1.0,1.0,1.0,1.0,1.0,,1.0,0.0,1,1,1.0,0.0,1.0
863,49,1164,Heart,evil face,1.0,1.0,1.0,1.0,1.0,1.0,,1.0,0.0,1,1,1.0,0.0,1.0
864,29,1624,Shovel,exclamation mark,1.0,1.0,1.0,1.0,1.0,,,1.0,0.0,1,1,1.0,0.0,1.0
865,33,732,Plunger,eye,1.0,1.0,1.0,2.0,1.0,1.0,1.0,1.1428571428571428,0.3499271061118826,1,1,1.0,0.0,1.0714285714285714
866,46,1766,Lightbulb - Ice Cream,eye,1.0,1.0,1.0,1.0,1.0,,,1.0,0.0,1,3,2.0,1.0,1.5
867,56,1305,Clock,eye,2.0,1.0,1.0,1.0,1.0,1.0,,1.1666666666666667,0.3726779962499649,1,1,1.0,0.0,1.0833333333333335
868,3,31,Glasses,eye glasses,2.0,1.0,1.0,2.0,4.0,3.0,,2.1666666666666665,1.0671873729054748,5,4,4.5,0.5,3.333333333333333
869,56,1306,Clock,eyeball,2.0,1.0,1.0,1.0,1.0,1.0,1.0,1.1428571428571428,0.34992710611188266,1,1,1.0,0.0,1.0714285714285714
870,4,1403,Glasses,eyeglass,3.0,2.0,3.0,2.0,2.0,,,2.4,0.4898979485566356,5,3,4.0,1.0,3.2
871,4,50,Glasses,eyeglasses,1.0,5.0,4.0,3.0,2.0,2.0,4.0,3.0,1.3093073414159542,5,4,4.5,0.5,3.75
872,5,1405,Glasses,eyeglasses,3.0,2.0,2.0,1.0,3.0,,,2.2,0.7483314773547882,5,5,5.0,0.0,3.6
873,6,1415,Glasses,eyeglasses,4.0,2.0,3.0,5.0,3.0,2.0,,3.1666666666666665,1.0671873729054748,5,5,5.0,0.0,4.083333333333333
874,28,608,Glasses,eyeglasses,3.0,4.0,2.0,5.0,3.0,4.0,,3.5,0.9574271077563381,5,5,5.0,0.0,4.25
875,34,1674,Bow tie - Owl,eyeglasses,2.0,2.0,2.0,1.0,4.0,,,2.2,0.9797958971132712,1,2,1.5,0.5,1.85
876,37,837,Clubs symbol,eyeglasses,1.0,2.0,1.0,1.0,1.0,2.0,,1.3333333333333333,0.4714045207910317,1,1,1.0,0.0,1.1666666666666665
877,3,6,Glasses,eyeglasses bridge,1.0,1.0,1.0,2.0,2.0,,,1.4,0.4898979485566356,2,5,3.5,1.5,2.45
878,6,1417,Glasses,eyeglasses with antennas,3.0,1.0,4.0,5.0,,,,3.25,1.479019945774904,4,1,2.5,1.5,2.875
879,14,243,Computer Mouse,eyes,1.0,4.0,1.0,2.0,1.0,4.0,1.0,2.0,1.3093073414159542,1,1,1.0,0.0,1.5
880,28,609,Glasses,eyes,3.0,2.0,2.0,2.0,3.0,1.0,,2.1666666666666665,0.6871842709362768,3,3,3.0,0.0,2.583333333333333
881,35,785,Bow tie - Owl,eyes nose,1.0,3.0,2.0,2.0,2.0,2.0,,2.0,0.5773502691896257,3,2,2.5,0.5,2.25
882,14,244,Computer Mouse,face,1.0,1.0,2.0,2.0,1.0,1.0,,1.3333333333333333,0.4714045207910317,2,1,1.5,0.5,1.4166666666666665
883,18,331,Ice cream,face,1.0,1.0,1.0,1.0,1.0,1.0,,1.0,0.0,1,1,1.0,0.0,1.0
884,22,458,Fish,face,1.0,1.0,1.0,1.0,1.0,1.0,,1.0,0.0,2,1,1.5,0.5,1.25
885,28,610,Glasses,face,2.0,3.0,2.0,1.0,1.0,1.0,,1.6666666666666667,0.74535599249993,3,2,2.5,0.5,2.0833333333333335
886,34,762,Bow tie - Owl,face,3.0,1.0,1.0,2.0,1.0,1.0,,1.5,0.7637626158259734,2,2,2.0,0.0,1.75
887,35,786,Bow tie - Owl,face,2.0,2.0,2.0,2.0,2.0,2.0,,2.0,0.0,3,2,2.5,0.5,2.25
888,38,856,Clubs symbol - Ice cream,face,1.0,1.0,1.0,3.0,1.0,1.0,,1.3333333333333333,0.7453559924999299,1,1,1.0,0.0,1.1666666666666665
889,45,1049,Clock,face,3.0,1.0,4.0,1.0,3.0,1.0,,2.1666666666666665,1.2133516482134197,1,1,1.0,0.0,1.5833333333333333
890,46,1073,Lightbulb - Ice Cream,face,4.0,2.0,2.0,1.0,1.0,1.0,,1.8333333333333333,1.0671873729054748,1,1,1.0,0.0,1.4166666666666665
891,45,1763,Clock,face with a nose,2.0,1.0,2.0,2.0,2.0,,,1.8,0.4000000000000001,3,2,2.5,0.5,2.15
892,28,1904,Glasses,face with eyes,2.0,1.0,1.0,2.0,2.0,,,1.6,0.4898979485566356,3,4,3.5,0.5,2.55
893,6,1418,Glasses,fallen hourglass,2.0,3.0,1.0,3.0,1.0,,,2.0,0.8944271909999159,2,2,2.0,0.0,2.0
894,44,1016,Computer Mouse,fan,1.0,1.0,1.0,1.0,1.0,1.0,,1.0,0.0,1,1,1.0,0.0,1.0
895,3,32,Glasses,fancy binoculars,3.0,1.0,2.0,2.0,1.0,2.0,,1.8333333333333333,0.6871842709362768,5,4,4.5,0.5,3.1666666666666665
896,19,364,Computer Mouse,faucet,1.0,1.0,3.0,1.0,1.0,1.0,,1.3333333333333333,0.74535599249993,1,1,1.0,0.0,1.1666666666666665
897,31,684,Balloon,female symbol,1.0,1.0,3.0,1.0,4.0,5.0,1.0,2.2857142857142856,1.5779087167410373,1,1,1.0,0.0,1.6428571428571428
898,3,33,Glasses,female torso,2.0,2.0,2.0,1.0,1.0,4.0,,2.0,1.0,5,3,4.0,1.0,3.0
899,2,1384,Ladder,fence,1.0,2.0,1.0,1.0,1.0,,,1.2,0.4000000000000001,2,1,1.5,0.5,1.35
900,30,1644,Fish bones,fence,2.0,1.0,1.0,1.0,1.0,,,1.2,0.4000000000000001,3,3,3.0,0.0,2.1
901,51,1199,Television,figure,1.0,1.0,2.0,1.0,1.0,1.0,,1.1666666666666667,0.3726779962499649,1,1,1.0,0.0,1.0833333333333335
902,35,787,Bow tie - Owl,film camera,3.0,1.0,1.0,3.0,3.0,1.0,4.0,2.2857142857142856,1.1605769149479943,2,5,3.5,1.5,2.892857142857143
903,10,1445,Comb - Pitchfork,fir tree,1.0,1.0,1.0,2.0,2.0,,,1.4,0.4898979485566356,1,1,1.0,0.0,1.2
904,19,56,Computer Mouse,fish,1.0,2.0,1.0,1.0,1.0,,,1.2,0.4000000000000001,2,1,1.5,0.5,1.35
905,22,459,Fish,fish,2.0,3.0,1.0,2.0,1.0,2.0,,1.8333333333333333,0.6871842709362768,3,4,3.5,0.5,2.6666666666666665
906,30,662,Fish bones,fish,2.0,2.0,3.0,1.0,1.0,2.0,,1.8333333333333333,0.6871842709362768,5,3,4.0,1.0,2.9166666666666665
907,31,685,Balloon,fish,1.0,1.0,1.0,2.0,2.0,1.0,,1.3333333333333333,0.4714045207910317,1,1,1.0,0.0,1.1666666666666665
908,30,663,Fish bones,fish bone,2.0,2.0,3.0,3.0,3.0,2.0,,2.5,0.5,5,4,4.5,0.5,3.5
909,14,42,Computer Mouse,fish hook,1.0,1.0,1.0,2.0,1.0,,,1.2,0.4,1,1,1.0,0.0,1.1
910,16,278,Ice cream,fish hook,1.0,2.0,1.0,1.0,1.0,1.0,,1.1666666666666667,0.3726779962499649,1,1,1.0,0.0,1.0833333333333335
911,30,664,Fish bones,fish skeleton,3.0,3.0,5.0,2.0,4.0,5.0,,3.6666666666666665,1.1055415967851334,5,4,4.5,0.5,4.083333333333333
912,12,38,Goblet,fishing hook,1.0,1.0,1.0,1.0,1.0,,,1.0,0.0,1,1,1.0,0.0,1.0
913,17,50,Ice cream,fishing hook,1.0,3.0,1.0,1.0,1.0,1.0,,1.3333333333333333,0.74535599249993,1,1,1.0,0.0,1.1666666666666665
914,24,76,Chair,fishing hook,1.0,1.0,1.0,1.0,1.0,,,1.0,0.0,2,3,2.5,0.5,1.75
915,54,1838,Music Note,fishing hook,2.0,1.0,1.0,1.0,1.0,,,1.2,0.4000000000000001,1,3,2.0,1.0,1.6
916,58,1341,Umbrella,fishing hook,2.0,2.0,1.0,1.0,2.0,1.0,,1.5,0.5,2,3,2.5,0.5,2.0
917,45,1050,Clock,fishing pole,1.0,1.0,1.0,1.0,1.0,1.0,,1.0,0.0,1,1,1.0,0.0,1.0
918,36,803,Broom,fishing rod,1.0,1.0,3.0,1.0,1.0,1.0,,1.3333333333333333,0.74535599249993,1,2,1.5,0.5,1.4166666666666665
919,15,263,House,flag,1.0,1.0,2.0,1.0,2.0,1.0,,1.3333333333333333,0.4714045207910317,2,1,1.5,0.5,1.4166666666666665
920,18,332,Ice cream,flag,1.0,1.0,1.0,1.0,1.0,1.0,,1.0,0.0,2,1,1.5,0.5,1.25
921,24,511,Chair,flag,1.0,1.0,1.0,1.0,1.0,1.0,,1.0,0.0,1,2,1.5,0.5,1.25
922,26,568,Flag,flag,5.0,1.0,5.0,5.0,5.0,5.0,,4.333333333333333,1.4907119849998596,5,5,5.0,0.0,4.666666666666666
923,41,1729,Mug,flag,2.0,1.0,1.0,1.0,1.0,1.0,,1.1666666666666667,0.3726779962499649,1,1,1.0,0.0,1.0833333333333335
924,54,1268,Music Note,flag,2.0,1.0,3.0,2.0,2.0,1.0,,1.8333333333333333,0.6871842709362768,1,1,1.0,0.0,1.4166666666666665
925,53,1245,Sailboat,flag bracket,2.0,1.0,2.0,3.0,4.0,1.0,,2.1666666666666665,1.0671873729054748,1,1,1.0,0.0,1.5833333333333333
926,51,1807,Television,flag emblem,1.0,1.0,1.0,1.0,2.0,,,1.2,0.4,1,1,1.0,0.0,1.1
927,54,1834,Music Note,flag key,3.0,2.0,4.0,2.0,3.0,,,2.8,0.7483314773547882,1,3,2.0,1.0,2.4
928,26,569,Flag,flag pole,5.0,1.0,5.0,4.0,5.0,4.0,,4.0,1.4142135623730951,5,5,5.0,0.0,4.5
929,41,932,Mug,flag pole,1.0,1.0,1.0,1.0,1.0,1.0,,1.0,0.0,1,1,1.0,0.0,1.0
930,53,187,Sailboat,flag pole,1.0,1.0,2.0,2.0,1.0,,,1.4,0.4898979485566356,2,2,2.0,0.0,1.7
931,56,1856,Clock,flag pole,1.0,1.0,1.0,1.0,1.0,1.0,,1.0,0.0,1,1,1.0,0.0,1.0
932,25,1582,Chair,flag sign,4.0,1.0,1.0,1.0,1.0,1.0,,1.5,1.118033988749895,1,1,1.0,0.0,1.25
933,12,39,Goblet,flagpole,1.0,1.0,1.0,1.0,1.0,1.0,,1.0,0.0,1,1,1.0,0.0,1.0
934,25,542,Chair,flagpole,1.0,1.0,2.0,1.0,4.0,1.0,1.0,1.5714285714285714,1.049781318335648,1,1,1.0,0.0,1.2857142857142856
935,40,905,Mug,flagpole,1.0,2.0,1.0,1.0,1.0,1.0,,1.1666666666666667,0.3726779962499649,1,1,1.0,0.0,1.0833333333333335
936,48,1133,Letter T,flagpole,4.0,1.0,1.0,1.0,1.0,1.0,,1.5,1.118033988749895,1,3,2.0,1.0,1.75
937,52,1222,Letter F,flagpole,1.0,1.0,1.0,3.0,1.0,4.0,,1.8333333333333333,1.21335164821342,1,3,2.0,1.0,1.9166666666666665
938,55,1285,Yield Sign - Martini Glass,flagpole,1.0,3.0,2.0,1.0,1.0,2.0,,1.6666666666666667,0.74535599249993,1,3,2.0,1.0,1.8333333333333335
939,52,1815,Letter F,flagpole bracket,1.0,1.0,3.0,1.0,,,,1.5,0.8660254037844386,1,3,2.0,1.0,1.75
940,52,1818,Letter F,flagpole sign,1.0,3.0,1.0,1.0,1.0,,,1.4,0.8000000000000002,1,5,3.0,2.0,2.2
941,7,1423,Pine Tree,fletched arrow,3.0,2.0,5.0,5.0,5.0,,,4.0,1.2649110640673518,5,4,4.5,0.5,4.25
942,45,156,Clock,floating lid,1.0,2.0,2.0,1.0,1.0,,,1.4,0.4898979485566356,1,1,1.0,0.0,1.2
943,8,129,Butterfly,flower,1.0,1.0,1.0,1.0,1.0,1.0,,1.0,0.0,2,1,1.5,0.5,1.25
944,17,304,Ice cream,flower,1.0,1.0,2.0,1.0,1.0,2.0,,1.3333333333333333,0.4714045207910317,1,2,1.5,0.5,1.4166666666666665
945,18,333,Ice cream,flower,2.0,1.0,2.0,1.0,1.0,1.0,,1.3333333333333333,0.4714045207910317,1,1,1.0,0.0,1.1666666666666665
946,23,487,Lollipop,flower,2.0,4.0,1.0,2.0,2.0,2.0,5.0,2.5714285714285716,1.2936264483053452,5,4,4.5,0.5,3.5357142857142856
947,31,686,Balloon,flower,1.0,3.0,2.0,3.0,2.0,3.0,1.0,2.142857142857143,0.8329931278350429,3,1,2.0,1.0,2.071428571428571
948,37,838,Clubs symbol,flower,4.0,5.0,5.0,2.0,4.0,3.0,,3.8333333333333335,1.0671873729054748,4,5,4.5,0.5,4.166666666666667
949,37,839,Clubs symbol,flower,5.0,1.0,2.0,2.0,5.0,1.0,,2.6666666666666665,1.699673171197595,4,5,4.5,0.5,3.583333333333333
950,37,840,Clubs symbol,flower,4.0,4.0,4.0,3.0,2.0,3.0,2.0,3.142857142857143,0.8329931278350429,4,5,4.5,0.5,3.821428571428571
951,39,877,Clubs symbol - Ice cream,flower,1.0,2.0,1.0,1.0,2.0,1.0,,1.3333333333333333,0.4714045207910317,2,5,3.5,1.5,2.4166666666666665
952,38,857,Clubs symbol - Ice cream,flower bouquet,4.0,1.0,3.0,4.0,3.0,2.0,,2.8333333333333335,1.0671873729054748,5,4,4.5,0.5,3.666666666666667
953,37,841,Clubs symbol,flower bud,3.0,2.0,3.0,2.0,2.0,3.0,,2.5,0.5,2,4,3.0,1.0,2.75
954,38,127,Clubs symbol - Ice cream,flower emblem,1.0,3.0,5.0,2.0,2.0,,,2.6,1.3564659966250536,4,5,4.5,0.5,3.55
955,20,395,Crystal ball - Person Outline,flower pot,1.0,1.0,1.0,1.0,1.0,1.0,,1.0,0.0,1,1,1.0,0.0,1.0
956,49,175,Heart,flying buttress,2.0,2.0,1.0,1.0,1.0,,,1.4,0.4898979485566356,1,1,1.0,0.0,1.2
957,17,1505,Ice cream,flying saucer,1.0,1.0,1.0,1.0,,,,1.0,0.0,2,3,2.5,0.5,1.75
958,39,878,Clubs symbol - Ice cream,football player,1.0,1.0,2.0,1.0,1.0,1.0,,1.1666666666666667,0.3726779962499649,1,1,1.0,0.0,1.0833333333333335
959,39,1712,Clubs symbol - Ice cream,football player with shoulder pads,2.0,1.0,1.0,1.0,1.0,,,1.2,0.4000000000000001,3,5,4.0,1.0,2.6
960,10,147,Comb - Pitchfork,fork,4.0,2.0,3.0,4.0,4.0,4.0,,3.5,0.7637626158259734,5,4,4.5,0.5,4.0
961,11,172,Comb - Pitchfork,fork,3.0,5.0,5.0,2.0,4.0,5.0,,4.0,1.1547005383792515,5,4,4.5,0.5,4.25
962,27,589,Door,fork,1.0,1.0,1.0,1.0,1.0,1.0,,1.0,0.0,1,1,1.0,0.0,1.0
963,36,804,Broom,fork,3.0,2.0,2.0,3.0,1.0,2.0,,2.1666666666666665,0.6871842709362768,5,3,4.0,1.0,3.083333333333333
964,10,1446,Comb - Pitchfork,fork and knife,2.0,1.0,1.0,1.0,2.0,,,1.4,0.4898979485566356,1,1,1.0,0.0,1.2
965,36,1686,Broom,forked staff,3.0,2.0,2.0,4.0,1.0,,,2.4,1.019803902718557,5,3,4.0,1.0,3.2
966,52,1223,Letter F,forklift,2.0,1.0,2.0,2.0,1.0,1.0,,1.5,0.5,1,1,1.0,0.0,1.25
967,42,958,Window - Grid,four squares,5.0,5.0,5.0,5.0,5.0,5.0,,5.0,0.0,2,4,3.0,1.0,4.0
968,19,365,Computer Mouse,fruit,1.0,2.0,1.0,1.0,1.0,1.0,,1.1666666666666667,0.3726779962499649,1,1,1.0,0.0,1.0833333333333335
969,38,858,Clubs symbol - Ice cream,fruit basket,3.0,2.0,3.0,2.0,1.0,1.0,,2.0,0.816496580927726,5,3,4.0,1.0,3.0
970,38,859,Clubs symbol - Ice cream,fruit bowl,1.0,1.0,1.0,1.0,2.0,2.0,,1.3333333333333333,0.4714045207910317,5,3,4.0,1.0,2.6666666666666665
971,16,1493,Ice cream,funnel,1.0,2.0,2.0,2.0,2.0,,,1.8,0.4000000000000001,3,3,3.0,0.0,2.4
972,17,305,Ice cream,funnel,1.0,3.0,3.0,2.0,3.0,1.0,,2.1666666666666665,0.8975274678557507,2,3,2.5,0.5,2.333333333333333
973,54,1840,Music Note,g clef,1.0,3.0,3.0,1.0,,,,2.0,1.0,1,1,1.0,0.0,1.5
974,48,1778,Letter T,garden hoe,1.0,1.0,2.0,3.0,2.0,,,1.8,0.7483314773547883,2,1,1.5,0.5,1.65
975,54,1269,Music Note,gas pump,3.0,1.0,3.0,1.0,1.0,1.0,,1.6666666666666667,0.9428090415820634,1,1,1.0,0.0,1.3333333333333335
976,30,102,Fish bones,gate,1.0,2.0,2.0,1.0,2.0,,,1.6,0.4898979485566356,2,2,2.0,0.0,1.8
977,41,933,Mug,gate,1.0,1.0,2.0,2.0,2.0,2.0,,1.6666666666666667,0.47140452079103173,1,2,1.5,0.5,1.5833333333333335
978,27,590,Door,gate latch,2.0,4.0,5.0,1.0,2.0,3.0,,2.8333333333333335,1.3437096247164249,5,3,4.0,1.0,3.416666666666667
979,38,860,Clubs symbol - Ice cream,gift bow,4.0,2.0,1.0,2.0,1.0,1.0,,1.8333333333333333,1.0671873729054748,1,1,1.0,0.0,1.4166666666666665
980,39,879,Clubs symbol - Ice cream,gift bow,1.0,1.0,1.0,2.0,2.0,1.0,,1.3333333333333333,0.4714045207910317,1,2,1.5,0.5,1.4166666666666665
981,41,934,Mug,gift box,2.0,1.0,1.0,2.0,1.0,,,1.4,0.4898979485566356,1,2,1.5,0.5,1.45
982,17,306,Ice cream,glass,1.0,1.0,1.0,1.0,1.0,1.0,,1.0,0.0,1,1,1.0,0.0,1.0
983,55,1286,Yield Sign - Martini Glass,glass,3.0,5.0,2.0,3.0,2.0,5.0,,3.3333333333333335,1.247219128924647,5,4,4.5,0.5,3.916666666666667
984,3,34,Glasses,glasses,2.0,2.0,4.0,2.0,5.0,2.0,,2.8333333333333335,1.2133516482134197,5,5,5.0,0.0,3.916666666666667
985,4,51,Glasses,glasses,1.0,3.0,1.0,3.0,2.0,1.0,,1.8333333333333333,0.8975274678557508,5,4,4.5,0.5,3.1666666666666665
986,5,72,Glasses,glasses,4.0,1.0,2.0,3.0,1.0,3.0,,2.3333333333333335,1.1055415967851334,5,4,4.5,0.5,3.416666666666667
987,6,93,Glasses,glasses,2.0,3.0,4.0,2.0,5.0,4.0,,3.3333333333333335,1.1055415967851334,5,5,5.0,0.0,4.166666666666667
988,20,396,Crystal ball - Person Outline,glasses,1.0,2.0,1.0,1.0,1.0,1.0,1.0,1.1428571428571428,0.34992710611188266,1,1,1.0,0.0,1.0714285714285714
989,28,611,Glasses,glasses,4.0,2.0,5.0,4.0,4.0,3.0,,3.6666666666666665,0.9428090415820634,5,5,5.0,0.0,4.333333333333333
990,34,1672,Bow tie - Owl,glasses,1.0,1.0,2.0,1.0,3.0,1.0,,1.5,0.7637626158259734,1,3,2.0,1.0,1.75
991,35,788,Bow tie - Owl,glasses,1.0,2.0,3.0,2.0,2.0,,,2.0,0.6324555320336759,3,2,2.5,0.5,2.25
992,37,842,Clubs symbol,glasses,1.0,3.0,1.0,3.0,1.0,1.0,,1.6666666666666667,0.9428090415820634,1,1,1.0,0.0,1.3333333333333335
993,39,880,Clubs symbol - Ice cream,glasses,1.0,2.0,1.0,1.0,1.0,1.0,,1.1666666666666667,0.3726779962499649,1,1,1.0,0.0,1.0833333333333335
994,47,1775,Computer Mouse,glasses,1.0,1.0,1.0,1.0,1.0,2.0,,1.1666666666666667,0.3726779962499649,1,1,1.0,0.0,1.0833333333333335
995,39,881,Clubs symbol - Ice cream,glasses and nose,1.0,3.0,1.0,1.0,1.0,1.0,,1.3333333333333333,0.74535599249993,1,2,1.5,0.5,1.4166666666666665
996,34,763,Bow tie - Owl,glasses on nose,1.0,2.0,3.0,1.0,2.0,,,1.8,0.7483314773547883,3,2,2.5,0.5,2.15
997,19,366,Computer Mouse,globe,1.0,1.0,1.0,1.0,1.0,1.0,,1.0,0.0,1,1,1.0,0.0,1.0
998,6,94,Glasses,goal post,1.0,1.0,2.0,1.0,2.0,1.0,,1.3333333333333333,0.4714045207910317,4,1,2.5,1.5,1.9166666666666665
999,11,173,Comb - Pitchfork,goal post,3.0,2.0,2.0,5.0,2.0,1.0,,2.5,1.2583057392117916,2,3,2.5,0.5,2.5
1000,24,512,Chair,goal post,2.0,1.0,3.0,2.0,4.0,3.0,,2.5,0.9574271077563381,1,2,1.5,0.5,2.0
1001,27,591,Door,goal post,1.0,1.0,1.0,3.0,1.0,1.0,,1.3333333333333333,0.7453559924999299,1,1,1.0,0.0,1.1666666666666665
1002,29,632,Shovel,goal post,1.0,2.0,3.0,1.0,2.0,1.0,,1.6666666666666667,0.7453559924999299,1,1,1.0,0.0,1.3333333333333335
1003,30,665,Fish bones,goal post,2.0,1.0,3.0,1.0,3.0,2.0,,2.0,0.816496580927726,1,1,1.0,0.0,1.5
1004,40,906,Mug,goal post,1.0,1.0,1.0,1.0,2.0,1.0,,1.1666666666666667,0.37267799624996495,1,1,1.0,0.0,1.0833333333333335
1005,48,1134,Letter T,goal post,2.0,2.0,1.0,2.0,2.0,2.0,,1.8333333333333333,0.3726779962499649,1,3,2.0,1.0,1.9166666666666665
1006,4,52,Glasses,goal posts,1.0,2.0,1.0,2.0,1.0,1.0,,1.3333333333333333,0.4714045207910317,3,1,2.0,1.0,1.6666666666666665
1007,12,193,Goblet,goblet,4.0,5.0,5.0,4.0,5.0,5.0,3.0,4.428571428571429,0.7284313590846836,5,5,5.0,0.0,4.714285714285714
1008,13,213,Goblet,goblet,5.0,3.0,5.0,5.0,5.0,5.0,,4.666666666666667,0.7453559924999298,5,5,5.0,0.0,4.833333333333334
1009,17,307,Ice cream,goblet,1.0,2.0,1.0,1.0,1.0,1.0,,1.1666666666666667,0.3726779962499649,1,1,1.0,0.0,1.0833333333333335
1010,32,708,Goblet,goblet,5.0,5.0,5.0,4.0,5.0,5.0,,4.833333333333333,0.37267799624996495,5,5,5.0,0.0,4.916666666666666
1011,20,64,Crystal ball - Person Outline,goblet stand,1.0,1.0,3.0,2.0,1.0,,,1.6,0.8,1,1,1.0,0.0,1.3
1012,4,53,Glasses,goggles,4.0,2.0,1.0,3.0,1.0,1.0,,2.0,1.1547005383792515,5,4,4.5,0.5,3.25
1013,5,1407,Glasses,goggles,1.0,2.0,1.0,2.0,3.0,,,1.8,0.7483314773547883,5,5,5.0,0.0,3.4
1014,6,95,Glasses,goggles,3.0,3.0,2.0,3.0,5.0,4.0,,3.3333333333333335,0.9428090415820634,5,4,4.5,0.5,3.916666666666667
1015,22,461,Fish,goggles,1.0,1.0,1.0,1.0,1.0,2.0,,1.1666666666666667,0.3726779962499649,1,1,1.0,0.0,1.0833333333333335
1016,35,789,Bow tie - Owl,goggles,2.0,2.0,2.0,1.0,3.0,1.0,,1.8333333333333333,0.6871842709362768,3,4,3.5,0.5,2.6666666666666665
1017,44,150,Computer Mouse,golden doubloon,1.0,1.0,1.0,1.0,1.0,,,1.0,0.0,1,1,1.0,0.0,1.0
1018,20,397,Crystal ball - Person Outline,golf ball,1.0,2.0,2.0,1.0,1.0,1.0,,1.3333333333333333,0.4714045207910317,1,2,1.5,0.5,1.4166666666666665
1019,21,68,Crystal ball - Person Outline,golf club,1.0,1.0,1.0,1.0,1.0,,,1.0,0.0,1,1,1.0,0.0,1.0
1020,33,733,Plunger,golf club,1.0,1.0,1.0,1.0,1.0,1.0,1.0,1.0,0.0,1,2,1.5,0.5,1.25
1021,45,1756,Clock,golf club,1.0,1.0,1.0,1.0,1.0,1.0,,1.0,0.0,1,1,1.0,0.0,1.0
1022,53,1246,Sailboat,golf club,1.0,1.0,1.0,1.0,1.0,2.0,,1.1666666666666667,0.3726779962499649,1,1,1.0,0.0,1.0833333333333335
1023,54,1270,Music Note,golf club,1.0,1.0,4.0,1.0,1.0,1.0,,1.5,1.118033988749895,2,1,1.5,0.5,1.5
1024,56,1854,Clock,golf club,1.0,1.0,1.0,1.0,1.0,,,1.0,0.0,1,1,1.0,0.0,1.0
1025,53,1822,Sailboat,golf hole,4.0,1.0,4.0,1.0,5.0,2.0,,2.8333333333333335,1.5723301886761007,3,5,4.0,1.0,3.416666666666667
1026,33,111,Plunger,golf tee,2.0,3.0,1.0,2.0,2.0,,,2.0,0.6324555320336759,2,2,2.0,0.0,2.0
1027,30,1634,Fish bones,grand piano,1.0,1.0,1.0,1.0,1.0,,,1.0,0.0,1,4,2.5,1.5,1.75
1028,58,200,Umbrella,grapnel anchor,4.0,2.0,1.0,3.0,,,,2.5,1.118033988749895,1,1,1.0,0.0,1.75
1029,5,10,Glasses,greek beta,2.0,2.0,2.0,3.0,3.0,,,2.4,0.4898979485566356,1,1,1.0,0.0,1.7
1030,25,80,Chair,greek gamma,1.0,1.0,1.0,1.0,1.0,,,1.0,0.0,1,1,1.0,0.0,1.0
1031,13,1896,Goblet,greek phi,1.0,1.0,3.0,1.0,1.0,,,1.4,0.8,1,1,1.0,0.0,1.2
1032,43,147,Mouse,greek phi,1.0,1.0,1.0,1.0,1.0,,,1.0,0.0,1,1,1.0,0.0,1.0
1033,42,959,Window - Grid,grid,4.0,5.0,5.0,4.0,3.0,3.0,,4.0,0.816496580927726,5,5,5.0,0.0,4.5
1034,59,202,Pine tree,ground rod,1.0,2.0,1.0,1.0,3.0,,,1.6,0.8,1,1,1.0,0.0,1.3
1035,39,130,Clubs symbol - Ice cream,grounded infinity,2.0,1.0,1.0,2.0,1.0,,,1.4,0.4898979485566356,1,1,1.0,0.0,1.2
1036,16,279,Ice cream,guitar pick,3.0,1.0,2.0,1.0,2.0,2.0,,1.8333333333333333,0.6871842709362768,2,3,2.5,0.5,2.1666666666666665
1037,17,308,Ice cream,guitar pick,2.0,3.0,2.0,1.0,3.0,2.0,,2.1666666666666665,0.6871842709362768,2,3,2.5,0.5,2.333333333333333
1038,18,334,Ice cream,guitar pick,3.0,2.0,1.0,2.0,3.0,1.0,,2.0,0.816496580927726,1,3,2.0,1.0,2.0
1039,21,448,Crystal ball - Person Outline,guitar silhouette,1.0,1.0,1.0,1.0,2.0,1.0,,1.1666666666666667,0.37267799624996495,2,1,1.5,0.5,1.3333333333333335
1040,24,513,Chair,gun barrel,1.0,1.0,1.0,1.0,1.0,1.0,,1.0,0.0,1,1,1.0,0.0,1.0
1041,59,1359,Pine tree,gymnastics apparatus,1.0,1.0,3.0,1.0,1.0,1.0,,1.3333333333333333,0.74535599249993,3,3,3.0,0.0,2.1666666666666665
1042,7,19,Pine Tree,h,1.0,1.0,1.0,1.0,1.0,,,1.0,0.0,1,1,1.0,0.0,1.0
1043,42,141,Window - Grid,h-beam,1.0,2.0,1.0,1.0,3.0,,,1.6,0.8,1,1,1.0,0.0,1.3
1044,14,246,Computer Mouse,half circle,2.0,1.0,1.0,1.0,1.0,1.0,2.0,1.2857142857142858,0.45175395145262565,1,1,1.0,0.0,1.1428571428571428
1045,56,1865,Clock,half k,1.0,1.0,2.0,1.0,3.0,,,1.6,0.8,1,1,1.0,0.0,1.3
1046,12,1457,Goblet,hammer,1.0,1.0,1.0,1.0,1.0,,,1.0,0.0,1,1,1.0,0.0,1.0
1047,13,215,Goblet,hammer,1.0,1.0,1.0,1.0,1.0,1.0,,1.0,0.0,1,1,1.0,0.0,1.0
1048,24,514,Chair,hammer,1.0,1.0,3.0,1.0,1.0,1.0,,1.3333333333333333,0.74535599249993,1,2,1.5,0.5,1.4166666666666665
1049,25,543,Chair,hammer,1.0,1.0,1.0,1.0,1.0,1.0,,1.0,0.0,1,2,1.5,0.5,1.25
1050,33,1657,Plunger,hammer,1.0,1.0,1.0,2.0,2.0,1.0,,1.3333333333333333,0.4714045207910317,1,1,1.0,0.0,1.1666666666666665
1051,48,1135,Letter T,hammer,1.0,1.0,3.0,1.0,2.0,1.0,,1.5,0.7637626158259734,2,2,2.0,0.0,1.75
1052,53,1820,Sailboat,hammer,1.0,1.0,5.0,1.0,1.0,1.0,,1.6666666666666667,1.4907119849998596,1,1,1.0,0.0,1.3333333333333335
1053,25,1579,Chair,hammer head,1.0,1.0,1.0,1.0,1.0,,,1.0,0.0,1,1,1.0,0.0,1.0
1054,32,710,Goblet,hammerhead shark,1.0,1.0,1.0,1.0,1.0,1.0,,1.0,0.0,1,1,1.0,0.0,1.0
1055,29,1626,Shovel,hand,1.0,1.0,1.0,1.0,,,,1.0,0.0,1,1,1.0,0.0,1.0
1056,23,1564,Lollipop,hand mirror,2.0,3.0,5.0,3.0,5.0,,,3.6,1.2000000000000002,5,5,5.0,0.0,4.3
1057,3,1390,Glasses,handcuffs,1.0,2.0,1.0,1.0,3.0,,,1.6,0.8,1,2,1.5,0.5,1.55
1058,5,73,Glasses,handcuffs,4.0,1.0,1.0,2.0,1.0,2.0,,1.8333333333333333,1.0671873729054748,1,2,1.5,0.5,1.6666666666666665
1059,6,96,Glasses,handcuffs,2.0,4.0,2.0,2.0,3.0,2.0,,2.5,0.7637626158259734,1,2,1.5,0.5,2.0
1060,28,612,Glasses,handcuffs,2.0,1.0,2.0,2.0,2.0,4.0,,2.1666666666666665,0.8975274678557507,1,3,2.0,1.0,2.083333333333333
1061,46,1075,Lightbulb - Ice Cream,handcuffs,1.0,1.0,1.0,1.0,1.0,1.0,,1.0,0.0,1,1,1.0,0.0,1.0
1062,48,1777,Letter T,handgun,2.0,1.0,1.0,1.0,1.0,,,1.2,0.4000000000000001,1,1,1.0,0.0,1.1
1063,27,592,Door,handle,2.0,3.0,1.0,3.0,2.0,,,2.2,0.7483314773547882,5,1,3.0,2.0,2.6
1064,46,1764,Lightbulb - Ice Cream,handlebars,1.0,2.0,2.0,1.0,1.0,,,1.4,0.4898979485566356,1,2,1.5,0.5,1.45
1065,5,11,Glasses,handshake,2.0,1.0,1.0,2.0,1.0,,,1.4,0.4898979485566356,1,1,1.0,0.0,1.2
1066,19,367,Computer Mouse,hanger,1.0,2.0,1.0,1.0,3.0,,,1.6,0.8,1,1,1.0,0.0,1.3
1067,20,398,Crystal ball - Person Outline,hanger,1.0,3.0,1.0,1.0,1.0,1.0,,1.3333333333333333,0.74535599249993,1,3,2.0,1.0,1.6666666666666665
1068,29,633,Shovel,hanger,1.0,2.0,1.0,2.0,1.0,,,1.4,0.4898979485566356,1,2,1.5,0.5,1.45
1069,44,1017,Computer Mouse,hanger,2.0,1.0,1.0,2.0,2.0,1.0,,1.5,0.5,4,1,2.5,1.5,2.0
1070,58,201,Umbrella,hanger,3.0,2.0,2.0,3.0,2.0,,,2.4,0.4898979485566356,2,1,1.5,0.5,1.95
1071,33,734,Plunger,hanging lamp,3.0,5.0,4.0,5.0,3.0,5.0,,4.166666666666667,0.8975274678557507,5,5,5.0,0.0,4.583333333333334
1072,53,1821,Sailboat,hanging lamp,1.0,2.0,2.0,2.0,2.0,,,1.8,0.4000000000000001,2,4,3.0,1.0,2.4
1073,17,1506,Ice cream,hanging lantern,1.0,2.0,1.0,1.0,1.0,,,1.2,0.4000000000000001,2,4,3.0,1.0,2.1
1074,32,108,Goblet,hanging lantern,1.0,1.0,1.0,1.0,1.0,,,1.0,0.0,3,2,2.5,0.5,1.75
1075,58,1342,Umbrella,hanging scale,2.0,1.0,2.0,2.0,1.0,2.0,,1.6666666666666667,0.4714045207910317,1,2,1.5,0.5,1.5833333333333335
1076,45,1051,Clock,hanging target,1.0,1.0,1.0,3.0,1.0,1.0,,1.3333333333333333,0.7453559924999299,1,3,2.0,1.0,1.6666666666666665
1077,45,1758,Clock,hanging target,1.0,2.0,1.0,1.0,1.0,,,1.2,0.4000000000000001,1,2,1.5,0.5,1.35
1078,29,1628,Shovel,hard drive,1.0,1.0,1.0,1.0,2.0,,,1.2,0.4,1,1,1.0,0.0,1.1
1079,11,174,Comb - Pitchfork,harmer,1.0,1.0,1.0,1.0,2.0,1.0,,1.1666666666666667,0.37267799624996495,1,1,1.0,0.0,1.0833333333333335
1080,18,335,Ice cream,harp,1.0,1.0,1.0,1.0,1.0,1.0,1.0,1.0,0.0,1,1,1.0,0.0,1.0
1081,36,121,Broom,harpoon,1.0,2.0,1.0,2.0,1.0,,,1.4,0.4898979485566356,3,3,3.0,0.0,2.2
1082,2,9,Ladder,hash,1.0,1.0,1.0,1.0,1.0,1.0,,1.0,0.0,1,1,1.0,0.0,1.0
1083,42,960,Window - Grid,hash sign,1.0,1.0,1.0,1.0,1.0,1.0,,1.0,0.0,1,2,1.5,0.5,1.25
1084,42,1733,Window - Grid,hash symbol,1.0,1.0,1.0,1.0,1.0,,,1.0,0.0,1,2,1.5,0.5,1.25
1085,42,961,Window - Grid,hashtag,1.0,1.0,1.0,1.0,1.0,1.0,,1.0,0.0,1,2,1.5,0.5,1.25
1086,57,1321,Hourglass,hashtag,1.0,1.0,1.0,1.0,1.0,1.0,,1.0,0.0,1,1,1.0,0.0,1.0
1087,59,1360,Pine tree,hat,1.0,4.0,1.0,2.0,2.0,2.0,,2.0,1.0,1,1,1.0,0.0,1.5
1088,44,1018,Computer Mouse,head,1.0,1.0,2.0,1.0,1.0,1.0,,1.1666666666666667,0.3726779962499649,2,1,1.5,0.5,1.3333333333333335
1089,21,428,Crystal ball - Person Outline,head and shoulders,4.0,4.0,5.0,5.0,3.0,3.0,,4.0,0.816496580927726,4,4,4.0,0.0,4.0
1090,23,488,Lollipop,head and shoulders,3.0,1.0,1.0,1.0,1.0,1.0,,1.3333333333333333,0.74535599249993,1,1,1.0,0.0,1.1666666666666665
1091,23,1567,Lollipop,head on shoulders,1.0,1.0,1.0,1.0,1.0,,,1.0,0.0,1,1,1.0,0.0,1.0
1092,6,1416,Glasses,headphones,3.0,2.0,2.0,2.0,2.0,1.0,,2.0,0.5773502691896257,2,4,3.0,1.0,2.5
1093,14,247,Computer Mouse,headphones,5.0,4.0,5.0,4.0,5.0,5.0,,4.666666666666667,0.4714045207910317,5,5,5.0,0.0,4.833333333333334
1094,21,438,Crystal ball - Person Outline,headphones,1.0,1.0,1.0,1.0,1.0,1.0,,1.0,0.0,1,1,1.0,0.0,1.0
1095,28,1615,Glasses,headphones,4.0,3.0,1.0,5.0,2.0,,,3.0,1.4142135623730951,2,4,3.0,1.0,3.0
1096,51,1200,Television,headstanding man,1.0,2.0,2.0,1.0,1.0,1.0,,1.3333333333333333,0.4714045207910317,1,1,1.0,0.0,1.1666666666666665
1097,3,1389,Glasses,heart,1.0,1.0,1.0,1.0,1.0,1.0,,1.0,0.0,1,2,1.5,0.5,1.25
1098,4,54,Glasses,heart,1.0,1.0,1.0,1.0,1.0,1.0,,1.0,0.0,1,1,1.0,0.0,1.0
1099,9,136,Butterfly,heart,1.0,1.0,1.0,1.0,1.0,1.0,,1.0,0.0,1,1,1.0,0.0,1.0
1100,16,280,Ice cream,heart,1.0,1.0,2.0,1.0,1.0,1.0,,1.1666666666666667,0.3726779962499649,1,1,1.0,0.0,1.0833333333333335
1101,17,310,Ice cream,heart,1.0,1.0,1.0,1.0,1.0,1.0,1.0,1.0,0.0,1,1,1.0,0.0,1.0
1102,18,336,Ice cream,heart,1.0,1.0,1.0,1.0,1.0,1.0,,1.0,0.0,1,1,1.0,0.0,1.0
1103,22,462,Fish,heart,1.0,1.0,1.0,1.0,1.0,1.0,,1.0,0.0,1,1,1.0,0.0,1.0
1104,34,764,Bow tie - Owl,heart,1.0,1.0,2.0,1.0,1.0,1.0,,1.1666666666666667,0.3726779962499649,1,1,1.0,0.0,1.0833333333333335
1105,35,790,Bow tie - Owl,heart,1.0,1.0,1.0,1.0,2.0,1.0,,1.1666666666666667,0.37267799624996495,1,2,1.5,0.5,1.3333333333333335
1106,41,935,Mug,heart,1.0,1.0,1.0,1.0,1.0,1.0,,1.0,0.0,1,1,1.0,0.0,1.0
1107,44,1019,Computer Mouse,heart,1.0,1.0,1.0,1.0,1.0,1.0,,1.0,0.0,1,1,1.0,0.0,1.0
1108,46,1076,Lightbulb - Ice Cream,heart,1.0,1.0,1.0,1.0,1.0,1.0,,1.0,0.0,1,1,1.0,0.0,1.0
1109,46,1077,Lightbulb - Ice Cream,heart,1.0,1.0,1.0,1.0,1.0,1.0,,1.0,0.0,1,2,1.5,0.5,1.25
1110,49,1165,Heart,heart,3.0,5.0,5.0,4.0,5.0,4.0,,4.333333333333333,0.7453559924999298,5,5,5.0,0.0,4.666666666666666
1111,49,1791,Heart,heart arrow,3.0,3.0,3.0,1.0,3.0,,,2.6,0.8,1,2,1.5,0.5,2.05
1112,57,1322,Hourglass,heavy lift,1.0,3.0,1.0,1.0,1.0,1.0,,1.3333333333333333,0.74535599249993,5,3,4.0,1.0,2.6666666666666665
1113,30,666,Fish bones,helicopter,1.0,1.0,1.0,2.0,1.0,1.0,,1.1666666666666667,0.3726779962499649,1,1,1.0,0.0,1.0833333333333335
1114,15,1484,House,hexagon,1.0,1.0,1.0,1.0,,,,1.0,0.0,1,3,2.0,1.0,1.5
1115,20,399,Crystal ball - Person Outline,hill,1.0,1.0,1.0,1.0,1.0,1.0,,1.0,0.0,1,1,1.0,0.0,1.0
1116,30,667,Fish bones,hinge,1.0,1.0,4.0,1.0,1.0,1.0,,1.5,1.118033988749895,2,1,1.5,0.5,1.5
1117,54,1830,Music Note,hockey stick,1.0,1.0,2.0,2.0,1.0,,,1.4,0.4898979485566356,1,2,1.5,0.5,1.45
1118,15,264,House,honeycomb,4.0,1.0,1.0,5.0,1.0,1.0,,2.1666666666666665,1.674979270186815,1,2,1.5,0.5,1.8333333333333333
1119,3,35,Glasses,hook,1.0,1.0,1.0,1.0,1.0,1.0,,1.0,0.0,1,1,1.0,0.0,1.0
1120,40,134,Mug,hook gate,1.0,2.0,1.0,1.0,1.0,,,1.2,0.4000000000000001,1,2,1.5,0.5,1.35
1121,22,463,Fish,horn,4.0,2.0,2.0,4.0,5.0,5.0,,3.6666666666666665,1.247219128924647,2,3,2.5,0.5,3.083333333333333
1122,10,150,Comb - Pitchfork,horse barn,1.0,1.0,1.0,2.0,1.0,1.0,,1.1666666666666667,0.3726779962499649,1,1,1.0,0.0,1.0833333333333335
1123,6,14,Glasses,horse blinders,2.0,2.0,1.0,2.0,1.0,,,1.6,0.4898979485566356,1,4,2.5,1.5,2.05
1124,14,248,Computer Mouse,horseshoe,3.0,1.0,1.0,1.0,1.0,1.0,,1.3333333333333333,0.74535599249993,2,2,2.0,0.0,1.6666666666666665
1125,33,1658,Plunger,horseshoe magnet,1.0,1.0,3.0,4.0,1.0,,,2.0,1.2649110640673518,1,2,1.5,0.5,1.75
1126,29,634,Shovel,hospital sign,1.0,1.0,1.0,1.0,1.0,1.0,,1.0,0.0,1,1,1.0,0.0,1.0
1127,43,983,Mouse,hospital sign,1.0,1.0,1.0,1.0,1.0,1.0,,1.0,0.0,1,1,1.0,0.0,1.0
1128,12,35,Goblet,hot air balloon,1.0,1.0,1.0,1.0,1.0,,,1.0,0.0,1,2,1.5,0.5,1.25
1129,17,311,Ice cream,hot air balloon,2.0,3.0,2.0,2.0,4.0,,,2.6,0.8,2,3,2.5,0.5,2.55
1130,20,400,Crystal ball - Person Outline,hot air balloon,1.0,1.0,2.0,1.0,2.0,2.0,,1.5,0.5,1,2,1.5,0.5,1.5
1131,21,441,Crystal ball - Person Outline,hot air balloon,1.0,1.0,4.0,3.0,2.0,1.0,,2.0,1.1547005383792515,1,3,2.0,1.0,2.0
1132,19,1528,Computer Mouse,hot coffee,1.0,1.0,1.0,1.0,,,,1.0,0.0,1,1,1.0,0.0,1.0
1133,44,1020,Computer Mouse,hot soup,1.0,3.0,1.0,1.0,4.0,1.0,3.0,2.0,1.1952286093343936,2,1,1.5,0.5,1.75
1134,39,128,Clubs symbol - Ice cream,hot-air balloon,1.0,1.0,1.0,1.0,2.0,,,1.2,0.4,1,1,1.0,0.0,1.1
1135,4,7,Glasses,hourglass,1.0,1.0,1.0,1.0,1.0,,,1.0,0.0,1,1,1.0,0.0,1.0
1136,6,97,Glasses,hourglass,4.0,1.0,1.0,1.0,1.0,1.0,,1.5,1.118033988749895,1,1,1.0,0.0,1.25
1137,7,108,Pine Tree,hourglass,1.0,1.0,1.0,1.0,1.0,1.0,,1.0,0.0,1,1,1.0,0.0,1.0
1138,8,130,Butterfly,hourglass,3.0,2.0,1.0,1.0,1.0,1.0,,1.5,0.7637626158259734,1,1,1.0,0.0,1.25
1139,15,44,House,hourglass,1.0,1.0,1.0,1.0,1.0,,,1.0,0.0,1,1,1.0,0.0,1.0
1140,16,281,Ice cream,hourglass,1.0,1.0,2.0,1.0,1.0,1.0,1.0,1.1428571428571428,0.3499271061118826,1,1,1.0,0.0,1.0714285714285714
1141,22,70,Fish,hourglass,1.0,1.0,1.0,1.0,1.0,,,1.0,0.0,1,1,1.0,0.0,1.0
1142,31,103,Balloon,hourglass,2.0,1.0,1.0,1.0,1.0,,,1.2,0.4000000000000001,1,1,1.0,0.0,1.1
1143,34,765,Bow tie - Owl,hourglass,1.0,1.0,1.0,1.0,1.0,1.0,,1.0,0.0,1,1,1.0,0.0,1.0
1144,46,1078,Lightbulb - Ice Cream,hourglass,1.0,1.0,1.0,3.0,1.0,2.0,,1.5,0.7637626158259734,1,1,1.0,0.0,1.25
1145,50,1183,Stick Figure,hourglass,1.0,1.0,1.0,1.0,1.0,1.0,,1.0,0.0,1,1,1.0,0.0,1.0
1146,57,1323,Hourglass,hourglass,5.0,4.0,5.0,4.0,1.0,4.0,,3.8333333333333335,1.3437096247164249,5,5,5.0,0.0,4.416666666666667
1147,34,113,Bow tie - Owl,hourglass infinity,2.0,1.0,1.0,2.0,2.0,,,1.6,0.4898979485566356,1,1,1.0,0.0,1.3
1148,9,28,Butterfly,hourglass seal,2.0,2.0,1.0,1.0,1.0,,,1.4,0.4898979485566356,1,1,1.0,0.0,1.2
1149,6,98,Glasses,house,1.0,1.0,1.0,1.0,1.0,1.0,,1.0,0.0,1,1,1.0,0.0,1.0
1150,15,265,House,house,3.0,5.0,4.0,3.0,3.0,4.0,,3.6666666666666665,0.7453559924999298,5,4,4.5,0.5,4.083333333333333
1151,16,282,Ice cream,house,1.0,1.0,2.0,1.0,1.0,1.0,,1.1666666666666667,0.3726779962499649,1,1,1.0,0.0,1.0833333333333335
1152,21,429,Crystal ball - Person Outline,house,1.0,1.0,1.0,1.0,1.0,1.0,,1.0,0.0,1,1,1.0,0.0,1.0
1153,51,1201,Television,house,2.0,1.0,1.0,1.0,1.0,,,1.2,0.4000000000000001,1,1,1.0,0.0,1.1
1154,59,1361,Pine tree,house,1.0,1.0,1.0,1.0,2.0,2.0,,1.3333333333333333,0.4714045207910317,1,1,1.0,0.0,1.1666666666666665
1155,60,1374,House,house,4.0,4.0,4.0,2.0,4.0,3.0,,3.5,0.7637626158259734,5,5,5.0,0.0,4.25
1156,17,312,Ice cream,house roof,1.0,1.0,1.0,1.0,1.0,1.0,,1.0,0.0,1,1,1.0,0.0,1.0
1157,60,208,House,house roof,4.0,2.0,5.0,3.0,4.0,3.0,,3.5,0.9574271077563381,3,5,4.0,1.0,3.75
1158,46,1079,Lightbulb - Ice Cream,human face,1.0,1.0,1.0,1.0,3.0,1.0,,1.3333333333333333,0.7453559924999299,1,2,1.5,0.5,1.4166666666666665
1159,8,1430,Butterfly,human figure,1.0,1.0,1.0,1.0,,,,1.0,0.0,1,1,1.0,0.0,1.0
1160,50,1184,Stick Figure,human sketch,5.0,4.0,5.0,5.0,5.0,5.0,4.0,4.714285714285714,0.4517539514526256,5,5,5.0,0.0,4.857142857142858
1161,4,55,Glasses,hummer,1.0,1.0,1.0,1.0,1.0,1.0,,1.0,0.0,1,1,1.0,0.0,1.0
1162,15,266,House,hut,3.0,3.0,3.0,3.0,5.0,3.0,,3.3333333333333335,0.7453559924999299,5,4,4.5,0.5,3.916666666666667
1163,60,1375,House,hut,5.0,3.0,5.0,3.0,4.0,2.0,,3.6666666666666665,1.1055415967851334,5,4,4.5,0.5,4.083333333333333
1164,28,613,Glasses,hydrogen peroxide,1.0,1.0,1.0,1.0,1.0,1.0,,1.0,0.0,1,1,1.0,0.0,1.0
1165,16,283,Ice cream,ice cream,5.0,5.0,5.0,4.0,5.0,,,4.8,0.39999999999999997,5,5,5.0,0.0,4.9
1166,17,313,Ice cream,ice cream,5.0,5.0,5.0,5.0,5.0,4.0,,4.833333333333333,0.37267799624996495,5,5,5.0,0.0,4.916666666666666
1167,18,337,Ice cream,ice cream,5.0,3.0,5.0,5.0,1.0,5.0,,4.0,1.5275252316519468,5,3,4.0,1.0,4.0
1168,20,403,Crystal ball - Person Outline,ice cream,1.0,1.0,3.0,1.0,1.0,1.0,,1.3333333333333333,0.74535599249993,1,2,1.5,0.5,1.4166666666666665
1169,20,1534,Crystal ball - Person Outline,ice cream,1.0,2.0,1.0,2.0,1.0,,,1.4,0.4898979485566356,2,2,2.0,0.0,1.7
1170,21,1554,Crystal ball - Person Outline,ice cream,1.0,1.0,1.0,1.0,1.0,,,1.0,0.0,2,2,2.0,0.0,1.5
1171,22,1555,Fish,ice cream,1.0,1.0,1.0,1.0,1.0,,,1.0,0.0,1,1,1.0,0.0,1.0
1172,31,105,Balloon,ice cream,1.0,1.0,1.0,1.0,1.0,,,1.0,0.0,1,1,1.0,0.0,1.0
1173,34,766,Bow tie - Owl,ice cream,1.0,1.0,1.0,1.0,1.0,1.0,,1.0,0.0,1,1,1.0,0.0,1.0
1174,38,861,Clubs symbol - Ice cream,ice cream,2.0,3.0,3.0,3.0,5.0,2.0,,3.0,1.0,5,5,5.0,0.0,4.0
1175,39,883,Clubs symbol - Ice cream,ice cream,5.0,5.0,5.0,4.0,4.0,2.0,,4.166666666666667,1.0671873729054748,5,5,5.0,0.0,4.583333333333334
1176,46,1080,Lightbulb - Ice Cream,ice cream,3.0,2.0,2.0,3.0,3.0,1.0,,2.3333333333333335,0.7453559924999298,5,4,4.5,0.5,3.416666666666667
1177,49,1166,Heart,ice cream,2.0,2.0,3.0,1.0,2.0,2.0,,2.0,0.5773502691896257,3,3,3.0,0.0,2.5
1178,38,862,Clubs symbol - Ice cream,ice cream cone,2.0,4.0,4.0,4.0,1.0,5.0,,3.3333333333333335,1.3743685418725535,5,5,5.0,0.0,4.166666666666667
1179,39,1714,Clubs symbol - Ice cream,ice cream cone with three scoops,5.0,5.0,5.0,5.0,,,,5.0,0.0,5,5,5.0,0.0,5.0
1180,39,1713,Clubs symbol - Ice cream,ice cream scoops in a cone,3.0,5.0,4.0,5.0,5.0,5.0,,4.5,0.7637626158259734,5,5,5.0,0.0,4.75
1181,38,1702,Clubs symbol - Ice cream,ice cream scoops on a cone,4.0,5.0,5.0,4.0,5.0,,,4.6,0.48989794855663565,5,5,5.0,0.0,4.8
1182,16,1497,Ice cream,ice-cream cone,5.0,4.0,5.0,5.0,5.0,,,4.8,0.39999999999999997,5,5,5.0,0.0,4.9
1183,49,1795,Heart,ice-cream cone,2.0,1.0,1.0,2.0,1.0,,,1.4,0.4898979485566356,2,3,2.5,0.5,1.95
1184,17,314,Ice cream,icecream cone,5.0,5.0,2.0,5.0,5.0,5.0,,4.5,1.118033988749895,5,5,5.0,0.0,4.75
1185,18,338,Ice cream,icecream cone,4.0,4.0,5.0,4.0,5.0,5.0,,4.5,0.5,5,5,5.0,0.0,4.75
1186,6,16,Glasses,infinity antenna,4.0,4.0,3.0,1.0,3.0,,,3.0,1.0954451150103321,1,2,1.5,0.5,2.25
1187,39,131,Clubs symbol - Ice cream,infinity frame,1.0,1.0,2.0,2.0,2.0,1.0,,1.5,0.5,1,1,1.0,0.0,1.25
1188,6,99,Glasses,infinity sign,2.0,2.0,4.0,1.0,1.0,1.0,,1.8333333333333333,1.0671873729054748,1,1,1.0,0.0,1.4166666666666665
1189,4,1400,Glasses,infinity symbol,1.0,1.0,2.0,1.0,1.0,,,1.2,0.4,1,1,1.0,0.0,1.1
1190,34,768,Bow tie - Owl,infinity symbol,2.0,1.0,3.0,2.0,3.0,3.0,,2.3333333333333335,0.7453559924999298,1,1,1.0,0.0,1.6666666666666667
1191,39,885,Clubs symbol - Ice cream,infinity symbol,1.0,2.0,2.0,2.0,2.0,1.0,,1.6666666666666667,0.4714045207910317,1,1,1.0,0.0,1.3333333333333335
1192,44,1021,Computer Mouse,infinity symbol,1.0,1.0,1.0,1.0,1.0,1.0,,1.0,0.0,1,1,1.0,0.0,1.0
1193,37,1689,Clubs symbol,info icon,1.0,1.0,1.0,1.0,,,,1.0,0.0,1,1,1.0,0.0,1.0
1194,37,844,Clubs symbol,information icon,1.0,1.0,1.0,1.0,1.0,1.0,,1.0,0.0,1,1,1.0,0.0,1.0
1195,44,1022,Computer Mouse,ink pencil,1.0,1.0,1.0,1.0,1.0,1.0,,1.0,0.0,1,1,1.0,0.0,1.0
1196,6,100,Glasses,insect head,1.0,2.0,2.0,2.0,1.0,1.0,,1.5,0.5,2,4,3.0,1.0,2.25
1197,28,614,Glasses,insect head,1.0,1.0,1.0,1.0,2.0,1.0,,1.1666666666666667,0.37267799624996495,2,3,2.5,0.5,1.8333333333333335
1198,11,175,Comb - Pitchfork,interval graph,1.0,1.0,1.0,1.0,2.0,1.0,,1.1666666666666667,0.37267799624996495,1,1,1.0,0.0,1.0833333333333335
1199,48,1137,Letter T,inverted T,1.0,1.0,3.0,1.0,1.0,1.0,,1.3333333333333333,0.74535599249993,1,1,1.0,0.0,1.1666666666666665
1200,52,1816,Letter F,inverted T,1.0,2.0,1.0,1.0,1.0,,,1.2,0.4000000000000001,1,1,1.0,0.0,1.1
1201,24,516,Chair,inverted chair,3.0,2.0,1.0,1.0,1.0,3.0,,1.8333333333333333,0.8975274678557507,2,1,1.5,0.5,1.6666666666666665
1202,9,1438,Butterfly,inverted comb,1.0,1.0,1.0,1.0,1.0,,,1.0,0.0,1,1,1.0,0.0,1.0
1203,10,1895,Comb - Pitchfork,inverted comb,2.0,2.0,2.0,1.0,1.0,,,1.6,0.4898979485566356,1,1,1.0,0.0,1.3
1204,50,1798,Stick Figure,inverted trident,1.0,1.0,1.0,1.0,,,,1.0,0.0,1,1,1.0,0.0,1.0
1205,46,160,Lightbulb - Ice Cream,ionic capital,2.0,1.0,2.0,2.0,1.0,,,1.6,0.4898979485566356,1,2,1.5,0.5,1.55
1206,46,162,Lightbulb - Ice Cream,ionic column,1.0,2.0,1.0,3.0,1.0,,,1.6,0.8,1,2,1.5,0.5,1.55
1207,1,1,Ladder,iron bars,3.0,3.0,5.0,3.0,2.0,4.0,,3.3333333333333335,0.9428090415820634,3,2,2.5,0.5,2.916666666666667
1208,26,82,Flag,javelin,1.0,1.0,2.0,1.0,1.0,,,1.2,0.4,1,1,1.0,0.0,1.1
1209,19,368,Computer Mouse,jellyfish,2.0,1.0,1.0,1.0,1.0,1.0,,1.1666666666666667,0.3726779962499649,1,1,1.0,0.0,1.0833333333333335
1210,24,1571,Chair,jib crane,1.0,3.0,1.0,1.0,1.0,,,1.4,0.8000000000000002,2,3,2.5,0.5,1.95
1211,5,74,Glasses,joined letters,5.0,5.0,5.0,1.0,5.0,2.0,,3.8333333333333335,1.674979270186815,1,1,1.0,0.0,2.416666666666667
1212,10,151,Comb - Pitchfork,kanji,1.0,1.0,1.0,3.0,1.0,3.0,,1.6666666666666667,0.9428090415820634,2,1,1.5,0.5,1.5833333333333335
1213,3,36,Glasses,key,2.0,1.0,1.0,1.0,1.0,1.0,,1.1666666666666667,0.3726779962499649,1,1,1.0,0.0,1.0833333333333335
1214,5,75,Glasses,key,1.0,1.0,1.0,1.0,1.0,1.0,,1.0,0.0,1,1,1.0,0.0,1.0
1215,10,152,Comb - Pitchfork,key,1.0,2.0,2.0,1.0,1.0,1.0,,1.3333333333333333,0.4714045207910317,2,3,2.5,0.5,1.9166666666666665
1216,18,1511,Ice cream,key,2.0,1.0,3.0,1.0,1.0,,,1.6,0.8,1,1,1.0,0.0,1.3
1217,19,369,Computer Mouse,key,1.0,1.0,1.0,1.0,1.0,,,1.0,0.0,1,1,1.0,0.0,1.0
1218,20,1533,Crystal ball - Person Outline,key,1.0,1.0,3.0,1.0,1.0,,,1.4,0.8,1,1,1.0,0.0,1.2
1219,21,65,Crystal ball - Person Outline,key,1.0,2.0,1.0,1.0,2.0,,,1.4,0.4898979485566356,1,1,1.0,0.0,1.2
1220,25,544,Chair,key,1.0,2.0,1.0,1.0,1.0,2.0,2.0,1.4285714285714286,0.4948716593053935,2,1,1.5,0.5,1.4642857142857144
1221,29,91,Shovel,key,3.0,1.0,2.0,1.0,,,,1.75,0.82915619758885,1,2,1.5,0.5,1.625
1222,30,668,Fish bones,key,3.0,2.0,2.0,2.0,2.0,3.0,,2.3333333333333335,0.4714045207910317,2,1,1.5,0.5,1.9166666666666667
1223,33,735,Plunger,key,2.0,1.0,1.0,1.0,1.0,1.0,1.0,1.1428571428571428,0.34992710611188266,1,1,1.0,0.0,1.0714285714285714
1224,37,845,Clubs symbol,key,3.0,3.0,4.0,1.0,2.0,1.0,2.0,2.2857142857142856,1.0301575072754257,1,1,1.0,0.0,1.6428571428571428
1225,40,908,Mug,key,1.0,1.0,1.0,2.0,1.0,1.0,,1.1666666666666667,0.3726779962499649,1,1,1.0,0.0,1.0833333333333335
1226,41,936,Mug,key,2.0,1.0,1.0,1.0,1.0,1.0,,1.1666666666666667,0.3726779962499649,1,1,1.0,0.0,1.0833333333333335
1227,43,1908,Mouse,key,1.0,1.0,1.0,2.0,1.0,,,1.2,0.4,1,1,1.0,0.0,1.1
1228,45,1052,Clock,key,1.0,1.0,1.0,1.0,1.0,1.0,,1.0,0.0,1,1,1.0,0.0,1.0
1229,47,1112,Computer Mouse,key,1.0,1.0,1.0,1.0,1.0,1.0,,1.0,0.0,1,1,1.0,0.0,1.0
1230,51,1202,Television,key,1.0,1.0,1.0,1.0,1.0,1.0,,1.0,0.0,1,1,1.0,0.0,1.0
1231,54,1271,Music Note,key,4.0,3.0,3.0,2.0,3.0,1.0,,2.6666666666666665,0.9428090415820634,3,3,3.0,0.0,2.833333333333333
1232,54,1272,Music Note,key,2.0,3.0,2.0,2.0,3.0,4.0,,2.6666666666666665,0.7453559924999298,3,2,2.5,0.5,2.583333333333333
1233,58,199,Umbrella,key,1.0,2.0,1.0,1.0,1.0,2.0,,1.3333333333333333,0.4714045207910317,1,2,1.5,0.5,1.4166666666666665
1234,47,168,Computer Mouse,key lock,2.0,1.0,1.0,1.0,1.0,,,1.2,0.4000000000000001,1,1,1.0,0.0,1.1
1235,44,1023,Computer Mouse,keychain,1.0,2.0,1.0,1.0,1.0,2.0,,1.3333333333333333,0.4714045207910317,2,3,2.5,0.5,1.9166666666666665
1236,47,1113,Computer Mouse,keychain,4.0,2.0,1.0,1.0,1.0,1.0,,1.6666666666666667,1.1055415967851332,2,1,1.5,0.5,1.5833333333333335
1237,13,216,Goblet,keyhole,2.0,2.0,1.0,1.0,1.0,2.0,,1.5,0.5,1,3,2.0,1.0,1.75
1238,18,340,Ice cream,keyhole,1.0,1.0,3.0,2.0,2.0,1.0,1.0,1.5714285714285714,0.7284313590846835,2,2,2.0,0.0,1.7857142857142856
1239,20,404,Crystal ball - Person Outline,keyhole,2.0,4.0,1.0,1.0,2.0,2.0,,2.0,1.0,5,2,3.5,1.5,2.75
1240,21,439,Crystal ball - Person Outline,keyhole,5.0,1.0,2.0,3.0,2.0,3.0,,2.6666666666666665,1.247219128924647,3,2,2.5,0.5,2.583333333333333
1241,22,465,Fish,keyhole,4.0,5.0,2.0,2.0,1.0,4.0,,3.0,1.4142135623730951,4,3,3.5,0.5,3.25
1242,23,489,Lollipop,keyhole,1.0,1.0,2.0,2.0,1.0,1.0,,1.3333333333333333,0.4714045207910317,1,2,1.5,0.5,1.4166666666666665
1243,29,636,Shovel,keyhole,2.0,1.0,2.0,2.0,1.0,2.0,,1.6666666666666667,0.4714045207910317,2,1,1.5,0.5,1.5833333333333335
1244,30,1630,Fish bones,keyhole,2.0,1.0,1.0,1.0,1.0,,,1.2,0.4000000000000001,2,1,1.5,0.5,1.35
1245,32,711,Goblet,keyhole,1.0,1.0,1.0,1.0,1.0,1.0,,1.0,0.0,3,2,2.5,0.5,1.75
1246,33,736,Plunger,keyhole,1.0,1.0,2.0,2.0,1.0,2.0,,1.5,0.5,2,3,2.5,0.5,2.0
1247,40,909,Mug,keyhole,1.0,2.0,1.0,1.0,1.0,1.0,,1.1666666666666667,0.3726779962499649,1,1,1.0,0.0,1.0833333333333335
1248,41,138,Mug,keyhole,1.0,1.0,3.0,1.0,2.0,,,1.6,0.8,1,1,1.0,0.0,1.3
1249,43,984,Mouse,keyhole,1.0,1.0,1.0,2.0,1.0,1.0,,1.1666666666666667,0.3726779962499649,1,1,1.0,0.0,1.0833333333333335
1250,44,148,Computer Mouse,keyhole,1.0,1.0,1.0,1.0,2.0,,,1.2,0.4,1,1,1.0,0.0,1.1
1251,51,1203,Television,keyhole,1.0,3.0,2.0,1.0,1.0,1.0,,1.5,0.7637626158259734,1,1,1.0,0.0,1.25
1252,53,1248,Sailboat,keyhole,1.0,1.0,1.0,1.0,1.0,1.0,,1.0,0.0,1,1,1.0,0.0,1.0
1253,56,195,Clock,keyhole,2.0,1.0,1.0,1.0,1.0,,,1.2,0.4000000000000001,2,1,1.5,0.5,1.35
1254,11,32,Comb - Pitchfork,keyhole slot,2.0,2.0,1.0,1.0,1.0,,,1.4,0.4898979485566356,1,3,2.0,1.0,1.7
1255,15,267,House,kite,1.0,1.0,1.0,1.0,1.0,1.0,,1.0,0.0,2,1,1.5,0.5,1.25
1256,57,1324,Hourglass,kite,4.0,2.0,1.0,1.0,3.0,4.0,1.0,2.2857142857142856,1.2777531299998799,1,3,2.0,1.0,2.142857142857143
1257,56,1859,Clock,kite emblem,1.0,1.0,1.0,1.0,1.0,,,1.0,0.0,1,1,1.0,0.0,1.0
1258,48,1138,Letter T,knife,2.0,1.0,1.0,1.0,1.0,1.0,1.0,1.1428571428571428,0.34992710611188266,1,1,1.0,0.0,1.0714285714285714
1259,25,79,Chair,l bracket,1.0,1.0,1.0,1.0,,,,1.0,0.0,1,1,1.0,0.0,1.0
1260,1,2,Ladder,ladder,5.0,5.0,5.0,5.0,5.0,5.0,,5.0,0.0,5,5,5.0,0.0,5.0
1261,2,10,Ladder,ladder,5.0,4.0,4.0,5.0,4.0,5.0,,4.5,0.5,5,5,5.0,0.0,4.75
1262,27,593,Door,ladder,1.0,1.0,1.0,1.0,1.0,1.0,,1.0,0.0,1,1,1.0,0.0,1.0
1263,29,637,Shovel,ladder,1.0,2.0,1.0,1.0,1.0,1.0,,1.1666666666666667,0.3726779962499649,1,1,1.0,0.0,1.0833333333333335
1264,42,962,Window - Grid,ladder,1.0,1.0,1.0,1.0,1.0,1.0,,1.0,0.0,1,1,1.0,0.0,1.0
1265,1,1382,Ladder,ladder rungs,5.0,5.0,4.0,4.0,5.0,5.0,,4.666666666666667,0.4714045207910317,5,4,4.5,0.5,4.583333333333334
1266,2,1387,Ladder,ladder rungs,5.0,5.0,5.0,4.0,,,,4.75,0.4330127018922193,5,4,4.5,0.5,4.625
1267,1,2,Ladder,ladder section,5.0,5.0,5.0,5.0,5.0,,,5.0,0.0,5,5,5.0,0.0,5.0
1268,1,1381,Ladder,ladder stack,5.0,3.0,4.0,1.0,,,,3.25,1.479019945774904,5,3,4.0,1.0,3.625
1269,1,1383,Ladder,ladder structure,5.0,5.0,5.0,5.0,5.0,,,5.0,0.0,4,4,4.0,0.0,4.5
1270,44,1024,Computer Mouse,ladybug,1.0,1.0,1.0,1.0,1.0,1.0,,1.0,0.0,1,2,1.5,0.5,1.25
1271,12,195,Goblet,lamp,2.0,2.0,1.0,2.0,3.0,3.0,,2.1666666666666665,0.6871842709362768,3,4,3.5,0.5,2.833333333333333
1272,25,545,Chair,lamp,1.0,1.0,1.0,1.0,1.0,1.0,1.0,1.0,0.0,1,1,1.0,0.0,1.0
1273,29,638,Shovel,lamp,1.0,1.0,1.0,3.0,2.0,1.0,,1.5,0.7637626158259734,5,1,3.0,2.0,2.25
1274,32,712,Goblet,lamp,1.0,1.0,2.0,1.0,2.0,3.0,,1.6666666666666667,0.7453559924999299,5,4,4.5,0.5,3.0833333333333335
1275,33,737,Plunger,lamp,2.0,1.0,1.0,2.0,3.0,2.0,,1.8333333333333333,0.6871842709362768,5,3,4.0,1.0,2.9166666666666665
1276,46,1081,Lightbulb - Ice Cream,lamp,4.0,2.0,2.0,1.0,3.0,2.0,,2.3333333333333335,0.9428090415820634,5,3,4.0,1.0,3.166666666666667
1277,47,1115,Computer Mouse,lamp,1.0,1.0,1.0,1.0,3.0,1.0,,1.3333333333333333,0.7453559924999299,1,1,1.0,0.0,1.1666666666666665
1278,48,1139,Letter T,lamp,1.0,1.0,1.0,1.0,1.0,1.0,,1.0,0.0,1,2,1.5,0.5,1.25
1279,24,517,Chair,lamp post,1.0,1.0,1.0,1.0,2.0,1.0,,1.1666666666666667,0.37267799624996495,1,1,1.0,0.0,1.0833333333333335
1280,50,180,Stick Figure,lamp post,1.0,1.0,1.0,1.0,1.0,,,1.0,0.0,1,1,1.0,0.0,1.0
1281,17,315,Ice cream,lantern,1.0,1.0,1.0,1.0,1.0,2.0,,1.1666666666666667,0.3726779962499649,2,3,2.5,0.5,1.8333333333333335
1282,45,1053,Clock,lefty,1.0,1.0,1.0,1.0,1.0,1.0,,1.0,0.0,1,1,1.0,0.0,1.0
1283,26,1592,Flag,less-than sign,1.0,1.0,1.0,5.0,1.0,,,1.8,1.6,1,1,1.0,0.0,1.4
1284,10,153,Comb - Pitchfork,letter A,1.0,1.0,1.0,1.0,1.0,1.0,,1.0,0.0,1,1,1.0,0.0,1.0
1285,40,910,Mug,letter B,2.0,1.0,1.0,1.0,1.0,1.0,,1.1666666666666667,0.3726779962499649,1,1,1.0,0.0,1.0833333333333335
1286,25,546,Chair,letter C,1.0,1.0,1.0,1.0,1.0,,,1.0,0.0,1,1,1.0,0.0,1.0
1287,5,76,Glasses,letter D,2.0,1.0,1.0,2.0,4.0,2.0,,2.0,1.0,1,1,1.0,0.0,1.5
1288,48,1140,Letter T,letter E,1.0,1.0,1.0,1.0,1.0,1.0,,1.0,0.0,1,1,1.0,0.0,1.0
1289,52,1224,Letter F,letter E,1.0,1.0,1.0,1.0,1.0,1.0,,1.0,0.0,1,1,1.0,0.0,1.0
1290,25,547,Chair,letter F,1.0,1.0,1.0,1.0,1.0,1.0,,1.0,0.0,1,1,1.0,0.0,1.0
1291,52,1225,Letter F,letter F,5.0,5.0,5.0,5.0,5.0,5.0,5.0,5.0,0.0,5,5,5.0,0.0,5.0
1292,58,1343,Umbrella,letter G,1.0,1.0,1.0,1.0,1.0,1.0,,1.0,0.0,1,1,1.0,0.0,1.0
1293,24,518,Chair,letter H,1.0,4.0,3.0,4.0,1.0,2.0,,2.5,1.2583057392117916,5,4,4.5,0.5,3.5
1294,25,548,Chair,letter J,4.0,1.0,1.0,2.0,1.0,2.0,,1.8333333333333333,1.0671873729054748,3,3,3.0,0.0,2.4166666666666665
1295,26,570,Flag,letter K,1.0,1.0,1.0,1.0,1.0,1.0,,1.0,0.0,1,1,1.0,0.0,1.0
1296,36,806,Broom,letter M,1.0,1.0,1.0,1.0,1.0,1.0,2.0,1.1428571428571428,0.3499271061118826,1,1,1.0,0.0,1.0714285714285714
1297,24,519,Chair,letter N,1.0,1.0,2.0,1.0,1.0,1.0,,1.1666666666666667,0.3726779962499649,2,1,1.5,0.5,1.3333333333333335
1298,26,571,Flag,letter P,4.0,3.0,3.0,3.0,2.0,4.0,,3.1666666666666665,0.6871842709362768,1,1,1.0,0.0,2.083333333333333
1299,40,911,Mug,letter R,1.0,1.0,1.0,1.0,1.0,2.0,,1.1666666666666667,0.3726779962499649,1,1,1.0,0.0,1.0833333333333335
1300,41,937,Mug,letter R,1.0,2.0,1.0,1.0,1.0,1.0,,1.1666666666666667,0.3726779962499649,1,1,1.0,0.0,1.0833333333333335
1301,13,217,Goblet,letter T,1.0,1.0,1.0,1.0,1.0,1.0,,1.0,0.0,1,1,1.0,0.0,1.0
1302,25,549,Chair,letter T,2.0,1.0,1.0,1.0,1.0,1.0,,1.1666666666666667,0.3726779962499649,1,1,1.0,0.0,1.0833333333333335
1303,48,1141,Letter T,letter T,5.0,5.0,5.0,5.0,5.0,5.0,,5.0,0.0,5,5,5.0,0.0,5.0
1304,52,1226,Letter F,letter T,1.0,1.0,1.0,1.0,1.0,1.0,,1.0,0.0,1,1,1.0,0.0,1.0
1305,55,1842,Yield Sign - Martini Glass,letter T,2.0,1.0,1.0,1.0,1.0,,,1.2,0.4000000000000001,1,1,1.0,0.0,1.1
1306,27,594,Door,letter W,1.0,1.0,1.0,1.0,1.0,1.0,,1.0,0.0,1,1,1.0,0.0,1.0
1307,48,1143,Letter T,letter Y,1.0,1.0,1.0,1.0,1.0,,,1.0,0.0,1,1,1.0,0.0,1.0
1308,57,1874,Hourglass,letter Z,1.0,2.0,3.0,1.0,,,,1.75,0.82915619758885,1,1,1.0,0.0,1.375
1309,22,71,Fish,letter a,1.0,1.0,1.0,1.0,1.0,,,1.0,0.0,1,1,1.0,0.0,1.0
1310,42,142,Window - Grid,letter glyph,1.0,1.0,1.0,1.0,1.0,,,1.0,0.0,1,1,1.0,0.0,1.0
1311,56,1853,Clock,letter k,1.0,1.0,1.0,1.0,1.0,,,1.0,0.0,1,1,1.0,0.0,1.0
1312,48,1142,Letter T,letter x,1.0,1.0,1.0,1.0,1.0,1.0,1.0,1.0,0.0,1,1,1.0,0.0,1.0
1313,30,669,Fish bones,letters id,2.0,4.0,4.0,4.0,1.0,2.0,,2.8333333333333335,1.2133516482134197,1,1,1.0,0.0,1.9166666666666667
1314,45,153,Clock,lexus logo,2.0,2.0,1.0,1.0,1.0,,,1.4,0.4898979485566356,1,3,2.0,1.0,1.7
1315,45,157,Clock,life buoy,3.0,2.0,1.0,2.0,1.0,1.0,,1.6666666666666667,0.74535599249993,1,1,1.0,0.0,1.3333333333333335
1316,19,57,Computer Mouse,light bulb,1.0,1.0,1.0,1.0,1.0,,,1.0,0.0,1,2,1.5,0.5,1.25
1317,21,1545,Crystal ball - Person Outline,light bulb,1.0,2.0,1.0,1.0,1.0,,,1.2,0.4000000000000001,2,4,3.0,1.0,2.1
1318,16,285,Ice cream,lightbulb,1.0,4.0,2.0,1.0,1.0,5.0,,2.3333333333333335,1.5986105077709065,2,1,1.5,0.5,1.9166666666666667
1319,20,405,Crystal ball - Person Outline,lightbulb,2.0,1.0,2.0,2.0,1.0,2.0,,1.6666666666666667,0.4714045207910317,2,2,2.0,0.0,1.8333333333333335
1320,46,1082,Lightbulb - Ice Cream,lightbulb,2.0,2.0,3.0,2.0,1.0,3.0,,2.1666666666666665,0.6871842709362768,5,4,4.5,0.5,3.333333333333333
1321,53,1249,Sailboat,lightening bolt,1.0,1.0,1.0,1.0,1.0,1.0,,1.0,0.0,1,1,1.0,0.0,1.0
1322,26,572,Flag,lightning bolt,1.0,1.0,1.0,1.0,1.0,1.0,,1.0,0.0,1,1,1.0,0.0,1.0
1323,52,1227,Letter F,line,1.0,2.0,2.0,1.0,3.0,,,1.8,0.7483314773547883,1,1,1.0,0.0,1.4
1324,48,1144,Letter T,line graph,2.0,4.0,1.0,2.0,1.0,1.0,,1.8333333333333333,1.0671873729054748,1,1,1.0,0.0,1.4166666666666665
1325,44,1025,Computer Mouse,lit match,2.0,1.0,2.0,2.0,1.0,1.0,,1.5,0.5,1,1,1.0,0.0,1.25
1326,45,1055,Clock,lobby button,1.0,3.0,5.0,1.0,2.0,2.0,,2.3333333333333335,1.3743685418725535,3,1,2.0,1.0,2.166666666666667
1327,36,807,Broom,location marker,2.0,1.0,4.0,1.0,2.0,3.0,,2.1666666666666665,1.0671873729054748,1,2,1.5,0.5,1.8333333333333333
1328,55,1841,Yield Sign - Martini Glass,location marker,2.0,3.0,1.0,4.0,,,,2.5,1.118033988749895,1,4,2.5,1.5,2.5
1329,16,1501,Ice cream,location pin,3.0,4.0,2.0,4.0,2.0,,,3.0,0.8944271909999159,4,4,4.0,0.0,3.5
1330,40,1723,Mug,lock standing sideways,4.0,4.0,4.0,1.0,5.0,,,3.6,1.3564659966250536,2,5,3.5,1.5,3.55
1331,45,1056,Clock,logo,2.0,1.0,1.0,1.0,1.0,4.0,,1.6666666666666667,1.1055415967851332,1,1,1.0,0.0,1.3333333333333335
1332,20,1535,Crystal ball - Person Outline,lollipop,1.0,1.0,1.0,1.0,2.0,,,1.2,0.4,1,2,1.5,0.5,1.35
1333,31,687,Balloon,lollipop,3.0,5.0,4.0,4.0,2.0,5.0,,3.8333333333333335,1.0671873729054748,2,3,2.5,0.5,3.166666666666667
1334,32,713,Goblet,lollipop,1.0,1.0,2.0,1.0,1.0,1.0,,1.1666666666666667,0.3726779962499649,1,2,1.5,0.5,1.3333333333333335
1335,33,738,Plunger,lollipop,3.0,1.0,2.0,4.0,2.0,1.0,1.0,2.0,1.0690449676496976,1,1,1.0,0.0,1.5
1336,43,985,Mouse,lollipop,1.0,1.0,1.0,1.0,1.0,1.0,,1.0,0.0,1,1,1.0,0.0,1.0
1337,44,1026,Computer Mouse,lollipop,1.0,1.0,1.0,1.0,1.0,1.0,1.0,1.0,0.0,1,1,1.0,0.0,1.0
1338,45,152,Clock,lollipop,1.0,1.0,1.0,2.0,,,,1.25,0.4330127018922193,1,1,1.0,0.0,1.125
1339,21,436,Crystal ball - Person Outline,lollipop stand,1.0,1.0,1.0,1.0,1.0,1.0,,1.0,0.0,1,2,1.5,0.5,1.25
1340,31,104,Balloon,lollipop stick,4.0,1.0,4.0,3.0,4.0,,,3.2,1.16619037896906,2,3,2.5,0.5,2.85
1341,8,1434,Butterfly,long diamond,1.0,1.0,1.0,1.0,2.0,,,1.2,0.4,1,1,1.0,0.0,1.1
1342,45,1057,Clock,lottery ball,1.0,1.0,1.0,1.0,1.0,1.0,,1.0,0.0,2,1,1.5,0.5,1.25
1343,49,1167,Heart,love,5.0,3.0,3.0,4.0,2.0,3.0,,3.3333333333333335,0.9428090415820634,5,5,5.0,0.0,4.166666666666667
1344,39,886,Clubs symbol - Ice cream,love knot,2.0,4.0,1.0,1.0,2.0,2.0,,2.0,1.0,1,1,1.0,0.0,1.5
1345,22,466,Fish,lowercase a,1.0,1.0,1.0,1.0,1.0,1.0,,1.0,0.0,1,1,1.0,0.0,1.0
1346,54,1837,Music Note,lowercase f,1.0,1.0,1.0,1.0,,,,1.0,0.0,1,1,1.0,0.0,1.0
1347,24,520,Chair,lowercase h,5.0,4.0,4.0,4.0,4.0,4.0,,4.166666666666667,0.372677996249965,5,5,5.0,0.0,4.583333333333334
1348,25,551,Chair,lowercase h,4.0,4.0,1.0,5.0,5.0,4.0,,3.8333333333333335,1.3437096247164249,5,5,5.0,0.0,4.416666666666667
1349,52,1228,Letter F,lowercase r,1.0,1.0,1.0,1.0,1.0,1.0,1.0,1.0,0.0,1,1,1.0,0.0,1.0
1350,56,1852,Clock,lowercase r,1.0,2.0,1.0,1.0,,,,1.25,0.4330127018922193,1,1,1.0,0.0,1.125
1351,41,938,Mug,luggage tag,1.0,2.0,1.0,1.0,1.0,3.0,,1.5,0.7637626158259734,2,1,1.5,0.5,1.5
1352,12,1461,Goblet,lying person,1.0,1.0,1.0,1.0,1.0,,,1.0,0.0,1,1,1.0,0.0,1.0
1353,12,196,Goblet,magnifying glass,1.0,1.0,1.0,1.0,1.0,1.0,,1.0,0.0,1,2,1.5,0.5,1.25
1354,13,218,Goblet,magnifying glass,1.0,1.0,5.0,1.0,1.0,1.0,,1.6666666666666667,1.4907119849998596,1,2,1.5,0.5,1.5833333333333335
1355,16,286,Ice cream,magnifying glass,2.0,1.0,1.0,1.0,1.0,,,1.2,0.4000000000000001,1,1,1.0,0.0,1.1
1356,18,341,Ice cream,magnifying glass,1.0,2.0,1.0,1.0,1.0,1.0,,1.1666666666666667,0.3726779962499649,1,2,1.5,0.5,1.3333333333333335
1357,20,406,Crystal ball - Person Outline,magnifying glass,1.0,1.0,1.0,1.0,2.0,1.0,,1.1666666666666667,0.37267799624996495,1,2,1.5,0.5,1.3333333333333335
1358,21,445,Crystal ball - Person Outline,magnifying glass,3.0,1.0,1.0,2.0,1.0,1.0,,1.5,0.7637626158259734,1,1,1.0,0.0,1.25
1359,22,467,Fish,magnifying glass,3.0,3.0,1.0,2.0,3.0,1.0,,2.1666666666666665,0.8975274678557507,1,2,1.5,0.5,1.8333333333333333
1360,23,492,Lollipop,magnifying glass,1.0,3.0,2.0,4.0,1.0,3.0,4.0,2.5714285714285716,1.178030178747903,4,3,3.5,0.5,3.0357142857142856
1361,29,1619,Shovel,magnifying glass,1.0,1.0,1.0,1.0,1.0,,,1.0,0.0,1,1,1.0,0.0,1.0
1362,31,688,Balloon,magnifying glass,2.0,1.0,1.0,1.0,1.0,2.0,,1.3333333333333333,0.4714045207910317,2,2,2.0,0.0,1.6666666666666665
1363,33,739,Plunger,magnifying glass,1.0,1.0,2.0,1.0,1.0,1.0,,1.1666666666666667,0.3726779962499649,1,2,1.5,0.5,1.3333333333333335
1364,37,846,Clubs symbol,magnifying glass,1.0,2.0,1.0,2.0,1.0,1.0,2.0,1.4285714285714286,0.4948716593053935,1,1,1.0,0.0,1.2142857142857144
1365,41,939,Mug,magnifying glass,1.0,1.0,1.0,1.0,1.0,1.0,,1.0,0.0,1,1,1.0,0.0,1.0
1366,44,1027,Computer Mouse,magnifying glass,1.0,1.0,2.0,1.0,1.0,1.0,,1.1666666666666667,0.3726779962499649,1,1,1.0,0.0,1.0833333333333335
1367,45,1058,Clock,magnifying glass,1.0,1.0,1.0,1.0,1.0,1.0,,1.0,0.0,1,1,1.0,0.0,1.0
1368,54,1833,Music Note,magnifying glass,1.0,1.0,1.0,1.0,,,,1.0,0.0,1,1,1.0,0.0,1.0
1369,40,135,Mug,mail box,2.0,1.0,1.0,2.0,2.0,,,1.6,0.4898979485566356,2,4,3.0,1.0,2.3
1370,27,85,Door,mail slot,1.0,2.0,1.0,2.0,,,,1.5,0.5,3,3,3.0,0.0,2.25
1371,46,161,Lightbulb - Ice Cream,mailbox,1.0,2.0,3.0,2.0,1.0,,,1.8,0.7483314773547883,3,2,2.5,0.5,2.15
1372,28,90,Glasses,male symbol,1.0,2.0,1.0,1.0,,,,1.25,0.4330127018922193,1,1,1.0,0.0,1.125
1373,34,769,Bow tie - Owl,man,1.0,1.0,1.0,1.0,1.0,1.0,,1.0,0.0,1,1,1.0,0.0,1.0
1374,17,1504,Ice cream,manta ray,1.0,2.0,1.0,1.0,1.0,2.0,,1.3333333333333333,0.4714045207910317,2,2,2.0,0.0,1.6666666666666665
1375,16,1897,Ice cream,map pin,2.0,1.0,2.0,1.0,4.0,,,2.0,1.0954451150103321,4,4,4.0,0.0,3.0
1376,18,1513,Ice cream,map pin,4.0,3.0,4.0,5.0,4.0,,,4.0,0.6324555320336759,4,4,4.0,0.0,4.0
1377,41,1730,Mug,marker for going right,3.0,2.0,1.0,1.0,1.0,,,1.6,0.8,1,1,1.0,0.0,1.3
1378,12,36,Goblet,martini glass,5.0,5.0,4.0,5.0,,,,4.75,0.4330127018922193,3,4,3.5,0.5,4.125
1379,13,219,Goblet,martini glass,3.0,4.0,5.0,5.0,4.0,5.0,,4.333333333333333,0.7453559924999298,5,3,4.0,1.0,4.166666666666666
1380,17,1898,Ice cream,martini glass,1.0,1.0,1.0,1.0,1.0,,,1.0,0.0,1,1,1.0,0.0,1.0
1381,31,1649,Balloon,martini glass,1.0,1.0,1.0,1.0,1.0,,,1.0,0.0,1,1,1.0,0.0,1.0
1382,32,714,Goblet,martini glass,5.0,4.0,4.0,5.0,5.0,5.0,,4.666666666666667,0.4714045207910317,5,3,4.0,1.0,4.333333333333334
1383,50,1186,Stick Figure,martini glass,1.0,1.0,1.0,1.0,1.0,1.0,,1.0,0.0,1,1,1.0,0.0,1.0
1384,55,1287,Yield Sign - Martini Glass,martini glass,5.0,4.0,5.0,5.0,2.0,,,4.2,1.16619037896906,5,5,5.0,0.0,4.6
1385,19,371,Computer Mouse,mechanical arm,1.0,2.0,1.0,1.0,1.0,1.0,2.0,1.2857142857142858,0.45175395145262565,1,1,1.0,0.0,1.1428571428571428
1386,18,343,Ice cream,medal,1.0,1.0,2.0,1.0,1.0,1.0,,1.1666666666666667,0.3726779962499649,1,3,2.0,1.0,1.5833333333333335
1387,46,1083,Lightbulb - Ice Cream,medal,2.0,4.0,4.0,2.0,2.0,4.0,,3.0,1.0,1,3,2.0,1.0,2.5
1388,51,1204,Television,medal,2.0,2.0,1.0,1.0,3.0,4.0,,2.1666666666666665,1.0671873729054748,5,1,3.0,2.0,2.583333333333333
1389,23,493,Lollipop,microphone,3.0,2.0,2.0,2.0,4.0,3.0,,2.6666666666666665,0.7453559924999299,5,4,4.5,0.5,3.583333333333333
1390,53,1250,Sailboat,microscope,1.0,1.0,1.0,1.0,1.0,1.0,,1.0,0.0,1,1,1.0,0.0,1.0
1391,11,176,Comb - Pitchfork,milking stool,2.0,1.0,1.0,1.0,1.0,1.0,,1.1666666666666667,0.3726779962499649,1,1,1.0,0.0,1.0833333333333335
1392,5,77,Glasses,minor note,2.0,1.0,1.0,1.0,2.0,2.0,,1.5,0.5,2,1,1.5,0.5,1.5
1393,50,1187,Stick Figure,mirror,1.0,1.0,1.0,3.0,1.0,1.0,,1.3333333333333333,0.7453559924999299,1,1,1.0,0.0,1.1666666666666665
1394,13,220,Goblet,monogram,1.0,1.0,1.0,1.0,1.0,,,1.0,0.0,1,1,1.0,0.0,1.0
1395,33,740,Plunger,mop,3.0,3.0,1.0,2.0,4.0,,,2.6,1.019803902718557,5,3,4.0,1.0,3.3
1396,13,221,Goblet,mortar & pestle,2.0,1.0,1.0,2.0,1.0,1.0,,1.3333333333333333,0.4714045207910317,2,1,1.5,0.5,1.4166666666666665
1397,47,1116,Computer Mouse,mountain,1.0,1.0,1.0,1.0,1.0,1.0,,1.0,0.0,1,1,1.0,0.0,1.0
1398,49,1169,Heart,mountain,1.0,1.0,1.0,2.0,1.0,1.0,,1.1666666666666667,0.3726779962499649,1,1,1.0,0.0,1.0833333333333335
1399,34,770,Bow tie - Owl,movie projector,1.0,4.0,2.0,2.0,1.0,1.0,,1.8333333333333333,1.0671873729054748,2,4,3.0,1.0,2.4166666666666665
1400,46,1084,Lightbulb - Ice Cream,muffin,1.0,2.0,2.0,2.0,3.0,1.0,,1.8333333333333333,0.6871842709362768,5,5,5.0,0.0,3.4166666666666665
1401,40,913,Mug,mug,4.0,5.0,3.0,5.0,4.0,4.0,,4.166666666666667,0.6871842709362768,5,5,5.0,0.0,4.583333333333334
1402,41,941,Mug,mug,5.0,4.0,5.0,5.0,5.0,4.0,,4.666666666666667,0.4714045207910317,5,5,5.0,0.0,4.833333333333334
1403,12,197,Goblet,mushroom,3.0,1.0,1.0,1.0,1.0,1.0,,1.3333333333333333,0.74535599249993,1,3,2.0,1.0,1.6666666666666665
1404,14,250,Computer Mouse,mushroom,2.0,1.0,1.0,1.0,1.0,1.0,,1.1666666666666667,0.3726779962499649,1,1,1.0,0.0,1.0833333333333335
1405,20,1532,Crystal ball - Person Outline,mushroom,1.0,1.0,3.0,4.0,1.0,,,2.0,1.2649110640673518,2,2,2.0,0.0,2.0
1406,21,1542,Crystal ball - Person Outline,mushroom,1.0,2.0,1.0,3.0,1.0,,,1.6,0.8,2,3,2.5,0.5,2.05
1407,29,1905,Shovel,mushroom,1.0,1.0,1.0,1.0,1.0,,,1.0,0.0,1,1,1.0,0.0,1.0
1408,32,715,Goblet,mushroom,1.0,3.0,1.0,1.0,1.0,1.0,,1.3333333333333333,0.74535599249993,1,3,2.0,1.0,1.6666666666666665
1409,33,741,Plunger,mushroom,1.0,1.0,1.0,1.0,1.0,2.0,,1.1666666666666667,0.3726779962499649,1,1,1.0,0.0,1.0833333333333335
1410,46,1085,Lightbulb - Ice Cream,mushroom,2.0,4.0,4.0,3.0,4.0,2.0,,3.1666666666666665,0.8975274678557507,5,3,4.0,1.0,3.583333333333333
1411,53,1823,Sailboat,mushroom,3.0,1.0,1.0,1.0,,,,1.5,0.8660254037844386,1,1,1.0,0.0,1.25
1412,32,1654,Goblet,mushroom anchor,1.0,2.0,1.0,1.0,2.0,,,1.4,0.4898979485566356,1,2,1.5,0.5,1.45
1413,12,1459,Goblet,mushroom cap,2.0,1.0,3.0,1.0,,,,1.75,0.82915619758885,1,2,1.5,0.5,1.625
1414,13,1471,Goblet,mushroom cap,1.0,1.0,1.0,1.0,1.0,,,1.0,0.0,1,3,2.0,1.0,1.5
1415,32,1652,Goblet,mushroom cap,1.0,2.0,1.0,1.0,1.0,,,1.2,0.4000000000000001,1,4,2.5,1.5,1.85
1416,13,1472,Goblet,mushroom cloud,1.0,1.0,2.0,1.0,1.0,,,1.2,0.4,1,2,1.5,0.5,1.35
1417,54,1273,Music Note,music clef,5.0,1.0,3.0,3.0,5.0,5.0,,3.6666666666666665,1.49071198499986,4,3,3.5,0.5,3.583333333333333
1418,19,372,Computer Mouse,music note,1.0,1.0,1.0,1.0,1.0,1.0,,1.0,0.0,1,1,1.0,0.0,1.0
1419,21,449,Crystal ball - Person Outline,music note,1.0,1.0,1.0,1.0,1.0,1.0,,1.0,0.0,1,1,1.0,0.0,1.0
1420,54,1274,Music Note,music note,5.0,3.0,2.0,4.0,4.0,5.0,,3.8333333333333335,1.0671873729054748,5,4,4.5,0.5,4.166666666666667
1421,54,1275,Music Note,music note,5.0,5.0,4.0,5.0,3.0,4.0,,4.333333333333333,0.7453559924999298,5,5,5.0,0.0,4.666666666666666
1422,4,56,Glasses,music notes,5.0,2.0,2.0,3.0,3.0,3.0,,3.0,1.0,2,1,1.5,0.5,2.25
1423,18,344,Ice cream,music symbol,2.0,1.0,1.0,1.0,1.0,1.0,,1.1666666666666667,0.3726779962499649,1,1,1.0,0.0,1.0833333333333335
1424,47,1118,Computer Mouse,musical clef,1.0,1.0,1.0,1.0,1.0,1.0,,1.0,0.0,1,1,1.0,0.0,1.0
1425,58,1345,Umbrella,musical clef,1.0,1.0,1.0,1.0,2.0,2.0,2.0,1.4285714285714286,0.4948716593053935,1,2,1.5,0.5,1.4642857142857144
1426,43,1741,Mouse,musical note,1.0,3.0,3.0,1.0,1.0,1.0,,1.6666666666666667,0.9428090415820634,1,1,1.0,0.0,1.3333333333333335
1427,44,1028,Computer Mouse,musical note,1.0,1.0,1.0,1.0,2.0,1.0,,1.1666666666666667,0.37267799624996495,1,1,1.0,0.0,1.0833333333333335
1428,53,1251,Sailboat,musical note,1.0,1.0,1.0,1.0,2.0,1.0,,1.1666666666666667,0.37267799624996495,1,1,1.0,0.0,1.0833333333333335
1429,43,986,Mouse,musical symbol,2.0,1.0,1.0,1.0,1.0,1.0,,1.1666666666666667,0.3726779962499649,1,1,1.0,0.0,1.0833333333333335
1430,46,1086,Lightbulb - Ice Cream,mustache,1.0,4.0,3.0,2.0,1.0,1.0,,2.0,1.1547005383792515,1,1,1.0,0.0,1.5
1431,17,316,Ice cream,necklace,1.0,1.0,2.0,2.0,1.0,1.0,,1.3333333333333333,0.4714045207910317,3,2,2.5,0.5,1.9166666666666665
1432,44,1029,Computer Mouse,necklace,1.0,1.0,1.0,1.0,2.0,1.0,,1.1666666666666667,0.37267799624996495,2,1,1.5,0.5,1.3333333333333335
1433,32,716,Goblet,nine,1.0,1.0,1.0,1.0,1.0,1.0,,1.0,0.0,1,1,1.0,0.0,1.0
1434,35,791,Bow tie - Owl,nose/eyes,2.0,2.0,2.0,4.0,3.0,3.0,,2.6666666666666665,0.7453559924999298,3,2,2.5,0.5,2.583333333333333
1435,57,1325,Hourglass,not equal,3.0,1.0,1.0,1.0,1.0,2.0,,1.5,0.7637626158259734,1,1,1.0,0.0,1.25
1436,41,942,Mug,note,1.0,1.0,1.0,1.0,1.0,2.0,,1.1666666666666667,0.3726779962499649,1,1,1.0,0.0,1.0833333333333335
1437,2,11,Ladder,number 10,1.0,1.0,1.0,1.0,1.0,1.0,,1.0,0.0,1,1,1.0,0.0,1.0
1438,46,1087,Lightbulb - Ice Cream,number 3,1.0,1.0,1.0,1.0,1.0,1.0,,1.0,0.0,1,1,1.0,0.0,1.0
1439,25,552,Chair,number 4,2.0,1.0,1.0,3.0,2.0,2.0,,1.8333333333333333,0.6871842709362768,3,2,2.5,0.5,2.1666666666666665
1440,53,1252,Sailboat,number 6,1.0,1.0,1.0,1.0,1.0,1.0,,1.0,0.0,1,1,1.0,0.0,1.0
1441,25,553,Chair,number 7,1.0,1.0,1.0,1.0,1.0,1.0,,1.0,0.0,1,1,1.0,0.0,1.0
1442,46,1088,Lightbulb - Ice Cream,number 8,1.0,1.0,1.0,1.0,1.0,1.0,,1.0,0.0,1,1,1.0,0.0,1.0
1443,25,554,Chair,open box,1.0,1.0,1.0,1.0,1.0,3.0,,1.3333333333333333,0.7453559924999299,2,1,1.5,0.5,1.4166666666666665
1444,27,86,Door,open frame,2.0,1.0,1.0,2.0,1.0,,,1.4,0.4898979485566356,2,3,2.5,0.5,1.95
1445,34,115,Bow tie - Owl,open scissors,3.0,3.0,5.0,4.0,3.0,,,3.6,0.8,4,5,4.5,0.5,4.05
1446,39,1707,Clubs symbol - Ice cream,ouroboros symbol,1.0,1.0,2.0,1.0,1.0,,,1.2,0.4,1,1,1.0,0.0,1.1
1447,14,252,Computer Mouse,oval,2.0,2.0,2.0,1.0,1.0,1.0,,1.5,0.5,1,1,1.0,0.0,1.25
1448,19,373,Computer Mouse,oval,1.0,1.0,1.0,2.0,1.0,1.0,,1.1666666666666667,0.3726779962499649,1,1,1.0,0.0,1.0833333333333335
1449,21,1547,Crystal ball - Person Outline,overturned cup,3.0,1.0,3.0,2.0,,,,2.25,0.82915619758885,1,2,1.5,0.5,1.875
1450,4,57,Glasses,owl,2.0,1.0,1.0,3.0,1.0,2.0,,1.6666666666666667,0.7453559924999299,2,5,3.5,1.5,2.5833333333333335
1451,6,101,Glasses,owl,3.0,2.0,1.0,1.0,1.0,1.0,,1.5,0.7637626158259734,3,3,3.0,0.0,2.25
1452,9,142,Butterfly,owl,1.0,1.0,1.0,1.0,1.0,1.0,,1.0,0.0,1,1,1.0,0.0,1.0
1453,14,253,Computer Mouse,owl,1.0,1.0,1.0,1.0,1.0,1.0,,1.0,0.0,1,1,1.0,0.0,1.0
1454,28,616,Glasses,owl,1.0,1.0,2.0,1.0,2.0,1.0,,1.3333333333333333,0.4714045207910317,3,4,3.5,0.5,2.4166666666666665
1455,34,1671,Bow tie - Owl,owl,1.0,2.0,1.0,2.0,1.0,2.0,,1.5,0.5,3,1,2.0,1.0,1.75
1456,35,1676,Bow tie - Owl,owl,2.0,2.0,1.0,1.0,3.0,,,1.8,0.7483314773547883,3,1,2.0,1.0,1.9
1457,38,864,Clubs symbol - Ice cream,owl,2.0,3.0,1.0,1.0,2.0,1.0,,1.6666666666666667,0.74535599249993,1,1,1.0,0.0,1.3333333333333335
1458,39,887,Clubs symbol - Ice cream,owl,1.0,1.0,1.0,2.0,1.0,1.0,,1.1666666666666667,0.3726779962499649,1,2,1.5,0.5,1.3333333333333335
1459,49,1170,Heart,owl,1.0,1.0,1.0,1.0,2.0,1.0,1.0,1.1428571428571428,0.3499271061118826,3,1,2.0,1.0,1.5714285714285714
1460,4,1402,Glasses,owl eyes,2.0,4.0,2.0,2.0,,,,2.5,0.8660254037844386,4,5,4.5,0.5,3.5
1461,9,1894,Butterfly,owl face,1.0,1.0,1.0,1.0,1.0,,,1.0,0.0,1,1,1.0,0.0,1.0
1462,14,254,Computer Mouse,owl face,1.0,1.0,1.0,1.0,1.0,1.0,,1.0,0.0,1,1,1.0,0.0,1.0
1463,35,792,Bow tie - Owl,owl face,2.0,1.0,2.0,3.0,2.0,1.0,,1.8333333333333333,0.6871842709362768,5,2,3.5,1.5,2.6666666666666665
1464,38,1695,Clubs symbol - Ice cream,owl face,1.0,2.0,1.0,1.0,2.0,1.0,,1.3333333333333333,0.4714045207910317,1,1,1.0,0.0,1.1666666666666665
1465,39,1704,Clubs symbol - Ice cream,owl face,2.0,1.0,2.0,2.0,,,,1.75,0.4330127018922193,1,2,1.5,0.5,1.625
1466,13,1474,Goblet,padlock,1.0,1.0,1.0,1.0,1.0,,,1.0,0.0,1,1,1.0,0.0,1.0
1467,20,407,Crystal ball - Person Outline,padlock,1.0,1.0,4.0,1.0,1.0,2.0,,1.6666666666666667,1.1055415967851332,3,2,2.5,0.5,2.0833333333333335
1468,21,1552,Crystal ball - Person Outline,padlock,2.0,2.0,2.0,1.0,1.0,,,1.6,0.4898979485566356,3,3,3.0,0.0,2.3
1469,22,469,Fish,padlock,2.0,2.0,1.0,1.0,3.0,,,1.8,0.7483314773547883,1,1,1.0,0.0,1.4
1470,22,470,Fish,padlock,3.0,2.0,1.0,2.0,2.0,1.0,,1.8333333333333333,0.6871842709362768,1,1,1.0,0.0,1.4166666666666665
1471,40,914,Mug,padlock,2.0,2.0,2.0,1.0,1.0,5.0,,2.1666666666666665,1.3437096247164249,2,2,2.0,0.0,2.083333333333333
1472,41,1724,Mug,padlock,2.0,4.0,4.0,2.0,4.0,,,3.2,0.9797958971132712,3,5,4.0,1.0,3.6
1473,45,1761,Clock,padlock,1.0,1.0,1.0,1.0,1.0,,,1.0,0.0,2,1,1.5,0.5,1.25
1474,41,1726,Mug,padlock hasp,2.0,1.0,2.0,1.0,1.0,,,1.4,0.4898979485566356,3,4,3.5,0.5,2.45
1475,19,1523,Computer Mouse,padlock key,1.0,1.0,3.0,1.0,1.0,,,1.4,0.8,1,2,1.5,0.5,1.45
1476,22,1559,Fish,padlock keyhole,1.0,4.0,1.0,3.0,,,,2.25,1.299038105676658,5,4,4.5,0.5,3.375
1477,25,78,Chair,paint roller,1.0,2.0,1.0,1.0,2.0,,,1.4,0.4898979485566356,2,3,2.5,0.5,1.95
1478,7,1424,Pine Tree,pair of arrows,5.0,4.0,5.0,4.0,5.0,,,4.6,0.48989794855663565,5,2,3.5,1.5,4.05
1479,33,742,Plunger,pan cover,1.0,4.0,1.0,1.0,3.0,1.0,,1.8333333333333333,1.21335164821342,2,4,3.0,1.0,2.4166666666666665
1480,16,287,Ice cream,paper airplane,1.0,1.0,1.0,1.0,1.0,1.0,,1.0,0.0,1,1,1.0,0.0,1.0
1481,41,943,Mug,paper clip,1.0,1.0,2.0,1.0,1.0,1.0,,1.1666666666666667,0.3726779962499649,1,3,2.0,1.0,1.5833333333333335
1482,21,69,Crystal ball - Person Outline,paperclip,2.0,1.0,1.0,2.0,2.0,1.0,,1.5,0.5,1,1,1.0,0.0,1.25
1483,54,1276,Music Note,paperclip,1.0,2.0,1.0,1.0,1.0,1.0,,1.1666666666666667,0.3726779962499649,1,2,1.5,0.5,1.3333333333333335
1484,41,944,Mug,paperclip holder,1.0,3.0,1.0,1.0,5.0,3.0,,2.3333333333333335,1.4907119849998598,1,2,1.5,0.5,1.9166666666666667
1485,18,345,Ice cream,parabola,1.0,2.0,1.0,1.0,1.0,1.0,1.0,1.1428571428571428,0.34992710611188266,1,1,1.0,0.0,1.0714285714285714
1486,17,317,Ice cream,parachute,4.0,3.0,3.0,3.0,1.0,,,2.8,0.9797958971132712,5,3,4.0,1.0,3.4
1487,27,595,Door,parallel lines,2.0,2.0,1.0,1.0,1.0,1.0,,1.3333333333333333,0.47140452079103173,1,1,1.0,0.0,1.1666666666666665
1488,4,8,Glasses,parentheses,1.0,3.0,1.0,1.0,1.0,,,1.4,0.8000000000000002,1,1,1.0,0.0,1.2
1489,30,1636,Fish bones,park bench,2.0,1.0,1.0,3.0,1.0,,,1.6,0.8,1,3,2.0,1.0,1.8
1490,27,596,Door,parking lot,4.0,1.0,1.0,2.0,2.0,1.0,,1.8333333333333333,1.0671873729054748,3,3,3.0,0.0,2.4166666666666665
1491,52,183,Letter F,parking meter,1.0,1.0,1.0,2.0,1.0,,,1.2,0.4,1,1,1.0,0.0,1.1
1492,41,1727,Mug,parking sign,1.0,1.0,2.0,2.0,1.0,1.0,,1.3333333333333333,0.4714045207910317,1,2,1.5,0.5,1.4166666666666665
1493,56,1862,Clock,partial clock,4.0,4.0,5.0,5.0,4.0,,,4.4,0.48989794855663565,5,1,3.0,2.0,3.7
1494,35,793,Bow tie - Owl,party hat,2.0,1.0,2.0,2.0,1.0,4.0,,2.0,1.0,4,3,3.5,0.5,2.75
1495,60,1376,House,party hat,2.0,3.0,2.0,2.0,1.0,2.0,,2.0,0.5773502691896257,2,1,1.5,0.5,1.75
1496,52,1229,Letter F,pattern,1.0,2.0,3.0,1.0,1.0,1.0,,1.5,0.7637626158259734,1,1,1.0,0.0,1.25
1497,36,808,Broom,peace sign,2.0,5.0,2.0,2.0,1.0,2.0,,2.3333333333333335,1.247219128924647,4,1,2.5,1.5,2.416666666666667
1498,55,1288,Yield Sign - Martini Glass,peace sign,1.0,1.0,2.0,1.0,1.0,2.0,,1.3333333333333333,0.4714045207910317,1,1,1.0,0.0,1.1666666666666665
1499,56,1308,Clock,peace sign,1.0,1.0,1.0,1.0,1.0,,,1.0,0.0,1,1,1.0,0.0,1.0
1500,36,1684,Broom,peace symbol,2.0,1.0,2.0,2.0,,,,1.75,0.4330127018922193,4,2,3.0,1.0,2.375
1501,20,408,Crystal ball - Person Outline,pedestal,4.0,3.0,2.0,1.0,1.0,2.0,,2.1666666666666665,1.0671873729054748,4,3,3.5,0.5,2.833333333333333
1502,48,1145,Letter T,pedestal table,4.0,3.0,2.0,4.0,3.0,2.0,,3.0,0.816496580927726,4,3,3.5,0.5,3.25
1503,15,45,House,pencil tip,4.0,4.0,5.0,3.0,5.0,,,4.2,0.7483314773547882,2,5,3.5,1.5,3.85
1504,49,1171,Heart,pendant lights,1.0,1.0,1.0,1.0,1.0,1.0,,1.0,0.0,1,1,1.0,0.0,1.0
1505,43,988,Mouse,pendulum,1.0,1.0,1.0,1.0,2.0,1.0,,1.1666666666666667,0.37267799624996495,1,1,1.0,0.0,1.0833333333333335
1506,37,124,Clubs symbol,pendulum bob,1.0,3.0,2.0,2.0,1.0,,,1.8,0.7483314773547883,1,1,1.0,0.0,1.4
1507,26,1593,Flag,pennant,4.0,5.0,4.0,5.0,1.0,,,3.8,1.469693845669907,5,4,4.5,0.5,4.15
1508,15,1486,House,pennant flag,1.0,2.0,2.0,2.0,2.0,,,1.8,0.4000000000000001,3,1,2.0,1.0,1.9
1509,26,1589,Flag,pennant flag,5.0,5.0,5.0,5.0,4.0,5.0,,4.833333333333333,0.37267799624996495,5,5,5.0,0.0,4.916666666666666
1510,15,268,House,pentagon,1.0,5.0,3.0,1.0,5.0,,,3.0,1.7888543819998317,4,3,3.5,0.5,3.25
1511,13,223,Goblet,pentgon,1.0,1.0,1.0,1.0,1.0,1.0,,1.0,0.0,1,1,1.0,0.0,1.0
1512,6,102,Glasses,percentage sign,1.0,1.0,2.0,1.0,1.0,2.0,,1.3333333333333333,0.4714045207910317,1,1,1.0,0.0,1.1666666666666665
1513,24,1572,Chair,periscope,2.0,1.0,1.0,2.0,,,,1.5,0.5,1,3,2.0,1.0,1.75
1514,55,191,Yield Sign - Martini Glass,perpendicular arrow,1.0,1.0,2.0,1.0,1.0,,,1.2,0.4,1,1,1.0,0.0,1.1
1515,12,198,Goblet,person,1.0,1.0,1.0,1.0,1.0,1.0,,1.0,0.0,1,1,1.0,0.0,1.0
1516,20,409,Crystal ball - Person Outline,person,5.0,4.0,3.0,4.0,5.0,3.0,,4.0,0.816496580927726,5,4,4.5,0.5,4.25
1517,21,431,Crystal ball - Person Outline,person,4.0,4.0,2.0,3.0,5.0,4.0,,3.6666666666666665,0.9428090415820634,5,4,4.5,0.5,4.083333333333333
1518,30,670,Fish bones,person,2.0,4.0,1.0,1.0,1.0,,,1.8,1.1661903789690604,1,1,1.0,0.0,1.4
1519,31,689,Balloon,person,2.0,2.0,2.0,2.0,1.0,4.0,,2.1666666666666665,0.8975274678557507,2,2,2.0,0.0,2.083333333333333
1520,37,847,Clubs symbol,person,1.0,1.0,1.0,2.0,1.0,1.0,,1.1666666666666667,0.3726779962499649,1,1,1.0,0.0,1.0833333333333335
1521,45,1059,Clock,person,1.0,3.0,1.0,1.0,1.0,1.0,,1.3333333333333333,0.74535599249993,1,1,1.0,0.0,1.1666666666666665
1522,50,1188,Stick Figure,person,3.0,5.0,4.0,2.0,5.0,3.0,,3.6666666666666665,1.1055415967851334,5,5,5.0,0.0,4.333333333333333
1523,51,1205,Television,person,1.0,1.0,1.0,1.0,1.0,1.0,,1.0,0.0,1,1,1.0,0.0,1.0
1524,20,1538,Crystal ball - Person Outline,person icon,5.0,4.0,2.0,5.0,5.0,,,4.2,1.16619037896906,5,5,5.0,0.0,4.6
1525,21,432,Crystal ball - Person Outline,person's torso,2.0,3.0,4.0,3.0,2.0,1.0,,2.5,0.9574271077563381,5,4,4.5,0.5,3.5
1526,39,888,Clubs symbol - Ice cream,person's torso,1.0,2.0,2.0,2.0,1.0,2.0,,1.6666666666666667,0.4714045207910317,1,1,1.0,0.0,1.3333333333333335
1527,34,117,Bow tie - Owl,phi symbol,1.0,1.0,3.0,2.0,3.0,,,2.0,0.8944271909999159,1,1,1.0,0.0,1.5
1528,24,521,Chair,pickaxe,1.0,2.0,2.0,2.0,1.0,1.0,,1.5,0.5,1,1,1.0,0.0,1.25
1529,25,555,Chair,pickaxe,1.0,1.0,1.0,1.0,1.0,1.0,,1.0,0.0,1,1,1.0,0.0,1.0
1530,26,573,Flag,pickaxe,2.0,2.0,1.0,3.0,5.0,4.0,,2.8333333333333335,1.3437096247164249,2,2,2.0,0.0,2.416666666666667
1531,11,1451,Comb - Pitchfork,picket fence,2.0,1.0,3.0,1.0,1.0,,,1.6,0.8,2,2,2.0,0.0,1.8
1532,52,1230,Letter F,picket fence,1.0,1.0,1.0,1.0,1.0,1.0,,1.0,0.0,1,1,1.0,0.0,1.0
1533,21,433,Crystal ball - Person Outline,pictogram,5.0,1.0,4.0,2.0,5.0,2.0,,3.1666666666666665,1.5723301886761005,1,1,1.0,0.0,2.083333333333333
1534,27,1600,Door,picture frame,2.0,1.0,2.0,2.0,2.0,,,1.8,0.4000000000000001,2,3,2.5,0.5,2.15
1535,43,989,Mouse,pie chain,1.0,2.0,1.0,3.0,1.0,1.0,,1.5,0.7637626158259734,3,1,2.0,1.0,1.75
1536,56,1309,Clock,pie chart,4.0,1.0,3.0,1.0,2.0,1.0,,2.0,1.1547005383792515,4,5,4.5,0.5,3.25
1537,14,1478,Computer Mouse,pig snout,1.0,1.0,3.0,1.0,2.0,1.0,,1.5,0.7637626158259734,4,3,3.5,0.5,2.5
1538,7,1422,Pine Tree,pine tree,2.0,2.0,4.0,3.0,4.0,,,3.0,0.8944271909999159,4,5,4.5,0.5,3.75
1539,59,1880,Pine tree,pine tree,4.0,4.0,4.0,5.0,2.0,,,3.8,0.9797958971132712,4,4,4.0,0.0,3.9
1540,22,471,Fish,ping pong,1.0,1.0,1.0,3.0,1.0,1.0,1.0,1.2857142857142858,0.6998542122237652,1,1,1.0,0.0,1.1428571428571428
1541,41,1725,Mug,pipe,1.0,1.0,1.0,1.0,1.0,,,1.0,0.0,1,1,1.0,0.0,1.0
1542,41,945,Mug,pipe clamp,3.0,1.0,1.0,1.0,1.0,1.0,,1.3333333333333333,0.74535599249993,1,1,1.0,0.0,1.1666666666666665
1543,24,523,Chair,pipe fitting,1.0,1.0,2.0,1.0,4.0,1.0,,1.6666666666666667,1.1055415967851332,1,2,1.5,0.5,1.5833333333333335
1544,24,1574,Chair,pipe wrench,1.0,3.0,3.0,2.0,1.0,,,2.0,0.8944271909999159,3,3,3.0,0.0,2.5
1545,25,1581,Chair,pipe wrench,2.0,1.0,1.0,3.0,2.0,,,1.8,0.7483314773547883,3,3,3.0,0.0,2.4
1546,58,1346,Umbrella,pipe wrench,1.0,1.0,1.0,1.0,2.0,1.0,,1.1666666666666667,0.37267799624996495,1,1,1.0,0.0,1.0833333333333335
1547,41,946,Mug,pistol,1.0,1.0,1.0,1.0,1.0,1.0,,1.0,0.0,1,1,1.0,0.0,1.0
1548,53,1827,Sailboat,pistol,1.0,1.0,1.0,1.0,1.0,,,1.0,0.0,1,1,1.0,0.0,1.0
1549,40,916,Mug,pitcher,2.0,5.0,3.0,5.0,4.0,5.0,,4.0,1.1547005383792515,3,4,3.5,0.5,3.75
1550,10,155,Comb - Pitchfork,pitchfork,4.0,4.0,5.0,5.0,5.0,5.0,,4.666666666666667,0.4714045207910317,5,5,5.0,0.0,4.833333333333334
1551,11,177,Comb - Pitchfork,pitchfork,4.0,5.0,4.0,5.0,4.0,5.0,,4.5,0.5,5,5,5.0,0.0,4.75
1552,36,809,Broom,pitchfork,4.0,3.0,1.0,5.0,2.0,2.0,,2.8333333333333335,1.3437096247164249,5,2,3.5,1.5,3.166666666666667
1553,44,1031,Computer Mouse,pitchfork,1.0,1.0,1.0,1.0,1.0,1.0,,1.0,0.0,1,1,1.0,0.0,1.0
1554,53,1253,Sailboat,pitching wedge,2.0,1.0,1.0,1.0,1.0,1.0,,1.1666666666666667,0.3726779962499649,1,1,1.0,0.0,1.0833333333333335
1555,16,288,Ice cream,pizza slice,1.0,2.0,1.0,2.0,1.0,,,1.4,0.4898979485566356,1,3,2.0,1.0,1.7
1556,51,1206,Television,plant,1.0,1.0,1.0,1.0,1.0,1.0,,1.0,0.0,3,1,2.0,1.0,1.5
1557,15,269,House,plant pot,2.0,1.0,1.0,1.0,1.0,1.0,1.0,1.1428571428571428,0.34992710611188266,1,1,1.0,0.0,1.0714285714285714
1558,33,743,Plunger,planted sapling,3.0,1.0,1.0,1.0,3.0,1.0,,1.6666666666666667,0.9428090415820634,2,3,2.5,0.5,2.0833333333333335
1559,54,1829,Music Note,planted sword,1.0,1.0,1.0,1.0,1.0,1.0,,1.0,0.0,1,1,1.0,0.0,1.0
1560,59,1891,Pine tree,planted tree,2.0,4.0,3.0,5.0,,,,3.5,1.118033988749895,2,5,3.5,1.5,3.5
1561,22,472,Fish,play button,4.0,2.0,2.0,4.0,2.0,1.0,,2.5,1.118033988749895,1,1,1.0,0.0,1.75
1562,22,1557,Fish,play icon,4.0,1.0,4.0,1.0,2.0,,,2.4,1.3564659966250538,1,2,1.5,0.5,1.95
1563,3,1395,Glasses,playing spade,1.0,1.0,1.0,1.0,1.0,1.0,,1.0,0.0,1,1,1.0,0.0,1.0
1564,27,597,Door,plug,1.0,1.0,1.0,2.0,1.0,2.0,,1.3333333333333333,0.4714045207910317,1,2,1.5,0.5,1.4166666666666665
1565,30,671,Fish bones,plug,1.0,2.0,2.0,3.0,3.0,2.0,,2.1666666666666665,0.6871842709362768,1,2,1.5,0.5,1.8333333333333333
1566,26,83,Flag,plumb line,1.0,2.0,3.0,4.0,1.0,1.0,,2.0,1.1547005383792515,1,1,1.0,0.0,1.5
1567,29,1623,Shovel,plunger,3.0,2.0,3.0,1.0,2.0,3.0,,2.3333333333333335,0.7453559924999298,1,2,1.5,0.5,1.9166666666666667
1568,33,744,Plunger,plunger,4.0,1.0,5.0,4.0,3.0,5.0,,3.6666666666666665,1.3743685418725535,5,5,5.0,0.0,4.333333333333333
1569,24,524,Chair,plus sign,1.0,1.0,1.0,1.0,1.0,1.0,,1.0,0.0,1,1,1.0,0.0,1.0
1570,28,617,Glasses,plus sign,1.0,1.0,2.0,1.0,1.0,1.0,,1.1666666666666667,0.3726779962499649,1,1,1.0,0.0,1.0833333333333335
1571,42,139,Window - Grid,plus sign,2.0,1.0,1.0,3.0,1.0,,,1.6,0.8,1,1,1.0,0.0,1.3
1572,48,1146,Letter T,plus sign,1.0,2.0,1.0,1.0,1.0,1.0,,1.1666666666666667,0.3726779962499649,1,1,1.0,0.0,1.0833333333333335
1573,52,1231,Letter F,plus sign,1.0,1.0,1.0,1.0,1.0,3.0,,1.3333333333333333,0.7453559924999299,1,1,1.0,0.0,1.1666666666666665
1574,44,1032,Computer Mouse,pocketwatch,3.0,1.0,1.0,2.0,2.0,1.0,,1.6666666666666667,0.74535599249993,5,1,3.0,2.0,2.3333333333333335
1575,40,917,Mug,point right,2.0,1.0,3.0,4.0,1.0,2.0,,2.1666666666666665,1.0671873729054748,1,1,1.0,0.0,1.5833333333333333
1576,25,556,Chair,pole,3.0,1.0,1.0,1.0,2.0,2.0,,1.6666666666666667,0.74535599249993,1,1,1.0,0.0,1.3333333333333335
1577,3,37,Glasses,poll,1.0,1.0,1.0,1.0,1.0,1.0,,1.0,0.0,3,1,2.0,1.0,1.5
1578,21,434,Crystal ball - Person Outline,pool,1.0,1.0,1.0,1.0,1.0,1.0,,1.0,0.0,1,1,1.0,0.0,1.0
1579,46,1089,Lightbulb - Ice Cream,pop-up toaster,1.0,1.0,1.0,1.0,1.0,1.0,,1.0,0.0,1,1,1.0,0.0,1.0
1580,46,1090,Lightbulb - Ice Cream,port,1.0,2.0,1.0,1.0,1.0,1.0,,1.1666666666666667,0.3726779962499649,1,2,1.5,0.5,1.3333333333333335
1581,33,745,Plunger,pot lid,1.0,2.0,2.0,2.0,1.0,1.0,,1.5,0.5,2,5,3.5,1.5,2.5
1582,29,639,Shovel,potted plant,5.0,3.0,1.0,3.0,3.0,3.0,,3.0,1.1547005383792515,3,3,3.0,0.0,3.0
1583,40,918,Mug,pouch,1.0,1.0,2.0,1.0,2.0,1.0,,1.3333333333333333,0.4714045207910317,1,1,1.0,0.0,1.1666666666666665
1584,42,964,Window - Grid,pound sign,1.0,1.0,1.0,1.0,1.0,1.0,,1.0,0.0,1,2,1.5,0.5,1.25
1585,54,1835,Music Note,pound sign,1.0,1.0,1.0,3.0,1.0,,,1.4,0.8,1,1,1.0,0.0,1.2
1586,21,444,Crystal ball - Person Outline,power button,2.0,1.0,2.0,1.0,1.0,2.0,,1.5,0.5,1,1,1.0,0.0,1.25
1587,22,473,Fish,power button,1.0,1.0,2.0,1.0,1.0,3.0,,1.5,0.7637626158259734,1,1,1.0,0.0,1.25
1588,29,640,Shovel,power button,2.0,1.0,2.0,2.0,1.0,1.0,,1.5,0.5,1,1,1.0,0.0,1.25
1589,33,746,Plunger,power button,3.0,1.0,2.0,1.0,1.0,2.0,1.0,1.5714285714285714,0.7284313590846835,1,2,1.5,0.5,1.5357142857142856
1590,43,990,Mouse,power button,4.0,3.0,2.0,3.0,2.0,3.0,,2.8333333333333335,0.6871842709362768,1,1,1.0,0.0,1.9166666666666667
1591,44,1749,Computer Mouse,power button,4.0,1.0,1.0,1.0,1.0,,,1.6,1.2000000000000002,2,1,1.5,0.5,1.55
1592,45,1060,Clock,power button,1.0,1.0,4.0,2.0,3.0,3.0,,2.3333333333333335,1.1055415967851334,1,1,1.0,0.0,1.6666666666666667
1593,45,1762,Clock,power button,1.0,1.0,2.0,1.0,2.0,,,1.4,0.4898979485566356,1,2,1.5,0.5,1.45
1594,56,1311,Clock,power button,3.0,1.0,1.0,2.0,1.0,1.0,,1.5,0.7637626158259734,1,1,1.0,0.0,1.25
1595,11,34,Comb - Pitchfork,power plug,2.0,2.0,1.0,2.0,2.0,,,1.8,0.4,3,4,3.5,0.5,2.65
1596,41,948,Mug,pregnancy,1.0,1.0,1.0,1.0,1.0,1.0,,1.0,0.0,1,1,1.0,0.0,1.0
1597,5,1410,Glasses,pregnant woman,1.0,1.0,1.0,2.0,,,,1.25,0.4330127018922193,1,1,1.0,0.0,1.125
1598,21,1549,Crystal ball - Person Outline,pregnant woman,1.0,3.0,1.0,,,,,1.6666666666666667,0.9428090415820634,2,3,2.5,0.5,2.0833333333333335
1599,42,965,Window - Grid,present,1.0,5.0,2.0,3.0,3.0,3.0,,2.8333333333333335,1.21335164821342,3,3,3.0,0.0,2.916666666666667
1600,51,1207,Television,present,1.0,4.0,1.0,2.0,1.0,1.0,,1.6666666666666667,1.1055415967851332,3,3,3.0,0.0,2.3333333333333335
1601,30,672,Fish bones,prison bars,3.0,1.0,4.0,1.0,2.0,1.0,,2.0,1.1547005383792515,2,1,1.5,0.5,1.75
1602,20,410,Crystal ball - Person Outline,propeller hat,2.0,1.0,1.0,1.0,2.0,1.0,,1.3333333333333333,0.4714045207910317,1,1,1.0,0.0,1.1666666666666665
1603,44,151,Computer Mouse,ps ligature,2.0,1.0,2.0,1.0,2.0,,,1.6,0.4898979485566356,1,1,1.0,0.0,1.3
1604,3,38,Glasses,pulley,1.0,2.0,2.0,1.0,1.0,1.0,,1.3333333333333333,0.4714045207910317,4,1,2.5,1.5,1.9166666666666665
1605,4,58,Glasses,pulley,1.0,1.0,1.0,1.0,1.0,1.0,,1.0,0.0,4,1,2.5,1.5,1.75
1606,5,78,Glasses,pulley,2.0,1.0,1.0,1.0,1.0,1.0,,1.1666666666666667,0.3726779962499649,4,1,2.5,1.5,1.8333333333333335
1607,20,411,Crystal ball - Person Outline,pulley,2.0,3.0,1.0,2.0,2.0,1.0,,1.8333333333333333,0.6871842709362768,5,1,3.0,2.0,2.4166666666666665
1608,39,889,Clubs symbol - Ice cream,pulley,1.0,2.0,1.0,1.0,1.0,1.0,,1.1666666666666667,0.3726779962499649,1,1,1.0,0.0,1.0833333333333335
1609,47,1120,Computer Mouse,pulley,2.0,2.0,2.0,1.0,1.0,1.0,,1.5,0.5,1,1,1.0,0.0,1.25
1610,20,1541,Crystal ball - Person Outline,pulley hook,1.0,1.0,2.0,1.0,3.0,,,1.6,0.8,3,2,2.5,0.5,2.05
1611,39,1711,Clubs symbol - Ice cream,pulley system,1.0,1.0,1.0,1.0,3.0,,,1.4,0.8,3,3,3.0,0.0,2.2
1612,44,1033,Computer Mouse,pumpkin,2.0,1.0,4.0,1.0,2.0,2.0,,2.0,1.0,2,3,2.5,0.5,2.25
1613,19,374,Computer Mouse,purse,1.0,1.0,1.0,1.0,1.0,2.0,,1.1666666666666667,0.3726779962499649,1,1,1.0,0.0,1.0833333333333335
1614,31,1648,Balloon,push pin,3.0,1.0,2.0,2.0,,,,2.0,0.7071067811865476,4,4,4.0,0.0,3.0
1615,55,1843,Yield Sign - Martini Glass,pushpin,2.0,2.0,1.0,1.0,4.0,,,2.0,1.0954451150103321,2,5,3.5,1.5,2.75
1616,34,116,Bow tie - Owl,quantum anchor,1.0,2.0,1.0,2.0,1.0,,,1.4,0.4898979485566356,1,1,1.0,0.0,1.2
1617,12,199,Goblet,question mark,1.0,1.0,1.0,1.0,1.0,1.0,,1.0,0.0,1,1,1.0,0.0,1.0
1618,43,991,Mouse,question mark,1.0,1.0,1.0,1.0,1.0,,,1.0,0.0,1,1,1.0,0.0,1.0
1619,43,1739,Mouse,question mark,1.0,2.0,1.0,1.0,1.0,,,1.2,0.4000000000000001,1,1,1.0,0.0,1.1
1620,43,1746,Mouse,question mark,1.0,1.0,1.0,1.0,1.0,,,1.0,0.0,1,1,1.0,0.0,1.0
1621,44,1909,Computer Mouse,question mark,1.0,1.0,1.0,1.0,,,,1.0,0.0,1,1,1.0,0.0,1.0
1622,44,1034,Computer Mouse,question mrk,1.0,1.0,1.0,1.0,1.0,1.0,,1.0,0.0,1,1,1.0,0.0,1.0
1623,9,27,Butterfly,rabbit,1.0,1.0,1.0,2.0,2.0,,,1.4,0.4898979485566356,1,1,1.0,0.0,1.2
1624,55,190,Yield Sign - Martini Glass,radiation symbol,1.0,1.0,2.0,1.0,1.0,,,1.2,0.4,1,1,1.0,0.0,1.1
1625,50,1797,Stick Figure,radio tower,1.0,3.0,1.0,1.0,1.0,1.0,,1.3333333333333333,0.74535599249993,1,1,1.0,0.0,1.1666666666666665
1626,27,598,Door,rail tracks,1.0,1.0,1.0,2.0,1.0,1.0,,1.1666666666666667,0.3726779962499649,1,1,1.0,0.0,1.0833333333333335
1627,57,1326,Hourglass,railroad crossing,1.0,1.0,3.0,1.0,1.0,1.0,1.0,1.2857142857142858,0.6998542122237652,3,1,2.0,1.0,1.6428571428571428
1628,7,109,Pine Tree,railroad track,2.0,1.0,1.0,2.0,1.0,2.0,,1.5,0.5,1,2,1.5,0.5,1.5
1629,11,178,Comb - Pitchfork,rake,2.0,4.0,5.0,2.0,2.0,5.0,5.0,3.5714285714285716,1.3997084244475304,5,4,4.5,0.5,4.035714285714286
1630,24,525,Chair,rake,1.0,1.0,1.0,1.0,1.0,1.0,,1.0,0.0,1,2,1.5,0.5,1.25
1631,36,810,Broom,rake,4.0,3.0,2.0,2.0,1.0,2.0,,2.3333333333333335,0.9428090415820634,5,3,4.0,1.0,3.166666666666667
1632,36,811,Broom,rake,4.0,4.0,3.0,1.0,3.0,4.0,,3.1666666666666665,1.0671873729054748,5,4,4.5,0.5,3.833333333333333
1633,22,1556,Fish,record player,1.0,1.0,1.0,1.0,1.0,,,1.0,0.0,2,2,2.0,0.0,1.5
1634,22,474,Fish,rectangle,1.0,1.0,1.0,1.0,1.0,1.0,,1.0,0.0,1,1,1.0,0.0,1.0
1635,24,526,Chair,rectangle,1.0,1.0,1.0,1.0,1.0,1.0,,1.0,0.0,1,1,1.0,0.0,1.0
1636,27,599,Door,rectangle,4.0,4.0,4.0,5.0,2.0,2.0,,3.5,1.118033988749895,1,1,1.0,0.0,2.25
1637,40,1721,Mug,rectangle,2.0,1.0,3.0,2.0,3.0,,,2.2,0.7483314773547882,1,1,1.0,0.0,1.6
1638,56,1857,Clock,registered symbol,1.0,1.0,1.0,1.0,1.0,,,1.0,0.0,1,1,1.0,0.0,1.0
1639,56,1312,Clock,registered trademark,1.0,4.0,2.0,1.0,1.0,2.0,,1.8333333333333333,1.0671873729054748,1,1,1.0,0.0,1.4166666666666665
1640,18,348,Ice cream,revolver,1.0,1.0,1.0,1.0,1.0,1.0,,1.0,0.0,1,1,1.0,0.0,1.0
1641,22,475,Fish,rewind button,1.0,1.0,1.0,1.0,1.0,3.0,,1.3333333333333333,0.7453559924999299,1,1,1.0,0.0,1.1666666666666665
1642,59,1362,Pine tree,rhombus,1.0,1.0,1.0,1.0,3.0,1.0,,1.3333333333333333,0.7453559924999299,1,1,1.0,0.0,1.1666666666666665
1643,28,618,Glasses,ribbon,1.0,1.0,1.0,1.0,1.0,1.0,,1.0,0.0,1,1,1.0,0.0,1.0
1644,18,1510,Ice cream,ribbon award,2.0,1.0,1.0,1.0,1.0,,,1.2,0.4000000000000001,2,3,2.5,0.5,1.85
1645,20,412,Crystal ball - Person Outline,ring,4.0,1.0,2.0,4.0,2.0,2.0,,2.5,1.118033988749895,5,2,3.5,1.5,3.0
1646,29,641,Shovel,road,1.0,1.0,1.0,1.0,1.0,1.0,,1.0,0.0,1,1,1.0,0.0,1.0
1647,41,949,Mug,road,1.0,1.0,1.0,1.0,1.0,1.0,,1.0,0.0,1,1,1.0,0.0,1.0
1648,55,1847,Yield Sign - Martini Glass,road sign,4.0,3.0,5.0,4.0,4.0,,,4.0,0.6324555320336759,5,5,5.0,0.0,4.5
1649,59,1879,Pine tree,road sign,5.0,4.0,2.0,5.0,2.0,,,3.6,1.3564659966250536,5,5,5.0,0.0,4.3
1650,51,1210,Television,robot arm,1.0,1.0,1.0,1.0,1.0,,,1.0,0.0,1,1,1.0,0.0,1.0
1651,24,527,Chair,robot claw,1.0,3.0,5.0,1.0,1.0,1.0,,2.0,1.5275252316519468,2,2,2.0,0.0,2.0
1652,59,1363,Pine tree,rocket,2.0,3.0,1.0,4.0,3.0,2.0,,2.5,0.9574271077563381,1,2,1.5,0.5,2.0
1653,7,110,Pine Tree,rocket exhaust,2.0,1.0,2.0,4.0,2.0,2.0,,2.1666666666666665,0.8975274678557507,2,5,3.5,1.5,2.833333333333333
1654,49,173,Heart,rocket ship,1.0,1.0,1.0,2.0,1.0,,,1.2,0.4,1,1,1.0,0.0,1.1
1655,2,4,Ladder,roman numeral,1.0,1.0,1.0,1.0,1.0,,,1.0,0.0,1,1,1.0,0.0,1.0
1656,60,1377,House,roof,2.0,3.0,1.0,2.0,4.0,3.0,,2.5,0.9574271077563381,4,3,3.5,0.5,3.0
1657,56,193,Clock,roof gable,1.0,2.0,1.0,1.0,1.0,1.0,,1.1666666666666667,0.3726779962499649,1,1,1.0,0.0,1.0833333333333335
1658,36,812,Broom,roof shape,2.0,3.0,1.0,5.0,2.0,1.0,,2.3333333333333335,1.3743685418725535,1,3,2.0,1.0,2.166666666666667
1659,11,1454,Comb - Pitchfork,rotated table,1.0,1.0,1.0,1.0,1.0,,,1.0,0.0,1,1,1.0,0.0,1.0
1660,57,198,Hourglass,rotated x,2.0,3.0,2.0,1.0,2.0,,,2.0,0.6324555320336759,1,1,1.0,0.0,1.5
1661,6,13,Glasses,round glasses,4.0,4.0,3.0,3.0,4.0,,,3.6,0.4898979485566356,5,5,5.0,0.0,4.3
1662,43,992,Mouse,royal scepter,1.0,2.0,1.0,1.0,1.0,1.0,,1.1666666666666667,0.3726779962499649,1,1,1.0,0.0,1.0833333333333335
1663,51,1808,Television,running man,1.0,3.0,1.0,1.0,,,,1.5,0.8660254037844386,1,1,1.0,0.0,1.25
1664,19,375,Computer Mouse,s-hook,1.0,2.0,1.0,2.0,1.0,2.0,,1.5,0.5,1,1,1.0,0.0,1.25
1665,49,1786,Heart,sad face,1.0,1.0,1.0,1.0,1.0,,,1.0,0.0,1,1,1.0,0.0,1.0
1666,19,60,Computer Mouse,safety pin,2.0,1.0,1.0,1.0,1.0,,,1.2,0.4000000000000001,1,1,1.0,0.0,1.1
1667,18,349,Ice cream,sailboat,1.0,1.0,1.0,1.0,2.0,1.0,,1.1666666666666667,0.37267799624996495,1,1,1.0,0.0,1.0833333333333335
1668,26,574,Flag,sailboat,3.0,1.0,1.0,2.0,1.0,2.0,,1.6666666666666667,0.74535599249993,1,1,1.0,0.0,1.3333333333333335
1669,29,92,Shovel,sailboat,1.0,1.0,1.0,4.0,1.0,4.0,,2.0,1.4142135623730951,1,2,1.5,0.5,1.75
1670,53,1254,Sailboat,sailboat,5.0,5.0,5.0,4.0,5.0,5.0,,4.833333333333333,0.37267799624996495,5,5,5.0,0.0,4.916666666666666
1671,59,1364,Pine tree,sailboat,2.0,3.0,1.0,2.0,1.0,1.0,,1.6666666666666667,0.74535599249993,2,1,1.5,0.5,1.5833333333333335
1672,43,993,Mouse,saxophone,1.0,1.0,1.0,1.0,1.0,1.0,1.0,1.0,0.0,1,1,1.0,0.0,1.0
1673,43,1744,Mouse,saxophone key,1.0,3.0,1.0,1.0,1.0,,,1.4,0.8000000000000002,1,1,1.0,0.0,1.2
1674,44,1751,Computer Mouse,saxophone key,1.0,1.0,1.0,1.0,1.0,2.0,,1.1666666666666667,0.3726779962499649,1,1,1.0,0.0,1.0833333333333335
1675,1,3,Ladder,scaffolding tower,2.0,2.0,1.0,3.0,4.0,,,2.4,1.019803902718557,4,5,4.5,0.5,3.45
1676,3,5,Glasses,scale hourglass,1.0,2.0,3.0,1.0,1.0,,,1.6,0.8,1,1,1.0,0.0,1.3
1677,8,22,Butterfly,scarab beetle,3.0,2.0,2.0,2.0,,,,2.25,0.4330127018922193,2,4,3.0,1.0,2.625
1678,32,717,Goblet,scarecrow,1.0,1.0,1.0,1.0,1.0,1.0,1.0,1.0,0.0,1,1,1.0,0.0,1.0
1679,57,1870,Hourglass,scissor jack,3.0,1.0,3.0,4.0,1.0,,,2.4,1.2,5,5,5.0,0.0,3.7
1680,5,79,Glasses,scissors,2.0,2.0,1.0,1.0,1.0,1.0,,1.3333333333333333,0.47140452079103173,1,1,1.0,0.0,1.1666666666666665
1681,19,376,Computer Mouse,scissors,1.0,1.0,1.0,1.0,1.0,1.0,,1.0,0.0,1,1,1.0,0.0,1.0
1682,34,772,Bow tie - Owl,scissors,4.0,4.0,2.0,5.0,5.0,4.0,,4.0,1.0,5,5,5.0,0.0,4.5
1683,35,794,Bow tie - Owl,scissors,3.0,4.0,3.0,5.0,2.0,4.0,,3.5,0.9574271077563381,5,5,5.0,0.0,4.25
1684,39,890,Clubs symbol - Ice cream,scissors,2.0,1.0,1.0,1.0,2.0,2.0,,1.5,0.5,1,1,1.0,0.0,1.25
1685,47,1121,Computer Mouse,scissors,1.0,1.0,1.0,1.0,1.0,1.0,,1.0,0.0,1,1,1.0,0.0,1.0
1686,49,1173,Heart,scissors,1.0,2.0,2.0,1.0,1.0,1.0,,1.3333333333333333,0.4714045207910317,1,1,1.0,0.0,1.1666666666666665
1687,57,1327,Hourglass,scissors,1.0,2.0,1.0,2.0,2.0,1.0,,1.5,0.5,1,1,1.0,0.0,1.25
1688,37,123,Clubs symbol,scissors closed,2.0,1.0,1.0,1.0,1.0,,,1.2,0.4000000000000001,1,1,1.0,0.0,1.1
1689,14,43,Computer Mouse,scoop handle,1.0,1.0,1.0,1.0,2.0,1.0,,1.1666666666666667,0.37267799624996495,1,3,2.0,1.0,1.5833333333333335
1690,23,495,Lollipop,sculpture,3.0,2.0,1.0,1.0,2.0,1.0,,1.6666666666666667,0.74535599249993,1,1,1.0,0.0,1.3333333333333335
1691,45,1757,Clock,seated person,1.0,3.0,1.0,1.0,1.0,,,1.4,0.8000000000000002,1,1,1.0,0.0,1.2
1692,41,950,Mug,semi circle,1.0,1.0,1.0,1.0,1.0,1.0,,1.0,0.0,1,1,1.0,0.0,1.0
1693,14,255,Computer Mouse,semi-circle,2.0,1.0,2.0,2.0,1.0,1.0,,1.5,0.5,1,1,1.0,0.0,1.25
1694,12,200,Goblet,semicircle,1.0,3.0,2.0,1.0,2.0,1.0,,1.6666666666666667,0.74535599249993,1,1,1.0,0.0,1.3333333333333335
1695,33,747,Plunger,semicircle,2.0,4.0,1.0,1.0,1.0,1.0,,1.6666666666666667,1.1055415967851332,1,1,1.0,0.0,1.3333333333333335
1696,12,37,Goblet,serif y,1.0,1.0,2.0,1.0,2.0,,,1.4,0.4898979485566356,1,1,1.0,0.0,1.2
1697,33,1664,Plunger,service bell,4.0,4.0,4.0,5.0,2.0,,,3.8,0.9797958971132712,3,5,4.0,1.0,3.9
1698,6,103,Glasses,shades,2.0,3.0,1.0,3.0,2.0,3.0,,2.3333333333333335,0.7453559924999298,5,4,4.5,0.5,3.416666666666667
1699,38,865,Clubs symbol - Ice cream,shamrock,2.0,1.0,1.0,3.0,3.0,1.0,,1.8333333333333333,0.8975274678557508,2,2,2.0,0.0,1.9166666666666665
1700,46,163,Lightbulb - Ice Cream,shattered pact,1.0,1.0,1.0,1.0,1.0,1.0,,1.0,0.0,1,1,1.0,0.0,1.0
1701,16,289,Ice cream,shelf bracket,1.0,1.0,1.0,2.0,1.0,1.0,,1.1666666666666667,0.3726779962499649,1,2,1.5,0.5,1.3333333333333335
1702,17,319,Ice cream,shelf bracket,4.0,1.0,1.0,1.0,1.0,,,1.6,1.2000000000000002,2,2,2.0,0.0,1.8
1703,25,1576,Chair,shelf bracket,2.0,3.0,1.0,5.0,2.0,,,2.6,1.3564659966250536,1,3,2.0,1.0,2.3
1704,52,1811,Letter F,shelf bracket,2.0,2.0,1.0,1.0,4.0,,,2.0,1.0954451150103321,1,2,1.5,0.5,1.75
1705,59,204,Pine tree,shelf bracket,1.0,2.0,1.0,1.0,2.0,,,1.4,0.4898979485566356,2,1,1.5,0.5,1.45
1706,15,270,House,shield,2.0,4.0,1.0,2.0,2.0,2.0,,2.1666666666666665,0.8975274678557507,2,3,2.5,0.5,2.333333333333333
1707,16,290,Ice cream,shield,1.0,2.0,1.0,1.0,1.0,2.0,,1.3333333333333333,0.4714045207910317,1,3,2.0,1.0,1.6666666666666665
1708,17,320,Ice cream,shield,1.0,1.0,2.0,1.0,2.0,2.0,,1.5,0.5,1,4,2.5,1.5,2.0
1709,18,350,Ice cream,shield,1.0,1.0,1.0,1.0,2.0,2.0,,1.3333333333333333,0.4714045207910317,1,3,2.0,1.0,1.6666666666666665
1710,18,1508,Ice cream,ship flag,1.0,1.0,1.0,1.0,,,,1.0,0.0,1,1,1.0,0.0,1.0
1711,59,1365,Pine tree,ship sail,2.0,2.0,1.0,1.0,1.0,2.0,,1.5,0.5,3,2,2.5,0.5,2.0
1712,27,1606,Door,shopping cart,1.0,2.0,1.0,1.0,,,,1.25,0.4330127018922193,1,2,1.5,0.5,1.375
1713,40,1718,Mug,shopping cart,1.0,1.0,1.0,1.0,1.0,,,1.0,0.0,2,3,2.5,0.5,1.75
1714,41,951,Mug,shopping cart,1.0,1.0,1.0,1.0,2.0,,,1.2,0.4,1,3,2.0,1.0,1.6
1715,12,201,Goblet,shovel,2.0,2.0,3.0,2.0,3.0,4.0,2.0,2.5714285714285716,0.7284313590846836,5,4,4.5,0.5,3.5357142857142856
1716,13,225,Goblet,shovel,3.0,1.0,2.0,2.0,3.0,2.0,,2.1666666666666665,0.6871842709362768,5,4,4.5,0.5,3.333333333333333
1717,29,642,Shovel,shovel,2.0,5.0,5.0,4.0,4.0,2.0,,3.6666666666666665,1.247219128924647,5,5,5.0,0.0,4.333333333333333
1718,30,673,Fish bones,shovel,2.0,2.0,2.0,1.0,2.0,1.0,,1.6666666666666667,0.4714045207910317,2,2,2.0,0.0,1.8333333333333335
1719,33,748,Plunger,shovel,2.0,4.0,4.0,5.0,4.0,3.0,,3.6666666666666665,0.9428090415820634,4,4,4.0,0.0,3.833333333333333
1720,55,1289,Yield Sign - Martini Glass,shovel,1.0,1.0,1.0,4.0,2.0,,,1.8,1.1661903789690602,4,4,4.0,0.0,2.9
1721,40,1716,Mug,side chair,1.0,2.0,1.0,1.0,3.0,,,1.6,0.8,2,2,2.0,0.0,1.8
1722,2,12,Ladder,sideways H,1.0,1.0,2.0,2.0,1.0,3.0,,1.6666666666666667,0.7453559924999299,1,1,1.0,0.0,1.3333333333333335
1723,52,1812,Letter F,sideways T,1.0,1.0,1.0,2.0,,,,1.25,0.4330127018922193,1,1,1.0,0.0,1.125
1724,21,1550,Crystal ball - Person Outline,sideways headphones,1.0,1.0,1.0,1.0,1.0,,,1.0,0.0,1,1,1.0,0.0,1.0
1725,2,1385,Ladder,sideways ladder,2.0,5.0,4.0,2.0,1.0,,,2.8,1.469693845669907,4,2,3.0,1.0,2.9
1726,40,920,Mug,sideways lock,1.0,4.0,4.0,2.0,3.0,1.0,,2.5,1.2583057392117916,1,2,1.5,0.5,2.0
1727,13,226,Goblet,sign,2.0,1.0,1.0,1.0,1.0,1.0,,1.1666666666666667,0.3726779962499649,1,1,1.0,0.0,1.0833333333333335
1728,56,1313,Clock,sign,3.0,1.0,1.0,1.0,1.0,1.0,,1.3333333333333333,0.74535599249993,1,1,1.0,0.0,1.1666666666666665
1729,26,1586,Flag,signpost,1.0,4.0,4.0,4.0,,,,3.25,1.299038105676658,5,3,4.0,1.0,3.625
1730,48,1147,Letter T,signpost,4.0,4.0,3.0,2.0,5.0,1.0,,3.1666666666666665,1.3437096247164249,1,3,2.0,1.0,2.583333333333333
1731,52,1232,Letter F,signpost,2.0,2.0,4.0,1.0,3.0,2.0,,2.3333333333333335,0.9428090415820634,1,2,1.5,0.5,1.9166666666666667
1732,45,1759,Clock,sitting person,1.0,1.0,1.0,1.0,1.0,,,1.0,0.0,1,1,1.0,0.0,1.0
1733,54,188,Music Note,sixteenth note,2.0,5.0,4.0,3.0,1.0,,,3.0,1.4142135623730951,5,5,5.0,0.0,4.0
1734,12,202,Goblet,skeleton key,1.0,1.0,1.0,1.0,1.0,1.0,,1.0,0.0,1,1,1.0,0.0,1.0
1735,13,227,Goblet,skeleton key,1.0,4.0,1.0,1.0,1.0,1.0,1.0,1.4285714285714286,1.0497813183356477,1,1,1.0,0.0,1.2142857142857144
1736,19,1527,Computer Mouse,skeleton key,1.0,1.0,1.0,1.0,1.0,,,1.0,0.0,1,1,1.0,0.0,1.0
1737,21,67,Crystal ball - Person Outline,skeleton key,1.0,1.0,1.0,2.0,1.0,,,1.2,0.4,1,1,1.0,0.0,1.1
1738,30,1640,Fish bones,skeleton key,3.0,2.0,4.0,2.0,,,,2.75,0.82915619758885,3,2,2.5,0.5,2.625
1739,32,106,Goblet,skeleton key,1.0,1.0,1.0,3.0,1.0,,,1.4,0.8,1,2,1.5,0.5,1.45
1740,54,1831,Music Note,skeleton key,3.0,4.0,1.0,4.0,,,,3.0,1.224744871391589,3,5,4.0,1.0,3.5
1741,7,111,Pine Tree,skewered chevron,2.0,4.0,3.0,4.0,4.0,4.0,1.0,3.142857142857143,1.124858267715973,5,1,3.0,2.0,3.071428571428571
1742,57,196,Hourglass,ski jump,1.0,1.0,1.0,1.0,,,,1.0,0.0,1,1,1.0,0.0,1.0
1743,19,1525,Computer Mouse,sled,1.0,1.0,1.0,2.0,1.0,,,1.2,0.4,2,4,3.0,1.0,2.1
1744,48,1781,Letter T,sledge hammer,3.0,4.0,4.0,3.0,1.0,,,3.0,1.0954451150103321,4,3,3.5,0.5,3.25
1745,48,170,Letter T,sledgehammer,1.0,1.0,1.0,1.0,1.0,,,1.0,0.0,2,4,3.0,1.0,2.0
1746,56,1314,Clock,sliced pie,2.0,2.0,3.0,4.0,5.0,2.0,5.0,3.2857142857142856,1.2777531299998797,4,5,4.5,0.5,3.892857142857143
1747,17,1507,Ice cream,slingshot,1.0,1.0,1.0,1.0,2.0,3.0,,1.5,0.7637626158259734,2,4,3.0,1.0,2.25
1748,26,1901,Flag,slingshot,1.0,1.0,1.0,5.0,2.0,,,2.0,1.5491933384829668,1,1,1.0,0.0,1.5
1749,50,1189,Stick Figure,slingshot,1.0,1.0,1.0,1.0,1.0,1.0,,1.0,0.0,1,1,1.0,0.0,1.0
1750,17,321,Ice cream,slingshot frame,3.0,1.0,2.0,1.0,3.0,1.0,,1.8333333333333333,0.8975274678557508,5,3,4.0,1.0,2.9166666666666665
1751,36,1687,Broom,slingshot frame,2.0,2.0,3.0,2.0,1.0,,,2.0,0.6324555320336759,3,3,3.0,0.0,2.5
1752,36,813,Broom,slingshot handle,2.0,2.0,1.0,1.0,1.0,4.0,,1.8333333333333333,1.0671873729054748,1,3,2.0,1.0,1.9166666666666665
1753,50,1802,Stick Figure,slingshot upside down,1.0,1.0,1.0,1.0,1.0,,,1.0,0.0,1,1,1.0,0.0,1.0
1754,39,891,Clubs symbol - Ice cream,small circles,3.0,2.0,2.0,3.0,4.0,2.0,,2.6666666666666665,0.7453559924999299,1,1,1.0,0.0,1.8333333333333333
1755,44,1036,Computer Mouse,small kite,3.0,2.0,1.0,1.0,3.0,2.0,,2.0,0.816496580927726,2,1,1.5,0.5,1.75
1756,19,1521,Computer Mouse,smash ball,2.0,3.0,1.0,1.0,1.0,,,1.6,0.8,1,3,2.0,1.0,1.8
1757,38,866,Clubs symbol - Ice cream,smiley face,1.0,1.0,1.0,1.0,1.0,1.0,,1.0,0.0,1,1,1.0,0.0,1.0
1758,19,1519,Computer Mouse,smoking face,1.0,2.0,2.0,1.0,1.0,1.0,,1.3333333333333333,0.4714045207910317,1,2,1.5,0.5,1.4166666666666665
1759,44,1037,Computer Mouse,smoking pipe,3.0,1.0,1.0,1.0,1.0,1.0,,1.3333333333333333,0.74535599249993,1,2,1.5,0.5,1.4166666666666665
1760,54,1277,Music Note,smoking pipe,1.0,1.0,1.0,2.0,1.0,1.0,,1.1666666666666667,0.3726779962499649,3,1,2.0,1.0,1.5833333333333335
1761,6,104,Glasses,snail,1.0,1.0,1.0,1.0,1.0,1.0,,1.0,0.0,1,5,3.0,2.0,2.0
1762,21,1551,Crystal ball - Person Outline,snail,2.0,1.0,4.0,1.0,,,,2.0,1.224744871391589,1,1,1.0,0.0,1.5
1763,47,1122,Computer Mouse,snail,1.0,1.0,1.0,1.0,2.0,1.0,,1.1666666666666667,0.37267799624996495,1,1,1.0,0.0,1.0833333333333335
1764,47,1772,Computer Mouse,snail shell,1.0,1.0,2.0,4.0,1.0,1.0,,1.6666666666666667,1.1055415967851332,1,1,1.0,0.0,1.3333333333333335
1765,43,994,Mouse,snake,4.0,2.0,1.0,2.0,1.0,1.0,,1.8333333333333333,1.0671873729054748,1,1,1.0,0.0,1.4166666666666665
1766,44,1038,Computer Mouse,snake,2.0,1.0,1.0,2.0,2.0,2.0,2.0,1.7142857142857142,0.45175395145262565,1,1,1.0,0.0,1.3571428571428572
1767,43,1743,Mouse,snake charmer,3.0,1.0,3.0,1.0,1.0,,,1.8,0.9797958971132713,5,1,3.0,2.0,2.4
1768,43,996,Mouse,snake donut,1.0,1.0,2.0,2.0,1.0,2.0,,1.5,0.5,1,1,1.0,0.0,1.25
1769,47,1773,Computer Mouse,snake eye,1.0,2.0,1.0,1.0,1.0,,,1.2,0.4000000000000001,1,1,1.0,0.0,1.1
1770,17,49,Ice cream,snake tongue,2.0,1.0,1.0,2.0,3.0,,,1.8,0.7483314773547883,1,1,1.0,0.0,1.4
1771,23,73,Lollipop,snake vase,2.0,2.0,1.0,1.0,1.0,,,1.4,0.4898979485566356,1,1,1.0,0.0,1.2
1772,16,291,Ice cream,sno-cone,5.0,4.0,5.0,5.0,5.0,5.0,,4.833333333333333,0.372677996249965,5,5,5.0,0.0,4.916666666666666
1773,53,1824,Sailboat,snow globe,1.0,1.0,1.0,1.0,1.0,,,1.0,0.0,1,1,1.0,0.0,1.0
1774,37,849,Clubs symbol,snow man,1.0,2.0,1.0,1.0,2.0,1.0,1.0,1.2857142857142858,0.45175395145262565,1,1,1.0,0.0,1.1428571428571428
1775,17,322,Ice cream,snowcone,4.0,4.0,5.0,5.0,5.0,5.0,,4.666666666666667,0.4714045207910317,5,5,5.0,0.0,4.833333333333334
1776,6,105,Glasses,snowman,1.0,1.0,1.0,1.0,1.0,1.0,,1.0,0.0,1,1,1.0,0.0,1.0
1777,20,414,Crystal ball - Person Outline,snowman,4.0,5.0,2.0,3.0,2.0,2.0,,3.0,1.1547005383792515,2,3,2.5,0.5,2.75
1778,21,440,Crystal ball - Person Outline,snowman,2.0,4.0,2.0,2.0,1.0,2.0,,2.1666666666666665,0.8975274678557507,3,3,3.0,0.0,2.583333333333333
1779,31,691,Balloon,snowman,1.0,2.0,3.0,1.0,1.0,1.0,,1.5,0.7637626158259734,1,2,1.5,0.5,1.5
1780,37,1690,Clubs symbol,snowman,1.0,1.0,1.0,1.0,1.0,1.0,,1.0,0.0,1,1,1.0,0.0,1.0
1781,38,867,Clubs symbol - Ice cream,snowman,1.0,2.0,2.0,1.0,1.0,1.0,,1.3333333333333333,0.4714045207910317,1,1,1.0,0.0,1.1666666666666665
1782,39,892,Clubs symbol - Ice cream,snowman,2.0,1.0,1.0,1.0,1.0,,,1.2,0.4000000000000001,1,1,1.0,0.0,1.1
1783,46,1092,Lightbulb - Ice Cream,snowman,1.0,1.0,2.0,1.0,1.0,1.0,,1.1666666666666667,0.3726779962499649,1,1,1.0,0.0,1.0833333333333335
1784,38,1698,Clubs symbol - Ice cream,snowman face,1.0,1.0,1.0,1.0,1.0,,,1.0,0.0,1,3,2.0,1.0,1.5
1785,44,1750,Computer Mouse,soup bowl,2.0,1.0,1.0,2.0,1.0,,,1.4,0.4898979485566356,3,2,2.5,0.5,1.95
1786,19,1518,Computer Mouse,southeast direction,2.0,1.0,2.0,1.0,1.0,,,1.4,0.4898979485566356,1,1,1.0,0.0,1.2
1787,19,59,Computer Mouse,spacer bar,1.0,1.0,1.0,1.0,1.0,,,1.0,0.0,1,1,1.0,0.0,1.0
1788,3,39,Glasses,spade,1.0,1.0,1.0,1.0,1.0,1.0,,1.0,0.0,1,1,1.0,0.0,1.0
1789,29,643,Shovel,spade,2.0,3.0,4.0,5.0,2.0,2.0,,3.0,1.1547005383792515,5,5,5.0,0.0,4.0
1790,33,749,Plunger,spade,3.0,1.0,1.0,1.0,5.0,1.0,,2.0,1.5275252316519468,4,3,3.5,0.5,2.75
1791,34,773,Bow tie - Owl,spade,1.0,1.0,1.0,1.0,1.0,1.0,,1.0,0.0,1,1,1.0,0.0,1.0
1792,35,795,Bow tie - Owl,spade,1.0,1.0,1.0,1.0,1.0,1.0,,1.0,0.0,1,1,1.0,0.0,1.0
1793,46,1093,Lightbulb - Ice Cream,spade,1.0,1.0,1.0,1.0,2.0,,,1.2,0.4,1,3,2.0,1.0,1.6
1794,49,1789,Heart,spade,2.0,2.0,1.0,2.0,1.0,,,1.6,0.4898979485566356,1,1,1.0,0.0,1.3
1795,53,1255,Sailboat,spade,1.0,1.0,1.0,1.0,1.0,1.0,,1.0,0.0,1,1,1.0,0.0,1.0
1796,55,1290,Yield Sign - Martini Glass,spade,1.0,1.0,1.0,3.0,2.0,2.0,,1.6666666666666667,0.7453559924999299,4,3,3.5,0.5,2.5833333333333335
1797,35,1679,Bow tie - Owl,spade symbol,1.0,2.0,1.0,1.0,1.0,1.0,,1.1666666666666667,0.3726779962499649,1,1,1.0,0.0,1.0833333333333335
1798,46,1765,Lightbulb - Ice Cream,spade symbol,1.0,1.0,1.0,1.0,,,,1.0,0.0,2,3,2.5,0.5,1.75
1799,49,1788,Heart,spade symbol,1.0,1.0,1.0,1.0,1.0,,,1.0,0.0,1,1,1.0,0.0,1.0
1800,55,1848,Yield Sign - Martini Glass,spade symbol,1.0,1.0,1.0,1.0,1.0,1.0,,1.0,0.0,1,1,1.0,0.0,1.0
1801,32,718,Goblet,spatula,3.0,1.0,1.0,1.0,2.0,1.0,,1.5,0.7637626158259734,2,3,2.5,0.5,2.0
1802,31,692,Balloon,speaker,2.0,2.0,1.0,1.0,1.0,5.0,1.0,1.8571428571428572,1.355261854357877,1,1,1.0,0.0,1.4285714285714286
1803,22,476,Fish,speaker sign,2.0,5.0,1.0,3.0,2.0,3.0,2.0,2.5714285714285716,1.178030178747903,2,1,1.5,0.5,2.0357142857142856
1804,7,112,Pine Tree,spear,2.0,2.0,1.0,5.0,4.0,5.0,,3.1666666666666665,1.5723301886761005,5,3,4.0,1.0,3.583333333333333
1805,36,814,Broom,spearhead,1.0,1.0,2.0,2.0,1.0,1.0,,1.3333333333333333,0.4714045207910317,1,3,2.0,1.0,1.6666666666666665
1806,8,25,Butterfly,spectacle frame,1.0,1.0,1.0,1.0,1.0,,,1.0,0.0,1,1,1.0,0.0,1.0
1807,28,88,Glasses,spectacle temples,4.0,1.0,3.0,1.0,3.0,,,2.4,1.2000000000000002,2,3,2.5,0.5,2.45
1808,3,40,Glasses,spectacles,2.0,2.0,3.0,2.0,2.0,3.0,2.0,2.2857142857142856,0.45175395145262565,5,5,5.0,0.0,3.642857142857143
1809,4,59,Glasses,spectacles,1.0,3.0,1.0,2.0,1.0,1.0,,1.5,0.7637626158259734,5,4,4.5,0.5,3.0
1810,5,1411,Glasses,spectacles,2.0,5.0,2.0,2.0,3.0,2.0,,2.6666666666666665,1.1055415967851334,5,5,5.0,0.0,3.833333333333333
1811,6,12,Glasses,spectacles frame,5.0,1.0,3.0,3.0,4.0,,,3.2,1.32664991614216,5,5,5.0,0.0,4.1
1812,18,1509,Ice cream,speech balloon,1.0,1.0,1.0,1.0,2.0,2.0,,1.3333333333333333,0.4714045207910317,2,2,2.0,0.0,1.6666666666666665
1813,18,351,Ice cream,speech bubble,1.0,1.0,3.0,2.0,1.0,1.0,,1.5,0.7637626158259734,2,1,1.5,0.5,1.5
1814,20,415,Crystal ball - Person Outline,speech bubble,1.0,3.0,1.0,1.0,2.0,1.0,,1.5,0.7637626158259734,1,2,1.5,0.5,1.5
1815,22,477,Fish,speech bubble,3.0,2.0,2.0,2.0,3.0,1.0,,2.1666666666666665,0.6871842709362768,1,1,1.0,0.0,1.5833333333333333
1816,6,106,Glasses,spetacle,3.0,5.0,3.0,2.0,1.0,5.0,,3.1666666666666665,1.4624940645653537,5,4,4.5,0.5,3.833333333333333
1817,33,1660,Plunger,spiked helmet,2.0,2.0,1.0,1.0,2.0,,,1.6,0.4898979485566356,4,4,4.0,0.0,2.8
1818,7,113,Pine Tree,spire,3.0,2.0,2.0,4.0,1.0,1.0,,2.1666666666666665,1.0671873729054748,4,2,3.0,1.0,2.583333333333333
1819,33,1666,Plunger,spoon,5.0,1.0,2.0,3.0,1.0,,,2.4,1.4966629547095764,2,3,2.5,0.5,2.45
1820,43,997,Mouse,spoon,1.0,1.0,1.0,1.0,2.0,1.0,,1.1666666666666667,0.37267799624996495,1,1,1.0,0.0,1.0833333333333335
1821,33,110,Plunger,spoon cup,2.0,1.0,1.0,3.0,2.0,,,1.8,0.7483314773547883,1,4,2.5,1.5,2.15
1822,50,179,Stick Figure,sprouting seed,1.0,1.0,2.0,1.0,1.0,,,1.2,0.4,1,1,1.0,0.0,1.1
1823,10,158,Comb - Pitchfork,square,1.0,1.0,1.0,1.0,1.0,1.0,1.0,1.0,0.0,1,1,1.0,0.0,1.0
1824,15,271,House,square,1.0,1.0,1.0,1.0,1.0,2.0,1.0,1.1428571428571428,0.3499271061118826,1,1,1.0,0.0,1.0714285714285714
1825,15,272,House,square,2.0,1.0,1.0,1.0,1.0,1.0,,1.1666666666666667,0.3726779962499649,1,1,1.0,0.0,1.0833333333333335
1826,42,967,Window - Grid,square,5.0,5.0,4.0,5.0,2.0,4.0,,4.166666666666667,1.0671873729054748,1,2,1.5,0.5,2.8333333333333335
1827,48,1148,Letter T,square,1.0,1.0,1.0,1.0,1.0,1.0,,1.0,0.0,1,1,1.0,0.0,1.0
1828,41,952,Mug,square bulge,2.0,5.0,1.0,3.0,2.0,2.0,,2.5,1.2583057392117916,1,1,1.0,0.0,1.75
1829,60,206,House,square pyramid,2.0,1.0,4.0,2.0,,,,2.25,1.0897247358851685,1,1,1.0,0.0,1.625
1830,15,1491,House,square with a diamond in the middle,1.0,1.0,2.0,1.0,1.0,,,1.2,0.4,1,1,1.0,0.0,1.1
1831,1,3,Ladder,stacked H's,4.0,2.0,3.0,3.0,1.0,3.0,,2.6666666666666665,0.9428090415820634,1,1,1.0,0.0,1.8333333333333333
1832,39,1715,Clubs symbol - Ice cream,stacked symbol,1.0,3.0,1.0,1.0,4.0,2.0,,2.0,1.1547005383792515,1,1,1.0,0.0,1.5
1833,57,1330,Hourglass,stacked triangles,5.0,2.0,1.0,4.0,2.0,3.0,,2.8333333333333335,1.3437096247164249,1,1,1.0,0.0,1.9166666666666667
1834,38,125,Clubs symbol - Ice cream,stacking toy,1.0,2.0,3.0,1.0,,,,1.75,0.82915619758885,1,2,1.5,0.5,1.625
1835,23,496,Lollipop,staff,1.0,2.0,1.0,3.0,1.0,1.0,,1.5,0.7637626158259734,2,3,2.5,0.5,2.0
1836,2,13,Ladder,stairs,1.0,3.0,1.0,1.0,1.0,1.0,,1.3333333333333333,0.74535599249993,3,3,3.0,0.0,2.1666666666666665
1837,11,179,Comb - Pitchfork,stairs,1.0,1.0,1.0,1.0,1.0,1.0,,1.0,0.0,1,1,1.0,0.0,1.0
1838,55,1291,Yield Sign - Martini Glass,stand,3.0,1.0,2.0,2.0,3.0,2.0,,2.1666666666666665,0.6871842709362768,3,2,2.5,0.5,2.333333333333333
1839,23,1565,Lollipop,standing microphone,3.0,4.0,2.0,2.0,5.0,,,3.2,1.16619037896906,5,3,4.0,1.0,3.6
1840,24,1570,Chair,staple,2.0,2.0,1.0,1.0,1.0,,,1.4,0.4898979485566356,1,3,2.0,1.0,1.7
1841,41,953,Mug,staple gun,1.0,1.0,2.0,1.0,3.0,1.0,,1.5,0.7637626158259734,1,1,1.0,0.0,1.25
1842,27,602,Door,staple remover,1.0,1.0,1.0,2.0,1.0,1.0,,1.1666666666666667,0.3726779962499649,1,1,1.0,0.0,1.0833333333333335
1843,46,1094,Lightbulb - Ice Cream,staple remover,2.0,1.0,2.0,2.0,1.0,1.0,2.0,1.5714285714285714,0.4948716593053935,1,2,1.5,0.5,1.5357142857142856
1844,13,228,Goblet,stapler,1.0,1.0,1.0,1.0,1.0,1.0,,1.0,0.0,1,1,1.0,0.0,1.0
1845,27,87,Door,stapler frame,1.0,2.0,1.0,1.0,3.0,1.0,,1.5,0.7637626158259734,2,3,2.5,0.5,2.0
1846,41,137,Mug,stapler head,1.0,1.0,1.0,1.0,1.0,,,1.0,0.0,1,1,1.0,0.0,1.0
1847,7,114,Pine Tree,star,1.0,2.0,1.0,1.0,1.0,,,1.2,0.4000000000000001,1,1,1.0,0.0,1.1
1848,52,1234,Letter F,star,1.0,1.0,1.0,1.0,1.0,1.0,,1.0,0.0,1,1,1.0,0.0,1.0
1849,19,379,Computer Mouse,start line,1.0,1.0,2.0,3.0,1.0,1.0,,1.5,0.7637626158259734,1,1,1.0,0.0,1.25
1850,21,435,Crystal ball - Person Outline,statue,5.0,3.0,5.0,4.0,2.0,,,3.8,1.16619037896906,4,3,3.5,0.5,3.65
1851,49,174,Heart,steep curve,1.0,1.0,2.0,1.0,1.0,,,1.2,0.4,1,1,1.0,0.0,1.1
1852,6,1412,Glasses,steering wheel,1.0,1.0,1.0,1.0,1.0,,,1.0,0.0,1,1,1.0,0.0,1.0
1853,52,1235,Letter F,step stool,2.0,1.0,1.0,1.0,1.0,1.0,,1.1666666666666667,0.3726779962499649,1,1,1.0,0.0,1.0833333333333335
1854,43,998,Mouse,stethoscope,1.0,1.0,4.0,1.0,2.0,1.0,,1.6666666666666667,1.1055415967851332,1,1,1.0,0.0,1.3333333333333335
1855,44,1748,Computer Mouse,stethoscope,2.0,1.0,1.0,1.0,1.0,,,1.2,0.4000000000000001,2,2,2.0,0.0,1.6
1856,47,1124,Computer Mouse,stethoscope,1.0,1.0,4.0,2.0,2.0,3.0,,2.1666666666666665,1.0671873729054748,2,1,1.5,0.5,1.8333333333333333
1857,29,1625,Shovel,stethoscope symbol,1.0,1.0,1.0,3.0,2.0,,,1.6,0.8,2,1,1.5,0.5,1.55
1858,25,557,Chair,stick,1.0,1.0,1.0,1.0,1.0,1.0,,1.0,0.0,1,1,1.0,0.0,1.0
1859,7,115,Pine Tree,stick figure,1.0,1.0,5.0,1.0,3.0,,,2.2,1.6,1,1,1.0,0.0,1.6
1860,20,1539,Crystal ball - Person Outline,stick figure,1.0,2.0,1.0,1.0,1.0,,,1.2,0.4000000000000001,3,2,2.5,0.5,1.85
1861,22,478,Fish,stick figure,1.0,1.0,2.0,3.0,3.0,1.0,,1.8333333333333333,0.8975274678557508,1,1,1.0,0.0,1.4166666666666665
1862,26,1587,Flag,stick figure,1.0,1.0,1.0,3.0,3.0,1.0,,1.6666666666666667,0.9428090415820634,1,1,1.0,0.0,1.3333333333333335
1863,31,693,Balloon,stick figure,3.0,1.0,5.0,4.0,3.0,5.0,3.0,3.4285714285714284,1.2936264483053452,2,3,2.5,0.5,2.9642857142857144
1864,32,719,Goblet,stick figure,1.0,3.0,1.0,1.0,2.0,2.0,,1.6666666666666667,0.74535599249993,1,1,1.0,0.0,1.3333333333333335
1865,37,850,Clubs symbol,stick figure,1.0,1.0,1.0,2.0,2.0,1.0,,1.3333333333333333,0.4714045207910317,1,2,1.5,0.5,1.4166666666666665
1866,39,893,Clubs symbol - Ice cream,stick figure,2.0,1.0,1.0,1.0,2.0,1.0,,1.3333333333333333,0.4714045207910317,1,1,1.0,0.0,1.1666666666666665
1867,45,1755,Clock,stick figure,2.0,1.0,1.0,1.0,,,,1.25,0.4330127018922193,1,1,1.0,0.0,1.125
1868,50,1191,Stick Figure,stick figure,5.0,5.0,5.0,5.0,5.0,4.0,,4.833333333333333,0.37267799624996495,5,5,5.0,0.0,4.916666666666666
1869,51,1804,Television,stick figure,1.0,1.0,4.0,3.0,1.0,,,2.0,1.2649110640673518,1,1,1.0,0.0,1.5
1870,31,694,Balloon,stick person,3.0,2.0,5.0,4.0,3.0,3.0,,3.3333333333333335,0.9428090415820634,2,3,2.5,0.5,2.916666666666667
1871,50,1192,Stick Figure,stick person,5.0,5.0,5.0,5.0,5.0,5.0,,5.0,0.0,5,5,5.0,0.0,5.0
1872,50,1803,Stick Figure,stickfigure person,5.0,5.0,5.0,5.0,5.0,,,5.0,0.0,5,5,5.0,0.0,5.0
1873,50,1193,Stick Figure,stickman,5.0,5.0,5.0,5.0,5.0,5.0,,5.0,0.0,5,5,5.0,0.0,5.0
1874,4,60,Glasses,stingray,1.0,1.0,1.0,1.0,1.0,1.0,1.0,1.0,0.0,1,1,1.0,0.0,1.0
1875,16,47,Ice cream,stone arch,1.0,2.0,1.0,1.0,,,,1.25,0.4330127018922193,1,1,1.0,0.0,1.125
1876,9,26,Butterfly,stone archway,1.0,1.0,1.0,1.0,1.0,,,1.0,0.0,1,1,1.0,0.0,1.0
1877,29,644,Shovel,stool,1.0,4.0,1.0,2.0,1.0,2.0,1.0,1.7142857142857142,1.0301575072754257,1,2,1.5,0.5,1.6071428571428572
1878,20,62,Crystal ball - Person Outline,stop sign,1.0,1.0,1.0,2.0,1.0,,,1.2,0.4,1,2,1.5,0.5,1.35
1879,37,122,Clubs symbol,street lamp,1.0,2.0,2.0,3.0,3.0,,,2.2,0.7483314773547882,2,2,2.0,0.0,2.1
1880,23,498,Lollipop,streetlamp,3.0,4.0,2.0,2.0,3.0,2.0,,2.6666666666666665,0.7453559924999298,3,3,3.0,0.0,2.833333333333333
1881,9,138,Butterfly,stylized emblem,1.0,3.0,4.0,1.0,1.0,3.0,,2.1666666666666665,1.2133516482134197,1,1,1.0,0.0,1.5833333333333333
1882,39,1708,Clubs symbol - Ice cream,stylized person,1.0,2.0,1.0,1.0,2.0,,,1.4,0.4898979485566356,2,2,2.0,0.0,1.7
1883,22,72,Fish,subset symbol,4.0,1.0,1.0,1.0,1.0,,,1.6,1.2000000000000002,1,1,1.0,0.0,1.3
1884,43,999,Mouse,sucker,1.0,1.0,1.0,1.0,1.0,1.0,,1.0,0.0,1,1,1.0,0.0,1.0
1885,44,1040,Computer Mouse,sun glasses,1.0,1.0,1.0,1.0,1.0,1.0,,1.0,0.0,1,1,1.0,0.0,1.0
1886,6,15,Glasses,sunglasses,4.0,3.0,2.0,5.0,3.0,,,3.4,1.019803902718557,3,5,4.0,1.0,3.7
1887,14,256,Computer Mouse,sunglasses,1.0,1.0,1.0,5.0,1.0,3.0,1.0,1.8571428571428572,1.456862718169367,1,1,1.0,0.0,1.4285714285714286
1888,28,619,Glasses,sunglasses,4.0,4.0,4.0,4.0,3.0,3.0,,3.6666666666666665,0.4714045207910317,5,4,4.5,0.5,4.083333333333333
1889,44,1041,Computer Mouse,sunglasses,1.0,1.0,1.0,1.0,1.0,1.0,,1.0,0.0,1,1,1.0,0.0,1.0
1890,23,499,Lollipop,superman logo,1.0,2.0,2.0,2.0,3.0,1.0,,1.8333333333333333,0.6871842709362768,1,2,1.5,0.5,1.6666666666666665
1891,44,1042,Computer Mouse,swan,3.0,3.0,2.0,2.0,1.0,1.0,,2.0,0.816496580927726,1,1,1.0,0.0,1.5
1892,44,1752,Computer Mouse,swan neck,1.0,2.0,1.0,1.0,1.0,,,1.2,0.4000000000000001,1,1,1.0,0.0,1.1
1893,12,203,Goblet,swimming,1.0,1.0,1.0,1.0,1.0,1.0,,1.0,0.0,1,1,1.0,0.0,1.0
1894,43,145,Mouse,swing hook,2.0,1.0,1.0,1.0,1.0,,,1.2,0.4000000000000001,1,3,2.0,1.0,1.6
1895,53,1256,Sailboat,swing set,1.0,1.0,1.0,1.0,1.0,1.0,1.0,1.0,0.0,1,1,1.0,0.0,1.0
1896,44,1043,Computer Mouse,sword,1.0,1.0,1.0,1.0,1.0,1.0,1.0,1.0,0.0,1,1,1.0,0.0,1.0
1897,48,169,Letter T,t,5.0,5.0,5.0,5.0,5.0,,,5.0,0.0,5,5,5.0,0.0,5.0
1898,48,172,Letter T,t shape,5.0,5.0,5.0,5.0,5.0,5.0,,5.0,0.0,5,5,5.0,0.0,5.0
1899,56,1315,Clock,tabacco pipe,1.0,1.0,1.0,1.0,1.0,1.0,,1.0,0.0,1,1,1.0,0.0,1.0
1900,10,1449,Comb - Pitchfork,table,1.0,1.0,1.0,1.0,1.0,1.0,,1.0,0.0,1,1,1.0,0.0,1.0
1901,11,180,Comb - Pitchfork,table,1.0,1.0,2.0,1.0,1.0,1.0,,1.1666666666666667,0.3726779962499649,1,1,1.0,0.0,1.0833333333333335
1902,13,1470,Goblet,table,2.0,1.0,1.0,1.0,1.0,,,1.2,0.4000000000000001,2,4,3.0,1.0,2.1
1903,25,558,Chair,table,2.0,2.0,1.0,1.0,3.0,2.0,,1.8333333333333333,0.6871842709362768,1,3,2.0,1.0,1.9166666666666665
1904,29,1618,Shovel,table,2.0,2.0,1.0,3.0,1.0,,,1.8,0.7483314773547883,1,2,1.5,0.5,1.65
1905,32,720,Goblet,table,1.0,1.0,1.0,1.0,1.0,1.0,,1.0,0.0,1,3,2.0,1.0,1.5
1906,48,1150,Letter T,table,2.0,3.0,2.0,2.0,2.0,3.0,,2.3333333333333335,0.4714045207910317,3,3,3.0,0.0,2.666666666666667
1907,57,1331,Hourglass,table,1.0,1.0,1.0,2.0,2.0,1.0,,1.3333333333333333,0.4714045207910317,3,3,3.0,0.0,2.1666666666666665
1908,27,603,Door,table chair,1.0,2.0,1.0,1.0,1.0,1.0,,1.1666666666666667,0.3726779962499649,1,1,1.0,0.0,1.0833333333333335
1909,11,1455,Comb - Pitchfork,table fork,5.0,2.0,4.0,1.0,2.0,,,2.8,1.469693845669907,5,4,4.5,0.5,3.65
1910,40,1717,Mug,table frame,1.0,2.0,2.0,1.0,1.0,,,1.4,0.4898979485566356,1,3,2.0,1.0,1.7
1911,42,968,Window - Grid,table frame,1.0,2.0,2.0,1.0,5.0,1.0,,2.0,1.4142135623730951,1,1,1.0,0.0,1.5
1912,12,1460,Goblet,table lamp,1.0,3.0,1.0,4.0,1.0,,,2.0,1.2649110640673518,5,5,5.0,0.0,3.5
1913,13,1475,Goblet,table lamp,3.0,3.0,2.0,3.0,2.0,,,2.6,0.4898979485566356,5,5,5.0,0.0,3.8
1914,32,1906,Goblet,table lamp,2.0,3.0,1.0,4.0,3.0,,,2.6,1.019803902718557,5,5,5.0,0.0,3.8
1915,48,1783,Letter T,table lamp,1.0,1.0,1.0,2.0,1.0,,,1.2,0.4,1,3,2.0,1.0,1.6
1916,55,1850,Yield Sign - Martini Glass,table lamp,2.0,2.0,4.0,3.0,5.0,3.0,,3.1666666666666665,1.0671873729054748,3,4,3.5,0.5,3.333333333333333
1917,44,1044,Computer Mouse,tadpole,1.0,4.0,2.0,3.0,2.0,3.0,3.0,2.5714285714285716,0.9035079029052513,4,1,2.5,1.5,2.5357142857142856
1918,33,752,Plunger,tank turret,1.0,1.0,4.0,1.0,1.0,3.0,1.0,1.7142857142857142,1.1605769149479943,5,3,4.0,1.0,2.857142857142857
1919,19,381,Computer Mouse,tape dispenser,1.0,2.0,1.0,2.0,1.0,1.0,,1.3333333333333333,0.4714045207910317,2,1,1.5,0.5,1.4166666666666665
1920,57,1332,Hourglass,tape dispenser,1.0,1.0,1.0,4.0,1.0,1.0,,1.5,1.118033988749895,1,1,1.0,0.0,1.25
1921,45,1754,Clock,target,2.0,1.0,1.0,1.0,1.0,,,1.2,0.4000000000000001,1,2,1.5,0.5,1.35
1922,43,146,Mouse,target satellite,2.0,1.0,1.0,2.0,1.0,,,1.4,0.4898979485566356,1,1,1.0,0.0,1.2
1923,33,112,Plunger,teacup,1.0,1.0,1.0,1.0,1.0,,,1.0,0.0,1,1,1.0,0.0,1.0
1924,19,382,Computer Mouse,teapot,1.0,1.0,1.0,1.0,2.0,1.0,,1.1666666666666667,0.37267799624996495,1,1,1.0,0.0,1.0833333333333335
1925,19,383,Computer Mouse,teapot,2.0,1.0,1.0,1.0,1.0,,,1.2,0.4000000000000001,1,1,1.0,0.0,1.1
1926,47,1125,Computer Mouse,teapot,1.0,1.0,1.0,1.0,1.0,1.0,,1.0,0.0,1,1,1.0,0.0,1.0
1927,53,1826,Sailboat,teapot,1.0,1.0,1.0,1.0,1.0,1.0,,1.0,0.0,1,1,1.0,0.0,1.0
1928,20,1536,Crystal ball - Person Outline,teapot lid,1.0,1.0,2.0,2.0,1.0,,,1.4,0.4898979485566356,3,4,3.5,0.5,2.45
1929,13,229,Goblet,tear drop,1.0,1.0,1.0,1.0,1.0,2.0,,1.1666666666666667,0.3726779962499649,1,1,1.0,0.0,1.0833333333333335
1930,16,1496,Ice cream,teardrop,1.0,1.0,2.0,1.0,,,,1.25,0.4330127018922193,1,3,2.0,1.0,1.625
1931,17,51,Ice cream,teardrop,2.0,1.0,1.0,2.0,1.0,,,1.4,0.4898979485566356,1,2,1.5,0.5,1.45
1932,48,1151,Letter T,tee,5.0,1.0,2.0,1.0,3.0,5.0,,2.8333333333333335,1.674979270186815,5,3,4.0,1.0,3.416666666666667
1933,32,721,Goblet,teeball,1.0,1.0,1.0,1.0,1.0,2.0,,1.1666666666666667,0.3726779962499649,1,1,1.0,0.0,1.0833333333333335
1934,32,107,Goblet,teeter totter,1.0,1.0,1.0,1.0,1.0,,,1.0,0.0,1,1,1.0,0.0,1.0
1935,36,1682,Broom,telephone pole,1.0,4.0,1.0,1.0,1.0,,,1.6,1.2000000000000002,1,5,3.0,2.0,2.3
1936,51,1213,Television,television,5.0,4.0,5.0,4.0,5.0,4.0,,4.5,0.5,5,5,5.0,0.0,4.75
1937,60,1378,House,television,1.0,1.0,1.0,2.0,1.0,1.0,,1.1666666666666667,0.3726779962499649,1,1,1.0,0.0,1.0833333333333335
1938,7,116,Pine Tree,tent,1.0,1.0,1.0,1.0,1.0,3.0,,1.3333333333333333,0.7453559924999299,1,4,2.5,1.5,1.9166666666666665
1939,14,257,Computer Mouse,tent,1.0,2.0,1.0,1.0,1.0,1.0,,1.1666666666666667,0.3726779962499649,1,1,1.0,0.0,1.0833333333333335
1940,59,203,Pine tree,tent pole,4.0,1.0,1.0,1.0,2.0,,,1.8,1.1661903789690602,2,1,1.5,0.5,1.65
1941,16,48,Ice cream,tent shelter,2.0,2.0,1.0,1.0,,,,1.5,0.5,1,1,1.0,0.0,1.25
1942,7,117,Pine Tree,tetrahedron,1.0,1.0,1.0,1.0,1.0,2.0,,1.1666666666666667,0.3726779962499649,1,1,1.0,0.0,1.0833333333333335
1943,48,1153,Letter T,tetris block,5.0,4.0,1.0,5.0,1.0,2.0,,3.0,1.7320508075688772,4,4,4.0,0.0,3.5
1944,43,1001,Mouse,theta,1.0,2.0,1.0,1.0,4.0,1.0,,1.6666666666666667,1.1055415967851332,1,1,1.0,0.0,1.3333333333333335
1945,21,1546,Crystal ball - Person Outline,theta symbol,2.0,1.0,1.0,1.0,1.0,,,1.2,0.4000000000000001,1,1,1.0,0.0,1.1
1946,2,1388,Ladder,three-rung ladder,5.0,5.0,5.0,5.0,,,,5.0,0.0,5,5,5.0,0.0,5.0
1947,31,1647,Balloon,thumbtack,2.0,2.0,4.0,1.0,2.0,,,2.2,0.9797958971132712,4,4,4.0,0.0,3.1
1948,42,969,Window - Grid,tic-tac-toe,3.0,2.0,4.0,3.0,1.0,1.0,,2.3333333333333335,1.1055415967851334,1,2,1.5,0.5,1.9166666666666667
1949,42,1732,Window - Grid,tic-tac-toe board,2.0,2.0,4.0,4.0,2.0,,,2.8,0.9797958971132712,1,3,2.0,1.0,2.4
1950,57,1333,Hourglass,tie,3.0,2.0,3.0,2.0,1.0,1.0,,2.0,0.816496580927726,5,2,3.5,1.5,2.75
1951,29,93,Shovel,tie fighter,2.0,1.0,2.0,1.0,1.0,,,1.4,0.4898979485566356,1,1,1.0,0.0,1.2
1952,60,207,House,tiny house,5.0,3.0,4.0,3.0,2.0,,,3.4,1.019803902718557,5,5,5.0,0.0,4.2
1953,56,1855,Clock,tobacco pipe,1.0,3.0,1.0,1.0,1.0,,,1.4,0.8000000000000002,1,1,1.0,0.0,1.2
1954,13,230,Goblet,toilet,1.0,1.0,2.0,1.0,1.0,1.0,,1.1666666666666667,0.3726779962499649,1,1,1.0,0.0,1.0833333333333335
1955,14,258,Computer Mouse,toilet,1.0,1.0,1.0,1.0,1.0,1.0,,1.0,0.0,1,1,1.0,0.0,1.0
1956,20,1540,Crystal ball - Person Outline,toilet,2.0,3.0,2.0,2.0,1.0,,,2.0,0.6324555320336759,3,5,4.0,1.0,3.0
1957,33,1659,Plunger,toilet plunger,5.0,2.0,2.0,4.0,,,,3.25,1.299038105676658,5,5,5.0,0.0,4.125
1958,14,1479,Computer Mouse,toilet seat,1.0,2.0,1.0,1.0,3.0,,,1.6,0.8,1,2,1.5,0.5,1.55
1959,4,61,Glasses,tongs,2.0,2.0,1.0,3.0,1.0,1.0,,1.6666666666666667,0.7453559924999299,1,1,1.0,0.0,1.3333333333333335
1960,5,80,Glasses,tongs,2.0,2.0,2.0,1.0,1.0,1.0,,1.5,0.5,1,1,1.0,0.0,1.25
1961,52,1237,Letter F,toothbrush,2.0,1.0,1.0,1.0,1.0,1.0,1.0,1.1428571428571428,0.34992710611188266,1,1,1.0,0.0,1.0714285714285714
1962,29,645,Shovel,top,2.0,1.0,4.0,5.0,2.0,2.0,,2.6666666666666665,1.3743685418725538,1,3,2.0,1.0,2.333333333333333
1963,1,4,Ladder,tower,2.0,4.0,1.0,1.0,1.0,1.0,1.0,1.5714285714285714,1.049781318335648,2,3,2.5,0.5,2.0357142857142856
1964,40,922,Mug,traffic light,2.0,2.0,1.0,1.0,1.0,2.0,,1.5,0.5,1,1,1.0,0.0,1.25
1965,23,500,Lollipop,traffic stop,2.0,3.0,2.0,3.0,1.0,1.0,,2.0,0.816496580927726,4,3,3.5,0.5,2.75
1966,30,674,Fish bones,train,1.0,1.0,1.0,2.0,1.0,1.0,,1.1666666666666667,0.3726779962499649,1,1,1.0,0.0,1.0833333333333335
1967,30,675,Fish bones,train car,1.0,1.0,1.0,2.0,1.0,1.0,,1.1666666666666667,0.3726779962499649,1,1,1.0,0.0,1.0833333333333335
1968,1,5,Ladder,train track,4.0,3.0,2.0,5.0,4.0,4.0,,3.6666666666666665,0.9428090415820634,5,5,5.0,0.0,4.333333333333333
1969,2,14,Ladder,train tracks,5.0,2.0,4.0,4.0,5.0,5.0,,4.166666666666667,1.0671873729054746,5,5,5.0,0.0,4.583333333333334
1970,51,1214,Television,transistor radio,2.0,4.0,4.0,2.0,2.0,4.0,,3.0,1.0,5,4,4.5,0.5,3.75
1971,15,273,House,trapezium,2.0,1.0,1.0,2.0,4.0,1.0,,1.8333333333333333,1.0671873729054748,1,1,1.0,0.0,1.4166666666666665
1972,41,954,Mug,trapezium,1.0,1.0,1.0,1.0,1.0,,,1.0,0.0,1,1,1.0,0.0,1.0
1973,60,1379,House,trapezium,1.0,3.0,2.0,2.0,1.0,2.0,,1.8333333333333333,0.6871842709362768,1,1,1.0,0.0,1.4166666666666665
1974,21,447,Crystal ball - Person Outline,treble clef,2.0,2.0,1.0,1.0,1.0,1.0,,1.3333333333333333,0.47140452079103173,1,1,1.0,0.0,1.1666666666666665
1975,46,1095,Lightbulb - Ice Cream,treble clef,2.0,1.0,2.0,3.0,1.0,1.0,,1.6666666666666667,0.7453559924999299,1,1,1.0,0.0,1.3333333333333335
1976,47,1126,Computer Mouse,treble clef,1.0,1.0,1.0,1.0,3.0,1.0,,1.3333333333333333,0.7453559924999299,1,1,1.0,0.0,1.1666666666666665
1977,54,1832,Music Note,treble clef,3.0,1.0,1.0,4.0,4.0,,,2.6,1.3564659966250538,1,1,1.0,0.0,1.8
1978,7,118,Pine Tree,tree,4.0,3.0,4.0,3.0,5.0,3.0,,3.6666666666666665,0.7453559924999299,4,5,4.5,0.5,4.083333333333333
1979,32,722,Goblet,tree,1.0,1.0,1.0,1.0,1.0,1.0,,1.0,0.0,2,3,2.5,0.5,1.75
1980,35,796,Bow tie - Owl,tree,1.0,1.0,1.0,1.0,1.0,1.0,1.0,1.0,0.0,1,1,1.0,0.0,1.0
1981,50,1194,Stick Figure,tree,1.0,1.0,1.0,1.0,1.0,1.0,,1.0,0.0,1,1,1.0,0.0,1.0
1982,59,1366,Pine tree,tree,5.0,4.0,4.0,4.0,2.0,5.0,,4.0,1.0,5,4,4.5,0.5,4.25
1983,36,816,Broom,tree branch,4.0,3.0,3.0,2.0,2.0,1.0,,2.5,0.9574271077563381,5,3,4.0,1.0,3.25
1984,36,817,Broom,tree diagram,2.0,3.0,4.0,1.0,3.0,2.0,,2.5,0.9574271077563381,1,3,2.0,1.0,2.25
1985,25,559,Chair,triangle,1.0,1.0,1.0,1.0,1.0,1.0,,1.0,0.0,1,1,1.0,0.0,1.0
1986,26,575,Flag,triangle,1.0,3.0,2.0,1.0,1.0,1.0,,1.5,0.7637626158259734,1,1,1.0,0.0,1.25
1987,36,818,Broom,triangle,1.0,1.0,3.0,1.0,1.0,1.0,,1.3333333333333333,0.74535599249993,1,1,1.0,0.0,1.1666666666666665
1988,52,1238,Letter F,triangle,1.0,1.0,1.0,1.0,1.0,1.0,,1.0,0.0,1,1,1.0,0.0,1.0
1989,26,1598,Flag,triangle attached to a straight line,5.0,5.0,3.0,5.0,5.0,,,4.6,0.7999999999999999,1,3,2.0,1.0,3.3
1990,22,479,Fish,triangle circle,5.0,5.0,4.0,1.0,5.0,2.0,,3.6666666666666665,1.5986105077709065,1,1,1.0,0.0,2.333333333333333
1991,59,1881,Pine tree,triangular signpost,4.0,2.0,5.0,4.0,5.0,,,4.0,1.0954451150103321,5,5,5.0,0.0,4.5
1992,11,181,Comb - Pitchfork,trident,4.0,5.0,5.0,3.0,5.0,5.0,,4.5,0.7637626158259734,5,5,5.0,0.0,4.75
1993,24,531,Chair,trident,1.0,1.0,1.0,1.0,1.0,1.0,,1.0,0.0,1,1,1.0,0.0,1.0
1994,29,646,Shovel,trident,1.0,1.0,1.0,1.0,2.0,1.0,,1.1666666666666667,0.37267799624996495,1,1,1.0,0.0,1.0833333333333335
1995,50,1195,Stick Figure,trident,1.0,1.0,1.0,1.0,1.0,1.0,,1.0,0.0,1,1,1.0,0.0,1.0
1996,11,33,Comb - Pitchfork,trident fork,4.0,5.0,5.0,5.0,,,,4.75,0.4330127018922193,5,5,5.0,0.0,4.875
1997,30,1638,Fish bones,trident fork,1.0,4.0,1.0,1.0,1.0,,,1.6,1.2000000000000002,1,1,1.0,0.0,1.3
1998,38,1701,Clubs symbol - Ice cream,triple scoop ice cream cone,4.0,4.0,5.0,5.0,4.0,,,4.4,0.48989794855663565,5,5,5.0,0.0,4.7
1999,31,696,Balloon,tripod,2.0,1.0,2.0,2.0,5.0,1.0,,2.1666666666666665,1.3437096247164249,1,1,1.0,0.0,1.5833333333333333
2000,36,819,Broom,tripod,4.0,5.0,4.0,3.0,2.0,4.0,,3.6666666666666665,0.9428090415820634,5,4,4.5,0.5,4.083333333333333
2001,59,1367,Pine tree,tripod,2.0,3.0,1.0,1.0,2.0,1.0,,1.6666666666666667,0.74535599249993,1,1,1.0,0.0,1.3333333333333335
2002,51,1806,Television,tripod camera,2.0,4.0,1.0,2.0,1.0,4.0,,2.3333333333333335,1.247219128924647,1,3,2.0,1.0,2.166666666666667
2003,16,294,Ice cream,trophy,1.0,2.0,1.0,3.0,2.0,1.0,,1.6666666666666667,0.7453559924999299,2,2,2.0,0.0,1.8333333333333335
2004,18,353,Ice cream,trophy,1.0,2.0,1.0,1.0,2.0,2.0,,1.5,0.5,2,2,2.0,0.0,1.75
2005,59,1882,Pine tree,trophy cup,1.0,1.0,1.0,2.0,,,,1.25,0.4330127018922193,2,1,1.5,0.5,1.375
2006,57,1334,Hourglass,truss bridge,4.0,1.0,2.0,1.0,1.0,1.0,,1.6666666666666667,1.1055415967851332,3,2,2.5,0.5,2.0833333333333335
2007,17,324,Ice cream,tulip,1.0,1.0,1.0,1.0,1.0,1.0,,1.0,0.0,1,2,1.5,0.5,1.25
2008,53,1257,Sailboat,tulip,1.0,1.0,1.0,1.0,1.0,,,1.0,0.0,1,1,1.0,0.0,1.0
2009,24,532,Chair,tuning fork,1.0,1.0,4.0,2.0,4.0,1.0,,2.1666666666666665,1.3437096247164249,2,3,2.5,0.5,2.333333333333333
2010,31,697,Balloon,tuning fork,1.0,1.0,1.0,1.0,2.0,1.0,,1.1666666666666667,0.37267799624996495,1,1,1.0,0.0,1.0833333333333335
2011,36,820,Broom,tuning fork,4.0,4.0,2.0,3.0,2.0,2.0,,2.8333333333333335,0.8975274678557507,1,4,2.5,1.5,2.666666666666667
2012,40,923,Mug,tuning fork,1.0,1.0,1.0,1.0,1.0,1.0,,1.0,0.0,1,1,1.0,0.0,1.0
2013,46,1096,Lightbulb - Ice Cream,tuning fork,1.0,1.0,3.0,1.0,1.0,1.0,,1.3333333333333333,0.74535599249993,1,1,1.0,0.0,1.1666666666666665
2014,29,94,Shovel,turnstile gate,2.0,1.0,1.0,1.0,3.0,,,1.6,0.8,1,2,1.5,0.5,1.55
2015,41,955,Mug,turtle,1.0,1.0,1.0,1.0,1.0,1.0,3.0,1.2857142857142858,0.6998542122237652,1,3,2.0,1.0,1.6428571428571428
2016,53,1258,Sailboat,turtle,1.0,1.0,1.0,1.0,1.0,1.0,,1.0,0.0,1,1,1.0,0.0,1.0
2017,35,120,Bow tie - Owl,twin crown,1.0,3.0,1.0,3.0,2.0,1.0,,1.8333333333333333,0.8975274678557508,1,1,1.0,0.0,1.4166666666666665
2018,2,15,Ladder,two attached triangles,1.0,1.0,1.0,1.0,1.0,1.0,,1.0,0.0,1,1,1.0,0.0,1.0
2019,2,16,Ladder,two boxes,1.0,1.0,2.0,2.0,1.0,1.0,,1.3333333333333333,0.4714045207910317,2,2,2.0,0.0,1.6666666666666665
2020,42,970,Window - Grid,two boxes,2.0,2.0,2.0,1.0,1.0,1.0,,1.5,0.5,1,1,1.0,0.0,1.25
2021,5,81,Glasses,two chairs,1.0,1.0,3.0,2.0,2.0,1.0,,1.6666666666666667,0.74535599249993,2,1,1.5,0.5,1.5833333333333335
2022,3,1393,Glasses,two cherries,1.0,1.0,1.0,1.0,2.0,,,1.2,0.4,3,2,2.5,0.5,1.85
2023,4,62,Glasses,two ds,1.0,1.0,2.0,1.0,2.0,2.0,,1.5,0.5,1,1,1.0,0.0,1.25
2024,5,82,Glasses,two lungs,1.0,1.0,2.0,4.0,1.0,1.0,,1.6666666666666667,1.1055415967851332,3,2,2.5,0.5,2.0833333333333335
2025,10,1450,Comb - Pitchfork,two open attached triangles,1.0,1.0,1.0,1.0,1.0,,,1.0,0.0,1,1,1.0,0.0,1.0
2026,1,6,Ladder,two squares,2.0,3.0,3.0,1.0,3.0,1.0,,2.1666666666666665,0.8975274678557507,1,2,1.5,0.5,1.8333333333333333
2027,11,182,Comb - Pitchfork,two squares,1.0,1.0,1.0,1.0,1.0,,,1.0,0.0,1,1,1.0,0.0,1.0
2028,10,161,Comb - Pitchfork,two triangles,1.0,1.0,1.0,1.0,1.0,1.0,,1.0,0.0,1,1,1.0,0.0,1.0
2029,57,1876,Hourglass,two triangles,5.0,2.0,4.0,4.0,3.0,,,3.6,1.019803902718557,1,1,1.0,0.0,2.3
2030,3,41,Glasses,umbrella,1.0,1.0,1.0,1.0,1.0,1.0,,1.0,0.0,1,1,1.0,0.0,1.0
2031,7,119,Pine Tree,umbrella,2.0,2.0,2.0,2.0,4.0,1.0,,2.1666666666666665,0.8975274678557507,1,1,1.0,0.0,1.5833333333333333
2032,13,231,Goblet,umbrella,1.0,1.0,1.0,1.0,1.0,1.0,1.0,1.0,0.0,1,2,1.5,0.5,1.25
2033,17,1503,Ice cream,umbrella,2.0,1.0,5.0,1.0,1.0,,,2.0,1.5491933384829668,1,2,1.5,0.5,1.75
2034,31,698,Balloon,umbrella,1.0,1.0,1.0,1.0,1.0,1.0,,1.0,0.0,1,1,1.0,0.0,1.0
2035,32,723,Goblet,umbrella,1.0,1.0,1.0,1.0,1.0,1.0,,1.0,0.0,1,2,1.5,0.5,1.25
2036,33,754,Plunger,umbrella,3.0,1.0,1.0,1.0,2.0,1.0,1.0,1.4285714285714286,0.7284313590846835,1,2,1.5,0.5,1.4642857142857144
2037,58,1349,Umbrella,umbrella,5.0,5.0,5.0,4.0,5.0,5.0,,4.833333333333333,0.37267799624996495,5,5,5.0,0.0,4.916666666666666
2038,33,1663,Plunger,umbrella handle,2.0,2.0,3.0,2.0,1.0,,,2.0,0.6324555320336759,3,3,3.0,0.0,2.5
2039,58,1877,Umbrella,umbrella hook,5.0,4.0,4.0,3.0,4.0,,,4.0,0.6324555320336759,3,3,3.0,0.0,3.5
2040,43,1002,Mouse,unicycle,1.0,1.0,1.0,1.0,1.0,1.0,,1.0,0.0,1,1,1.0,0.0,1.0
2041,7,1425,Pine Tree,up arrow,4.0,4.0,4.0,4.0,,,,4.0,0.0,3,3,3.0,0.0,3.5
2042,59,1885,Pine tree,up arrow,4.0,4.0,5.0,3.0,4.0,,,4.0,0.6324555320336759,4,4,4.0,0.0,4.0
2043,13,232,Goblet,upended umbrella,1.0,3.0,4.0,1.0,2.0,1.0,,2.0,1.1547005383792515,3,3,3.0,0.0,2.5
2044,48,1154,Letter T,uppercase pi,1.0,1.0,1.0,1.0,1.0,1.0,,1.0,0.0,1,1,1.0,0.0,1.0
2045,51,1216,Television,upside-down person,2.0,1.0,1.0,1.0,1.0,1.0,,1.1666666666666667,0.3726779962499649,1,1,1.0,0.0,1.0833333333333335
2046,32,1653,Goblet,upside-down table,1.0,1.0,2.0,1.0,1.0,,,1.2,0.4,2,1,1.5,0.5,1.35
2047,59,1886,Pine tree,upward arrow,4.0,5.0,5.0,4.0,4.0,2.0,,4.0,1.0,4,4,4.0,0.0,4.0
2048,20,1537,Crystal ball - Person Outline,user icon,5.0,2.0,4.0,5.0,4.0,,,4.0,1.0954451150103321,5,5,5.0,0.0,4.5
2049,36,1685,Broom,utility pole,4.0,1.0,4.0,1.0,2.0,,,2.4,1.3564659966250538,1,5,3.0,2.0,2.7
2050,18,354,Ice cream,van,1.0,1.0,1.0,1.0,1.0,1.0,,1.0,0.0,1,1,1.0,0.0,1.0
2051,5,83,Glasses,vase,1.0,1.0,1.0,1.0,1.0,1.0,,1.0,0.0,1,1,1.0,0.0,1.0
2052,56,1316,Clock,verified icon,1.0,2.0,3.0,1.0,1.0,1.0,,1.5,0.7637626158259734,1,2,1.5,0.5,1.5
2053,42,971,Window - Grid,vertical rectangles,1.0,1.0,1.0,1.0,2.0,1.0,3.0,1.4285714285714286,0.7284313590846836,1,1,1.0,0.0,1.2142857142857144
2054,19,55,Computer Mouse,violin scroll,1.0,1.0,1.0,1.0,1.0,,,1.0,0.0,1,1,1.0,0.0,1.0
2055,36,821,Broom,volcano,3.0,3.0,2.0,3.0,3.0,1.0,,2.5,0.7637626158259734,3,3,3.0,0.0,2.75
2056,59,1368,Pine tree,vortex,1.0,3.0,1.0,4.0,1.0,1.0,,1.8333333333333333,1.2133516482134197,1,1,1.0,0.0,1.4166666666666665
2057,42,972,Window - Grid,waffle,4.0,3.0,2.0,2.0,4.0,4.0,,3.1666666666666665,0.8975274678557507,2,4,3.0,1.0,3.083333333333333
2058,53,1259,Sailboat,wall sconce,1.0,1.0,1.0,1.0,1.0,1.0,,1.0,0.0,1,1,1.0,0.0,1.0
2059,19,386,Computer Mouse,wang jangle,1.0,1.0,1.0,1.0,1.0,,,1.0,0.0,1,1,1.0,0.0,1.0
2060,43,1003,Mouse,watch,1.0,3.0,2.0,2.0,1.0,1.0,1.0,1.5714285714285714,0.7284313590846835,1,1,1.0,0.0,1.2857142857142856
2061,18,355,Ice cream,water glass,1.0,1.0,2.0,1.0,1.0,1.0,,1.1666666666666667,0.3726779962499649,1,1,1.0,0.0,1.0833333333333335
2062,24,75,Chair,water tap,1.0,1.0,1.0,1.0,1.0,,,1.0,0.0,2,5,3.5,1.5,2.25
2063,13,40,Goblet,watering can,2.0,1.0,1.0,1.0,1.0,,,1.2,0.4000000000000001,1,1,1.0,0.0,1.1
2064,43,1004,Mouse,weather vane,1.0,1.0,2.0,2.0,3.0,1.0,1.0,1.5714285714285714,0.7284313590846836,1,1,1.0,0.0,1.2857142857142856
2065,23,501,Lollipop,weathervane,2.0,1.0,1.0,1.0,1.0,1.0,1.0,1.1428571428571428,0.34992710611188266,1,3,2.0,1.0,1.5714285714285714
2066,51,1809,Television,weighing balance,3.0,2.0,1.0,1.0,1.0,,,1.6,0.8,1,1,1.0,0.0,1.3
2067,51,1217,Television,weight balance,1.0,1.0,1.0,2.0,1.0,1.0,,1.1666666666666667,0.3726779962499649,1,1,1.0,0.0,1.0833333333333335
2068,37,852,Clubs symbol,weightlifter,2.0,1.0,1.0,1.0,1.0,1.0,,1.1666666666666667,0.3726779962499649,2,1,1.5,0.5,1.3333333333333335
2069,16,296,Ice cream,whale tail,2.0,3.0,1.0,3.0,1.0,1.0,,1.8333333333333333,0.8975274678557508,2,2,2.0,0.0,1.9166666666666665
2070,51,1218,Television,wheelbarrow,1.0,1.0,1.0,2.0,1.0,1.0,,1.1666666666666667,0.3726779962499649,2,1,1.5,0.5,1.3333333333333335
2071,19,1520,Computer Mouse,wheelchair,1.0,1.0,1.0,1.0,1.0,,,1.0,0.0,1,1,1.0,0.0,1.0
2072,30,676,Fish bones,wheelchair,1.0,1.0,1.0,1.0,1.0,1.0,,1.0,0.0,1,1,1.0,0.0,1.0
2073,45,1061,Clock,wheelchair,2.0,2.0,1.0,1.0,1.0,,,1.4,0.4898979485566356,1,1,1.0,0.0,1.2
2074,24,533,Chair,windmill,1.0,1.0,1.0,1.0,1.0,1.0,1.0,1.0,0.0,1,1,1.0,0.0,1.0
2075,57,1335,Hourglass,windmill,1.0,1.0,1.0,1.0,3.0,1.0,1.0,1.2857142857142858,0.6998542122237652,2,1,1.5,0.5,1.3928571428571428
2076,57,1873,Hourglass,windmill blades,2.0,1.0,1.0,1.0,3.0,3.0,,1.8333333333333333,0.8975274678557508,4,4,4.0,0.0,2.9166666666666665
2077,13,233,Goblet,window,1.0,1.0,1.0,1.0,1.0,1.0,,1.0,0.0,1,1,1.0,0.0,1.0
2078,27,1605,Door,window,1.0,2.0,2.0,2.0,2.0,,,1.8,0.4000000000000001,2,3,2.5,0.5,2.15
2079,30,677,Fish bones,window,1.0,1.0,2.0,1.0,1.0,1.0,,1.1666666666666667,0.3726779962499649,1,1,1.0,0.0,1.0833333333333335
2080,42,973,Window - Grid,window,5.0,5.0,4.0,5.0,5.0,5.0,,4.833333333333333,0.372677996249965,5,5,5.0,0.0,4.916666666666666
2081,46,1097,Lightbulb - Ice Cream,window,1.0,1.0,1.0,2.0,2.0,2.0,,1.5,0.5,1,1,1.0,0.0,1.25
2082,57,1336,Hourglass,window,1.0,1.0,1.0,1.0,2.0,1.0,,1.1666666666666667,0.37267799624996495,1,2,1.5,0.5,1.3333333333333335
2083,27,1599,Door,window frame,1.0,1.0,4.0,2.0,3.0,,,2.2,1.16619037896906,2,2,2.0,0.0,2.1
2084,42,1735,Window - Grid,window frame,5.0,5.0,5.0,4.0,,,,4.75,0.4330127018922193,5,5,5.0,0.0,4.875
2085,42,1734,Window - Grid,window pane,5.0,4.0,5.0,5.0,4.0,5.0,,4.666666666666667,0.4714045207910317,5,5,5.0,0.0,4.833333333333334
2086,57,1875,Hourglass,window pane,1.0,5.0,1.0,1.0,1.0,,,1.8,1.6000000000000003,1,1,1.0,0.0,1.4
2087,42,140,Window - Grid,windowpane,5.0,4.0,5.0,4.0,4.0,,,4.4,0.48989794855663565,5,5,5.0,0.0,4.7
2088,3,42,Glasses,wine glass,2.0,1.0,1.0,1.0,2.0,1.0,,1.3333333333333333,0.4714045207910317,1,1,1.0,0.0,1.1666666666666665
2089,7,120,Pine Tree,wine glass,1.0,1.0,2.0,1.0,1.0,1.0,,1.1666666666666667,0.3726779962499649,1,1,1.0,0.0,1.0833333333333335
2090,12,205,Goblet,wine glass,5.0,4.0,5.0,5.0,5.0,5.0,,4.833333333333333,0.372677996249965,5,5,5.0,0.0,4.916666666666666
2091,13,234,Goblet,wine glass,5.0,5.0,5.0,5.0,5.0,5.0,,5.0,0.0,5,5,5.0,0.0,5.0
2092,16,1495,Ice cream,wine glass,1.0,1.0,2.0,1.0,1.0,,,1.2,0.4,1,1,1.0,0.0,1.1
2093,17,325,Ice cream,wine glass,2.0,1.0,1.0,2.0,1.0,1.0,,1.3333333333333333,0.4714045207910317,1,1,1.0,0.0,1.1666666666666665
2094,18,1900,Ice cream,wine glass,2.0,1.0,2.0,1.0,,,,1.5,0.5,1,1,1.0,0.0,1.25
2095,29,1627,Shovel,wine glass,1.0,2.0,1.0,2.0,1.0,,,1.4,0.4898979485566356,1,1,1.0,0.0,1.2
2096,32,724,Goblet,wine glass,5.0,5.0,5.0,5.0,5.0,,,5.0,0.0,5,5,5.0,0.0,5.0
2097,50,1196,Stick Figure,wine glass,1.0,1.0,1.0,1.0,1.0,1.0,,1.0,0.0,1,1,1.0,0.0,1.0
2098,55,1294,Yield Sign - Martini Glass,wine glass,5.0,5.0,4.0,3.0,4.0,3.0,,4.0,0.816496580927726,5,4,4.5,0.5,4.25
2099,30,678,Fish bones,wing ding,1.0,1.0,1.0,1.0,1.0,1.0,,1.0,0.0,1,1,1.0,0.0,1.0
2100,46,165,Lightbulb - Ice Cream,winged arch,1.0,1.0,1.0,1.0,2.0,,,1.2,0.4,1,1,1.0,0.0,1.1
2101,8,1427,Butterfly,winged scepter,2.0,1.0,1.0,2.0,1.0,2.0,,1.5,0.5,2,2,2.0,0.0,1.75
2102,8,131,Butterfly,winged sceptor,2.0,1.0,1.0,2.0,2.0,1.0,,1.5,0.5,2,1,1.5,0.5,1.5
2103,60,1892,House,wireframe cube,2.0,1.0,1.0,1.0,2.0,,,1.4,0.4898979485566356,1,1,1.0,0.0,1.2
2104,17,326,Ice cream,wishbone,1.0,3.0,2.0,1.0,1.0,1.0,,1.5,0.7637626158259734,1,1,1.0,0.0,1.25
2105,5,84,Glasses,woman,1.0,2.0,1.0,1.0,1.0,1.0,,1.1666666666666667,0.3726779962499649,3,2,2.5,0.5,1.8333333333333335
2106,20,419,Crystal ball - Person Outline,woman,2.0,1.0,1.0,2.0,1.0,2.0,,1.5,0.5,3,2,2.5,0.5,2.0
2107,21,437,Crystal ball - Person Outline,woman,2.0,2.0,2.0,3.0,2.0,4.0,,2.5,0.7637626158259734,3,3,3.0,0.0,2.75
2108,23,74,Lollipop,world pillar,2.0,2.0,1.0,1.0,1.0,,,1.4,0.4898979485566356,1,3,2.0,1.0,1.7
2109,7,1426,Pine Tree,wow,1.0,1.0,1.0,1.0,1.0,,,1.0,0.0,1,1,1.0,0.0,1.0
2110,25,560,Chair,wrench,1.0,1.0,1.0,2.0,1.0,1.0,,1.1666666666666667,0.3726779962499649,3,2,2.5,0.5,1.8333333333333335
2111,54,1278,Music Note,wrench,1.0,1.0,1.0,3.0,3.0,1.0,,1.6666666666666667,0.9428090415820634,3,1,2.0,1.0,1.8333333333333335
2112,24,534,Chair,wrentch,1.0,1.0,3.0,1.0,3.0,1.0,,1.6666666666666667,0.9428090415820634,3,3,3.0,0.0,2.3333333333333335
2113,55,1295,Yield Sign - Martini Glass,yield sign,5.0,5.0,3.0,2.0,3.0,4.0,,3.6666666666666665,1.1055415967851334,5,5,5.0,0.0,4.333333333333333
2114,46,1098,Lightbulb - Ice Cream,yin yang,2.0,1.0,1.0,1.0,1.0,,,1.2,0.4000000000000001,1,1,1.0,0.0,1.1
2115,19,387,Computer Mouse,ying yang,1.0,1.0,2.0,1.0,1.0,1.0,,1.1666666666666667,0.3726779962499649,1,1,1.0,0.0,1.0833333333333335
2116,43,1005,Mouse,yo-yo,4.0,1.0,2.0,1.0,2.0,4.0,,2.3333333333333335,1.247219128924647,3,4,3.5,0.5,2.916666666666667
2117,2,17,Ladder,zibracrossing,2.0,2.0,1.0,1.0,2.0,4.0,,2.0,1.0,3,5,4.0,1.0,3.0
2118,57,1337,Hourglass,zipper,1.0,2.0,1.0,1.0,1.0,1.0,,1.1666666666666667,0.3726779962499649,1,1,1.0,0.0,1.0833333333333335
2119,43,1006,Mouse,zooming ball,1.0,1.0,1.0,2.0,1.0,2.0,,1.3333333333333333,0.4714045207910317,1,1,1.0,0.0,1.1666666666666665
