,ResponseId,block,block_num,repeat_index,qid,label,score,raw
0,R_17vf6ukupwbbFCy,b6,6,1,1893,Digit 8,1,Not at all
1,R_17vf6ukupwbbFCy,b9,9,1,1894,owl face,1,Not at all
2,R_17vf6ukupwbbFCy,b10,10,1,1895,inverted comb,1,Not at all
3,R_17vf6ukupwbbFCy,b13,13,1,1896,greek phi,1,Not at all
4,R_17vf6ukupwbbFCy,b16,16,1,1897,map pin,4,A lot
5,R_17vf6ukupwbbFCy,b17,17,1,1898,martini glass,1,Not at all
6,R_17vf6ukupwbbFCy,b17,17,2,1899,arch bridge,2,A little
7,R_17vf6ukupwbbFCy,b18,18,1,1900,wine glass,1,Not at all
8,R_17vf6ukupwbbFCy,b26,26,1,1901,slingshot,1,Not at all
9,R_17vf6ukupwbbFCy,b26,26,2,1902,broken arrow,3,Moderately
10,R_17vf6ukupwbbFCy,b27,27,1,1903,X,1,Not at all
11,R_17vf6ukupwbbFCy,b28,28,1,1904,face with eyes,3,Moderately
12,R_17vf6ukupwbbFCy,b29,29,1,1905,mushroom,1,Not at all
13,R_17vf6ukupwbbFCy,b32,32,1,1906,table lamp,5,Completely
14,R_17vf6ukupwbbFCy,b37,37,1,1907,3 leaf clover,5,Completely
15,R_17vf6ukupwbbFCy,b43,43,1,1908,key,1,Not at all
16,R_17vf6ukupwbbFCy,b44,44,1,1909,question mark,1,Not at all
17,R_17vf6ukupwbbFCy,b46,46,1,1910,arch bridge,1,Not at all
18,R_17vf6ukupwbbFCy,b55,55,1,1911,Capital T,1,Not at all
19,R_17vf6ukupwbbFCy,b57,57,1,1912,Rotated grid,1,Not at all
20,R_1H81dhx7ezoKqJo,b1,1,1,1,door knob,1,Not at all
21,R_1H81dhx7ezoKqJo,b1,1,2,2,ladder,5,Completely
22,R_1H81dhx7ezoKqJo,b1,1,3,3,stacked H's,1,Not at all
23,R_1H81dhx7ezoKqJo,b1,1,4,4,tower,2,A little
24,R_1H81dhx7ezoKqJo,b1,1,5,5,train track,5,Completely
25,R_1H81dhx7ezoKqJo,b1,1,6,6,two squares,1,Not at all
26,R_1H81dhx7ezoKqJo,b2,2,1,7,comb,1,Not at all
27,R_1H81dhx7ezoKqJo,b2,2,2,8,H,1,Not at all
28,R_1H81dhx7ezoKqJo,b2,2,3,9,hash,1,Not at all
29,R_1H81dhx7ezoKqJo,b2,2,4,10,ladder,5,Completely
30,R_1H81dhx7ezoKqJo,b2,2,5,11,number 10,1,Not at all
31,R_1H81dhx7ezoKqJo,b2,2,6,12,sideways H,1,Not at all
32,R_1H81dhx7ezoKqJo,b2,2,7,13,stairs,3,Moderately
33,R_1H81dhx7ezoKqJo,b2,2,8,14,train tracks,5,Completely
34,R_1H81dhx7ezoKqJo,b2,2,9,15,two attached triangles,1,Not at all
35,R_1H81dhx7ezoKqJo,b2,2,10,16,two boxes,2,A little
36,R_1H81dhx7ezoKqJo,b2,2,11,17,zibracrossing,3,Moderately
37,R_1H81dhx7ezoKqJo,b3,3,1,18,ballet shoes,1,Not at all
38,R_1H81dhx7ezoKqJo,b3,3,2,19,barbell,1,Not at all
39,R_1H81dhx7ezoKqJo,b3,3,3,20,bd,1,Not at all
40,R_1H81dhx7ezoKqJo,b3,3,4,21,bed,1,Not at all
41,R_1H81dhx7ezoKqJo,b3,3,5,22,bra,5,Completely
42,R_1H81dhx7ezoKqJo,b3,3,6,23,broom,1,Not at all
43,R_1H81dhx7ezoKqJo,b3,3,7,24,butterfly,1,Not at all
44,R_1H81dhx7ezoKqJo,b3,3,8,25,cherry,3,Moderately
45,R_1H81dhx7ezoKqJo,b3,3,9,26,Circles,1,Not at all
46,R_1H81dhx7ezoKqJo,b3,3,10,27,cup,1,Not at all
47,R_1H81dhx7ezoKqJo,b3,3,11,28,doorway,3,Moderately
48,R_1H81dhx7ezoKqJo,b3,3,12,29,dried,1,Not at all
49,R_1H81dhx7ezoKqJo,b3,3,13,30,dumbbell,1,Not at all
50,R_1H81dhx7ezoKqJo,b3,3,14,31,eye glasses,5,Completely
51,R_1H81dhx7ezoKqJo,b3,3,15,32,fancy binoculars,5,Completely
52,R_1H81dhx7ezoKqJo,b3,3,16,33,female torso,5,Completely
53,R_1H81dhx7ezoKqJo,b3,3,17,34,glasses,5,Completely
54,R_1H81dhx7ezoKqJo,b3,3,18,35,hook,1,Not at all
55,R_1H81dhx7ezoKqJo,b3,3,19,36,key,1,Not at all
56,R_1H81dhx7ezoKqJo,b3,3,20,37,poll,3,Moderately
57,R_1H81dhx7ezoKqJo,b3,3,21,38,pulley,4,A lot
58,R_1H81dhx7ezoKqJo,b3,3,22,39,spade,1,Not at all
59,R_1H81dhx7ezoKqJo,b3,3,23,40,spectacles,5,Completely
60,R_1H81dhx7ezoKqJo,b3,3,24,41,umbrella,1,Not at all
61,R_1H81dhx7ezoKqJo,b3,3,25,42,wine glass,1,Not at all
62,R_1H81dhx7ezoKqJo,b4,4,1,43,ant,2,A little
63,R_1H81dhx7ezoKqJo,b4,4,2,44,bed,1,Not at all
64,R_1H81dhx7ezoKqJo,b4,4,3,45,belly button,1,Not at all
65,R_1H81dhx7ezoKqJo,b4,4,4,46,bra,5,Completely
66,R_1H81dhx7ezoKqJo,b4,4,5,47,butterfly,1,Not at all
67,R_1H81dhx7ezoKqJo,b4,4,6,48,cherries,3,Moderately
68,R_1H81dhx7ezoKqJo,b4,4,7,49,dumbbell,1,Not at all
69,R_1H81dhx7ezoKqJo,b4,4,8,50,eyeglasses,5,Completely
70,R_1H81dhx7ezoKqJo,b4,4,9,51,glasses,5,Completely
71,R_1H81dhx7ezoKqJo,b4,4,10,52,goal posts,3,Moderately
72,R_1H81dhx7ezoKqJo,b4,4,11,53,goggles,5,Completely
73,R_1H81dhx7ezoKqJo,b4,4,12,54,heart,1,Not at all
74,R_1H81dhx7ezoKqJo,b4,4,13,55,hummer,1,Not at all
75,R_1H81dhx7ezoKqJo,b4,4,14,56,music notes,2,A little
76,R_1H81dhx7ezoKqJo,b4,4,15,57,owl,2,A little
77,R_1H81dhx7ezoKqJo,b4,4,16,58,pulley,4,A lot
78,R_1H81dhx7ezoKqJo,b4,4,17,59,spectacles,5,Completely
79,R_1H81dhx7ezoKqJo,b4,4,18,60,stingray,1,Not at all
80,R_1H81dhx7ezoKqJo,b4,4,19,61,tongs,1,Not at all
81,R_1H81dhx7ezoKqJo,b4,4,20,62,two ds,1,Not at all
82,R_1H81dhx7ezoKqJo,b5,5,1,63,bd,1,Not at all
83,R_1H81dhx7ezoKqJo,b5,5,2,64,bed,1,Not at all
84,R_1H81dhx7ezoKqJo,b5,5,3,65,belly button,1,Not at all
85,R_1H81dhx7ezoKqJo,b5,5,4,66,bra,5,Completely
86,R_1H81dhx7ezoKqJo,b5,5,5,67,butterfly,1,Not at all
87,R_1H81dhx7ezoKqJo,b5,5,6,68,chair,1,Not at all
88,R_1H81dhx7ezoKqJo,b5,5,7,69,cherry,3,Moderately
89,R_1H81dhx7ezoKqJo,b5,5,8,70,db,1,Not at all
90,R_1H81dhx7ezoKqJo,b5,5,9,71,dumbbell,1,Not at all
91,R_1H81dhx7ezoKqJo,b5,5,10,72,glasses,5,Completely
92,R_1H81dhx7ezoKqJo,b5,5,11,73,handcuffs,1,Not at all
93,R_1H81dhx7ezoKqJo,b5,5,12,74,joined letters,1,Not at all
94,R_1H81dhx7ezoKqJo,b5,5,13,75,key,1,Not at all
95,R_1H81dhx7ezoKqJo,b5,5,14,76,letter D,1,Not at all
96,R_1H81dhx7ezoKqJo,b5,5,15,77,minor note,2,A little
97,R_1H81dhx7ezoKqJo,b5,5,16,78,pulley,4,A lot
98,R_1H81dhx7ezoKqJo,b5,5,17,79,scissors,1,Not at all
99,R_1H81dhx7ezoKqJo,b5,5,18,80,tongs,1,Not at all
100,R_1H81dhx7ezoKqJo,b5,5,19,81,two chairs,2,A little
101,R_1H81dhx7ezoKqJo,b5,5,20,82,two lungs,3,Moderately
102,R_1H81dhx7ezoKqJo,b5,5,21,83,vase,1,Not at all
103,R_1H81dhx7ezoKqJo,b5,5,22,84,woman,3,Moderately
104,R_1H81dhx7ezoKqJo,b6,6,1,85,ant,2,A little
105,R_1H81dhx7ezoKqJo,b6,6,2,86,barbell,1,Not at all
106,R_1H81dhx7ezoKqJo,b6,6,3,87,batman mask,2,A little
107,R_1H81dhx7ezoKqJo,b6,6,4,88,bed,1,Not at all
108,R_1H81dhx7ezoKqJo,b6,6,5,89,binoculars,4,A lot
109,R_1H81dhx7ezoKqJo,b6,6,6,90,bra,5,Completely
110,R_1H81dhx7ezoKqJo,b6,6,7,91,circle,1,Not at all
111,R_1H81dhx7ezoKqJo,b6,6,8,92,controller,1,Not at all
112,R_1H81dhx7ezoKqJo,b6,6,9,93,glasses,5,Completely
113,R_1H81dhx7ezoKqJo,b6,6,10,94,goal post,4,A lot
114,R_1H81dhx7ezoKqJo,b6,6,11,95,goggles,5,Completely
115,R_1H81dhx7ezoKqJo,b6,6,12,96,handcuffs,1,Not at all
116,R_1H81dhx7ezoKqJo,b6,6,13,97,hourglass,1,Not at all
117,R_1H81dhx7ezoKqJo,b6,6,14,98,house,1,Not at all
118,R_1H81dhx7ezoKqJo,b6,6,15,99,infinity sign,1,Not at all
119,R_1H81dhx7ezoKqJo,b6,6,16,100,insect head,2,A little
120,R_1H81dhx7ezoKqJo,b6,6,17,101,owl,3,Moderately
121,R_1H81dhx7ezoKqJo,b6,6,18,102,percentage sign,1,Not at all
122,R_1H81dhx7ezoKqJo,b6,6,19,103,shades,5,Completely
123,R_1H81dhx7ezoKqJo,b6,6,20,104,snail,1,Not at all
124,R_1H81dhx7ezoKqJo,b6,6,21,105,snowman,1,Not at all
125,R_1H81dhx7ezoKqJo,b6,6,22,106,spetacle,5,Completely
126,R_1H81dhx7ezoKqJo,b7,7,1,107,arrow,5,Completely
127,R_1H81dhx7ezoKqJo,b7,7,2,108,hourglass,1,Not at all
128,R_1H81dhx7ezoKqJo,b7,7,3,109,railroad track,1,Not at all
129,R_1H81dhx7ezoKqJo,b7,7,4,110,rocket exhaust,2,A little
130,R_1H81dhx7ezoKqJo,b7,7,5,111,skewered chevron,5,Completely
131,R_1H81dhx7ezoKqJo,b7,7,6,112,spear,5,Completely
132,R_1H81dhx7ezoKqJo,b7,7,7,113,spire,4,A lot
133,R_1H81dhx7ezoKqJo,b7,7,8,114,star,1,Not at all
134,R_1H81dhx7ezoKqJo,b7,7,9,115,stick figure,1,Not at all
135,R_1H81dhx7ezoKqJo,b7,7,10,116,tent,1,Not at all
136,R_1H81dhx7ezoKqJo,b7,7,11,117,tetrahedron,1,Not at all
137,R_1H81dhx7ezoKqJo,b7,7,12,118,tree,4,A lot
138,R_1H81dhx7ezoKqJo,b7,7,13,119,umbrella,1,Not at all
139,R_1H81dhx7ezoKqJo,b7,7,14,120,wine glass,1,Not at all
140,R_1H81dhx7ezoKqJo,b8,8,1,121,abstract glyph,1,Not at all
141,R_1H81dhx7ezoKqJo,b8,8,2,122,bow tie,2,A little
142,R_1H81dhx7ezoKqJo,b8,8,3,123,bread,1,Not at all
143,R_1H81dhx7ezoKqJo,b8,8,4,124,butterfly,5,Completely
144,R_1H81dhx7ezoKqJo,b8,8,5,125,caduceus staff,2,A little
145,R_1H81dhx7ezoKqJo,b8,8,6,126,circle,1,Not at all
146,R_1H81dhx7ezoKqJo,b8,8,7,127,coat rack,1,Not at all
147,R_1H81dhx7ezoKqJo,b8,8,8,128,diamond,1,Not at all
148,R_1H81dhx7ezoKqJo,b8,8,9,129,flower,2,A little
149,R_1H81dhx7ezoKqJo,b8,8,10,130,hourglass,1,Not at all
150,R_1H81dhx7ezoKqJo,b8,8,11,131,winged sceptor,2,A little
151,R_1H81dhx7ezoKqJo,b9,9,1,132,ant,2,A little
152,R_1H81dhx7ezoKqJo,b9,9,2,133,bag,1,Not at all
153,R_1H81dhx7ezoKqJo,b9,9,3,134,butterfly,5,Completely
154,R_1H81dhx7ezoKqJo,b9,9,4,135,Mountain,1,Not at all
155,R_1H81dhx7ezoKqJo,b9,9,5,136,heart,1,Not at all
156,R_1H81dhx7ezoKqJo,b9,9,6,137,cat ears,1,Not at all
157,R_1H81dhx7ezoKqJo,b9,9,7,138,stylized emblem,1,Not at all
158,R_1H81dhx7ezoKqJo,b9,9,8,139,coat rack,1,Not at all
159,R_1H81dhx7ezoKqJo,b9,9,9,140,candlestick,1,Not at all
160,R_1H81dhx7ezoKqJo,b9,9,10,141,clover,1,Not at all
161,R_1H81dhx7ezoKqJo,b9,9,11,142,owl,1,Not at all
162,R_1H81dhx7ezoKqJo,b10,10,1,143,barcode,1,Not at all
163,R_1H81dhx7ezoKqJo,b10,10,2,144,Broken ladder,1,Not at all
164,R_1H81dhx7ezoKqJo,b10,10,3,145,Comb,1,Not at all
165,R_1H81dhx7ezoKqJo,b10,10,4,146,cyrillic letter,2,A little
166,R_1H81dhx7ezoKqJo,b10,10,5,147,fork,5,Completely
167,R_1H81dhx7ezoKqJo,b10,10,6,148,Forklift Icon,3,Moderately
168,R_1H81dhx7ezoKqJo,b10,10,7,149,Greek Pi,1,Not at all
169,R_1H81dhx7ezoKqJo,b10,10,8,150,horse barn,1,Not at all
170,R_1H81dhx7ezoKqJo,b10,10,9,151,kanji,2,A little
171,R_1H81dhx7ezoKqJo,b10,10,10,152,key,2,A little
172,R_1H81dhx7ezoKqJo,b10,10,11,153,letter A,1,Not at all
173,R_1H81dhx7ezoKqJo,b10,10,12,154,Numeral Three,1,Not at all
174,R_1H81dhx7ezoKqJo,b10,10,13,155,pitchfork,5,Completely
175,R_1H81dhx7ezoKqJo,b10,10,14,156,Rake,5,Completely
176,R_1H81dhx7ezoKqJo,b10,10,15,157,Sideways E,1,Not at all
177,R_1H81dhx7ezoKqJo,b10,10,16,158,square,1,Not at all
178,R_1H81dhx7ezoKqJo,b10,10,17,159,Tree,2,A little
179,R_1H81dhx7ezoKqJo,b10,10,18,160,Trident,5,Completely
180,R_1H81dhx7ezoKqJo,b10,10,19,161,two triangles,1,Not at all
181,R_1H81dhx7ezoKqJo,b11,11,1,162,Basket,1,Not at all
182,R_1H81dhx7ezoKqJo,b11,11,2,163,broom,3,Moderately
183,R_1H81dhx7ezoKqJo,b11,11,3,164,brush,3,Moderately
184,R_1H81dhx7ezoKqJo,b11,11,4,165,buck teeth,1,Not at all
185,R_1H81dhx7ezoKqJo,b11,11,5,166,bug,1,Not at all
186,R_1H81dhx7ezoKqJo,b11,11,6,167,Candelabra,2,A little
187,R_1H81dhx7ezoKqJo,b11,11,7,168,comb,1,Not at all
188,R_1H81dhx7ezoKqJo,b11,11,8,169,cubes,1,Not at all
189,R_1H81dhx7ezoKqJo,b11,11,9,170,dining chair,1,Not at all
190,R_1H81dhx7ezoKqJo,b11,11,10,171,door key,3,Moderately
191,R_1H81dhx7ezoKqJo,b11,11,11,172,fork,5,Completely
192,R_1H81dhx7ezoKqJo,b11,11,12,173,goal post,2,A little
193,R_1H81dhx7ezoKqJo,b11,11,13,174,harmer,1,Not at all
194,R_1H81dhx7ezoKqJo,b11,11,14,175,interval graph,1,Not at all
195,R_1H81dhx7ezoKqJo,b11,11,15,176,milking stool,1,Not at all
196,R_1H81dhx7ezoKqJo,b11,11,16,177,pitchfork,5,Completely
197,R_1H81dhx7ezoKqJo,b11,11,17,178,rake,5,Completely
198,R_1H81dhx7ezoKqJo,b11,11,18,179,stairs,1,Not at all
199,R_1H81dhx7ezoKqJo,b11,11,19,180,table,1,Not at all
200,R_1H81dhx7ezoKqJo,b11,11,20,181,trident,5,Completely
201,R_1H81dhx7ezoKqJo,b11,11,21,182,two squares,1,Not at all
202,R_1H81dhx7ezoKqJo,b12,12,1,183,bridge,1,Not at all
203,R_1H81dhx7ezoKqJo,b12,12,2,184,buoy,1,Not at all
204,R_1H81dhx7ezoKqJo,b12,12,3,185,Butter Churner,3,Moderately
205,R_1H81dhx7ezoKqJo,b12,12,4,186,chalice,5,Completely
206,R_1H81dhx7ezoKqJo,b12,12,5,187,church bell,1,Not at all
207,R_1H81dhx7ezoKqJo,b12,12,6,188,circle,1,Not at all
208,R_1H81dhx7ezoKqJo,b12,12,7,189,cup,5,Completely
209,R_1H81dhx7ezoKqJo,b12,12,8,190,desk,1,Not at all
210,R_1H81dhx7ezoKqJo,b12,12,9,191,downward umbrella,1,Not at all
211,R_1H81dhx7ezoKqJo,b12,12,10,192,drinking fountain,1,Not at all
212,R_1H81dhx7ezoKqJo,b12,12,11,193,goblet,5,Completely
213,R_1H81dhx7ezoKqJo,b12,12,12,194,House,1,Not at all
214,R_1H81dhx7ezoKqJo,b12,12,13,195,lamp,3,Moderately
215,R_1H81dhx7ezoKqJo,b12,12,14,196,magnifying glass,1,Not at all
216,R_1H81dhx7ezoKqJo,b12,12,15,197,mushroom,1,Not at all
217,R_1H81dhx7ezoKqJo,b12,12,16,198,person,1,Not at all
218,R_1H81dhx7ezoKqJo,b12,12,17,199,question mark,1,Not at all
219,R_1H81dhx7ezoKqJo,b12,12,18,200,semicircle,1,Not at all
220,R_1H81dhx7ezoKqJo,b12,12,19,201,shovel,5,Completely
221,R_1H81dhx7ezoKqJo,b12,12,20,202,skeleton key,1,Not at all
222,R_1H81dhx7ezoKqJo,b12,12,21,203,swimming,1,Not at all
223,R_1H81dhx7ezoKqJo,b12,12,22,204,Umbrella,1,Not at all
224,R_1H81dhx7ezoKqJo,b12,12,23,205,wine glass,5,Completely
225,R_1H81dhx7ezoKqJo,b13,13,1,206,anchor,1,Not at all
226,R_1H81dhx7ezoKqJo,b13,13,2,207,c clamp,2,A little
227,R_1H81dhx7ezoKqJo,b13,13,3,208,chalice,5,Completely
228,R_1H81dhx7ezoKqJo,b13,13,4,209,church,1,Not at all
229,R_1H81dhx7ezoKqJo,b13,13,5,210,cup,5,Completely
230,R_1H81dhx7ezoKqJo,b13,13,6,211,door hinge,1,Not at all
231,R_1H81dhx7ezoKqJo,b13,13,7,212,dustpan,4,A lot
232,R_1H81dhx7ezoKqJo,b13,13,8,213,goblet,5,Completely
233,R_1H81dhx7ezoKqJo,b13,13,9,214,Half circle,1,Not at all
234,R_1H81dhx7ezoKqJo,b13,13,10,215,hammer,1,Not at all
235,R_1H81dhx7ezoKqJo,b13,13,11,216,keyhole,1,Not at all
236,R_1H81dhx7ezoKqJo,b13,13,12,217,letter T,1,Not at all
237,R_1H81dhx7ezoKqJo,b13,13,13,218,magnifying glass,1,Not at all
238,R_1H81dhx7ezoKqJo,b13,13,14,219,martini glass,5,Completely
239,R_1H81dhx7ezoKqJo,b13,13,15,220,monogram,1,Not at all
240,R_1H81dhx7ezoKqJo,b13,13,16,221,mortar & pestle,2,A little
241,R_1H81dhx7ezoKqJo,b13,13,17,222,Mushroom,1,Not at all
242,R_1H81dhx7ezoKqJo,b13,13,18,223,pentgon,1,Not at all
243,R_1H81dhx7ezoKqJo,b13,13,19,224,Scale,1,Not at all
244,R_1H81dhx7ezoKqJo,b13,13,20,225,shovel,5,Completely
245,R_1H81dhx7ezoKqJo,b13,13,21,226,sign,1,Not at all
246,R_1H81dhx7ezoKqJo,b13,13,22,227,skeleton key,1,Not at all
247,R_1H81dhx7ezoKqJo,b13,13,23,228,stapler,1,Not at all
248,R_1H81dhx7ezoKqJo,b13,13,24,229,tear drop,1,Not at all
249,R_1H81dhx7ezoKqJo,b13,13,25,230,toilet,1,Not at all
250,R_1H81dhx7ezoKqJo,b13,13,26,231,umbrella,1,Not at all
251,R_1H81dhx7ezoKqJo,b13,13,27,232,upended umbrella,3,Moderately
252,R_1H81dhx7ezoKqJo,b13,13,28,233,window,1,Not at all
253,R_1H81dhx7ezoKqJo,b13,13,29,234,wine glass,5,Completely
254,R_1H81dhx7ezoKqJo,b14,14,1,235,alien,2,A little
255,R_1H81dhx7ezoKqJo,b14,14,2,236,baby carriage,2,A little
256,R_1H81dhx7ezoKqJo,b14,14,3,237,bear face,1,Not at all
257,R_1H81dhx7ezoKqJo,b14,14,4,238,butterfly,1,Not at all
258,R_1H81dhx7ezoKqJo,b14,14,5,239,car,2,A little
259,R_1H81dhx7ezoKqJo,b14,14,6,240,crab claw,1,Not at all
260,R_1H81dhx7ezoKqJo,b14,14,7,241,dior,1,Not at all
261,R_1H81dhx7ezoKqJo,b14,14,8,242,elephant head,1,Not at all
262,R_1H81dhx7ezoKqJo,b14,14,9,243,eyes,1,Not at all
263,R_1H81dhx7ezoKqJo,b14,14,10,244,face,2,A little
264,R_1H81dhx7ezoKqJo,b14,14,11,245,Flower,1,Not at all
265,R_1H81dhx7ezoKqJo,b14,14,12,246,half circle,1,Not at all
266,R_1H81dhx7ezoKqJo,b14,14,13,247,headphones,5,Completely
267,R_1H81dhx7ezoKqJo,b14,14,14,248,horseshoe,2,A little
268,R_1H81dhx7ezoKqJo,b14,14,15,249,Huge circle,1,Not at all
269,R_1H81dhx7ezoKqJo,b14,14,16,250,mushroom,1,Not at all
270,R_1H81dhx7ezoKqJo,b14,14,17,251,Music Note,1,Not at all
271,R_1H81dhx7ezoKqJo,b14,14,18,252,oval,1,Not at all
272,R_1H81dhx7ezoKqJo,b14,14,19,253,owl,1,Not at all
273,R_1H81dhx7ezoKqJo,b14,14,20,254,owl face,1,Not at all
274,R_1H81dhx7ezoKqJo,b14,14,21,255,semi-circle,1,Not at all
275,R_1H81dhx7ezoKqJo,b14,14,22,256,sunglasses,1,Not at all
276,R_1H81dhx7ezoKqJo,b14,14,23,257,tent,1,Not at all
277,R_1H81dhx7ezoKqJo,b14,14,24,258,toilet,1,Not at all
278,R_1H81dhx7ezoKqJo,b15,15,1,259,arrow,2,A little
279,R_1H81dhx7ezoKqJo,b15,15,2,260,bucket,2,A little
280,R_1H81dhx7ezoKqJo,b15,15,3,261,cat,1,Not at all
281,R_1H81dhx7ezoKqJo,b15,15,4,262,diamond,1,Not at all
282,R_1H81dhx7ezoKqJo,b15,15,5,263,flag,2,A little
283,R_1H81dhx7ezoKqJo,b15,15,6,264,honeycomb,1,Not at all
284,R_1H81dhx7ezoKqJo,b15,15,7,265,house,5,Completely
285,R_1H81dhx7ezoKqJo,b15,15,8,266,hut,5,Completely
286,R_1H81dhx7ezoKqJo,b15,15,9,267,kite,2,A little
287,R_1H81dhx7ezoKqJo,b15,15,10,268,pentagon,4,A lot
288,R_1H81dhx7ezoKqJo,b15,15,11,269,plant pot,1,Not at all
289,R_1H81dhx7ezoKqJo,b15,15,12,270,shield,2,A little
290,R_1H81dhx7ezoKqJo,b15,15,13,271,square,1,Not at all
291,R_1H81dhx7ezoKqJo,b15,15,14,272,square,1,Not at all
292,R_1H81dhx7ezoKqJo,b15,15,15,273,trapezium,1,Not at all
293,R_1H81dhx7ezoKqJo,b16,16,1,274,Cone,5,Completely
294,R_1H81dhx7ezoKqJo,b16,16,2,275,cube,1,Not at all
295,R_1H81dhx7ezoKqJo,b16,16,3,276,diamond,1,Not at all
296,R_1H81dhx7ezoKqJo,b16,16,4,277,download icon,1,Not at all
297,R_1H81dhx7ezoKqJo,b16,16,5,278,fish hook,1,Not at all
298,R_1H81dhx7ezoKqJo,b16,16,6,279,guitar pick,2,A little
299,R_1H81dhx7ezoKqJo,b16,16,7,280,heart,1,Not at all
300,R_1H81dhx7ezoKqJo,b16,16,8,281,hourglass,1,Not at all
301,R_1H81dhx7ezoKqJo,b16,16,9,282,house,1,Not at all
302,R_1H81dhx7ezoKqJo,b16,16,10,283,ice cream,5,Completely
303,R_1H81dhx7ezoKqJo,b16,16,11,284,Icecream cone,5,Completely
304,R_1H81dhx7ezoKqJo,b16,16,12,285,lightbulb,2,A little
305,R_1H81dhx7ezoKqJo,b16,16,13,286,magnifying glass,1,Not at all
306,R_1H81dhx7ezoKqJo,b16,16,14,287,paper airplane,1,Not at all
307,R_1H81dhx7ezoKqJo,b16,16,15,288,pizza slice,1,Not at all
308,R_1H81dhx7ezoKqJo,b16,16,16,289,shelf bracket,1,Not at all
309,R_1H81dhx7ezoKqJo,b16,16,17,290,shield,1,Not at all
310,R_1H81dhx7ezoKqJo,b16,16,18,291,sno-cone,5,Completely
311,R_1H81dhx7ezoKqJo,b16,16,19,292,Trapezoid,1,Not at all
312,R_1H81dhx7ezoKqJo,b16,16,20,293,Triangular diamond,4,A lot
313,R_1H81dhx7ezoKqJo,b16,16,21,294,trophy,2,A little
314,R_1H81dhx7ezoKqJo,b16,16,22,295,Volcano,1,Not at all
315,R_1H81dhx7ezoKqJo,b16,16,23,296,whale tail,2,A little
316,R_1H81dhx7ezoKqJo,b17,17,1,297,Abstract Eyeball,1,Not at all
317,R_1H81dhx7ezoKqJo,b17,17,2,298,Balloon,1,Not at all
318,R_1H81dhx7ezoKqJo,b17,17,3,299,bridge,1,Not at all
319,R_1H81dhx7ezoKqJo,b17,17,4,300,chalice,1,Not at all
320,R_1H81dhx7ezoKqJo,b17,17,5,301,chalice,1,Not at all
321,R_1H81dhx7ezoKqJo,b17,17,6,302,cone,5,Completely
322,R_1H81dhx7ezoKqJo,b17,17,7,303,cupcake,1,Not at all
323,R_1H81dhx7ezoKqJo,b17,17,8,304,flower,1,Not at all
324,R_1H81dhx7ezoKqJo,b17,17,9,305,funnel,2,A little
325,R_1H81dhx7ezoKqJo,b17,17,10,306,glass,1,Not at all
326,R_1H81dhx7ezoKqJo,b17,17,11,307,goblet,1,Not at all
327,R_1H81dhx7ezoKqJo,b17,17,12,308,guitar pick,2,A little
328,R_1H81dhx7ezoKqJo,b17,17,13,309,Head,1,Not at all
329,R_1H81dhx7ezoKqJo,b17,17,14,310,heart,1,Not at all
330,R_1H81dhx7ezoKqJo,b17,17,15,311,hot air balloon,2,A little
331,R_1H81dhx7ezoKqJo,b17,17,16,312,house roof,1,Not at all
332,R_1H81dhx7ezoKqJo,b17,17,17,313,ice cream,5,Completely
333,R_1H81dhx7ezoKqJo,b17,17,18,314,icecream cone,5,Completely
334,R_1H81dhx7ezoKqJo,b17,17,19,315,lantern,2,A little
335,R_1H81dhx7ezoKqJo,b17,17,20,316,necklace,3,Moderately
336,R_1H81dhx7ezoKqJo,b17,17,21,317,parachute,5,Completely
337,R_1H81dhx7ezoKqJo,b17,17,22,318,Paris,1,Not at all
338,R_1H81dhx7ezoKqJo,b17,17,23,319,shelf bracket,2,A little
339,R_1H81dhx7ezoKqJo,b17,17,24,320,shield,1,Not at all
340,R_1H81dhx7ezoKqJo,b17,17,25,321,slingshot frame,5,Completely
341,R_1H81dhx7ezoKqJo,b17,17,26,322,snowcone,5,Completely
342,R_1H81dhx7ezoKqJo,b17,17,27,323,Spade,1,Not at all
343,R_1H81dhx7ezoKqJo,b17,17,28,324,tulip,1,Not at all
344,R_1H81dhx7ezoKqJo,b17,17,29,325,wine glass,1,Not at all
345,R_1H81dhx7ezoKqJo,b17,17,30,326,wishbone,1,Not at all
346,R_1H81dhx7ezoKqJo,b18,18,1,327,butterfly,1,Not at all
347,R_1H81dhx7ezoKqJo,b18,18,2,328,Catapult,2,A little
348,R_1H81dhx7ezoKqJo,b18,18,3,329,cone,5,Completely
349,R_1H81dhx7ezoKqJo,b18,18,4,330,drop hook,1,Not at all
350,R_1H81dhx7ezoKqJo,b18,18,5,331,face,1,Not at all
351,R_1H81dhx7ezoKqJo,b18,18,6,332,flag,2,A little
352,R_1H81dhx7ezoKqJo,b18,18,7,333,flower,1,Not at all
353,R_1H81dhx7ezoKqJo,b18,18,8,334,guitar pick,1,Not at all
354,R_1H81dhx7ezoKqJo,b18,18,9,335,harp,1,Not at all
355,R_1H81dhx7ezoKqJo,b18,18,10,336,heart,1,Not at all
356,R_1H81dhx7ezoKqJo,b18,18,11,337,ice cream,5,Completely
357,R_1H81dhx7ezoKqJo,b18,18,12,338,icecream cone,5,Completely
358,R_1H81dhx7ezoKqJo,b18,18,13,339,Incomplete heart,1,Not at all
359,R_1H81dhx7ezoKqJo,b18,18,14,340,keyhole,2,A little
360,R_1H81dhx7ezoKqJo,b18,18,15,341,magnifying glass,1,Not at all
361,R_1H81dhx7ezoKqJo,b18,18,16,342,Martini,1,Not at all
362,R_1H81dhx7ezoKqJo,b18,18,17,343,medal,1,Not at all
363,R_1H81dhx7ezoKqJo,b18,18,18,344,music symbol,1,Not at all
364,R_1H81dhx7ezoKqJo,b18,18,19,345,parabola,1,Not at all
365,R_1H81dhx7ezoKqJo,b18,18,20,346,Pencil,3,Moderately
366,R_1H81dhx7ezoKqJo,b18,18,21,347,Pie,1,Not at all
367,R_1H81dhx7ezoKqJo,b18,18,22,348,revolver,1,Not at all
368,R_1H81dhx7ezoKqJo,b18,18,23,349,sailboat,1,Not at all
369,R_1H81dhx7ezoKqJo,b18,18,24,350,shield,1,Not at all
370,R_1H81dhx7ezoKqJo,b18,18,25,351,speech bubble,2,A little
371,R_1H81dhx7ezoKqJo,b18,18,26,352,Speed Bump,1,Not at all
372,R_1H81dhx7ezoKqJo,b18,18,27,353,trophy,2,A little
373,R_1H81dhx7ezoKqJo,b18,18,28,354,van,1,Not at all
374,R_1H81dhx7ezoKqJo,b18,18,29,355,water glass,1,Not at all
375,R_1H81dhx7ezoKqJo,b19,19,1,356,bee,1,Not at all
376,R_1H81dhx7ezoKqJo,b19,19,2,357,butterfly,1,Not at all
377,R_1H81dhx7ezoKqJo,b19,19,3,358,cat,1,Not at all
378,R_1H81dhx7ezoKqJo,b19,19,4,359,chess,1,Not at all
379,R_1H81dhx7ezoKqJo,b19,19,5,360,circle,1,Not at all
380,R_1H81dhx7ezoKqJo,b19,19,6,361,coffee cup,1,Not at all
381,R_1H81dhx7ezoKqJo,b19,19,7,362,computer mouse,5,Completely
382,R_1H81dhx7ezoKqJo,b19,19,8,363,dollar sign,1,Not at all
383,R_1H81dhx7ezoKqJo,b19,19,9,364,faucet,1,Not at all
384,R_1H81dhx7ezoKqJo,b19,19,10,365,fruit,1,Not at all
385,R_1H81dhx7ezoKqJo,b19,19,11,366,globe,1,Not at all
386,R_1H81dhx7ezoKqJo,b19,19,12,367,hanger,1,Not at all
387,R_1H81dhx7ezoKqJo,b19,19,13,368,jellyfish,1,Not at all
388,R_1H81dhx7ezoKqJo,b19,19,14,369,key,1,Not at all
389,R_1H81dhx7ezoKqJo,b19,19,15,370,Kite,2,A little
390,R_1H81dhx7ezoKqJo,b19,19,16,371,mechanical arm,1,Not at all
391,R_1H81dhx7ezoKqJo,b19,19,17,372,music note,1,Not at all
392,R_1H81dhx7ezoKqJo,b19,19,18,373,oval,1,Not at all
393,R_1H81dhx7ezoKqJo,b19,19,19,374,purse,1,Not at all
394,R_1H81dhx7ezoKqJo,b19,19,20,375,s-hook,1,Not at all
395,R_1H81dhx7ezoKqJo,b19,19,21,376,scissors,1,Not at all
396,R_1H81dhx7ezoKqJo,b19,19,22,377,Sd,1,Not at all
397,R_1H81dhx7ezoKqJo,b19,19,23,378,Sphere,1,Not at all
398,R_1H81dhx7ezoKqJo,b19,19,24,379,start line,1,Not at all
399,R_1H81dhx7ezoKqJo,b19,19,25,380,Steam,1,Not at all
400,R_1H81dhx7ezoKqJo,b19,19,26,381,tape dispenser,2,A little
401,R_1H81dhx7ezoKqJo,b19,19,27,382,teapot,1,Not at all
402,R_1H81dhx7ezoKqJo,b19,19,28,383,teapot,1,Not at all
403,R_1H81dhx7ezoKqJo,b19,19,29,384,USB connector,1,Not at all
404,R_1H81dhx7ezoKqJo,b19,19,30,385,USD symbol,1,Not at all
405,R_1H81dhx7ezoKqJo,b19,19,31,386,wang jangle,1,Not at all
406,R_1H81dhx7ezoKqJo,b19,19,32,387,ying yang,1,Not at all
407,R_1H81dhx7ezoKqJo,b20,20,1,388,Ant,1,Not at all
408,R_1H81dhx7ezoKqJo,b20,20,2,389,balloon animal,1,Not at all
409,R_1H81dhx7ezoKqJo,b20,20,3,390,bird,1,Not at all
410,R_1H81dhx7ezoKqJo,b20,20,4,391,Boat,1,Not at all
411,R_1H81dhx7ezoKqJo,b20,20,5,392,Bun,1,Not at all
412,R_1H81dhx7ezoKqJo,b20,20,6,393,crystal ball,5,Completely
413,R_1H81dhx7ezoKqJo,b20,20,7,394,eight,2,A little
414,R_1H81dhx7ezoKqJo,b20,20,8,395,flower pot,1,Not at all
415,R_1H81dhx7ezoKqJo,b20,20,9,396,glasses,1,Not at all
416,R_1H81dhx7ezoKqJo,b20,20,10,397,golf ball,1,Not at all
417,R_1H81dhx7ezoKqJo,b20,20,11,398,hanger,1,Not at all
418,R_1H81dhx7ezoKqJo,b20,20,12,399,hill,1,Not at all
419,R_1H81dhx7ezoKqJo,b20,20,13,400,hot air balloon,1,Not at all
420,R_1H81dhx7ezoKqJo,b20,20,14,401,Hourglass,2,A little
421,R_1H81dhx7ezoKqJo,b20,20,15,402,Human Profile,5,Completely
422,R_1H81dhx7ezoKqJo,b20,20,16,403,ice cream,1,Not at all
423,R_1H81dhx7ezoKqJo,b20,20,17,404,keyhole,5,Completely
424,R_1H81dhx7ezoKqJo,b20,20,18,405,lightbulb,2,A little
425,R_1H81dhx7ezoKqJo,b20,20,19,406,magnifying glass,1,Not at all
426,R_1H81dhx7ezoKqJo,b20,20,20,407,padlock,3,Moderately
427,R_1H81dhx7ezoKqJo,b20,20,21,408,pedestal,4,A lot
428,R_1H81dhx7ezoKqJo,b20,20,22,409,person,5,Completely
429,R_1H81dhx7ezoKqJo,b20,20,23,410,propeller hat,1,Not at all
430,R_1H81dhx7ezoKqJo,b20,20,24,411,pulley,5,Completely
431,R_1H81dhx7ezoKqJo,b20,20,25,412,ring,5,Completely
432,R_1H81dhx7ezoKqJo,b20,20,26,413,Snowglobe,5,Completely
433,R_1H81dhx7ezoKqJo,b20,20,27,414,snowman,2,A little
434,R_1H81dhx7ezoKqJo,b20,20,28,415,speech bubble,1,Not at all
435,R_1H81dhx7ezoKqJo,b20,20,29,416,Sunrise,3,Moderately
436,R_1H81dhx7ezoKqJo,b20,20,30,417,Trophy,2,A little
437,R_1H81dhx7ezoKqJo,b20,20,31,418,Vessel,1,Not at all
438,R_1H81dhx7ezoKqJo,b20,20,32,419,woman,3,Moderately
439,R_1H81dhx7ezoKqJo,b21,21,1,420,beanie,5,Completely
440,R_1H81dhx7ezoKqJo,b21,21,2,421,Boat,1,Not at all
441,R_1H81dhx7ezoKqJo,b21,21,3,422,Bulb,2,A little
442,R_1H81dhx7ezoKqJo,b21,21,4,423,Capital B,1,Not at all
443,R_1H81dhx7ezoKqJo,b21,21,5,424,circles,1,Not at all
444,R_1H81dhx7ezoKqJo,b21,21,6,425,Crane,1,Not at all
445,R_1H81dhx7ezoKqJo,b21,21,7,426,cup,1,Not at all
446,R_1H81dhx7ezoKqJo,b21,21,8,427,Ear,2,A little
447,R_1H81dhx7ezoKqJo,b21,21,9,428,head and shoulders,4,A lot
448,R_1H81dhx7ezoKqJo,b21,21,10,429,house,1,Not at all
449,R_1H81dhx7ezoKqJo,b21,21,11,430,Infinity symbol,1,Not at all
450,R_1H81dhx7ezoKqJo,b21,21,12,431,person,5,Completely
451,R_1H81dhx7ezoKqJo,b21,21,13,432,person's torso,5,Completely
452,R_1H81dhx7ezoKqJo,b21,21,14,433,pictogram,1,Not at all
453,R_1H81dhx7ezoKqJo,b21,21,15,434,pool,1,Not at all
454,R_1H81dhx7ezoKqJo,b21,21,16,435,statue,4,A lot
455,R_1H81dhx7ezoKqJo,b21,21,17,436,lollipop stand,1,Not at all
456,R_1H81dhx7ezoKqJo,b21,21,18,437,woman,3,Moderately
457,R_1H81dhx7ezoKqJo,b21,21,19,438,headphones,1,Not at all
458,R_1H81dhx7ezoKqJo,b21,21,20,439,keyhole,3,Moderately
459,R_1H81dhx7ezoKqJo,b21,21,21,440,snowman,3,Moderately
460,R_1H81dhx7ezoKqJo,b21,21,22,441,hot air balloon,1,Not at all
461,R_1H81dhx7ezoKqJo,b21,21,23,442,crystal ball,5,Completely
462,R_1H81dhx7ezoKqJo,b21,21,24,443,coffee mug,1,Not at all
463,R_1H81dhx7ezoKqJo,b21,21,25,444,power button,1,Not at all
464,R_1H81dhx7ezoKqJo,b21,21,26,445,magnifying glass,1,Not at all
465,R_1H81dhx7ezoKqJo,b21,21,27,446,bowler hat,1,Not at all
466,R_1H81dhx7ezoKqJo,b21,21,28,447,treble clef,1,Not at all
467,R_1H81dhx7ezoKqJo,b21,21,29,448,guitar silhouette,2,A little
468,R_1H81dhx7ezoKqJo,b21,21,30,449,music note,1,Not at all
469,R_1H81dhx7ezoKqJo,b22,22,1,450,Angle,1,Not at all
470,R_1H81dhx7ezoKqJo,b22,22,2,451,Audio Symbol,1,Not at all
471,R_1H81dhx7ezoKqJo,b22,22,3,452,Boat,1,Not at all
472,R_1H81dhx7ezoKqJo,b22,22,4,453,closed eye,4,A lot
473,R_1H81dhx7ezoKqJo,b22,22,5,454,cone,1,Not at all
474,R_1H81dhx7ezoKqJo,b22,22,6,455,dart,2,A little
475,R_1H81dhx7ezoKqJo,b22,22,7,456,duck,4,A lot
476,R_1H81dhx7ezoKqJo,b22,22,8,457,duck beak,4,A lot
477,R_1H81dhx7ezoKqJo,b22,22,9,458,face,2,A little
478,R_1H81dhx7ezoKqJo,b22,22,10,459,fish,3,Moderately
479,R_1H81dhx7ezoKqJo,b22,22,11,460,Flag,1,Not at all
480,R_1H81dhx7ezoKqJo,b22,22,12,461,goggles,1,Not at all
481,R_1H81dhx7ezoKqJo,b22,22,13,462,heart,1,Not at all
482,R_1H81dhx7ezoKqJo,b22,22,14,463,horn,2,A little
483,R_1H81dhx7ezoKqJo,b22,22,15,464,Icecream cone,1,Not at all
484,R_1H81dhx7ezoKqJo,b22,22,16,465,keyhole,4,A lot
485,R_1H81dhx7ezoKqJo,b22,22,17,466,lowercase a,1,Not at all
486,R_1H81dhx7ezoKqJo,b22,22,18,467,magnifying glass,1,Not at all
487,R_1H81dhx7ezoKqJo,b22,22,19,468,Math symbol,1,Not at all
488,R_1H81dhx7ezoKqJo,b22,22,20,469,padlock,1,Not at all
489,R_1H81dhx7ezoKqJo,b22,22,21,470,padlock,1,Not at all
490,R_1H81dhx7ezoKqJo,b22,22,22,471,ping pong,1,Not at all
491,R_1H81dhx7ezoKqJo,b22,22,23,472,play button,1,Not at all
492,R_1H81dhx7ezoKqJo,b22,22,24,473,power button,1,Not at all
493,R_1H81dhx7ezoKqJo,b22,22,25,474,rectangle,1,Not at all
494,R_1H81dhx7ezoKqJo,b22,22,26,475,rewind button,1,Not at all
495,R_1H81dhx7ezoKqJo,b22,22,27,476,speaker sign,2,A little
496,R_1H81dhx7ezoKqJo,b22,22,28,477,speech bubble,1,Not at all
497,R_1H81dhx7ezoKqJo,b22,22,29,478,stick figure,1,Not at all
498,R_1H81dhx7ezoKqJo,b22,22,30,479,triangle circle,1,Not at all
499,R_1H81dhx7ezoKqJo,b23,23,1,480,anchor,1,Not at all
500,R_1H81dhx7ezoKqJo,b23,23,2,481,ball string,5,Completely
501,R_1H81dhx7ezoKqJo,b23,23,3,482,balloon,5,Completely
502,R_1H81dhx7ezoKqJo,b23,23,4,483,brain,3,Moderately
503,R_1H81dhx7ezoKqJo,b23,23,5,484,caduceus,1,Not at all
504,R_1H81dhx7ezoKqJo,b23,23,6,485,circle,1,Not at all
505,R_1H81dhx7ezoKqJo,b23,23,7,486,dollar sign,1,Not at all
506,R_1H81dhx7ezoKqJo,b23,23,8,487,flower,5,Completely
507,R_1H81dhx7ezoKqJo,b23,23,9,488,head and shoulders,1,Not at all
508,R_1H81dhx7ezoKqJo,b23,23,10,489,keyhole,1,Not at all
509,R_1H81dhx7ezoKqJo,b23,23,11,490,Kite,3,Moderately
510,R_1H81dhx7ezoKqJo,b23,23,12,491,Lollipop,5,Completely
511,R_1H81dhx7ezoKqJo,b23,23,13,492,magnifying glass,4,A lot
512,R_1H81dhx7ezoKqJo,b23,23,14,493,microphone,5,Completely
513,R_1H81dhx7ezoKqJo,b23,23,15,494,Pool,1,Not at all
514,R_1H81dhx7ezoKqJo,b23,23,16,495,sculpture,1,Not at all
515,R_1H81dhx7ezoKqJo,b23,23,17,496,staff,2,A little
516,R_1H81dhx7ezoKqJo,b23,23,18,497,Stop sign,4,A lot
517,R_1H81dhx7ezoKqJo,b23,23,19,498,streetlamp,3,Moderately
518,R_1H81dhx7ezoKqJo,b23,23,20,499,superman logo,1,Not at all
519,R_1H81dhx7ezoKqJo,b23,23,21,500,traffic stop,4,A lot
520,R_1H81dhx7ezoKqJo,b23,23,22,501,weathervane,1,Not at all
521,R_1H81dhx7ezoKqJo,b23,23,23,502,Yinyang Medallion,4,A lot
522,R_1H81dhx7ezoKqJo,b24,24,1,503,anchor,2,A little
523,R_1H81dhx7ezoKqJo,b24,24,2,504,axe,1,Not at all
524,R_1H81dhx7ezoKqJo,b24,24,3,505,Baketball hoop,1,Not at all
525,R_1H81dhx7ezoKqJo,b24,24,4,506,chair,5,Completely
526,R_1H81dhx7ezoKqJo,b24,24,5,507,coat hook,2,A little
527,R_1H81dhx7ezoKqJo,b24,24,6,508,comb,1,Not at all
528,R_1H81dhx7ezoKqJo,b24,24,7,509,comb,1,Not at all
529,R_1H81dhx7ezoKqJo,b24,24,8,510,crutch,1,Not at all
530,R_1H81dhx7ezoKqJo,b24,24,9,511,flag,1,Not at all
531,R_1H81dhx7ezoKqJo,b24,24,10,512,goal post,1,Not at all
532,R_1H81dhx7ezoKqJo,b24,24,11,513,gun barrel,1,Not at all
533,R_1H81dhx7ezoKqJo,b24,24,12,514,hammer,1,Not at all
534,R_1H81dhx7ezoKqJo,b24,24,13,515,Horse,1,Not at all
535,R_1H81dhx7ezoKqJo,b24,24,14,516,inverted chair,2,A little
536,R_1H81dhx7ezoKqJo,b24,24,15,517,lamp post,1,Not at all
537,R_1H81dhx7ezoKqJo,b24,24,16,518,letter H,5,Completely
538,R_1H81dhx7ezoKqJo,b24,24,17,519,letter N,2,A little
539,R_1H81dhx7ezoKqJo,b24,24,18,520,lowercase h,5,Completely
540,R_1H81dhx7ezoKqJo,b24,24,19,521,pickaxe,1,Not at all
541,R_1H81dhx7ezoKqJo,b24,24,20,522,Pie symbol,1,Not at all
542,R_1H81dhx7ezoKqJo,b24,24,21,523,pipe fitting,1,Not at all
543,R_1H81dhx7ezoKqJo,b24,24,22,524,plus sign,1,Not at all
544,R_1H81dhx7ezoKqJo,b24,24,23,525,rake,1,Not at all
545,R_1H81dhx7ezoKqJo,b24,24,24,526,rectangle,1,Not at all
546,R_1H81dhx7ezoKqJo,b24,24,25,527,robot claw,2,A little
547,R_1H81dhx7ezoKqJo,b24,24,26,528,Square,1,Not at all
548,R_1H81dhx7ezoKqJo,b24,24,27,529,Straight line,1,Not at all
549,R_1H81dhx7ezoKqJo,b24,24,28,530,Thread holder,2,A little
550,R_1H81dhx7ezoKqJo,b24,24,29,531,trident,1,Not at all
551,R_1H81dhx7ezoKqJo,b24,24,30,532,tuning fork,2,A little
552,R_1H81dhx7ezoKqJo,b24,24,31,533,windmill,1,Not at all
553,R_1H81dhx7ezoKqJo,b24,24,32,534,wrentch,3,Moderately
554,R_1H81dhx7ezoKqJo,b25,25,1,535,backwards L,1,Not at all
555,R_1H81dhx7ezoKqJo,b25,25,2,536,bed,5,Completely
556,R_1H81dhx7ezoKqJo,b25,25,3,537,broken hurdle,2,A little
557,R_1H81dhx7ezoKqJo,b25,25,4,538,chair,5,Completely
558,R_1H81dhx7ezoKqJo,b25,25,5,539,chair,5,Completely
559,R_1H81dhx7ezoKqJo,b25,25,6,540,crane,1,Not at all
560,R_1H81dhx7ezoKqJo,b25,25,7,541,Fallen tree,1,Not at all
561,R_1H81dhx7ezoKqJo,b25,25,8,542,flagpole,1,Not at all
562,R_1H81dhx7ezoKqJo,b25,25,9,543,hammer,1,Not at all
563,R_1H81dhx7ezoKqJo,b25,25,10,544,key,2,A little
564,R_1H81dhx7ezoKqJo,b25,25,11,545,lamp,1,Not at all
565,R_1H81dhx7ezoKqJo,b25,25,12,546,letter C,1,Not at all
566,R_1H81dhx7ezoKqJo,b25,25,13,547,letter F,1,Not at all
567,R_1H81dhx7ezoKqJo,b25,25,14,548,letter J,3,Moderately
568,R_1H81dhx7ezoKqJo,b25,25,15,549,letter T,1,Not at all
569,R_1H81dhx7ezoKqJo,b25,25,16,550,Lower H,5,Completely
570,R_1H81dhx7ezoKqJo,b25,25,17,551,lowercase h,5,Completely
571,R_1H81dhx7ezoKqJo,b25,25,18,552,number 4,3,Moderately
572,R_1H81dhx7ezoKqJo,b25,25,19,553,number 7,1,Not at all
573,R_1H81dhx7ezoKqJo,b25,25,20,554,open box,2,A little
574,R_1H81dhx7ezoKqJo,b25,25,21,555,pickaxe,1,Not at all
575,R_1H81dhx7ezoKqJo,b25,25,22,556,pole,1,Not at all
576,R_1H81dhx7ezoKqJo,b25,25,23,557,stick,1,Not at all
577,R_1H81dhx7ezoKqJo,b25,25,24,558,table,1,Not at all
578,R_1H81dhx7ezoKqJo,b25,25,25,559,triangle,1,Not at all
579,R_1H81dhx7ezoKqJo,b25,25,26,560,wrench,3,Moderately
580,R_1H81dhx7ezoKqJo,b26,26,1,561,arrow,1,Not at all
581,R_1H81dhx7ezoKqJo,b26,26,2,562,arrow,1,Not at all
582,R_1H81dhx7ezoKqJo,b26,26,3,563,arrowhead,1,Not at all
583,R_1H81dhx7ezoKqJo,b26,26,4,564,baseball pendant,5,Completely
584,R_1H81dhx7ezoKqJo,b26,26,5,565,carat stem,1,Not at all
585,R_1H81dhx7ezoKqJo,b26,26,6,566,check mark,5,Completely
586,R_1H81dhx7ezoKqJo,b26,26,7,567,Cone,1,Not at all
587,R_1H81dhx7ezoKqJo,b26,26,8,568,flag,5,Completely
588,R_1H81dhx7ezoKqJo,b26,26,9,569,flag pole,5,Completely
589,R_1H81dhx7ezoKqJo,b26,26,10,570,letter K,1,Not at all
590,R_1H81dhx7ezoKqJo,b26,26,11,571,letter P,1,Not at all
591,R_1H81dhx7ezoKqJo,b26,26,12,572,lightning bolt,1,Not at all
592,R_1H81dhx7ezoKqJo,b26,26,13,573,pickaxe,2,A little
593,R_1H81dhx7ezoKqJo,b26,26,14,574,sailboat,1,Not at all
594,R_1H81dhx7ezoKqJo,b26,26,15,575,triangle,1,Not at all
595,R_1H81dhx7ezoKqJo,b27,27,1,576,2 squares,1,Not at all
596,R_1H81dhx7ezoKqJo,b27,27,2,577,barcode,1,Not at all
597,R_1H81dhx7ezoKqJo,b27,27,3,578,bed,1,Not at all
598,R_1H81dhx7ezoKqJo,b27,27,4,579,belt buckle,4,A lot
599,R_1H81dhx7ezoKqJo,b27,27,5,580,book,3,Moderately
600,R_1H81dhx7ezoKqJo,b27,27,6,581,bookshelf,1,Not at all
601,R_1H81dhx7ezoKqJo,b27,27,7,582,Box,1,Not at all
602,R_1H81dhx7ezoKqJo,b27,27,8,583,candy bar,3,Moderately
603,R_1H81dhx7ezoKqJo,b27,27,9,584,coconut,1,Not at all
604,R_1H81dhx7ezoKqJo,b27,27,10,585,Cubes,1,Not at all
605,R_1H81dhx7ezoKqJo,b27,27,11,586,door,5,Completely
606,R_1H81dhx7ezoKqJo,b27,27,12,587,door,5,Completely
607,R_1H81dhx7ezoKqJo,b27,27,13,588,euro symbol,1,Not at all
608,R_1H81dhx7ezoKqJo,b27,27,14,589,fork,1,Not at all
609,R_1H81dhx7ezoKqJo,b27,27,15,590,gate latch,5,Completely
610,R_1H81dhx7ezoKqJo,b27,27,16,591,goal post,1,Not at all
611,R_1H81dhx7ezoKqJo,b27,27,17,592,handle,5,Completely
612,R_1H81dhx7ezoKqJo,b27,27,18,593,ladder,1,Not at all
613,R_1H81dhx7ezoKqJo,b27,27,19,594,letter W,1,Not at all
614,R_1H81dhx7ezoKqJo,b27,27,20,595,parallel lines,1,Not at all
615,R_1H81dhx7ezoKqJo,b27,27,21,596,parking lot,3,Moderately
616,R_1H81dhx7ezoKqJo,b27,27,22,597,plug,1,Not at all
617,R_1H81dhx7ezoKqJo,b27,27,23,598,rail tracks,1,Not at all
618,R_1H81dhx7ezoKqJo,b27,27,24,599,rectangle,1,Not at all
619,R_1H81dhx7ezoKqJo,b27,27,25,600,Ruler,3,Moderately
620,R_1H81dhx7ezoKqJo,b27,27,26,601,Square,1,Not at all
621,R_1H81dhx7ezoKqJo,b27,27,27,602,staple remover,1,Not at all
622,R_1H81dhx7ezoKqJo,b27,27,28,603,table chair,1,Not at all
623,R_1H81dhx7ezoKqJo,b28,28,1,604,bucket,1,Not at all
624,R_1H81dhx7ezoKqJo,b28,28,2,605,cherries,3,Moderately
625,R_1H81dhx7ezoKqJo,b28,28,3,606,circle,1,Not at all
626,R_1H81dhx7ezoKqJo,b28,28,4,607,cylinder,1,Not at all
627,R_1H81dhx7ezoKqJo,b28,28,5,608,eyeglasses,5,Completely
628,R_1H81dhx7ezoKqJo,b28,28,6,609,eyes,3,Moderately
629,R_1H81dhx7ezoKqJo,b28,28,7,610,face,3,Moderately
630,R_1H81dhx7ezoKqJo,b28,28,8,611,glasses,5,Completely
631,R_1H81dhx7ezoKqJo,b28,28,9,612,handcuffs,1,Not at all
632,R_1H81dhx7ezoKqJo,b28,28,10,613,hydrogen peroxide,1,Not at all
633,R_1H81dhx7ezoKqJo,b28,28,11,614,insect head,2,A little
634,R_1H81dhx7ezoKqJo,b28,28,12,615,Lollipops,3,Moderately
635,R_1H81dhx7ezoKqJo,b28,28,13,616,owl,3,Moderately
636,R_1H81dhx7ezoKqJo,b28,28,14,617,plus sign,1,Not at all
637,R_1H81dhx7ezoKqJo,b28,28,15,618,ribbon,1,Not at all
638,R_1H81dhx7ezoKqJo,b28,28,16,619,sunglasses,5,Completely
639,R_1H81dhx7ezoKqJo,b29,29,1,620,Anchor,3,Moderately
640,R_1H81dhx7ezoKqJo,b29,29,2,621,arch,1,Not at all
641,R_1H81dhx7ezoKqJo,b29,29,3,622,basket,2,A little
642,R_1H81dhx7ezoKqJo,b29,29,4,623,beach umbrella,1,Not at all
643,R_1H81dhx7ezoKqJo,b29,29,5,624,bed,1,Not at all
644,R_1H81dhx7ezoKqJo,b29,29,6,625,boat,1,Not at all
645,R_1H81dhx7ezoKqJo,b29,29,7,626,bow and arrow,1,Not at all
646,R_1H81dhx7ezoKqJo,b29,29,8,627,chair,1,Not at all
647,R_1H81dhx7ezoKqJo,b29,29,9,628,chalice,1,Not at all
648,R_1H81dhx7ezoKqJo,b29,29,10,629,crane,1,Not at all
649,R_1H81dhx7ezoKqJo,b29,29,11,630,door hinge,2,A little
650,R_1H81dhx7ezoKqJo,b29,29,12,631,Fish,3,Moderately
651,R_1H81dhx7ezoKqJo,b29,29,13,632,goal post,1,Not at all
652,R_1H81dhx7ezoKqJo,b29,29,14,633,hanger,1,Not at all
653,R_1H81dhx7ezoKqJo,b29,29,15,634,hospital sign,1,Not at all
654,R_1H81dhx7ezoKqJo,b29,29,16,635,House,1,Not at all
655,R_1H81dhx7ezoKqJo,b29,29,17,636,keyhole,2,A little
656,R_1H81dhx7ezoKqJo,b29,29,18,637,ladder,1,Not at all
657,R_1H81dhx7ezoKqJo,b29,29,19,638,lamp,5,Completely
658,R_1H81dhx7ezoKqJo,b29,29,20,639,potted plant,3,Moderately
659,R_1H81dhx7ezoKqJo,b29,29,21,640,power button,1,Not at all
660,R_1H81dhx7ezoKqJo,b29,29,22,641,road,1,Not at all
661,R_1H81dhx7ezoKqJo,b29,29,23,642,shovel,5,Completely
662,R_1H81dhx7ezoKqJo,b29,29,24,643,spade,5,Completely
663,R_1H81dhx7ezoKqJo,b29,29,25,644,stool,1,Not at all
664,R_1H81dhx7ezoKqJo,b29,29,26,645,top,1,Not at all
665,R_1H81dhx7ezoKqJo,b29,29,27,646,trident,1,Not at all
666,R_1H81dhx7ezoKqJo,b30,30,1,647,anchor,3,Moderately
667,R_1H81dhx7ezoKqJo,b30,30,2,648,arrow,2,A little
668,R_1H81dhx7ezoKqJo,b30,30,3,649,barrier gate,2,A little
669,R_1H81dhx7ezoKqJo,b30,30,4,650,basket,2,A little
670,R_1H81dhx7ezoKqJo,b30,30,5,651,bed,1,Not at all
671,R_1H81dhx7ezoKqJo,b30,30,6,652,bench,1,Not at all
672,R_1H81dhx7ezoKqJo,b30,30,7,653,Boat,1,Not at all
673,R_1H81dhx7ezoKqJo,b30,30,8,654,bow and arrow,1,Not at all
674,R_1H81dhx7ezoKqJo,b30,30,9,655,box,1,Not at all
675,R_1H81dhx7ezoKqJo,b30,30,10,656,bridge,1,Not at all
676,R_1H81dhx7ezoKqJo,b30,30,11,657,c-clamp,2,A little
677,R_1H81dhx7ezoKqJo,b30,30,12,658,chair,1,Not at all
678,R_1H81dhx7ezoKqJo,b30,30,13,659,cross,1,Not at all
679,R_1H81dhx7ezoKqJo,b30,30,14,660,door key,2,A little
680,R_1H81dhx7ezoKqJo,b30,30,15,661,Drill,1,Not at all
681,R_1H81dhx7ezoKqJo,b30,30,16,662,fish,5,Completely
682,R_1H81dhx7ezoKqJo,b30,30,17,663,fish bone,5,Completely
683,R_1H81dhx7ezoKqJo,b30,30,18,664,fish skeleton,5,Completely
684,R_1H81dhx7ezoKqJo,b30,30,19,665,goal post,1,Not at all
685,R_1H81dhx7ezoKqJo,b30,30,20,666,helicopter,1,Not at all
686,R_1H81dhx7ezoKqJo,b30,30,21,667,hinge,2,A little
687,R_1H81dhx7ezoKqJo,b30,30,22,668,key,2,A little
688,R_1H81dhx7ezoKqJo,b30,30,23,669,letters id,1,Not at all
689,R_1H81dhx7ezoKqJo,b30,30,24,670,person,1,Not at all
690,R_1H81dhx7ezoKqJo,b30,30,25,671,plug,1,Not at all
691,R_1H81dhx7ezoKqJo,b30,30,26,672,prison bars,2,A little
692,R_1H81dhx7ezoKqJo,b30,30,27,673,shovel,2,A little
693,R_1H81dhx7ezoKqJo,b30,30,28,674,train,1,Not at all
694,R_1H81dhx7ezoKqJo,b30,30,29,675,train car,1,Not at all
695,R_1H81dhx7ezoKqJo,b30,30,30,676,wheelchair,1,Not at all
696,R_1H81dhx7ezoKqJo,b30,30,31,677,window,1,Not at all
697,R_1H81dhx7ezoKqJo,b30,30,32,678,wing ding,1,Not at all
698,R_1H81dhx7ezoKqJo,b31,31,1,679,anchor,2,A little
699,R_1H81dhx7ezoKqJo,b31,31,2,680,arrow,1,Not at all
700,R_1H81dhx7ezoKqJo,b31,31,3,681,bird,1,Not at all
701,R_1H81dhx7ezoKqJo,b31,31,4,682,birthday hat,1,Not at all
702,R_1H81dhx7ezoKqJo,b31,31,5,683,Circle,1,Not at all
703,R_1H81dhx7ezoKqJo,b31,31,6,684,female symbol,1,Not at all
704,R_1H81dhx7ezoKqJo,b31,31,7,685,fish,1,Not at all
705,R_1H81dhx7ezoKqJo,b31,31,8,686,flower,3,Moderately
706,R_1H81dhx7ezoKqJo,b31,31,9,687,lollipop,2,A little
707,R_1H81dhx7ezoKqJo,b31,31,10,688,magnifying glass,2,A little
708,R_1H81dhx7ezoKqJo,b31,31,11,689,person,2,A little
709,R_1H81dhx7ezoKqJo,b31,31,12,690,Rocket ship,2,A little
710,R_1H81dhx7ezoKqJo,b31,31,13,691,snowman,1,Not at all
711,R_1H81dhx7ezoKqJo,b31,31,14,692,speaker,1,Not at all
712,R_1H81dhx7ezoKqJo,b31,31,15,693,stick figure,2,A little
713,R_1H81dhx7ezoKqJo,b31,31,16,694,stick person,2,A little
714,R_1H81dhx7ezoKqJo,b31,31,17,695,Sun Horizon,1,Not at all
715,R_1H81dhx7ezoKqJo,b31,31,18,696,tripod,1,Not at all
716,R_1H81dhx7ezoKqJo,b31,31,19,697,tuning fork,1,Not at all
717,R_1H81dhx7ezoKqJo,b31,31,20,698,umbrella,1,Not at all
718,R_1H81dhx7ezoKqJo,b32,32,1,699,anchor,2,A little
719,R_1H81dhx7ezoKqJo,b32,32,2,700,chalice,5,Completely
720,R_1H81dhx7ezoKqJo,b32,32,3,701,Champagne glass,5,Completely
721,R_1H81dhx7ezoKqJo,b32,32,4,702,chandelier,2,A little
722,R_1H81dhx7ezoKqJo,b32,32,5,703,church bell,2,A little
723,R_1H81dhx7ezoKqJo,b32,32,6,704,coat hook,1,Not at all
724,R_1H81dhx7ezoKqJo,b32,32,7,705,door knocker,2,A little
725,R_1H81dhx7ezoKqJo,b32,32,8,706,Fraction Symbol,1,Not at all
726,R_1H81dhx7ezoKqJo,b32,32,9,707,Glass,5,Completely
727,R_1H81dhx7ezoKqJo,b32,32,10,708,goblet,5,Completely
728,R_1H81dhx7ezoKqJo,b32,32,11,709,Hammer,1,Not at all
729,R_1H81dhx7ezoKqJo,b32,32,12,710,hammerhead shark,1,Not at all
730,R_1H81dhx7ezoKqJo,b32,32,13,711,keyhole,3,Moderately
731,R_1H81dhx7ezoKqJo,b32,32,14,712,lamp,5,Completely
732,R_1H81dhx7ezoKqJo,b32,32,15,713,lollipop,1,Not at all
733,R_1H81dhx7ezoKqJo,b32,32,16,714,martini glass,5,Completely
734,R_1H81dhx7ezoKqJo,b32,32,17,715,mushroom,1,Not at all
735,R_1H81dhx7ezoKqJo,b32,32,18,716,nine,1,Not at all
736,R_1H81dhx7ezoKqJo,b32,32,19,717,scarecrow,1,Not at all
737,R_1H81dhx7ezoKqJo,b32,32,20,718,spatula,2,A little
738,R_1H81dhx7ezoKqJo,b32,32,21,719,stick figure,1,Not at all
739,R_1H81dhx7ezoKqJo,b32,32,22,720,table,1,Not at all
740,R_1H81dhx7ezoKqJo,b32,32,23,721,teeball,1,Not at all
741,R_1H81dhx7ezoKqJo,b32,32,24,722,tree,2,A little
742,R_1H81dhx7ezoKqJo,b32,32,25,723,umbrella,1,Not at all
743,R_1H81dhx7ezoKqJo,b32,32,26,724,wine glass,5,Completely
744,R_1H81dhx7ezoKqJo,b33,33,1,725,anchor,3,Moderately
745,R_1H81dhx7ezoKqJo,b33,33,2,726,Antenna,3,Moderately
746,R_1H81dhx7ezoKqJo,b33,33,3,727,bell,5,Completely
747,R_1H81dhx7ezoKqJo,b33,33,4,728,car,1,Not at all
748,R_1H81dhx7ezoKqJo,b33,33,5,729,church steeple,3,Moderately
749,R_1H81dhx7ezoKqJo,b33,33,6,730,cupcake,1,Not at all
750,R_1H81dhx7ezoKqJo,b33,33,7,731,dustpan,5,Completely
751,R_1H81dhx7ezoKqJo,b33,33,8,732,eye,1,Not at all
752,R_1H81dhx7ezoKqJo,b33,33,9,733,golf club,1,Not at all
753,R_1H81dhx7ezoKqJo,b33,33,10,734,hanging lamp,5,Completely
754,R_1H81dhx7ezoKqJo,b33,33,11,735,key,1,Not at all
755,R_1H81dhx7ezoKqJo,b33,33,12,736,keyhole,2,A little
756,R_1H81dhx7ezoKqJo,b33,33,13,737,lamp,5,Completely
757,R_1H81dhx7ezoKqJo,b33,33,14,738,lollipop,1,Not at all
758,R_1H81dhx7ezoKqJo,b33,33,15,739,magnifying glass,1,Not at all
759,R_1H81dhx7ezoKqJo,b33,33,16,740,mop,5,Completely
760,R_1H81dhx7ezoKqJo,b33,33,17,741,mushroom,1,Not at all
761,R_1H81dhx7ezoKqJo,b33,33,18,742,pan cover,2,A little
762,R_1H81dhx7ezoKqJo,b33,33,19,743,planted sapling,2,A little
763,R_1H81dhx7ezoKqJo,b33,33,20,744,plunger,5,Completely
764,R_1H81dhx7ezoKqJo,b33,33,21,745,pot lid,2,A little
765,R_1H81dhx7ezoKqJo,b33,33,22,746,power button,1,Not at all
766,R_1H81dhx7ezoKqJo,b33,33,23,747,semicircle,1,Not at all
767,R_1H81dhx7ezoKqJo,b33,33,24,748,shovel,4,A lot
768,R_1H81dhx7ezoKqJo,b33,33,25,749,spade,4,A lot
769,R_1H81dhx7ezoKqJo,b33,33,26,750,Stake,3,Moderately
770,R_1H81dhx7ezoKqJo,b33,33,27,751,Stick,1,Not at all
771,R_1H81dhx7ezoKqJo,b33,33,28,752,tank turret,5,Completely
772,R_1H81dhx7ezoKqJo,b33,33,29,753,Triangle,1,Not at all
773,R_1H81dhx7ezoKqJo,b33,33,30,754,umbrella,1,Not at all
774,R_1H81dhx7ezoKqJo,b34,34,1,755,Binoculars,1,Not at all
775,R_1H81dhx7ezoKqJo,b34,34,2,756,bird,3,Moderately
776,R_1H81dhx7ezoKqJo,b34,34,3,757,bow,5,Completely
777,R_1H81dhx7ezoKqJo,b34,34,4,758,bow tie,5,Completely
778,R_1H81dhx7ezoKqJo,b34,34,5,759,butterfly,1,Not at all
779,R_1H81dhx7ezoKqJo,b34,34,6,760,camcorder,1,Not at all
780,R_1H81dhx7ezoKqJo,b34,34,7,761,diving mask,3,Moderately
781,R_1H81dhx7ezoKqJo,b34,34,8,762,face,2,A little
782,R_1H81dhx7ezoKqJo,b34,34,9,763,glasses on nose,3,Moderately
783,R_1H81dhx7ezoKqJo,b34,34,10,764,heart,1,Not at all
784,R_1H81dhx7ezoKqJo,b34,34,11,765,hourglass,1,Not at all
785,R_1H81dhx7ezoKqJo,b34,34,12,766,ice cream,1,Not at all
786,R_1H81dhx7ezoKqJo,b34,34,13,767,Infinity pyramid,1,Not at all
787,R_1H81dhx7ezoKqJo,b34,34,14,768,infinity symbol,1,Not at all
788,R_1H81dhx7ezoKqJo,b34,34,15,769,man,1,Not at all
789,R_1H81dhx7ezoKqJo,b34,34,16,770,movie projector,2,A little
790,R_1H81dhx7ezoKqJo,b34,34,17,771,Owl face,5,Completely
791,R_1H81dhx7ezoKqJo,b34,34,18,772,scissors,5,Completely
792,R_1H81dhx7ezoKqJo,b34,34,19,773,spade,1,Not at all
793,R_1H81dhx7ezoKqJo,b34,34,20,774,Volcano,3,Moderately
794,R_1H81dhx7ezoKqJo,b35,35,1,775,balloon pair,3,Moderately
795,R_1H81dhx7ezoKqJo,b35,35,2,776,beak,3,Moderately
796,R_1H81dhx7ezoKqJo,b35,35,3,777,berry,3,Moderately
797,R_1H81dhx7ezoKqJo,b35,35,4,778,bicycle,1,Not at all
798,R_1H81dhx7ezoKqJo,b35,35,5,779,bow,5,Completely
799,R_1H81dhx7ezoKqJo,b35,35,6,780,bow tie,5,Completely
800,R_1H81dhx7ezoKqJo,b35,35,7,781,cat face,3,Moderately
801,R_1H81dhx7ezoKqJo,b35,35,8,782,cherries,5,Completely
802,R_1H81dhx7ezoKqJo,b35,35,9,783,cloudy mountain,5,Completely
803,R_1H81dhx7ezoKqJo,b35,35,10,784,cone,1,Not at all
804,R_1H81dhx7ezoKqJo,b35,35,11,785,eyes nose,3,Moderately
805,R_1H81dhx7ezoKqJo,b35,35,12,786,face,3,Moderately
806,R_1H81dhx7ezoKqJo,b35,35,13,787,film camera,2,A little
807,R_1H81dhx7ezoKqJo,b35,35,14,788,glasses,3,Moderately
808,R_1H81dhx7ezoKqJo,b35,35,15,789,goggles,3,Moderately
809,R_1H81dhx7ezoKqJo,b35,35,16,790,heart,1,Not at all
810,R_1H81dhx7ezoKqJo,b35,35,17,791,nose/eyes,3,Moderately
811,R_1H81dhx7ezoKqJo,b35,35,18,792,owl face,5,Completely
812,R_1H81dhx7ezoKqJo,b35,35,19,793,party hat,4,A lot
813,R_1H81dhx7ezoKqJo,b35,35,20,794,scissors,5,Completely
814,R_1H81dhx7ezoKqJo,b35,35,21,795,spade,1,Not at all
815,R_1H81dhx7ezoKqJo,b35,35,22,796,tree,1,Not at all
816,R_1H81dhx7ezoKqJo,b36,36,1,797,anchor,5,Completely
817,R_1H81dhx7ezoKqJo,b36,36,2,798,arrow,1,Not at all
818,R_1H81dhx7ezoKqJo,b36,36,3,799,Bird feet,5,Completely
819,R_1H81dhx7ezoKqJo,b36,36,4,800,broadcast tower,2,A little
820,R_1H81dhx7ezoKqJo,b36,36,5,801,crane,1,Not at all
821,R_1H81dhx7ezoKqJo,b36,36,6,802,dowsing rod,3,Moderately
822,R_1H81dhx7ezoKqJo,b36,36,7,803,fishing rod,1,Not at all
823,R_1H81dhx7ezoKqJo,b36,36,8,804,fork,5,Completely
824,R_1H81dhx7ezoKqJo,b36,36,9,805,Inverted peace symbol,1,Not at all
825,R_1H81dhx7ezoKqJo,b36,36,10,806,letter M,1,Not at all
826,R_1H81dhx7ezoKqJo,b36,36,11,807,location marker,1,Not at all
827,R_1H81dhx7ezoKqJo,b36,36,12,808,peace sign,4,A lot
828,R_1H81dhx7ezoKqJo,b36,36,13,809,pitchfork,5,Completely
829,R_1H81dhx7ezoKqJo,b36,36,14,810,rake,5,Completely
830,R_1H81dhx7ezoKqJo,b36,36,15,811,rake,5,Completely
831,R_1H81dhx7ezoKqJo,b36,36,16,812,roof shape,1,Not at all
832,R_1H81dhx7ezoKqJo,b36,36,17,813,slingshot handle,1,Not at all
833,R_1H81dhx7ezoKqJo,b36,36,18,814,spearhead,1,Not at all
834,R_1H81dhx7ezoKqJo,b36,36,19,815,Teepee,5,Completely
835,R_1H81dhx7ezoKqJo,b36,36,20,816,tree branch,5,Completely
836,R_1H81dhx7ezoKqJo,b36,36,21,817,tree diagram,1,Not at all
837,R_1H81dhx7ezoKqJo,b36,36,22,818,triangle,1,Not at all
838,R_1H81dhx7ezoKqJo,b36,36,23,819,tripod,5,Completely
839,R_1H81dhx7ezoKqJo,b36,36,24,820,tuning fork,1,Not at all
840,R_1H81dhx7ezoKqJo,b36,36,25,821,volcano,3,Moderately
841,R_1H81dhx7ezoKqJo,b37,37,1,822,anchor,1,Not at all
842,R_1H81dhx7ezoKqJo,b37,37,2,823,angel,3,Moderately
843,R_1H81dhx7ezoKqJo,b37,37,3,824,animal,1,Not at all
844,R_1H81dhx7ezoKqJo,b37,37,4,825,balloons,5,Completely
845,R_1H81dhx7ezoKqJo,b37,37,5,826,bow tie,1,Not at all
846,R_1H81dhx7ezoKqJo,b37,37,6,827,boy,1,Not at all
847,R_1H81dhx7ezoKqJo,b37,37,7,828,bubble pipe,2,A little
848,R_1H81dhx7ezoKqJo,b37,37,8,829,butterfly,1,Not at all
849,R_1H81dhx7ezoKqJo,b37,37,9,830,Cherries,3,Moderately
850,R_1H81dhx7ezoKqJo,b37,37,10,831,circled triangle,1,Not at all
851,R_1H81dhx7ezoKqJo,b37,37,11,832,clover,5,Completely
852,R_1H81dhx7ezoKqJo,b37,37,12,833,club suit,5,Completely
853,R_1H81dhx7ezoKqJo,b37,37,13,834,cup and ball,1,Not at all
854,R_1H81dhx7ezoKqJo,b37,37,14,835,dragonfly,2,A little
855,R_1H81dhx7ezoKqJo,b37,37,15,836,dumbbell,1,Not at all
856,R_1H81dhx7ezoKqJo,b37,37,16,837,eyeglasses,1,Not at all
857,R_1H81dhx7ezoKqJo,b37,37,17,838,flower,4,A lot
858,R_1H81dhx7ezoKqJo,b37,37,18,839,flower,4,A lot
859,R_1H81dhx7ezoKqJo,b37,37,19,840,flower,4,A lot
860,R_1H81dhx7ezoKqJo,b37,37,20,841,flower bud,2,A little
861,R_1H81dhx7ezoKqJo,b37,37,21,842,glasses,1,Not at all
862,R_1H81dhx7ezoKqJo,b37,37,22,843,Hammer,1,Not at all
863,R_1H81dhx7ezoKqJo,b37,37,23,844,information icon,1,Not at all
864,R_1H81dhx7ezoKqJo,b37,37,24,845,key,1,Not at all
865,R_1H81dhx7ezoKqJo,b37,37,25,846,magnifying glass,1,Not at all
866,R_1H81dhx7ezoKqJo,b37,37,26,847,person,1,Not at all
867,R_1H81dhx7ezoKqJo,b37,37,27,848,Race track,1,Not at all
868,R_1H81dhx7ezoKqJo,b37,37,28,849,snow man,1,Not at all
869,R_1H81dhx7ezoKqJo,b37,37,29,850,stick figure,1,Not at all
870,R_1H81dhx7ezoKqJo,b37,37,30,851,Tree,5,Completely
871,R_1H81dhx7ezoKqJo,b37,37,31,852,weightlifter,2,A little
872,R_1H81dhx7ezoKqJo,b38,38,1,853,butterfly,1,Not at all
873,R_1H81dhx7ezoKqJo,b38,38,2,854,clubs symbol,2,A little
874,R_1H81dhx7ezoKqJo,b38,38,3,855,cone,5,Completely
875,R_1H81dhx7ezoKqJo,b38,38,4,856,face,1,Not at all
876,R_1H81dhx7ezoKqJo,b38,38,5,857,flower bouquet,5,Completely
877,R_1H81dhx7ezoKqJo,b38,38,6,858,fruit basket,5,Completely
878,R_1H81dhx7ezoKqJo,b38,38,7,859,fruit bowl,5,Completely
879,R_1H81dhx7ezoKqJo,b38,38,8,860,gift bow,1,Not at all
880,R_1H81dhx7ezoKqJo,b38,38,9,861,ice cream,5,Completely
881,R_1H81dhx7ezoKqJo,b38,38,10,862,ice cream cone,5,Completely
882,R_1H81dhx7ezoKqJo,b38,38,11,863,Mickey Mouse,1,Not at all
883,R_1H81dhx7ezoKqJo,b38,38,12,864,owl,1,Not at all
884,R_1H81dhx7ezoKqJo,b38,38,13,865,shamrock,2,A little
885,R_1H81dhx7ezoKqJo,b38,38,14,866,smiley face,1,Not at all
886,R_1H81dhx7ezoKqJo,b38,38,15,867,snowman,1,Not at all
887,R_1H81dhx7ezoKqJo,b38,38,16,868,Venn diagram,1,Not at all
888,R_1H81dhx7ezoKqJo,b39,39,1,869,abstract person,1,Not at all
889,R_1H81dhx7ezoKqJo,b39,39,2,870,balloons,5,Completely
890,R_1H81dhx7ezoKqJo,b39,39,3,871,bee,2,A little
891,R_1H81dhx7ezoKqJo,b39,39,4,872,bow tie,1,Not at all
892,R_1H81dhx7ezoKqJo,b39,39,5,873,bucket,1,Not at all
893,R_1H81dhx7ezoKqJo,b39,39,6,874,butterfly,1,Not at all
894,R_1H81dhx7ezoKqJo,b39,39,7,875,clubs suit,2,A little
895,R_1H81dhx7ezoKqJo,b39,39,8,876,dragon fly,2,A little
896,R_1H81dhx7ezoKqJo,b39,39,9,877,flower,2,A little
897,R_1H81dhx7ezoKqJo,b39,39,10,878,football player,1,Not at all
898,R_1H81dhx7ezoKqJo,b39,39,11,879,gift bow,1,Not at all
899,R_1H81dhx7ezoKqJo,b39,39,12,880,glasses,1,Not at all
900,R_1H81dhx7ezoKqJo,b39,39,13,881,glasses and nose,1,Not at all
901,R_1H81dhx7ezoKqJo,b39,39,14,882,Hourglass,1,Not at all
902,R_1H81dhx7ezoKqJo,b39,39,15,883,ice cream,5,Completely
903,R_1H81dhx7ezoKqJo,b39,39,16,884,Ice cream cone,5,Completely
904,R_1H81dhx7ezoKqJo,b39,39,17,885,infinity symbol,1,Not at all
905,R_1H81dhx7ezoKqJo,b39,39,18,886,love knot,1,Not at all
906,R_1H81dhx7ezoKqJo,b39,39,19,887,owl,1,Not at all
907,R_1H81dhx7ezoKqJo,b39,39,20,888,person's torso,1,Not at all
908,R_1H81dhx7ezoKqJo,b39,39,21,889,pulley,1,Not at all
909,R_1H81dhx7ezoKqJo,b39,39,22,890,scissors,1,Not at all
910,R_1H81dhx7ezoKqJo,b39,39,23,891,small circles,1,Not at all
911,R_1H81dhx7ezoKqJo,b39,39,24,892,snowman,1,Not at all
912,R_1H81dhx7ezoKqJo,b39,39,25,893,stick figure,1,Not at all
913,R_1H81dhx7ezoKqJo,b40,40,1,894,balcony,2,A little
914,R_1H81dhx7ezoKqJo,b40,40,2,895,bar clamp,1,Not at all
915,R_1H81dhx7ezoKqJo,b40,40,3,896,bed,1,Not at all
916,R_1H81dhx7ezoKqJo,b40,40,4,897,box ear,1,Not at all
917,R_1H81dhx7ezoKqJo,b40,40,5,898,bucket,1,Not at all
918,R_1H81dhx7ezoKqJo,b40,40,6,899,Clock,1,Not at all
919,R_1H81dhx7ezoKqJo,b40,40,7,900,coffee cup,5,Completely
920,R_1H81dhx7ezoKqJo,b40,40,8,901,coffee mug,5,Completely
921,R_1H81dhx7ezoKqJo,b40,40,9,902,cup,5,Completely
922,R_1H81dhx7ezoKqJo,b40,40,10,903,dog,1,Not at all
923,R_1H81dhx7ezoKqJo,b40,40,11,904,ear,1,Not at all
924,R_1H81dhx7ezoKqJo,b40,40,12,905,flagpole,1,Not at all
925,R_1H81dhx7ezoKqJo,b40,40,13,906,goal post,1,Not at all
926,R_1H81dhx7ezoKqJo,b40,40,14,907,House,1,Not at all
927,R_1H81dhx7ezoKqJo,b40,40,15,908,key,1,Not at all
928,R_1H81dhx7ezoKqJo,b40,40,16,909,keyhole,1,Not at all
929,R_1H81dhx7ezoKqJo,b40,40,17,910,letter B,1,Not at all
930,R_1H81dhx7ezoKqJo,b40,40,18,911,letter R,1,Not at all
931,R_1H81dhx7ezoKqJo,b40,40,19,912,Lighter,2,A little
932,R_1H81dhx7ezoKqJo,b40,40,20,913,mug,5,Completely
933,R_1H81dhx7ezoKqJo,b40,40,21,914,padlock,2,A little
934,R_1H81dhx7ezoKqJo,b40,40,22,915,PC,1,Not at all
935,R_1H81dhx7ezoKqJo,b40,40,23,916,pitcher,3,Moderately
936,R_1H81dhx7ezoKqJo,b40,40,24,917,point right,1,Not at all
937,R_1H81dhx7ezoKqJo,b40,40,25,918,pouch,1,Not at all
938,R_1H81dhx7ezoKqJo,b40,40,26,919,Race track,1,Not at all
939,R_1H81dhx7ezoKqJo,b40,40,27,920,sideways lock,1,Not at all
940,R_1H81dhx7ezoKqJo,b40,40,28,921,Toilet,1,Not at all
941,R_1H81dhx7ezoKqJo,b40,40,29,922,traffic light,1,Not at all
942,R_1H81dhx7ezoKqJo,b40,40,30,923,tuning fork,1,Not at all
943,R_1H81dhx7ezoKqJo,b41,41,1,924,boat,1,Not at all
944,R_1H81dhx7ezoKqJo,b41,41,2,925,chair,1,Not at all
945,R_1H81dhx7ezoKqJo,b41,41,3,926,coffee cup,5,Completely
946,R_1H81dhx7ezoKqJo,b41,41,4,927,coffee mug,5,Completely
947,R_1H81dhx7ezoKqJo,b41,41,5,928,cup,5,Completely
948,R_1H81dhx7ezoKqJo,b41,41,6,929,directional marker right,1,Not at all
949,R_1H81dhx7ezoKqJo,b41,41,7,930,dog,1,Not at all
950,R_1H81dhx7ezoKqJo,b41,41,8,931,door,1,Not at all
951,R_1H81dhx7ezoKqJo,b41,41,9,932,flag pole,1,Not at all
952,R_1H81dhx7ezoKqJo,b41,41,10,933,gate,1,Not at all
953,R_1H81dhx7ezoKqJo,b41,41,11,934,gift box,1,Not at all
954,R_1H81dhx7ezoKqJo,b41,41,12,935,heart,1,Not at all
955,R_1H81dhx7ezoKqJo,b41,41,13,936,key,1,Not at all
956,R_1H81dhx7ezoKqJo,b41,41,14,937,letter R,1,Not at all
957,R_1H81dhx7ezoKqJo,b41,41,15,938,luggage tag,2,A little
958,R_1H81dhx7ezoKqJo,b41,41,16,939,magnifying glass,1,Not at all
959,R_1H81dhx7ezoKqJo,b41,41,17,940,Mailbox,4,A lot
960,R_1H81dhx7ezoKqJo,b41,41,18,941,mug,5,Completely
961,R_1H81dhx7ezoKqJo,b41,41,19,942,note,1,Not at all
962,R_1H81dhx7ezoKqJo,b41,41,20,943,paper clip,1,Not at all
963,R_1H81dhx7ezoKqJo,b41,41,21,944,paperclip holder,1,Not at all
964,R_1H81dhx7ezoKqJo,b41,41,22,945,pipe clamp,1,Not at all
965,R_1H81dhx7ezoKqJo,b41,41,23,946,pistol,1,Not at all
966,R_1H81dhx7ezoKqJo,b41,41,24,947,Point,1,Not at all
967,R_1H81dhx7ezoKqJo,b41,41,25,948,pregnancy,1,Not at all
968,R_1H81dhx7ezoKqJo,b41,41,26,949,road,1,Not at all
969,R_1H81dhx7ezoKqJo,b41,41,27,950,semi circle,1,Not at all
970,R_1H81dhx7ezoKqJo,b41,41,28,951,shopping cart,1,Not at all
971,R_1H81dhx7ezoKqJo,b41,41,29,952,square bulge,1,Not at all
972,R_1H81dhx7ezoKqJo,b41,41,30,953,staple gun,1,Not at all
973,R_1H81dhx7ezoKqJo,b41,41,31,954,trapezium,1,Not at all
974,R_1H81dhx7ezoKqJo,b41,41,32,955,turtle,1,Not at all
975,R_1H81dhx7ezoKqJo,b41,41,33,956,Water Pitcher,3,Moderately
976,R_1H81dhx7ezoKqJo,b42,42,1,957,bookshelf,4,A lot
977,R_1H81dhx7ezoKqJo,b42,42,2,958,four squares,2,A little
978,R_1H81dhx7ezoKqJo,b42,42,3,959,grid,5,Completely
979,R_1H81dhx7ezoKqJo,b42,42,4,960,hash sign,1,Not at all
980,R_1H81dhx7ezoKqJo,b42,42,5,961,hashtag,1,Not at all
981,R_1H81dhx7ezoKqJo,b42,42,6,962,ladder,1,Not at all
982,R_1H81dhx7ezoKqJo,b42,42,7,963,Lined square,1,Not at all
983,R_1H81dhx7ezoKqJo,b42,42,8,964,pound sign,1,Not at all
984,R_1H81dhx7ezoKqJo,b42,42,9,965,present,3,Moderately
985,R_1H81dhx7ezoKqJo,b42,42,10,966,Small Rectangles,1,Not at all
986,R_1H81dhx7ezoKqJo,b42,42,11,967,square,1,Not at all
987,R_1H81dhx7ezoKqJo,b42,42,12,968,table frame,1,Not at all
988,R_1H81dhx7ezoKqJo,b42,42,13,969,tic-tac-toe,1,Not at all
989,R_1H81dhx7ezoKqJo,b42,42,14,970,two boxes,1,Not at all
990,R_1H81dhx7ezoKqJo,b42,42,15,971,vertical rectangles,1,Not at all
991,R_1H81dhx7ezoKqJo,b42,42,16,972,waffle,2,A little
992,R_1H81dhx7ezoKqJo,b42,42,17,973,window,5,Completely
993,R_1H81dhx7ezoKqJo,b43,43,1,974,Balloon,2,A little
994,R_1H81dhx7ezoKqJo,b43,43,2,975,bike handle,1,Not at all
995,R_1H81dhx7ezoKqJo,b43,43,3,976,cartoon bomb,5,Completely
996,R_1H81dhx7ezoKqJo,b43,43,4,977,cat,1,Not at all
997,R_1H81dhx7ezoKqJo,b43,43,5,978,corkscrew,1,Not at all
998,R_1H81dhx7ezoKqJo,b43,43,6,979,dollar sign,1,Not at all
999,R_1H81dhx7ezoKqJo,b43,43,7,980,earring,3,Moderately
1000,R_1H81dhx7ezoKqJo,b43,43,8,981,eighth note,1,Not at all
1001,R_1H81dhx7ezoKqJo,b43,43,9,982,Hook,1,Not at all
1002,R_1H81dhx7ezoKqJo,b43,43,10,983,hospital sign,1,Not at all
1003,R_1H81dhx7ezoKqJo,b43,43,11,984,keyhole,1,Not at all
1004,R_1H81dhx7ezoKqJo,b43,43,12,985,lollipop,1,Not at all
1005,R_1H81dhx7ezoKqJo,b43,43,13,986,musical symbol,1,Not at all
1006,R_1H81dhx7ezoKqJo,b43,43,14,987,Oval pile,1,Not at all
1007,R_1H81dhx7ezoKqJo,b43,43,15,988,pendulum,1,Not at all
1008,R_1H81dhx7ezoKqJo,b43,43,16,989,pie chain,3,Moderately
1009,R_1H81dhx7ezoKqJo,b43,43,17,990,power button,1,Not at all
1010,R_1H81dhx7ezoKqJo,b43,43,18,991,question mark,1,Not at all
1011,R_1H81dhx7ezoKqJo,b43,43,19,992,royal scepter,1,Not at all
1012,R_1H81dhx7ezoKqJo,b43,43,20,993,saxophone,1,Not at all
1013,R_1H81dhx7ezoKqJo,b43,43,21,994,snake,1,Not at all
1014,R_1H81dhx7ezoKqJo,b43,43,22,995,Snake,1,Not at all
1015,R_1H81dhx7ezoKqJo,b43,43,23,996,snake donut,1,Not at all
1016,R_1H81dhx7ezoKqJo,b43,43,24,997,spoon,1,Not at all
1017,R_1H81dhx7ezoKqJo,b43,43,25,998,stethoscope,1,Not at all
1018,R_1H81dhx7ezoKqJo,b43,43,26,999,sucker,1,Not at all
1019,R_1H81dhx7ezoKqJo,b43,43,27,1000,Swing,1,Not at all
1020,R_1H81dhx7ezoKqJo,b43,43,28,1001,theta,1,Not at all
1021,R_1H81dhx7ezoKqJo,b43,43,29,1002,unicycle,1,Not at all
1022,R_1H81dhx7ezoKqJo,b43,43,30,1003,watch,1,Not at all
1023,R_1H81dhx7ezoKqJo,b43,43,31,1004,weather vane,1,Not at all
1024,R_1H81dhx7ezoKqJo,b43,43,32,1005,yo-yo,3,Moderately
1025,R_1H81dhx7ezoKqJo,b43,43,33,1006,zooming ball,1,Not at all
1026,R_1H81dhx7ezoKqJo,b44,44,1,1007,apple,3,Moderately
1027,R_1H81dhx7ezoKqJo,b44,44,2,1008,bike,1,Not at all
1028,R_1H81dhx7ezoKqJo,b44,44,3,1009,Butterfly,1,Not at all
1029,R_1H81dhx7ezoKqJo,b44,44,4,1010,butterfly,1,Not at all
1030,R_1H81dhx7ezoKqJo,b44,44,5,1011,christmas ornament,2,A little
1031,R_1H81dhx7ezoKqJo,b44,44,6,1012,coffee cup,1,Not at all
1032,R_1H81dhx7ezoKqJo,b44,44,7,1013,Computer Mouse,5,Completely
1033,R_1H81dhx7ezoKqJo,b44,44,8,1014,dollar sign,1,Not at all
1034,R_1H81dhx7ezoKqJo,b44,44,9,1015,Elephant ears,1,Not at all
1035,R_1H81dhx7ezoKqJo,b44,44,10,1016,fan,1,Not at all
1036,R_1H81dhx7ezoKqJo,b44,44,11,1017,hanger,4,A lot
1037,R_1H81dhx7ezoKqJo,b44,44,12,1018,head,2,A little
1038,R_1H81dhx7ezoKqJo,b44,44,13,1019,heart,1,Not at all
1039,R_1H81dhx7ezoKqJo,b44,44,14,1020,hot soup,2,A little
1040,R_1H81dhx7ezoKqJo,b44,44,15,1021,infinity symbol,1,Not at all
1041,R_1H81dhx7ezoKqJo,b44,44,16,1022,ink pencil,1,Not at all
1042,R_1H81dhx7ezoKqJo,b44,44,17,1023,keychain,2,A little
1043,R_1H81dhx7ezoKqJo,b44,44,18,1024,ladybug,1,Not at all
1044,R_1H81dhx7ezoKqJo,b44,44,19,1025,lit match,1,Not at all
1045,R_1H81dhx7ezoKqJo,b44,44,20,1026,lollipop,1,Not at all
1046,R_1H81dhx7ezoKqJo,b44,44,21,1027,magnifying glass,1,Not at all
1047,R_1H81dhx7ezoKqJo,b44,44,22,1028,musical note,1,Not at all
1048,R_1H81dhx7ezoKqJo,b44,44,23,1029,necklace,2,A little
1049,R_1H81dhx7ezoKqJo,b44,44,24,1030,OVAL,1,Not at all
1050,R_1H81dhx7ezoKqJo,b44,44,25,1031,pitchfork,1,Not at all
1051,R_1H81dhx7ezoKqJo,b44,44,26,1032,pocketwatch,5,Completely
1052,R_1H81dhx7ezoKqJo,b44,44,27,1033,pumpkin,2,A little
1053,R_1H81dhx7ezoKqJo,b44,44,28,1034,question mrk,1,Not at all
1054,R_1H81dhx7ezoKqJo,b44,44,29,1035,Semicircle,1,Not at all
1055,R_1H81dhx7ezoKqJo,b44,44,30,1036,small kite,2,A little
1056,R_1H81dhx7ezoKqJo,b44,44,31,1037,smoking pipe,1,Not at all
1057,R_1H81dhx7ezoKqJo,b44,44,32,1038,snake,1,Not at all
1058,R_1H81dhx7ezoKqJo,b44,44,33,1039,Stringray,3,Moderately
1059,R_1H81dhx7ezoKqJo,b44,44,34,1040,sun glasses,1,Not at all
1060,R_1H81dhx7ezoKqJo,b44,44,35,1041,sunglasses,1,Not at all
1061,R_1H81dhx7ezoKqJo,b44,44,36,1042,swan,1,Not at all
1062,R_1H81dhx7ezoKqJo,b44,44,37,1043,sword,1,Not at all
1063,R_1H81dhx7ezoKqJo,b44,44,38,1044,tadpole,4,A lot
1064,R_1H81dhx7ezoKqJo,b45,45,1,1045,balloon,3,Moderately
1065,R_1H81dhx7ezoKqJo,b45,45,2,1046,Circle,1,Not at all
1066,R_1H81dhx7ezoKqJo,b45,45,3,1047,clock,5,Completely
1067,R_1H81dhx7ezoKqJo,b45,45,4,1048,cup,1,Not at all
1068,R_1H81dhx7ezoKqJo,b45,45,5,1049,face,1,Not at all
1069,R_1H81dhx7ezoKqJo,b45,45,6,1050,fishing pole,1,Not at all
1070,R_1H81dhx7ezoKqJo,b45,45,7,1051,hanging target,1,Not at all
1071,R_1H81dhx7ezoKqJo,b45,45,8,1052,key,1,Not at all
1072,R_1H81dhx7ezoKqJo,b45,45,9,1053,lefty,1,Not at all
1073,R_1H81dhx7ezoKqJo,b45,45,10,1054,LG symbol,1,Not at all
1074,R_1H81dhx7ezoKqJo,b45,45,11,1055,lobby button,3,Moderately
1075,R_1H81dhx7ezoKqJo,b45,45,12,1056,logo,1,Not at all
1076,R_1H81dhx7ezoKqJo,b45,45,13,1057,lottery ball,2,A little
1077,R_1H81dhx7ezoKqJo,b45,45,14,1058,magnifying glass,1,Not at all
1078,R_1H81dhx7ezoKqJo,b45,45,15,1059,person,1,Not at all
1079,R_1H81dhx7ezoKqJo,b45,45,16,1060,power button,1,Not at all
1080,R_1H81dhx7ezoKqJo,b45,45,17,1061,wheelchair,1,Not at all
1081,R_1H81dhx7ezoKqJo,b46,46,1,1062,anchor,5,Completely
1082,R_1H81dhx7ezoKqJo,b46,46,2,1063,arch,1,Not at all
1083,R_1H81dhx7ezoKqJo,b46,46,3,1064,Bride,1,Not at all
1084,R_1H81dhx7ezoKqJo,b46,46,4,1065,bridge,1,Not at all
1085,R_1H81dhx7ezoKqJo,b46,46,5,1066,butterfly,1,Not at all
1086,R_1H81dhx7ezoKqJo,b46,46,6,1067,chalice,1,Not at all
1087,R_1H81dhx7ezoKqJo,b46,46,7,1068,Chinese Character,1,Not at all
1088,R_1H81dhx7ezoKqJo,b46,46,8,1069,Circle,1,Not at all
1089,R_1H81dhx7ezoKqJo,b46,46,9,1070,circle square,1,Not at all
1090,R_1H81dhx7ezoKqJo,b46,46,10,1071,clover,1,Not at all
1091,R_1H81dhx7ezoKqJo,b46,46,11,1072,eight,1,Not at all
1092,R_1H81dhx7ezoKqJo,b46,46,12,1073,face,1,Not at all
1093,R_1H81dhx7ezoKqJo,b46,46,13,1074,Grenade,1,Not at all
1094,R_1H81dhx7ezoKqJo,b46,46,14,1075,handcuffs,1,Not at all
1095,R_1H81dhx7ezoKqJo,b46,46,15,1076,heart,1,Not at all
1096,R_1H81dhx7ezoKqJo,b46,46,16,1077,heart,1,Not at all
1097,R_1H81dhx7ezoKqJo,b46,46,17,1078,hourglass,1,Not at all
1098,R_1H81dhx7ezoKqJo,b46,46,18,1079,human face,1,Not at all
1099,R_1H81dhx7ezoKqJo,b46,46,19,1080,ice cream,5,Completely
1100,R_1H81dhx7ezoKqJo,b46,46,20,1081,lamp,5,Completely
1101,R_1H81dhx7ezoKqJo,b46,46,21,1082,lightbulb,5,Completely
1102,R_1H81dhx7ezoKqJo,b46,46,22,1083,medal,1,Not at all
1103,R_1H81dhx7ezoKqJo,b46,46,23,1084,muffin,5,Completely
1104,R_1H81dhx7ezoKqJo,b46,46,24,1085,mushroom,5,Completely
1105,R_1H81dhx7ezoKqJo,b46,46,25,1086,mustache,1,Not at all
1106,R_1H81dhx7ezoKqJo,b46,46,26,1087,number 3,1,Not at all
1107,R_1H81dhx7ezoKqJo,b46,46,27,1088,number 8,1,Not at all
1108,R_1H81dhx7ezoKqJo,b46,46,28,1089,pop-up toaster,1,Not at all
1109,R_1H81dhx7ezoKqJo,b46,46,29,1090,port,1,Not at all
1110,R_1H81dhx7ezoKqJo,b46,46,30,1091,Prize Ribbon,1,Not at all
1111,R_1H81dhx7ezoKqJo,b46,46,31,1092,snowman,1,Not at all
1112,R_1H81dhx7ezoKqJo,b46,46,32,1093,spade,1,Not at all
1113,R_1H81dhx7ezoKqJo,b46,46,33,1094,staple remover,1,Not at all
1114,R_1H81dhx7ezoKqJo,b46,46,34,1095,treble clef,1,Not at all
1115,R_1H81dhx7ezoKqJo,b46,46,35,1096,tuning fork,1,Not at all
1116,R_1H81dhx7ezoKqJo,b46,46,36,1097,window,1,Not at all
1117,R_1H81dhx7ezoKqJo,b46,46,37,1098,yin yang,1,Not at all
1118,R_1H81dhx7ezoKqJo,b47,47,1,1099,anchor,1,Not at all
1119,R_1H81dhx7ezoKqJo,b47,47,2,1100,asclepius rod,1,Not at all
1120,R_1H81dhx7ezoKqJo,b47,47,3,1101,ball,1,Not at all
1121,R_1H81dhx7ezoKqJo,b47,47,4,1102,balloon,1,Not at all
1122,R_1H81dhx7ezoKqJo,b47,47,5,1103,bridge,1,Not at all
1123,R_1H81dhx7ezoKqJo,b47,47,6,1104,butterfly,1,Not at all
1124,R_1H81dhx7ezoKqJo,b47,47,7,1105,c clamp,1,Not at all
1125,R_1H81dhx7ezoKqJo,b47,47,8,1106,circular shrug,1,Not at all
1126,R_1H81dhx7ezoKqJo,b47,47,9,1107,computer mouse,5,Completely
1127,R_1H81dhx7ezoKqJo,b47,47,10,1108,cross circle,1,Not at all
1128,R_1H81dhx7ezoKqJo,b47,47,11,1109,Crosshair,1,Not at all
1129,R_1H81dhx7ezoKqJo,b47,47,12,1110,dog shape,1,Not at all
1130,R_1H81dhx7ezoKqJo,b47,47,13,1111,dollar sign,1,Not at all
1131,R_1H81dhx7ezoKqJo,b47,47,14,1112,key,1,Not at all
1132,R_1H81dhx7ezoKqJo,b47,47,15,1113,keychain,2,A little
1133,R_1H81dhx7ezoKqJo,b47,47,16,1114,Kite,2,A little
1134,R_1H81dhx7ezoKqJo,b47,47,17,1115,lamp,1,Not at all
1135,R_1H81dhx7ezoKqJo,b47,47,18,1116,mountain,1,Not at all
1136,R_1H81dhx7ezoKqJo,b47,47,19,1117,Mouse,5,Completely
1137,R_1H81dhx7ezoKqJo,b47,47,20,1118,musical clef,1,Not at all
1138,R_1H81dhx7ezoKqJo,b47,47,21,1119,Pill,1,Not at all
1139,R_1H81dhx7ezoKqJo,b47,47,22,1120,pulley,1,Not at all
1140,R_1H81dhx7ezoKqJo,b47,47,23,1121,scissors,1,Not at all
1141,R_1H81dhx7ezoKqJo,b47,47,24,1122,snail,1,Not at all
1142,R_1H81dhx7ezoKqJo,b47,47,25,1123,Square,1,Not at all
1143,R_1H81dhx7ezoKqJo,b47,47,26,1124,stethoscope,2,A little
1144,R_1H81dhx7ezoKqJo,b47,47,27,1125,teapot,1,Not at all
1145,R_1H81dhx7ezoKqJo,b47,47,28,1126,treble clef,1,Not at all
1146,R_1H81dhx7ezoKqJo,b47,47,29,1127,Vase,1,Not at all
1147,R_1H81dhx7ezoKqJo,b47,47,30,1128,Wings,1,Not at all
1148,R_1H81dhx7ezoKqJo,b47,47,31,1129,Yo-yo,1,Not at all
1149,R_1H81dhx7ezoKqJo,b48,48,1,1130,a tree,2,A little
1150,R_1H81dhx7ezoKqJo,b48,48,2,1131,anchor,1,Not at all
1151,R_1H81dhx7ezoKqJo,b48,48,3,1132,Drawn Bow,2,A little
1152,R_1H81dhx7ezoKqJo,b48,48,4,1133,flagpole,1,Not at all
1153,R_1H81dhx7ezoKqJo,b48,48,5,1134,goal post,1,Not at all
1154,R_1H81dhx7ezoKqJo,b48,48,6,1135,hammer,2,A little
1155,R_1H81dhx7ezoKqJo,b48,48,7,1136,I imagined a X,1,Not at all
1156,R_1H81dhx7ezoKqJo,b48,48,8,1137,inverted T,1,Not at all
1157,R_1H81dhx7ezoKqJo,b48,48,9,1138,knife,1,Not at all
1158,R_1H81dhx7ezoKqJo,b48,48,10,1139,lamp,1,Not at all
1159,R_1H81dhx7ezoKqJo,b48,48,11,1140,letter E,1,Not at all
1160,R_1H81dhx7ezoKqJo,b48,48,12,1141,letter T,5,Completely
1161,R_1H81dhx7ezoKqJo,b48,48,13,1142,letter x,1,Not at all
1162,R_1H81dhx7ezoKqJo,b48,48,14,1143,letter Y,1,Not at all
1163,R_1H81dhx7ezoKqJo,b48,48,15,1144,line graph,1,Not at all
1164,R_1H81dhx7ezoKqJo,b48,48,16,1145,pedestal table,4,A lot
1165,R_1H81dhx7ezoKqJo,b48,48,17,1146,plus sign,1,Not at all
1166,R_1H81dhx7ezoKqJo,b48,48,18,1147,signpost,1,Not at all
1167,R_1H81dhx7ezoKqJo,b48,48,19,1148,square,1,Not at all
1168,R_1H81dhx7ezoKqJo,b48,48,20,1149,T-square,1,Not at all
1169,R_1H81dhx7ezoKqJo,b48,48,21,1150,table,3,Moderately
1170,R_1H81dhx7ezoKqJo,b48,48,22,1151,tee,5,Completely
1171,R_1H81dhx7ezoKqJo,b48,48,23,1152,Tent,1,Not at all
1172,R_1H81dhx7ezoKqJo,b48,48,24,1153,tetris block,4,A lot
1173,R_1H81dhx7ezoKqJo,b48,48,25,1154,uppercase pi,1,Not at all
1174,R_1H81dhx7ezoKqJo,b49,49,1,1155,Antennae,1,Not at all
1175,R_1H81dhx7ezoKqJo,b49,49,2,1156,arrow,1,Not at all
1176,R_1H81dhx7ezoKqJo,b49,49,3,1157,beach,1,Not at all
1177,R_1H81dhx7ezoKqJo,b49,49,4,1158,bikini set,1,Not at all
1178,R_1H81dhx7ezoKqJo,b49,49,5,1159,Bird Beak,2,A little
1179,R_1H81dhx7ezoKqJo,b49,49,6,1160,bird head,2,A little
1180,R_1H81dhx7ezoKqJo,b49,49,7,1161,bull skull,1,Not at all
1181,R_1H81dhx7ezoKqJo,b49,49,8,1162,butterfly,1,Not at all
1182,R_1H81dhx7ezoKqJo,b49,49,9,1163,Cherries,1,Not at all
1183,R_1H81dhx7ezoKqJo,b49,49,10,1164,evil face,1,Not at all
1184,R_1H81dhx7ezoKqJo,b49,49,11,1165,heart,5,Completely
1185,R_1H81dhx7ezoKqJo,b49,49,12,1166,ice cream,3,Moderately
1186,R_1H81dhx7ezoKqJo,b49,49,13,1167,love,5,Completely
1187,R_1H81dhx7ezoKqJo,b49,49,14,1168,M triangle,1,Not at all
1188,R_1H81dhx7ezoKqJo,b49,49,15,1169,mountain,1,Not at all
1189,R_1H81dhx7ezoKqJo,b49,49,16,1170,owl,3,Moderately
1190,R_1H81dhx7ezoKqJo,b49,49,17,1171,pendant lights,1,Not at all
1191,R_1H81dhx7ezoKqJo,b49,49,18,1172,Pizza,1,Not at all
1192,R_1H81dhx7ezoKqJo,b49,49,19,1173,scissors,1,Not at all
1193,R_1H81dhx7ezoKqJo,b49,49,20,1174,Triangle,1,Not at all
1194,R_1H81dhx7ezoKqJo,b50,50,1,1175,anchor,1,Not at all
1195,R_1H81dhx7ezoKqJo,b50,50,2,1176,arrow,1,Not at all
1196,R_1H81dhx7ezoKqJo,b50,50,3,1177,Broom,1,Not at all
1197,R_1H81dhx7ezoKqJo,b50,50,4,1178,candelabra,1,Not at all
1198,R_1H81dhx7ezoKqJo,b50,50,5,1179,cartoon image,3,Moderately
1199,R_1H81dhx7ezoKqJo,b50,50,6,1180,Doll,5,Completely
1200,R_1H81dhx7ezoKqJo,b50,50,7,1181,Electric tower,1,Not at all
1201,R_1H81dhx7ezoKqJo,b50,50,8,1182,Female Logo,1,Not at all
1202,R_1H81dhx7ezoKqJo,b50,50,9,1183,hourglass,1,Not at all
1203,R_1H81dhx7ezoKqJo,b50,50,10,1184,human sketch,5,Completely
1204,R_1H81dhx7ezoKqJo,b50,50,11,1185,Key,1,Not at all
1205,R_1H81dhx7ezoKqJo,b50,50,12,1186,martini glass,1,Not at all
1206,R_1H81dhx7ezoKqJo,b50,50,13,1187,mirror,1,Not at all
1207,R_1H81dhx7ezoKqJo,b50,50,14,1188,person,5,Completely
1208,R_1H81dhx7ezoKqJo,b50,50,15,1189,slingshot,1,Not at all
1209,R_1H81dhx7ezoKqJo,b50,50,16,1190,Standing lamp,1,Not at all
1210,R_1H81dhx7ezoKqJo,b50,50,17,1191,stick figure,5,Completely
1211,R_1H81dhx7ezoKqJo,b50,50,18,1192,stick person,5,Completely
1212,R_1H81dhx7ezoKqJo,b50,50,19,1193,stickman,5,Completely
1213,R_1H81dhx7ezoKqJo,b50,50,20,1194,tree,1,Not at all
1214,R_1H81dhx7ezoKqJo,b50,50,21,1195,trident,1,Not at all
1215,R_1H81dhx7ezoKqJo,b50,50,22,1196,wine glass,1,Not at all
1216,R_1H81dhx7ezoKqJo,b51,51,1,1197,birdhouse,2,A little
1217,R_1H81dhx7ezoKqJo,b51,51,2,1198,crest,1,Not at all
1218,R_1H81dhx7ezoKqJo,b51,51,3,1199,figure,1,Not at all
1219,R_1H81dhx7ezoKqJo,b51,51,4,1200,headstanding man,1,Not at all
1220,R_1H81dhx7ezoKqJo,b51,51,5,1201,house,1,Not at all
1221,R_1H81dhx7ezoKqJo,b51,51,6,1202,key,1,Not at all
1222,R_1H81dhx7ezoKqJo,b51,51,7,1203,keyhole,1,Not at all
1223,R_1H81dhx7ezoKqJo,b51,51,8,1204,medal,5,Completely
1224,R_1H81dhx7ezoKqJo,b51,51,9,1205,person,1,Not at all
1225,R_1H81dhx7ezoKqJo,b51,51,10,1206,plant,3,Moderately
1226,R_1H81dhx7ezoKqJo,b51,51,11,1207,present,3,Moderately
1227,R_1H81dhx7ezoKqJo,b51,51,12,1208,RADIO,5,Completely
1228,R_1H81dhx7ezoKqJo,b51,51,13,1209,Robot,3,Moderately
1229,R_1H81dhx7ezoKqJo,b51,51,14,1210,robot arm,1,Not at all
1230,R_1H81dhx7ezoKqJo,b51,51,15,1211,Satellite dish,2,A little
1231,R_1H81dhx7ezoKqJo,b51,51,16,1212,Square,1,Not at all
1232,R_1H81dhx7ezoKqJo,b51,51,17,1213,television,5,Completely
1233,R_1H81dhx7ezoKqJo,b51,51,18,1214,transistor radio,5,Completely
1234,R_1H81dhx7ezoKqJo,b51,51,19,1215,TV,5,Completely
1235,R_1H81dhx7ezoKqJo,b51,51,20,1216,upside-down person,1,Not at all
1236,R_1H81dhx7ezoKqJo,b51,51,21,1217,weight balance,1,Not at all
1237,R_1H81dhx7ezoKqJo,b51,51,22,1218,wheelbarrow,2,A little
1238,R_1H81dhx7ezoKqJo,b52,52,1,1219,comb,1,Not at all
1239,R_1H81dhx7ezoKqJo,b52,52,2,1220,Cross,1,Not at all
1240,R_1H81dhx7ezoKqJo,b52,52,3,1221,crosshair,1,Not at all
1241,R_1H81dhx7ezoKqJo,b52,52,4,1222,flagpole,1,Not at all
1242,R_1H81dhx7ezoKqJo,b52,52,5,1223,forklift,1,Not at all
1243,R_1H81dhx7ezoKqJo,b52,52,6,1224,letter E,1,Not at all
1244,R_1H81dhx7ezoKqJo,b52,52,7,1225,letter F,5,Completely
1245,R_1H81dhx7ezoKqJo,b52,52,8,1226,letter T,1,Not at all
1246,R_1H81dhx7ezoKqJo,b52,52,9,1227,line,1,Not at all
1247,R_1H81dhx7ezoKqJo,b52,52,10,1228,lowercase r,1,Not at all
1248,R_1H81dhx7ezoKqJo,b52,52,11,1229,pattern,1,Not at all
1249,R_1H81dhx7ezoKqJo,b52,52,12,1230,picket fence,1,Not at all
1250,R_1H81dhx7ezoKqJo,b52,52,13,1231,plus sign,1,Not at all
1251,R_1H81dhx7ezoKqJo,b52,52,14,1232,signpost,1,Not at all
1252,R_1H81dhx7ezoKqJo,b52,52,15,1233,Square rotated,1,Not at all
1253,R_1H81dhx7ezoKqJo,b52,52,16,1234,star,1,Not at all
1254,R_1H81dhx7ezoKqJo,b52,52,17,1235,step stool,1,Not at all
1255,R_1H81dhx7ezoKqJo,b52,52,18,1236,Sword,1,Not at all
1256,R_1H81dhx7ezoKqJo,b52,52,19,1237,toothbrush,1,Not at all
1257,R_1H81dhx7ezoKqJo,b52,52,20,1238,triangle,1,Not at all
1258,R_1H81dhx7ezoKqJo,b53,53,1,1239,Abstract umbrella,1,Not at all
1259,R_1H81dhx7ezoKqJo,b53,53,2,1240,aircraft,1,Not at all
1260,R_1H81dhx7ezoKqJo,b53,53,3,1241,arrow,1,Not at all
1261,R_1H81dhx7ezoKqJo,b53,53,4,1242,bell,1,Not at all
1262,R_1H81dhx7ezoKqJo,b53,53,5,1243,Boat,5,Completely
1263,R_1H81dhx7ezoKqJo,b53,53,6,1244,desk lamp,1,Not at all
1264,R_1H81dhx7ezoKqJo,b53,53,7,1245,flag bracket,1,Not at all
1265,R_1H81dhx7ezoKqJo,b53,53,8,1246,golf club,1,Not at all
1266,R_1H81dhx7ezoKqJo,b53,53,9,1247,Key,1,Not at all
1267,R_1H81dhx7ezoKqJo,b53,53,10,1248,keyhole,1,Not at all
1268,R_1H81dhx7ezoKqJo,b53,53,11,1249,lightening bolt,1,Not at all
1269,R_1H81dhx7ezoKqJo,b53,53,12,1250,microscope,1,Not at all
1270,R_1H81dhx7ezoKqJo,b53,53,13,1251,musical note,1,Not at all
1271,R_1H81dhx7ezoKqJo,b53,53,14,1252,number 6,1,Not at all
1272,R_1H81dhx7ezoKqJo,b53,53,15,1253,pitching wedge,1,Not at all
1273,R_1H81dhx7ezoKqJo,b53,53,16,1254,sailboat,5,Completely
1274,R_1H81dhx7ezoKqJo,b53,53,17,1255,spade,1,Not at all
1275,R_1H81dhx7ezoKqJo,b53,53,18,1256,swing set,1,Not at all
1276,R_1H81dhx7ezoKqJo,b53,53,19,1257,tulip,1,Not at all
1277,R_1H81dhx7ezoKqJo,b53,53,20,1258,turtle,1,Not at all
1278,R_1H81dhx7ezoKqJo,b53,53,21,1259,wall sconce,1,Not at all
1279,R_1H81dhx7ezoKqJo,b54,54,1,1260,Ant,1,Not at all
1280,R_1H81dhx7ezoKqJo,b54,54,2,1261,Basketball hoop,1,Not at all
1281,R_1H81dhx7ezoKqJo,b54,54,3,1262,bottle opener,1,Not at all
1282,R_1H81dhx7ezoKqJo,b54,54,4,1263,Brush,1,Not at all
1283,R_1H81dhx7ezoKqJo,b54,54,5,1264,butterfly,1,Not at all
1284,R_1H81dhx7ezoKqJo,b54,54,6,1265,coat hook,1,Not at all
1285,R_1H81dhx7ezoKqJo,b54,54,7,1266,concave,1,Not at all
1286,R_1H81dhx7ezoKqJo,b54,54,8,1267,dumbbell,1,Not at all
1287,R_1H81dhx7ezoKqJo,b54,54,9,1268,flag,1,Not at all
1288,R_1H81dhx7ezoKqJo,b54,54,10,1269,gas pump,1,Not at all
1289,R_1H81dhx7ezoKqJo,b54,54,11,1270,golf club,2,A little
1290,R_1H81dhx7ezoKqJo,b54,54,12,1271,key,3,Moderately
1291,R_1H81dhx7ezoKqJo,b54,54,13,1272,key,3,Moderately
1292,R_1H81dhx7ezoKqJo,b54,54,14,1273,music clef,4,A lot
1293,R_1H81dhx7ezoKqJo,b54,54,15,1274,music note,5,Completely
1294,R_1H81dhx7ezoKqJo,b54,54,16,1275,music note,5,Completely
1295,R_1H81dhx7ezoKqJo,b54,54,17,1276,paperclip,1,Not at all
1296,R_1H81dhx7ezoKqJo,b54,54,18,1277,smoking pipe,3,Moderately
1297,R_1H81dhx7ezoKqJo,b54,54,19,1278,wrench,3,Moderately
1298,R_1H81dhx7ezoKqJo,b55,55,1,1279,anchor,2,A little
1299,R_1H81dhx7ezoKqJo,b55,55,2,1280,arm,1,Not at all
1300,R_1H81dhx7ezoKqJo,b55,55,3,1281,arrow,1,Not at all
1301,R_1H81dhx7ezoKqJo,b55,55,4,1282,arrowhead,1,Not at all
1302,R_1H81dhx7ezoKqJo,b55,55,5,1283,Cat snout,1,Not at all
1303,R_1H81dhx7ezoKqJo,b55,55,6,1284,coat rack,4,A lot
1304,R_1H81dhx7ezoKqJo,b55,55,7,1285,flagpole,1,Not at all
1305,R_1H81dhx7ezoKqJo,b55,55,8,1286,glass,5,Completely
1306,R_1H81dhx7ezoKqJo,b55,55,9,1287,martini glass,5,Completely
1307,R_1H81dhx7ezoKqJo,b55,55,10,1288,peace sign,1,Not at all
1308,R_1H81dhx7ezoKqJo,b55,55,11,1289,shovel,4,A lot
1309,R_1H81dhx7ezoKqJo,b55,55,12,1290,spade,4,A lot
1310,R_1H81dhx7ezoKqJo,b55,55,13,1291,stand,3,Moderately
1311,R_1H81dhx7ezoKqJo,b55,55,14,1292,Tree,4,A lot
1312,R_1H81dhx7ezoKqJo,b55,55,15,1293,Tulip,5,Completely
1313,R_1H81dhx7ezoKqJo,b55,55,16,1294,wine glass,5,Completely
1314,R_1H81dhx7ezoKqJo,b55,55,17,1295,yield sign,5,Completely
1315,R_1H81dhx7ezoKqJo,b56,56,1,1296,arm,1,Not at all
1316,R_1H81dhx7ezoKqJo,b56,56,2,1297,arrow,1,Not at all
1317,R_1H81dhx7ezoKqJo,b56,56,3,1298,balloon,1,Not at all
1318,R_1H81dhx7ezoKqJo,b56,56,4,1299,beats symbol,1,Not at all
1319,R_1H81dhx7ezoKqJo,b56,56,5,1300,checkmark,1,Not at all
1320,R_1H81dhx7ezoKqJo,b56,56,6,1301,circle,1,Not at all
1321,R_1H81dhx7ezoKqJo,b56,56,7,1302,clock,5,Completely
1322,R_1H81dhx7ezoKqJo,b56,56,8,1303,diagram,1,Not at all
1323,R_1H81dhx7ezoKqJo,b56,56,9,1304,down arrow,1,Not at all
1324,R_1H81dhx7ezoKqJo,b56,56,10,1305,eye,1,Not at all
1325,R_1H81dhx7ezoKqJo,b56,56,11,1306,eyeball,1,Not at all
1326,R_1H81dhx7ezoKqJo,b56,56,12,1307,Large circle,1,Not at all
1327,R_1H81dhx7ezoKqJo,b56,56,13,1308,peace sign,1,Not at all
1328,R_1H81dhx7ezoKqJo,b56,56,14,1309,pie chart,4,A lot
1329,R_1H81dhx7ezoKqJo,b56,56,15,1310,Potato,1,Not at all
1330,R_1H81dhx7ezoKqJo,b56,56,16,1311,power button,1,Not at all
1331,R_1H81dhx7ezoKqJo,b56,56,17,1312,registered trademark,1,Not at all
1332,R_1H81dhx7ezoKqJo,b56,56,18,1313,sign,1,Not at all
1333,R_1H81dhx7ezoKqJo,b56,56,19,1314,sliced pie,4,A lot
1334,R_1H81dhx7ezoKqJo,b56,56,20,1315,tabacco pipe,1,Not at all
1335,R_1H81dhx7ezoKqJo,b56,56,21,1316,verified icon,1,Not at all
1336,R_1H81dhx7ezoKqJo,b57,57,1,1317,bow tie,5,Completely
1337,R_1H81dhx7ezoKqJo,b57,57,2,1318,concave quadrilateral,1,Not at all
1338,R_1H81dhx7ezoKqJo,b57,57,3,1319,cross brace,4,A lot
1339,R_1H81dhx7ezoKqJo,b57,57,4,1320,Electric symbol,1,Not at all
1340,R_1H81dhx7ezoKqJo,b57,57,5,1321,hashtag,1,Not at all
1341,R_1H81dhx7ezoKqJo,b57,57,6,1322,heavy lift,5,Completely
1342,R_1H81dhx7ezoKqJo,b57,57,7,1323,hourglass,5,Completely
1343,R_1H81dhx7ezoKqJo,b57,57,8,1324,kite,1,Not at all
1344,R_1H81dhx7ezoKqJo,b57,57,9,1325,not equal,1,Not at all
1345,R_1H81dhx7ezoKqJo,b57,57,10,1326,railroad crossing,3,Moderately
1346,R_1H81dhx7ezoKqJo,b57,57,11,1327,scissors,1,Not at all
1347,R_1H81dhx7ezoKqJo,b57,57,12,1328,Small Peaks,1,Not at all
1348,R_1H81dhx7ezoKqJo,b57,57,13,1329,Spring,5,Completely
1349,R_1H81dhx7ezoKqJo,b57,57,14,1330,stacked triangles,1,Not at all
1350,R_1H81dhx7ezoKqJo,b57,57,15,1331,table,3,Moderately
1351,R_1H81dhx7ezoKqJo,b57,57,16,1332,tape dispenser,1,Not at all
1352,R_1H81dhx7ezoKqJo,b57,57,17,1333,tie,5,Completely
1353,R_1H81dhx7ezoKqJo,b57,57,18,1334,truss bridge,3,Moderately
1354,R_1H81dhx7ezoKqJo,b57,57,19,1335,windmill,2,A little
1355,R_1H81dhx7ezoKqJo,b57,57,20,1336,window,1,Not at all
1356,R_1H81dhx7ezoKqJo,b57,57,21,1337,zipper,1,Not at all
1357,R_1H81dhx7ezoKqJo,b57,57,22,1338,Zorro symbol,1,Not at all
1358,R_1H81dhx7ezoKqJo,b58,58,1,1339,anchor,1,Not at all
1359,R_1H81dhx7ezoKqJo,b58,58,2,1340,elephant trunk,2,A little
1360,R_1H81dhx7ezoKqJo,b58,58,3,1341,fishing hook,2,A little
1361,R_1H81dhx7ezoKqJo,b58,58,4,1342,hanging scale,1,Not at all
1362,R_1H81dhx7ezoKqJo,b58,58,5,1343,letter G,1,Not at all
1363,R_1H81dhx7ezoKqJo,b58,58,6,1344,Motor Boat,1,Not at all
1364,R_1H81dhx7ezoKqJo,b58,58,7,1345,musical clef,1,Not at all
1365,R_1H81dhx7ezoKqJo,b58,58,8,1346,pipe wrench,1,Not at all
1366,R_1H81dhx7ezoKqJo,b58,58,9,1347,Radius,1,Not at all
1367,R_1H81dhx7ezoKqJo,b58,58,10,1348,Song,1,Not at all
1368,R_1H81dhx7ezoKqJo,b58,58,11,1349,umbrella,5,Completely
1369,R_1H81dhx7ezoKqJo,b59,59,1,1350,Angle,1,Not at all
1370,R_1H81dhx7ezoKqJo,b59,59,2,1351,arrow,5,Completely
1371,R_1H81dhx7ezoKqJo,b59,59,3,1352,arrowhead,5,Completely
1372,R_1H81dhx7ezoKqJo,b59,59,4,1353,beach umbrella,5,Completely
1373,R_1H81dhx7ezoKqJo,b59,59,5,1354,bird feeder,2,A little
1374,R_1H81dhx7ezoKqJo,b59,59,6,1355,bridge,1,Not at all
1375,R_1H81dhx7ezoKqJo,b59,59,7,1356,campfire,1,Not at all
1376,R_1H81dhx7ezoKqJo,b59,59,8,1357,canopy,4,A lot
1377,R_1H81dhx7ezoKqJo,b59,59,9,1358,chimney,1,Not at all
1378,R_1H81dhx7ezoKqJo,b59,59,10,1359,gymnastics apparatus,3,Moderately
1379,R_1H81dhx7ezoKqJo,b59,59,11,1360,hat,1,Not at all
1380,R_1H81dhx7ezoKqJo,b59,59,12,1361,house,1,Not at all
1381,R_1H81dhx7ezoKqJo,b59,59,13,1362,rhombus,1,Not at all
1382,R_1H81dhx7ezoKqJo,b59,59,14,1363,rocket,1,Not at all
1383,R_1H81dhx7ezoKqJo,b59,59,15,1364,sailboat,2,A little
1384,R_1H81dhx7ezoKqJo,b59,59,16,1365,ship sail,3,Moderately
1385,R_1H81dhx7ezoKqJo,b59,59,17,1366,tree,5,Completely
1386,R_1H81dhx7ezoKqJo,b59,59,18,1367,tripod,1,Not at all
1387,R_1H81dhx7ezoKqJo,b59,59,19,1368,vortex,1,Not at all
1388,R_1H81dhx7ezoKqJo,b60,60,1,1369,box cone,1,Not at all
1389,R_1H81dhx7ezoKqJo,b60,60,2,1370,cake,1,Not at all
1390,R_1H81dhx7ezoKqJo,b60,60,3,1371,cube,1,Not at all
1391,R_1H81dhx7ezoKqJo,b60,60,4,1372,diamond,1,Not at all
1392,R_1H81dhx7ezoKqJo,b60,60,5,1373,envelope,2,A little
1393,R_1H81dhx7ezoKqJo,b60,60,6,1374,house,5,Completely
1394,R_1H81dhx7ezoKqJo,b60,60,7,1375,hut,5,Completely
1395,R_1H81dhx7ezoKqJo,b60,60,8,1376,party hat,2,A little
1396,R_1H81dhx7ezoKqJo,b60,60,9,1377,roof,4,A lot
1397,R_1H81dhx7ezoKqJo,b60,60,10,1378,television,1,Not at all
1398,R_1H81dhx7ezoKqJo,b60,60,11,1379,trapezium,1,Not at all
1399,R_1H81dhx7ezoKqJo,b60,60,12,1380,TV,1,Not at all
1400,R_3VnHcEQ2fRGSQYF,b1,1,1,1,iron bars,3,Moderately
1401,R_3VnHcEQ2fRGSQYF,b1,1,2,2,ladder section,5,Completely
1402,R_3VnHcEQ2fRGSQYF,b1,1,3,3,scaffolding tower,4,A lot
1403,R_3VnHcEQ2fRGSQYF,b2,2,1,4,roman numeral,1,Not at all
1404,R_3VnHcEQ2fRGSQYF,b3,3,1,5,scale hourglass,1,Not at all
1405,R_3VnHcEQ2fRGSQYF,b3,3,2,6,eyeglasses bridge,2,A little
1406,R_3VnHcEQ2fRGSQYF,b4,4,1,7,hourglass,1,Not at all
1407,R_3VnHcEQ2fRGSQYF,b4,4,2,8,parentheses,1,Not at all
1408,R_3VnHcEQ2fRGSQYF,b4,4,3,9,bow tie,2,A little
1409,R_3VnHcEQ2fRGSQYF,b5,5,1,10,greek beta,1,Not at all
1410,R_3VnHcEQ2fRGSQYF,b5,5,2,11,handshake,1,Not at all
1411,R_3VnHcEQ2fRGSQYF,b6,6,1,12,spectacles frame,5,Completely
1412,R_3VnHcEQ2fRGSQYF,b6,6,2,13,round glasses,5,Completely
1413,R_3VnHcEQ2fRGSQYF,b6,6,3,14,horse blinders,1,Not at all
1414,R_3VnHcEQ2fRGSQYF,b6,6,4,15,sunglasses,3,Moderately
1415,R_3VnHcEQ2fRGSQYF,b6,6,5,16,infinity antenna,1,Not at all
1416,R_3VnHcEQ2fRGSQYF,b7,7,1,17,bow tie,1,Not at all
1417,R_3VnHcEQ2fRGSQYF,b7,7,2,18,arrowhead,3,Moderately
1418,R_3VnHcEQ2fRGSQYF,b7,7,3,19,h,1,Not at all
1419,R_3VnHcEQ2fRGSQYF,b7,7,4,20,double‑headed arrow,5,Completely
1420,R_3VnHcEQ2fRGSQYF,b8,8,1,21,binder clip,1,Not at all
1421,R_3VnHcEQ2fRGSQYF,b8,8,2,22,scarab beetle,2,A little
1422,R_3VnHcEQ2fRGSQYF,b8,8,3,23,chain link,1,Not at all
1423,R_3VnHcEQ2fRGSQYF,b8,8,4,24,crown hourglass,1,Not at all
1424,R_3VnHcEQ2fRGSQYF,b8,8,5,25,spectacle frame,1,Not at all
1425,R_3VnHcEQ2fRGSQYF,b9,9,1,26,stone archway,1,Not at all
1426,R_3VnHcEQ2fRGSQYF,b9,9,2,27,rabbit,1,Not at all
1427,R_3VnHcEQ2fRGSQYF,b9,9,3,28,hourglass seal,1,Not at all
1428,R_3VnHcEQ2fRGSQYF,b9,9,4,29,crown symbol,1,Not at all
1429,R_3VnHcEQ2fRGSQYF,b10,10,1,30,eject button,1,Not at all
1430,R_3VnHcEQ2fRGSQYF,b10,10,2,31,candle holder,3,Moderately
1431,R_3VnHcEQ2fRGSQYF,b11,11,1,32,keyhole slot,1,Not at all
1432,R_3VnHcEQ2fRGSQYF,b11,11,2,33,trident fork,5,Completely
1433,R_3VnHcEQ2fRGSQYF,b11,11,3,34,power plug,3,Moderately
1434,R_3VnHcEQ2fRGSQYF,b12,12,1,35,hot air balloon,1,Not at all
1435,R_3VnHcEQ2fRGSQYF,b12,12,2,36,martini glass,3,Moderately
1436,R_3VnHcEQ2fRGSQYF,b12,12,3,37,serif y,1,Not at all
1437,R_3VnHcEQ2fRGSQYF,b12,12,4,38,fishing hook,1,Not at all
1438,R_3VnHcEQ2fRGSQYF,b12,12,5,39,flagpole,1,Not at all
1439,R_3VnHcEQ2fRGSQYF,b13,13,1,40,watering can,1,Not at all
1440,R_3VnHcEQ2fRGSQYF,b14,14,1,41,anchor,1,Not at all
1441,R_3VnHcEQ2fRGSQYF,b14,14,2,42,fish hook,1,Not at all
1442,R_3VnHcEQ2fRGSQYF,b14,14,3,43,scoop handle,1,Not at all
1443,R_3VnHcEQ2fRGSQYF,b15,15,1,44,hourglass,1,Not at all
1444,R_3VnHcEQ2fRGSQYF,b15,15,2,45,pencil tip,2,A little
1445,R_3VnHcEQ2fRGSQYF,b15,15,3,46,diamond shape,1,Not at all
1446,R_3VnHcEQ2fRGSQYF,b16,16,1,47,stone arch,1,Not at all
1447,R_3VnHcEQ2fRGSQYF,b16,16,2,48,tent shelter,1,Not at all
1448,R_3VnHcEQ2fRGSQYF,b17,17,1,49,snake tongue,1,Not at all
1449,R_3VnHcEQ2fRGSQYF,b17,17,2,50,fishing hook,1,Not at all
1450,R_3VnHcEQ2fRGSQYF,b17,17,3,51,teardrop,1,Not at all
1451,R_3VnHcEQ2fRGSQYF,b18,18,1,52,bow tie,1,Not at all
1452,R_3VnHcEQ2fRGSQYF,b18,18,2,53,bluetooth logo,1,Not at all
1453,R_3VnHcEQ2fRGSQYF,b18,18,3,54,arrowhead,1,Not at all
1454,R_3VnHcEQ2fRGSQYF,b19,19,1,55,violin scroll,1,Not at all
1455,R_3VnHcEQ2fRGSQYF,b19,19,2,56,fish,2,A little
1456,R_3VnHcEQ2fRGSQYF,b19,19,3,57,light bulb,1,Not at all
1457,R_3VnHcEQ2fRGSQYF,b19,19,4,58,electric plug,2,A little
1458,R_3VnHcEQ2fRGSQYF,b19,19,5,59,spacer bar,1,Not at all
1459,R_3VnHcEQ2fRGSQYF,b19,19,6,60,safety pin,1,Not at all
1460,R_3VnHcEQ2fRGSQYF,b19,19,7,61,compact disc,1,Not at all
1461,R_3VnHcEQ2fRGSQYF,b20,20,1,62,stop sign,1,Not at all
1462,R_3VnHcEQ2fRGSQYF,b20,20,2,63,chess pawn,3,Moderately
1463,R_3VnHcEQ2fRGSQYF,b20,20,3,64,goblet stand,1,Not at all
1464,R_3VnHcEQ2fRGSQYF,b21,21,1,65,key,1,Not at all
1465,R_3VnHcEQ2fRGSQYF,b21,21,2,66,chess pawn,3,Moderately
1466,R_3VnHcEQ2fRGSQYF,b21,21,3,67,skeleton key,1,Not at all
1467,R_3VnHcEQ2fRGSQYF,b21,21,4,68,golf club,1,Not at all
1468,R_3VnHcEQ2fRGSQYF,b21,21,5,69,paperclip,1,Not at all
1469,R_3VnHcEQ2fRGSQYF,b22,22,1,70,hourglass,1,Not at all
1470,R_3VnHcEQ2fRGSQYF,b22,22,2,71,letter a,1,Not at all
1471,R_3VnHcEQ2fRGSQYF,b22,22,3,72,subset symbol,1,Not at all
1472,R_3VnHcEQ2fRGSQYF,b23,23,1,73,snake vase,1,Not at all
1473,R_3VnHcEQ2fRGSQYF,b23,23,2,74,world pillar,1,Not at all
1474,R_3VnHcEQ2fRGSQYF,b24,24,1,75,water tap,2,A little
1475,R_3VnHcEQ2fRGSQYF,b24,24,2,76,fishing hook,2,A little
1476,R_3VnHcEQ2fRGSQYF,b24,24,3,77,enter key,1,Not at all
1477,R_3VnHcEQ2fRGSQYF,b25,25,1,78,paint roller,2,A little
1478,R_3VnHcEQ2fRGSQYF,b25,25,2,79,l bracket,1,Not at all
1479,R_3VnHcEQ2fRGSQYF,b25,25,3,80,greek gamma,1,Not at all
1480,R_3VnHcEQ2fRGSQYF,b26,26,1,81,diamond,1,Not at all
1481,R_3VnHcEQ2fRGSQYF,b26,26,2,82,javelin,1,Not at all
1482,R_3VnHcEQ2fRGSQYF,b26,26,3,83,plumb line,1,Not at all
1483,R_3VnHcEQ2fRGSQYF,b26,26,4,84,arrow shaft,2,A little
1484,R_3VnHcEQ2fRGSQYF,b27,27,1,85,mail slot,3,Moderately
1485,R_3VnHcEQ2fRGSQYF,b27,27,2,86,open frame,2,A little
1486,R_3VnHcEQ2fRGSQYF,b27,27,3,87,stapler frame,2,A little
1487,R_3VnHcEQ2fRGSQYF,b28,28,1,88,spectacle temples,2,A little
1488,R_3VnHcEQ2fRGSQYF,b28,28,2,89,bed,2,A little
1489,R_3VnHcEQ2fRGSQYF,b28,28,3,90,male symbol,1,Not at all
1490,R_3VnHcEQ2fRGSQYF,b29,29,1,91,key,1,Not at all
1491,R_3VnHcEQ2fRGSQYF,b29,29,2,92,sailboat,1,Not at all
1492,R_3VnHcEQ2fRGSQYF,b29,29,3,93,tie fighter,1,Not at all
1493,R_3VnHcEQ2fRGSQYF,b29,29,4,94,turnstile gate,1,Not at all
1494,R_3VnHcEQ2fRGSQYF,b29,29,5,95,b,1,Not at all
1495,R_3VnHcEQ2fRGSQYF,b29,29,6,96,bridge,3,Moderately
1496,R_3VnHcEQ2fRGSQYF,b30,30,1,97,door jamb,1,Not at all
1497,R_3VnHcEQ2fRGSQYF,b30,30,2,98,beer mug,1,Not at all
1498,R_3VnHcEQ2fRGSQYF,b30,30,3,99,belt buckle,2,A little
1499,R_3VnHcEQ2fRGSQYF,b30,30,4,100,capital b,1,Not at all
1500,R_3VnHcEQ2fRGSQYF,b30,30,5,101,capital r,1,Not at all
1501,R_3VnHcEQ2fRGSQYF,b30,30,6,102,gate,2,A little
1502,R_3VnHcEQ2fRGSQYF,b31,31,1,103,hourglass,1,Not at all
1503,R_3VnHcEQ2fRGSQYF,b31,31,2,104,lollipop stick,2,A little
1504,R_3VnHcEQ2fRGSQYF,b31,31,3,105,ice cream,1,Not at all
1505,R_3VnHcEQ2fRGSQYF,b32,32,1,106,skeleton key,1,Not at all
1506,R_3VnHcEQ2fRGSQYF,b32,32,2,107,teeter totter,1,Not at all
1507,R_3VnHcEQ2fRGSQYF,b32,32,3,108,hanging lantern,3,Moderately
1508,R_3VnHcEQ2fRGSQYF,b33,33,1,109,bumper car,3,Moderately
1509,R_3VnHcEQ2fRGSQYF,b33,33,2,110,spoon cup,1,Not at all
1510,R_3VnHcEQ2fRGSQYF,b33,33,3,111,golf tee,2,A little
1511,R_3VnHcEQ2fRGSQYF,b33,33,4,112,teacup,1,Not at all
1512,R_3VnHcEQ2fRGSQYF,b34,34,1,113,hourglass infinity,1,Not at all
1513,R_3VnHcEQ2fRGSQYF,b34,34,2,114,bicycle,1,Not at all
1514,R_3VnHcEQ2fRGSQYF,b34,34,3,115,open scissors,4,A lot
1515,R_3VnHcEQ2fRGSQYF,b34,34,4,116,quantum anchor,1,Not at all
1516,R_3VnHcEQ2fRGSQYF,b34,34,5,117,phi symbol,1,Not at all
1517,R_3VnHcEQ2fRGSQYF,b34,34,6,118,double keyhole,2,A little
1518,R_3VnHcEQ2fRGSQYF,b35,35,1,119,anvil,1,Not at all
1519,R_3VnHcEQ2fRGSQYF,b35,35,2,120,twin crown,1,Not at all
1520,R_3VnHcEQ2fRGSQYF,b36,36,1,121,harpoon,3,Moderately
1521,R_3VnHcEQ2fRGSQYF,b37,37,1,122,street lamp,2,A little
1522,R_3VnHcEQ2fRGSQYF,b37,37,2,123,scissors closed,1,Not at all
1523,R_3VnHcEQ2fRGSQYF,b37,37,3,124,pendulum bob,1,Not at all
1524,R_3VnHcEQ2fRGSQYF,b38,38,1,125,stacking toy,1,Not at all
1525,R_3VnHcEQ2fRGSQYF,b38,38,2,126,crown jewel,2,A little
1526,R_3VnHcEQ2fRGSQYF,b38,38,3,127,flower emblem,4,A lot
1527,R_3VnHcEQ2fRGSQYF,b39,39,1,128,hot-air balloon,1,Not at all
1528,R_3VnHcEQ2fRGSQYF,b39,39,2,129,angel,1,Not at all
1529,R_3VnHcEQ2fRGSQYF,b39,39,3,130,grounded infinity,1,Not at all
1530,R_3VnHcEQ2fRGSQYF,b39,39,4,131,infinity frame,1,Not at all
1531,R_3VnHcEQ2fRGSQYF,b40,40,1,132,door window,1,Not at all
1532,R_3VnHcEQ2fRGSQYF,b40,40,2,133,capital b,1,Not at all
1533,R_3VnHcEQ2fRGSQYF,b40,40,3,134,hook gate,1,Not at all
1534,R_3VnHcEQ2fRGSQYF,b40,40,4,135,mail box,2,A little
1535,R_3VnHcEQ2fRGSQYF,b41,41,1,136,door handle,1,Not at all
1536,R_3VnHcEQ2fRGSQYF,b41,41,2,137,stapler head,1,Not at all
1537,R_3VnHcEQ2fRGSQYF,b41,41,3,138,keyhole,1,Not at all
1538,R_3VnHcEQ2fRGSQYF,b42,42,1,139,plus sign,1,Not at all
1539,R_3VnHcEQ2fRGSQYF,b42,42,2,140,windowpane,5,Completely
1540,R_3VnHcEQ2fRGSQYF,b42,42,3,141,h-beam,1,Not at all
1541,R_3VnHcEQ2fRGSQYF,b42,42,4,142,letter glyph,1,Not at all
1542,R_3VnHcEQ2fRGSQYF,b43,43,1,143,curled ribbon,1,Not at all
1543,R_3VnHcEQ2fRGSQYF,b43,43,2,144,apple,1,Not at all
1544,R_3VnHcEQ2fRGSQYF,b43,43,3,145,swing hook,1,Not at all
1545,R_3VnHcEQ2fRGSQYF,b43,43,4,146,target satellite,1,Not at all
1546,R_3VnHcEQ2fRGSQYF,b43,43,5,147,greek phi,1,Not at all
1547,R_3VnHcEQ2fRGSQYF,b44,44,1,148,keyhole,1,Not at all
1548,R_3VnHcEQ2fRGSQYF,b44,44,2,149,cartoon bomb,2,A little
1549,R_3VnHcEQ2fRGSQYF,b44,44,3,150,golden doubloon,1,Not at all
1550,R_3VnHcEQ2fRGSQYF,b44,44,4,151,ps ligature,1,Not at all
1551,R_3VnHcEQ2fRGSQYF,b45,45,1,152,lollipop,1,Not at all
1552,R_3VnHcEQ2fRGSQYF,b45,45,2,153,lexus logo,1,Not at all
1553,R_3VnHcEQ2fRGSQYF,b45,45,3,154,clock face,5,Completely
1554,R_3VnHcEQ2fRGSQYF,b45,45,4,155,analog clock,5,Completely
1555,R_3VnHcEQ2fRGSQYF,b45,45,5,156,floating lid,1,Not at all
1556,R_3VnHcEQ2fRGSQYF,b45,45,6,157,life buoy,1,Not at all
1557,R_3VnHcEQ2fRGSQYF,b45,45,7,158,doughnut stand,1,Not at all
1558,R_3VnHcEQ2fRGSQYF,b46,46,1,159,dual torus,1,Not at all
1559,R_3VnHcEQ2fRGSQYF,b46,46,2,160,ionic capital,1,Not at all
1560,R_3VnHcEQ2fRGSQYF,b46,46,3,161,mailbox,3,Moderately
1561,R_3VnHcEQ2fRGSQYF,b46,46,4,162,ionic column,1,Not at all
1562,R_3VnHcEQ2fRGSQYF,b46,46,5,163,shattered pact,1,Not at all
1563,R_3VnHcEQ2fRGSQYF,b46,46,6,164,arrowhead,1,Not at all
1564,R_3VnHcEQ2fRGSQYF,b46,46,7,165,winged arch,1,Not at all
1565,R_3VnHcEQ2fRGSQYF,b47,47,1,166,cartoon bomb,1,Not at all
1566,R_3VnHcEQ2fRGSQYF,b47,47,2,167,capital b,1,Not at all
1567,R_3VnHcEQ2fRGSQYF,b47,47,3,168,key lock,1,Not at all
1568,R_3VnHcEQ2fRGSQYF,b48,48,1,169,t,5,Completely
1569,R_3VnHcEQ2fRGSQYF,b48,48,2,170,sledgehammer,2,A little
1570,R_3VnHcEQ2fRGSQYF,b48,48,3,171,crosshairs,2,A little
1571,R_3VnHcEQ2fRGSQYF,b48,48,4,172,t shape,5,Completely
1572,R_3VnHcEQ2fRGSQYF,b49,49,1,173,rocket ship,1,Not at all
1573,R_3VnHcEQ2fRGSQYF,b49,49,2,174,steep curve,1,Not at all
1574,R_3VnHcEQ2fRGSQYF,b49,49,3,175,flying buttress,1,Not at all
1575,R_3VnHcEQ2fRGSQYF,b49,49,4,176,candelabrum,1,Not at all
1576,R_3VnHcEQ2fRGSQYF,b50,50,1,177,balloon man,2,A little
1577,R_3VnHcEQ2fRGSQYF,b50,50,2,178,drain cover,1,Not at all
1578,R_3VnHcEQ2fRGSQYF,b50,50,3,179,sprouting seed,1,Not at all
1579,R_3VnHcEQ2fRGSQYF,b50,50,4,180,lamp post,1,Not at all
1580,R_3VnHcEQ2fRGSQYF,b51,51,1,181,circle cradle,1,Not at all
1581,R_3VnHcEQ2fRGSQYF,b51,51,2,182,compass dial,2,A little
1582,R_3VnHcEQ2fRGSQYF,b52,52,1,183,parking meter,1,Not at all
1583,R_3VnHcEQ2fRGSQYF,b52,52,2,184,electric plug,2,A little
1584,R_3VnHcEQ2fRGSQYF,b53,53,1,185,cradle snapped,1,Not at all
1585,R_3VnHcEQ2fRGSQYF,b53,53,2,186,cave entrance,1,Not at all
1586,R_3VnHcEQ2fRGSQYF,b53,53,3,187,flag pole,2,A little
1587,R_3VnHcEQ2fRGSQYF,b54,54,1,188,sixteenth note,5,Completely
1588,R_3VnHcEQ2fRGSQYF,b54,54,2,189,anchor symbol,2,A little
1589,R_3VnHcEQ2fRGSQYF,b55,55,1,190,radiation symbol,1,Not at all
1590,R_3VnHcEQ2fRGSQYF,b55,55,2,191,perpendicular arrow,1,Not at all
1591,R_3VnHcEQ2fRGSQYF,b56,56,1,192,drawer pull,1,Not at all
1592,R_3VnHcEQ2fRGSQYF,b56,56,2,193,roof gable,1,Not at all
1593,R_3VnHcEQ2fRGSQYF,b56,56,3,194,circular pointer,1,Not at all
1594,R_3VnHcEQ2fRGSQYF,b56,56,4,195,keyhole,2,A little
1595,R_3VnHcEQ2fRGSQYF,b57,57,1,196,ski jump,1,Not at all
1596,R_3VnHcEQ2fRGSQYF,b57,57,2,197,capped diamond,1,Not at all
1597,R_3VnHcEQ2fRGSQYF,b57,57,3,198,rotated x,1,Not at all
1598,R_3VnHcEQ2fRGSQYF,b58,58,1,199,key,1,Not at all
1599,R_3VnHcEQ2fRGSQYF,b58,58,2,200,grapnel anchor,1,Not at all
1600,R_3VnHcEQ2fRGSQYF,b58,58,3,201,hanger,2,A little
1601,R_3VnHcEQ2fRGSQYF,b59,59,1,202,ground rod,1,Not at all
1602,R_3VnHcEQ2fRGSQYF,b59,59,2,203,tent pole,2,A little
1603,R_3VnHcEQ2fRGSQYF,b59,59,3,204,shelf bracket,2,A little
1604,R_3VnHcEQ2fRGSQYF,b60,60,1,205,arrowhead,1,Not at all
1605,R_3VnHcEQ2fRGSQYF,b60,60,2,206,square pyramid,1,Not at all
1606,R_3VnHcEQ2fRGSQYF,b60,60,3,207,tiny house,5,Completely
1607,R_3VnHcEQ2fRGSQYF,b60,60,4,208,house roof,3,Moderately
1608,R_5KJSz9kQD469x73,b1,1,1,1381,ladder stack,5,Completely
1609,R_5KJSz9kQD469x73,b1,1,2,1382,ladder rungs,5,Completely
1610,R_5KJSz9kQD469x73,b1,1,3,1383,ladder structure,4,A lot
1611,R_5KJSz9kQD469x73,b2,2,1,1384,fence,2,A little
1612,R_5KJSz9kQD469x73,b2,2,2,1385,sideways ladder,4,A lot
1613,R_5KJSz9kQD469x73,b2,2,3,1386,Eiffel tower,1,Not at all
1614,R_5KJSz9kQD469x73,b2,2,4,1387,ladder rungs,5,Completely
1615,R_5KJSz9kQD469x73,b2,2,5,1388,three-rung ladder,5,Completely
1616,R_5KJSz9kQD469x73,b3,3,1,1389,heart,1,Not at all
1617,R_5KJSz9kQD469x73,b3,3,2,1390,handcuffs,1,Not at all
1618,R_5KJSz9kQD469x73,b3,3,3,1391,Handlebar mustache,2,A little
1619,R_5KJSz9kQD469x73,b3,3,4,1392,Bunny ears,1,Not at all
1620,R_5KJSz9kQD469x73,b3,3,5,1393,two cherries,3,Moderately
1621,R_5KJSz9kQD469x73,b3,3,6,1394,butterfly wings,1,Not at all
1622,R_5KJSz9kQD469x73,b3,3,7,1395,playing spade,1,Not at all
1623,R_5KJSz9kQD469x73,b3,3,8,1396,Eyeglasses,5,Completely
1624,R_5KJSz9kQD469x73,b3,3,9,1397,cherries,3,Moderately
1625,R_5KJSz9kQD469x73,b4,4,1,1398,Figure eight,1,Not at all
1626,R_5KJSz9kQD469x73,b4,4,2,1399,binoculars,3,Moderately
1627,R_5KJSz9kQD469x73,b4,4,3,1400,infinity symbol,1,Not at all
1628,R_5KJSz9kQD469x73,b4,4,4,1401,butterfly wings,1,Not at all
1629,R_5KJSz9kQD469x73,b4,4,5,1402,owl eyes,4,A lot
1630,R_5KJSz9kQD469x73,b4,4,6,1403,eyeglass,5,Completely
1631,R_5KJSz9kQD469x73,b4,4,7,1404,TIE fighter,3,Moderately
1632,R_5KJSz9kQD469x73,b5,5,1,1405,eyeglasses,5,Completely
1633,R_5KJSz9kQD469x73,b5,5,2,1406,butterfly wings,1,Not at all
1634,R_5KJSz9kQD469x73,b5,5,3,1407,goggles,5,Completely
1635,R_5KJSz9kQD469x73,b5,5,4,1408,binoculars,3,Moderately
1636,R_5KJSz9kQD469x73,b5,5,5,1409,barbell weight,1,Not at all
1637,R_5KJSz9kQD469x73,b5,5,6,1410,pregnant woman,1,Not at all
1638,R_5KJSz9kQD469x73,b5,5,7,1411,spectacles,5,Completely
1639,R_5KJSz9kQD469x73,b6,6,1,1412,steering wheel,1,Not at all
1640,R_5KJSz9kQD469x73,b6,6,2,1413,bow tie,4,A lot
1641,R_5KJSz9kQD469x73,b6,6,3,1414,butterfly,1,Not at all
1642,R_5KJSz9kQD469x73,b6,6,4,1415,eyeglasses,5,Completely
1643,R_5KJSz9kQD469x73,b6,6,5,1416,headphones,2,A little
1644,R_5KJSz9kQD469x73,b6,6,6,1417,eyeglasses with antennas,4,A lot
1645,R_5KJSz9kQD469x73,b6,6,7,1418,fallen hourglass,2,A little
1646,R_5KJSz9kQD469x73,b6,6,8,1893,Digit 8,1,Not at all
1647,R_5KJSz9kQD469x73,b7,7,1,1419,Arrow shaft,5,Completely
1648,R_5KJSz9kQD469x73,b7,7,2,1420,christmas tree,4,A lot
1649,R_5KJSz9kQD469x73,b7,7,3,1421,double spear,5,Completely
1650,R_5KJSz9kQD469x73,b7,7,4,1422,pine tree,4,A lot
1651,R_5KJSz9kQD469x73,b7,7,5,1423,fletched arrow,5,Completely
1652,R_5KJSz9kQD469x73,b7,7,6,1424,pair of arrows,5,Completely
1653,R_5KJSz9kQD469x73,b7,7,7,1425,up arrow,3,Moderately
1654,R_5KJSz9kQD469x73,b7,7,8,1426,wow,1,Not at all
1655,R_5KJSz9kQD469x73,b8,8,1,1427,winged scepter,2,A little
1656,R_5KJSz9kQD469x73,b8,8,2,1428,cheerleader,2,A little
1657,R_5KJSz9kQD469x73,b8,8,3,1429,Ship anchor,1,Not at all
1658,R_5KJSz9kQD469x73,b8,8,4,1430,human figure,1,Not at all
1659,R_5KJSz9kQD469x73,b8,8,5,1431,butterfly head,4,A lot
1660,R_5KJSz9kQD469x73,b8,8,6,1432,caduceus,2,A little
1661,R_5KJSz9kQD469x73,b8,8,7,1433,Digit 8,1,Not at all
1662,R_5KJSz9kQD469x73,b8,8,8,1434,long diamond,1,Not at all
1663,R_5KJSz9kQD469x73,b9,9,1,1435,cactus,1,Not at all
1664,R_5KJSz9kQD469x73,b9,9,2,1436,Ship anchor,2,A little
1665,R_5KJSz9kQD469x73,b9,9,3,1437,butterfly bow,2,A little
1666,R_5KJSz9kQD469x73,b9,9,4,1438,inverted comb,1,Not at all
1667,R_5KJSz9kQD469x73,b9,9,5,1439,butterfly antennae,4,A lot
1668,R_5KJSz9kQD469x73,b9,9,6,1440,Four-leaf clover,2,A little
1669,R_5KJSz9kQD469x73,b9,9,7,1894,owl face,1,Not at all
1670,R_5KJSz9kQD469x73,b10,10,1,1441,A T with two small bars on the side,1,Not at all
1671,R_5KJSz9kQD469x73,b10,10,2,1442,broken comb,2,A little
1672,R_5KJSz9kQD469x73,b10,10,3,1443,comb teeth,3,Moderately
1673,R_5KJSz9kQD469x73,b10,10,4,1444,Cyrillic letter,2,A little
1674,R_5KJSz9kQD469x73,b10,10,5,1445,fir tree,1,Not at all
1675,R_5KJSz9kQD469x73,b10,10,6,1446,fork and knife,1,Not at all
1676,R_5KJSz9kQD469x73,b10,10,7,1447,Fork and trident,2,A little
1677,R_5KJSz9kQD469x73,b10,10,8,1448,Hair comb,2,A little
1678,R_5KJSz9kQD469x73,b10,10,9,1449,table,1,Not at all
1679,R_5KJSz9kQD469x73,b10,10,10,1450,two open attached triangles,1,Not at all
1680,R_5KJSz9kQD469x73,b10,10,11,1895,inverted comb,1,Not at all
1681,R_5KJSz9kQD469x73,b11,11,1,1451,picket fence,2,A little
1682,R_5KJSz9kQD469x73,b11,11,2,1452,dinner fork,5,Completely
1683,R_5KJSz9kQD469x73,b11,11,3,1453,Stapler silhouette,1,Not at all
1684,R_5KJSz9kQD469x73,b11,11,4,1454,rotated table,1,Not at all
1685,R_5KJSz9kQD469x73,b11,11,5,1455,table fork,5,Completely
1686,R_5KJSz9kQD469x73,b11,11,6,1456,bug crawling,2,A little
1687,R_5KJSz9kQD469x73,b12,12,1,1457,hammer,1,Not at all
1688,R_5KJSz9kQD469x73,b12,12,2,1458,UFO,1,Not at all
1689,R_5KJSz9kQD469x73,b12,12,3,1459,mushroom cap,1,Not at all
1690,R_5KJSz9kQD469x73,b12,12,4,1460,table lamp,5,Completely
1691,R_5KJSz9kQD469x73,b12,12,5,1461,lying person,1,Not at all
1692,R_5KJSz9kQD469x73,b12,12,6,1462,Desk lamp,5,Completely
1693,R_5KJSz9kQD469x73,b12,12,7,1463,anchor,1,Not at all
1694,R_5KJSz9kQD469x73,b12,12,8,1464,arch bridge,2,A little
1695,R_5KJSz9kQD469x73,b12,12,9,1465,Floor lamp,5,Completely
1696,R_5KJSz9kQD469x73,b12,12,10,1466,Dried,1,Not at all
1697,R_5KJSz9kQD469x73,b12,12,11,1467,D on stilts,1,Not at all
1698,R_5KJSz9kQD469x73,b13,13,1,1468,boat,1,Not at all
1699,R_5KJSz9kQD469x73,b13,13,2,1469,bulb,1,Not at all
1700,R_5KJSz9kQD469x73,b13,13,3,1470,table,2,A little
1701,R_5KJSz9kQD469x73,b13,13,4,1471,mushroom cap,1,Not at all
1702,R_5KJSz9kQD469x73,b13,13,5,1472,mushroom cloud,1,Not at all
1703,R_5KJSz9kQD469x73,b13,13,6,1473,arched window,1,Not at all
1704,R_5KJSz9kQD469x73,b13,13,7,1474,padlock,1,Not at all
1705,R_5KJSz9kQD469x73,b13,13,8,1475,table lamp,5,Completely
1706,R_5KJSz9kQD469x73,b13,13,9,1896,greek phi,1,Not at all
1707,R_5KJSz9kQD469x73,b14,14,1,1476,Horseshoe magnet,2,A little
1708,R_5KJSz9kQD469x73,b14,14,2,1477,Skull,3,Moderately
1709,R_5KJSz9kQD469x73,b14,14,3,1478,pig snout,4,A lot
1710,R_5KJSz9kQD469x73,b14,14,4,1479,toilet seat,1,Not at all
1711,R_5KJSz9kQD469x73,b14,14,5,1480,butterfly cradle,1,Not at all
1712,R_5KJSz9kQD469x73,b14,14,6,1481,Contained Ds,1,Not at all
1713,R_5KJSz9kQD469x73,b15,15,1,1482,Yield sign,1,Not at all
1714,R_5KJSz9kQD469x73,b15,15,2,1483,Skull,1,Not at all
1715,R_5KJSz9kQD469x73,b15,15,3,1484,hexagon,1,Not at all
1716,R_5KJSz9kQD469x73,b15,15,4,1485,dog house,5,Completely
1717,R_5KJSz9kQD469x73,b15,15,5,1486,pennant flag,3,Moderately
1718,R_5KJSz9kQD469x73,b15,15,6,1487,cut diamond,2,A little
1719,R_5KJSz9kQD469x73,b15,15,7,1488,Pentagon house,2,A little
1720,R_5KJSz9kQD469x73,b15,15,8,1489,Square bucket,3,Moderately
1721,R_5KJSz9kQD469x73,b15,15,9,1490,Honeycomb cell,1,Not at all
1722,R_5KJSz9kQD469x73,b15,15,10,1491,square with a diamond in the middle,1,Not at all
1723,R_5KJSz9kQD469x73,b15,15,11,1492,Equilateral hexagon,1,Not at all
1724,R_5KJSz9kQD469x73,b16,16,1,1493,funnel,3,Moderately
1725,R_5KJSz9kQD469x73,b16,16,2,1494,bell,1,Not at all
1726,R_5KJSz9kQD469x73,b16,16,3,1495,wine glass,1,Not at all
1727,R_5KJSz9kQD469x73,b16,16,4,1496,teardrop,1,Not at all
1728,R_5KJSz9kQD469x73,b16,16,5,1497,ice-cream cone,5,Completely
1729,R_5KJSz9kQD469x73,b16,16,6,1498,church bell,1,Not at all
1730,R_5KJSz9kQD469x73,b16,16,7,1499,Trophy cup,2,A little
1731,R_5KJSz9kQD469x73,b16,16,8,1500,bookmark,2,A little
1732,R_5KJSz9kQD469x73,b16,16,9,1501,location pin,4,A lot
1733,R_5KJSz9kQD469x73,b16,16,10,1897,map pin,4,A lot
1734,R_5KJSz9kQD469x73,b17,17,1,1502,bell,1,Not at all
1735,R_5KJSz9kQD469x73,b17,17,2,1503,umbrella,1,Not at all
1736,R_5KJSz9kQD469x73,b17,17,3,1504,manta ray,2,A little
1737,R_5KJSz9kQD469x73,b17,17,4,1505,flying saucer,2,A little
1738,R_5KJSz9kQD469x73,b17,17,5,1506,hanging lantern,2,A little
1739,R_5KJSz9kQD469x73,b17,17,6,1507,slingshot,2,A little
1740,R_5KJSz9kQD469x73,b17,17,7,1898,martini glass,1,Not at all
1741,R_5KJSz9kQD469x73,b17,17,8,1899,arch bridge,1,Not at all
1742,R_5KJSz9kQD469x73,b18,18,1,1508,ship flag,1,Not at all
1743,R_5KJSz9kQD469x73,b18,18,2,1509,speech balloon,2,A little
1744,R_5KJSz9kQD469x73,b18,18,3,1510,ribbon award,2,A little
1745,R_5KJSz9kQD469x73,b18,18,4,1511,key,1,Not at all
1746,R_5KJSz9kQD469x73,b18,18,5,1512,Umbrella,1,Not at all
1747,R_5KJSz9kQD469x73,b18,18,6,1513,map pin,4,A lot
1748,R_5KJSz9kQD469x73,b18,18,7,1514,Trumpet mouthpiece,3,Moderately
1749,R_5KJSz9kQD469x73,b18,18,8,1515,butterfly wings,1,Not at all
1750,R_5KJSz9kQD469x73,b18,18,9,1516,Cup trophy,2,A little
1751,R_5KJSz9kQD469x73,b18,18,10,1517,Arch bridge,1,Not at all
1752,R_5KJSz9kQD469x73,b18,18,11,1900,wine glass,1,Not at all
1753,R_5KJSz9kQD469x73,b19,19,1,1518,southeast direction,1,Not at all
1754,R_5KJSz9kQD469x73,b19,19,2,1519,smoking face,1,Not at all
1755,R_5KJSz9kQD469x73,b19,19,3,1520,wheelchair,1,Not at all
1756,R_5KJSz9kQD469x73,b19,19,4,1521,smash ball,1,Not at all
1757,R_5KJSz9kQD469x73,b19,19,5,1522,asclepius rod,1,Not at all
1758,R_5KJSz9kQD469x73,b19,19,6,1523,padlock key,1,Not at all
1759,R_5KJSz9kQD469x73,b19,19,7,1524,CD slot,1,Not at all
1760,R_5KJSz9kQD469x73,b19,19,8,1525,sled,2,A little
1761,R_5KJSz9kQD469x73,b19,19,9,1526,clothesline,1,Not at all
1762,R_5KJSz9kQD469x73,b19,19,10,1527,skeleton key,1,Not at all
1763,R_5KJSz9kQD469x73,b19,19,11,1528,hot coffee,1,Not at all
1764,R_5KJSz9kQD469x73,b19,19,12,1529,euro symbol,1,Not at all
1765,R_5KJSz9kQD469x73,b19,19,13,1530,database,1,Not at all
1766,R_5KJSz9kQD469x73,b19,19,14,1531,Currency symbol,1,Not at all
1767,R_5KJSz9kQD469x73,b20,20,1,1532,mushroom,2,A little
1768,R_5KJSz9kQD469x73,b20,20,2,1533,key,1,Not at all
1769,R_5KJSz9kQD469x73,b20,20,3,1534,ice cream,2,A little
1770,R_5KJSz9kQD469x73,b20,20,4,1535,lollipop,1,Not at all
1771,R_5KJSz9kQD469x73,b20,20,5,1536,teapot lid,3,Moderately
1772,R_5KJSz9kQD469x73,b20,20,6,1537,user icon,5,Completely
1773,R_5KJSz9kQD469x73,b20,20,7,1538,person icon,5,Completely
1774,R_5KJSz9kQD469x73,b20,20,8,1539,stick figure,3,Moderately
1775,R_5KJSz9kQD469x73,b20,20,9,1540,toilet,3,Moderately
1776,R_5KJSz9kQD469x73,b20,20,10,1541,pulley hook,3,Moderately
1777,R_5KJSz9kQD469x73,b21,21,1,1542,mushroom,2,A little
1778,R_5KJSz9kQD469x73,b21,21,2,1543,Letter B,2,A little
1779,R_5KJSz9kQD469x73,b21,21,3,1544,american football,1,Not at all
1780,R_5KJSz9kQD469x73,b21,21,4,1545,light bulb,2,A little
1781,R_5KJSz9kQD469x73,b21,21,5,1546,theta symbol,1,Not at all
1782,R_5KJSz9kQD469x73,b21,21,6,1547,overturned cup,1,Not at all
1783,R_5KJSz9kQD469x73,b21,21,7,1548,coffee cup,1,Not at all
1784,R_5KJSz9kQD469x73,b21,21,8,1549,pregnant woman,2,A little
1785,R_5KJSz9kQD469x73,b21,21,9,1550,sideways headphones,1,Not at all
1786,R_5KJSz9kQD469x73,b21,21,10,1551,snail,1,Not at all
1787,R_5KJSz9kQD469x73,b21,21,11,1552,padlock,3,Moderately
1788,R_5KJSz9kQD469x73,b21,21,12,1553,2 circles,1,Not at all
1789,R_5KJSz9kQD469x73,b21,21,13,1554,ice cream,2,A little
1790,R_5KJSz9kQD469x73,b22,22,1,1555,ice cream,1,Not at all
1791,R_5KJSz9kQD469x73,b22,22,2,1556,record player,2,A little
1792,R_5KJSz9kQD469x73,b22,22,3,1557,play icon,1,Not at all
1793,R_5KJSz9kQD469x73,b22,22,4,1558,PacMan,1,Not at all
1794,R_5KJSz9kQD469x73,b22,22,5,1559,padlock keyhole,5,Completely
1795,R_5KJSz9kQD469x73,b22,22,6,1560,arrow,1,Not at all
1796,R_5KJSz9kQD469x73,b22,22,7,1561,cone and face,1,Not at all
1797,R_5KJSz9kQD469x73,b22,22,8,1562,cartoon image,1,Not at all
1798,R_5KJSz9kQD469x73,b23,23,1,1563,Stethoscope silhouette,5,Completely
1799,R_5KJSz9kQD469x73,b23,23,2,1564,hand mirror,5,Completely
1800,R_5KJSz9kQD469x73,b23,23,3,1565,standing microphone,5,Completely
1801,R_5KJSz9kQD469x73,b23,23,4,1566,Swirl lollipop,5,Completely
1802,R_5KJSz9kQD469x73,b23,23,5,1567,head on shoulders,1,Not at all
1803,R_5KJSz9kQD469x73,b24,24,1,1569,bucket,1,Not at all
1804,R_5KJSz9kQD469x73,b24,24,2,1570,staple,1,Not at all
1805,R_5KJSz9kQD469x73,b24,24,3,1571,jib crane,2,A little
1806,R_5KJSz9kQD469x73,b24,24,4,1572,periscope,1,Not at all
1807,R_5KJSz9kQD469x73,b24,24,5,1573,block H,2,A little
1808,R_5KJSz9kQD469x73,b24,24,6,1574,pipe wrench,3,Moderately
1809,R_5KJSz9kQD469x73,b24,24,7,1575,Pistol,1,Not at all
1810,R_5KJSz9kQD469x73,b25,25,1,1576,shelf bracket,1,Not at all
1811,R_5KJSz9kQD469x73,b25,25,2,1577,Boot heel,1,Not at all
1812,R_5KJSz9kQD469x73,b25,25,3,1578,Tuning fork,3,Moderately
1813,R_5KJSz9kQD469x73,b25,25,4,1579,hammer head,1,Not at all
1814,R_5KJSz9kQD469x73,b25,25,5,1580,Skeleton key,1,Not at all
1815,R_5KJSz9kQD469x73,b25,25,6,1581,pipe wrench,3,Moderately
1816,R_5KJSz9kQD469x73,b25,25,7,1582,flag sign,1,Not at all
1817,R_5KJSz9kQD469x73,b25,25,8,1583,Flagpole signpost,1,Not at all
1818,R_5KJSz9kQD469x73,b25,25,9,1584,Street lamp,1,Not at all
1819,R_5KJSz9kQD469x73,b25,25,10,1585,Tower crane,2,A little
1820,R_5KJSz9kQD469x73,b26,26,1,1586,signpost,5,Completely
1821,R_5KJSz9kQD469x73,b26,26,2,1587,stick figure,1,Not at all
1822,R_5KJSz9kQD469x73,b26,26,3,1588,Letter F,1,Not at all
1823,R_5KJSz9kQD469x73,b26,26,4,1589,pennant flag,5,Completely
1824,R_5KJSz9kQD469x73,b26,26,5,1590,Capital K,1,Not at all
1825,R_5KJSz9kQD469x73,b26,26,6,1591,anchor symbol,1,Not at all
1826,R_5KJSz9kQD469x73,b26,26,7,1592,less-than sign,1,Not at all
1827,R_5KJSz9kQD469x73,b26,26,8,1593,pennant,5,Completely
1828,R_5KJSz9kQD469x73,b26,26,9,1594,arrow sign,1,Not at all
1829,R_5KJSz9kQD469x73,b26,26,10,1595,Flagpole arrow,4,A lot
1830,R_5KJSz9kQD469x73,b26,26,11,1596,axe,4,A lot
1831,R_5KJSz9kQD469x73,b26,26,12,1597,coat hanger,1,Not at all
1832,R_5KJSz9kQD469x73,b26,26,13,1598,triangle attached to a straight line,1,Not at all
1833,R_5KJSz9kQD469x73,b26,26,14,1901,slingshot,1,Not at all
1834,R_5KJSz9kQD469x73,b26,26,15,1902,broken arrow,1,Not at all
1835,R_5KJSz9kQD469x73,b27,27,1,1599,window frame,2,A little
1836,R_5KJSz9kQD469x73,b27,27,2,1600,picture frame,2,A little
1837,R_5KJSz9kQD469x73,b27,27,3,1601,backwards F,1,Not at all
1838,R_5KJSz9kQD469x73,b27,27,4,1602,battery symbol,1,Not at all
1839,R_5KJSz9kQD469x73,b27,27,5,1603,broken ladder,2,A little
1840,R_5KJSz9kQD469x73,b27,27,6,1604,door frame,5,Completely
1841,R_5KJSz9kQD469x73,b27,27,7,1605,window,2,A little
1842,R_5KJSz9kQD469x73,b27,27,8,1606,shopping cart,1,Not at all
1843,R_5KJSz9kQD469x73,b27,27,9,1607,door handle,5,Completely
1844,R_5KJSz9kQD469x73,b27,27,10,1608,Capital E,1,Not at all
1845,R_5KJSz9kQD469x73,b27,27,11,1609,2 square stacked into each other,1,Not at all
1846,R_5KJSz9kQD469x73,b27,27,12,1903,X,1,Not at all
1847,R_5KJSz9kQD469x73,b28,28,1,1610,Goggles,5,Completely
1848,R_5KJSz9kQD469x73,b28,28,2,1611,Binoculars,3,Moderately
1849,R_5KJSz9kQD469x73,b28,28,3,1612,bra,5,Completely
1850,R_5KJSz9kQD469x73,b28,28,4,1613,butterfly,1,Not at all
1851,R_5KJSz9kQD469x73,b28,28,5,1614,bicycle handlebars,1,Not at all
1852,R_5KJSz9kQD469x73,b28,28,6,1615,headphones,2,A little
1853,R_5KJSz9kQD469x73,b28,28,7,1616,barbell weight,1,Not at all
1854,R_5KJSz9kQD469x73,b28,28,8,1904,face with eyes,4,A lot
1855,R_5KJSz9kQD469x73,b29,29,1,1617,coat hook,2,A little
1856,R_5KJSz9kQD469x73,b29,29,2,1618,table,1,Not at all
1857,R_5KJSz9kQD469x73,b29,29,3,1619,magnifying glass,1,Not at all
1858,R_5KJSz9kQD469x73,b29,29,4,1620,Letter B,1,Not at all
1859,R_5KJSz9kQD469x73,b29,29,5,1621,C note,1,Not at all
1860,R_5KJSz9kQD469x73,b29,29,6,1622,G-clamp,2,A little
1861,R_5KJSz9kQD469x73,b29,29,7,1623,plunger,1,Not at all
1862,R_5KJSz9kQD469x73,b29,29,8,1624,exclamation mark,1,Not at all
1863,R_5KJSz9kQD469x73,b29,29,9,1625,stethoscope symbol,2,A little
1864,R_5KJSz9kQD469x73,b29,29,10,1626,hand,1,Not at all
1865,R_5KJSz9kQD469x73,b29,29,11,1627,wine glass,1,Not at all
1866,R_5KJSz9kQD469x73,b29,29,12,1628,hard drive,1,Not at all
1867,R_5KJSz9kQD469x73,b29,29,13,1629,Jib crane,1,Not at all
1868,R_5KJSz9kQD469x73,b29,29,14,1905,mushroom,1,Not at all
1869,R_5KJSz9kQD469x73,b30,30,1,1630,keyhole,2,A little
1870,R_5KJSz9kQD469x73,b30,30,2,1631,Rail bridge,1,Not at all
1871,R_5KJSz9kQD469x73,b30,30,3,1632,Bridge support,1,Not at all
1872,R_5KJSz9kQD469x73,b30,30,4,1633,comb,1,Not at all
1873,R_5KJSz9kQD469x73,b30,30,5,1634,grand piano,1,Not at all
1874,R_5KJSz9kQD469x73,b30,30,6,1635,bitcoin symbol,1,Not at all
1875,R_5KJSz9kQD469x73,b30,30,7,1636,park bench,1,Not at all
1876,R_5KJSz9kQD469x73,b30,30,8,1637,comb,1,Not at all
1877,R_5KJSz9kQD469x73,b30,30,9,1638,trident fork,1,Not at all
1878,R_5KJSz9kQD469x73,b30,30,10,1639,clock,1,Not at all
1879,R_5KJSz9kQD469x73,b30,30,11,1640,skeleton key,3,Moderately
1880,R_5KJSz9kQD469x73,b30,30,12,1641,Church window,1,Not at all
1881,R_5KJSz9kQD469x73,b30,30,13,1642,HD monogram,1,Not at all
1882,R_5KJSz9kQD469x73,b30,30,14,1643,HD icon,1,Not at all
1883,R_5KJSz9kQD469x73,b30,30,15,1644,fence,3,Moderately
1884,R_5KJSz9kQD469x73,b30,30,16,1645,Hinge pin,1,Not at all
1885,R_5KJSz9kQD469x73,b31,31,1,1646,balloon,4,A lot
1886,R_5KJSz9kQD469x73,b31,31,2,1647,thumbtack,4,A lot
1887,R_5KJSz9kQD469x73,b31,31,3,1648,push pin,4,A lot
1888,R_5KJSz9kQD469x73,b31,31,4,1649,martini glass,1,Not at all
1889,R_5KJSz9kQD469x73,b31,31,5,1650,Arrow through a cricle,2,A little
1890,R_5KJSz9kQD469x73,b32,32,1,1651,bell,1,Not at all
1891,R_5KJSz9kQD469x73,b32,32,2,1652,mushroom cap,1,Not at all
1892,R_5KJSz9kQD469x73,b32,32,3,1653,upside-down table,2,A little
1893,R_5KJSz9kQD469x73,b32,32,4,1654,mushroom anchor,1,Not at all
1894,R_5KJSz9kQD469x73,b32,32,5,1655,Umbrella handle,1,Not at all
1895,R_5KJSz9kQD469x73,b32,32,6,1656,claw hammer,1,Not at all
1896,R_5KJSz9kQD469x73,b32,32,7,1906,table lamp,5,Completely
1897,R_5KJSz9kQD469x73,b33,33,1,1657,hammer,1,Not at all
1898,R_5KJSz9kQD469x73,b33,33,2,1658,horseshoe magnet,1,Not at all
1899,R_5KJSz9kQD469x73,b33,33,3,1659,toilet plunger,5,Completely
1900,R_5KJSz9kQD469x73,b33,33,4,1660,spiked helmet,4,A lot
1901,R_5KJSz9kQD469x73,b33,33,5,1661,capitol dome,4,A lot
1902,R_5KJSz9kQD469x73,b33,33,6,1662,bell clapper,4,A lot
1903,R_5KJSz9kQD469x73,b33,33,7,1663,umbrella handle,3,Moderately
1904,R_5KJSz9kQD469x73,b33,33,8,1664,service bell,3,Moderately
1905,R_5KJSz9kQD469x73,b33,33,9,1665,Mushroom stem,1,Not at all
1906,R_5KJSz9kQD469x73,b33,33,10,1666,spoon,2,A little
1907,R_5KJSz9kQD469x73,b33,33,11,1667,Church bell,3,Moderately
1908,R_5KJSz9kQD469x73,b33,33,12,1668,Upsidedown Umbrella,1,Not at all
1909,R_5KJSz9kQD469x73,b34,34,1,1671,owl,3,Moderately
1910,R_5KJSz9kQD469x73,b34,34,2,1672,glasses,1,Not at all
1911,R_5KJSz9kQD469x73,b34,34,3,1673,butterfly mask,1,Not at all
1912,R_5KJSz9kQD469x73,b34,34,4,1674,eyeglasses,1,Not at all
1913,R_5KJSz9kQD469x73,b34,34,5,1675,bowbow,5,Completely
1914,R_5KJSz9kQD469x73,b35,35,1,1676,owl,3,Moderately
1915,R_5KJSz9kQD469x73,b35,35,2,1677,butterfly,1,Not at all
1916,R_5KJSz9kQD469x73,b35,35,3,1678,bikini top,2,A little
1917,R_5KJSz9kQD469x73,b35,35,4,1679,spade symbol,1,Not at all
1918,R_5KJSz9kQD469x73,b35,35,5,1680,Heart glasses,1,Not at all
1919,R_5KJSz9kQD469x73,b36,36,1,1669,bird footprint,5,Completely
1920,R_5KJSz9kQD469x73,b36,36,2,1670,chickenfoot,5,Completely
1921,R_5KJSz9kQD469x73,b36,36,3,1681,Trident,5,Completely
1922,R_5KJSz9kQD469x73,b36,36,4,1682,telephone pole,1,Not at all
1923,R_5KJSz9kQD469x73,b36,36,5,1683,downward arrow,1,Not at all
1924,R_5KJSz9kQD469x73,b36,36,6,1684,peace symbol,4,A lot
1925,R_5KJSz9kQD469x73,b36,36,7,1685,utility pole,1,Not at all
1926,R_5KJSz9kQD469x73,b36,36,8,1686,forked staff,5,Completely
1927,R_5KJSz9kQD469x73,b36,36,9,1687,slingshot frame,3,Moderately
1928,R_5KJSz9kQD469x73,b36,36,10,1688,Slingshot pole,3,Moderately
1929,R_5KJSz9kQD469x73,b37,37,1,1689,info icon,1,Not at all
1930,R_5KJSz9kQD469x73,b37,37,2,1690,snowman,1,Not at all
1931,R_5KJSz9kQD469x73,b37,37,3,1691,barbell lollipop,2,A little
1932,R_5KJSz9kQD469x73,b37,37,4,1692,Bowtie person,3,Moderately
1933,R_5KJSz9kQD469x73,b37,37,5,1693,club symbol,5,Completely
1934,R_5KJSz9kQD469x73,b37,37,6,1694,balloon,5,Completely
1935,R_5KJSz9kQD469x73,b37,37,7,1907,3 leaf clover,5,Completely
1936,R_5KJSz9kQD469x73,b38,38,1,1695,owl face,1,Not at all
1937,R_5KJSz9kQD469x73,b38,38,2,1696,club suit,3,Moderately
1938,R_5KJSz9kQD469x73,b38,38,3,1697,club symbol,3,Moderately
1939,R_5KJSz9kQD469x73,b38,38,4,1698,snowman face,1,Not at all
1940,R_5KJSz9kQD469x73,b38,38,5,1699,club,3,Moderately
1941,R_5KJSz9kQD469x73,b38,38,6,1700,clover,2,A little
1942,R_5KJSz9kQD469x73,b38,38,7,1701,triple scoop ice cream cone,5,Completely
1943,R_5KJSz9kQD469x73,b38,38,8,1702,ice cream scoops on a cone,5,Completely
1944,R_5KJSz9kQD469x73,b38,38,9,1703,Flower,4,A lot
1945,R_5KJSz9kQD469x73,b39,39,1,1704,owl face,1,Not at all
1946,R_5KJSz9kQD469x73,b39,39,2,1705,club symbol,3,Moderately
1947,R_5KJSz9kQD469x73,b39,39,3,1706,club suit,3,Moderately
1948,R_5KJSz9kQD469x73,b39,39,4,1707,ouroboros symbol,1,Not at all
1949,R_5KJSz9kQD469x73,b39,39,5,1708,stylized person,2,A little
1950,R_5KJSz9kQD469x73,b39,39,6,1709,Snowman sideways,1,Not at all
1951,R_5KJSz9kQD469x73,b39,39,7,1710,club,3,Moderately
1952,R_5KJSz9kQD469x73,b39,39,8,1711,pulley system,3,Moderately
1953,R_5KJSz9kQD469x73,b39,39,9,1712,football player with shoulder pads,3,Moderately
1954,R_5KJSz9kQD469x73,b39,39,10,1713,ice cream scoops in a cone,5,Completely
1955,R_5KJSz9kQD469x73,b39,39,11,1714,ice cream cone with three scoops,5,Completely
1956,R_5KJSz9kQD469x73,b39,39,12,1715,stacked symbol,1,Not at all
1957,R_5KJSz9kQD469x73,b40,40,1,1716,side chair,2,A little
1958,R_5KJSz9kQD469x73,b40,40,2,1717,table frame,1,Not at all
1959,R_5KJSz9kQD469x73,b40,40,3,1718,shopping cart,2,A little
1960,R_5KJSz9kQD469x73,b40,40,4,1719,Flagpole sign,1,Not at all
1961,R_5KJSz9kQD469x73,b40,40,5,1720,EP,1,Not at all
1962,R_5KJSz9kQD469x73,b40,40,6,1721,rectangle,1,Not at all
1963,R_5KJSz9kQD469x73,b40,40,7,1722,Skeleton key,1,Not at all
1964,R_5KJSz9kQD469x73,b40,40,8,1723,lock standing sideways,2,A little
1965,R_5KJSz9kQD469x73,b41,41,1,1724,padlock,3,Moderately
1966,R_5KJSz9kQD469x73,b41,41,2,1725,pipe,1,Not at all
1967,R_5KJSz9kQD469x73,b41,41,3,1726,padlock hasp,3,Moderately
1968,R_5KJSz9kQD469x73,b41,41,4,1727,parking sign,1,Not at all
1969,R_5KJSz9kQD469x73,b41,41,5,1728,Flag sign,1,Not at all
1970,R_5KJSz9kQD469x73,b41,41,6,1729,flag,1,Not at all
1971,R_5KJSz9kQD469x73,b41,41,7,1730,marker for going right,1,Not at all
1972,R_5KJSz9kQD469x73,b42,42,1,1731,3x3 grid,1,Not at all
1973,R_5KJSz9kQD469x73,b42,42,2,1732,tic-tac-toe board,1,Not at all
1974,R_5KJSz9kQD469x73,b42,42,3,1733,hash symbol,1,Not at all
1975,R_5KJSz9kQD469x73,b42,42,4,1734,window pane,5,Completely
1976,R_5KJSz9kQD469x73,b42,42,5,1735,window frame,5,Completely
1977,R_5KJSz9kQD469x73,b42,42,6,1736,Lined square,1,Not at all
1978,R_5KJSz9kQD469x73,b42,42,7,1737,H shape,1,Not at all
1979,R_5KJSz9kQD469x73,b43,43,1,1738,Power symbol,1,Not at all
1980,R_5KJSz9kQD469x73,b43,43,2,1739,question mark,1,Not at all
1981,R_5KJSz9kQD469x73,b43,43,3,1740,computer mouse,5,Completely
1982,R_5KJSz9kQD469x73,b43,43,4,1741,musical note,1,Not at all
1983,R_5KJSz9kQD469x73,b43,43,5,1742,Apple stem,2,A little
1984,R_5KJSz9kQD469x73,b43,43,6,1743,snake charmer,5,Completely
1985,R_5KJSz9kQD469x73,b43,43,7,1744,saxophone key,1,Not at all
1986,R_5KJSz9kQD469x73,b43,43,8,1745,Lollipop swirl,1,Not at all
1987,R_5KJSz9kQD469x73,b43,43,9,1746,question mark,1,Not at all
1988,R_5KJSz9kQD469x73,b43,43,10,1747,Treble clef,1,Not at all
1989,R_5KJSz9kQD469x73,b43,43,11,1908,key,1,Not at all
1990,R_5KJSz9kQD469x73,b44,44,1,1748,stethoscope,2,A little
1991,R_5KJSz9kQD469x73,b44,44,2,1749,power button,2,A little
1992,R_5KJSz9kQD469x73,b44,44,3,1750,soup bowl,3,Moderately
1993,R_5KJSz9kQD469x73,b44,44,4,1751,saxophone key,1,Not at all
1994,R_5KJSz9kQD469x73,b44,44,5,1752,swan neck,1,Not at all
1995,R_5KJSz9kQD469x73,b44,44,6,1753,Snake eye,1,Not at all
1996,R_5KJSz9kQD469x73,b44,44,7,1909,question mark,1,Not at all
1997,R_5KJSz9kQD469x73,b45,45,1,1754,target,1,Not at all
1998,R_5KJSz9kQD469x73,b45,45,2,1755,stick figure,1,Not at all
1999,R_5KJSz9kQD469x73,b45,45,3,1756,golf club,1,Not at all
2000,R_5KJSz9kQD469x73,b45,45,4,1757,seated person,1,Not at all
2001,R_5KJSz9kQD469x73,b45,45,5,1758,hanging target,1,Not at all
2002,R_5KJSz9kQD469x73,b45,45,6,1759,sitting person,1,Not at all
2003,R_5KJSz9kQD469x73,b45,45,7,1760,Skeleton key,1,Not at all
2004,R_5KJSz9kQD469x73,b45,45,8,1761,padlock,2,A little
2005,R_5KJSz9kQD469x73,b45,45,9,1762,power button,1,Not at all
2006,R_5KJSz9kQD469x73,b45,45,10,1763,face with a nose,3,Moderately
2007,R_5KJSz9kQD469x73,b46,46,1,1764,handlebars,1,Not at all
2008,R_5KJSz9kQD469x73,b46,46,2,1765,spade symbol,2,A little
2009,R_5KJSz9kQD469x73,b46,46,3,1766,eye,1,Not at all
2010,R_5KJSz9kQD469x73,b46,46,4,1767,anchor chalice,1,Not at all
2011,R_5KJSz9kQD469x73,b46,46,5,1768,Butterfly wings,1,Not at all
2012,R_5KJSz9kQD469x73,b46,46,6,1769,Playing spade,3,Moderately
2013,R_5KJSz9kQD469x73,b46,46,7,1770,Figure eight,1,Not at all
2014,R_5KJSz9kQD469x73,b46,46,8,1771,Handlebar mustache,1,Not at all
2015,R_5KJSz9kQD469x73,b46,46,9,1910,arch bridge,1,Not at all
2016,R_5KJSz9kQD469x73,b47,47,1,1772,snail shell,1,Not at all
2017,R_5KJSz9kQD469x73,b47,47,2,1773,snake eye,1,Not at all
2018,R_5KJSz9kQD469x73,b47,47,3,1774,egyptian eye,1,Not at all
2019,R_5KJSz9kQD469x73,b47,47,4,1775,glasses,1,Not at all
2020,R_5KJSz9kQD469x73,b48,48,1,1776,cross,1,Not at all
2021,R_5KJSz9kQD469x73,b48,48,2,1777,handgun,1,Not at all
2022,R_5KJSz9kQD469x73,b48,48,3,1778,garden hoe,2,A little
2023,R_5KJSz9kQD469x73,b48,48,4,1779,capital T,5,Completely
2024,R_5KJSz9kQD469x73,b48,48,5,1780,T-junction,5,Completely
2025,R_5KJSz9kQD469x73,b48,48,6,1781,sledge hammer,4,A lot
2026,R_5KJSz9kQD469x73,b48,48,7,1782,Flagpole sign,1,Not at all
2027,R_5KJSz9kQD469x73,b48,48,8,1783,table lamp,1,Not at all
2028,R_5KJSz9kQD469x73,b48,48,9,1784,Right angle,1,Not at all
2029,R_5KJSz9kQD469x73,b48,48,10,1785,corner bracket,1,Not at all
2030,R_5KJSz9kQD469x73,b49,49,1,1786,sad face,1,Not at all
2031,R_5KJSz9kQD469x73,b49,49,2,1787,bikini top,1,Not at all
2032,R_5KJSz9kQD469x73,b49,49,3,1788,spade symbol,1,Not at all
2033,R_5KJSz9kQD469x73,b49,49,4,1789,spade,1,Not at all
2034,R_5KJSz9kQD469x73,b49,49,5,1790,butterfly knife,1,Not at all
2035,R_5KJSz9kQD469x73,b49,49,6,1791,heart arrow,1,Not at all
2036,R_5KJSz9kQD469x73,b49,49,7,1792,broken heart,1,Not at all
2037,R_5KJSz9kQD469x73,b49,49,8,1793,Owl face,1,Not at all
2038,R_5KJSz9kQD469x73,b49,49,9,1794,Arrow key,1,Not at all
2039,R_5KJSz9kQD469x73,b49,49,10,1795,ice-cream cone,2,A little
2040,R_5KJSz9kQD469x73,b49,49,11,1796,evil chibi face,1,Not at all
2041,R_5KJSz9kQD469x73,b50,50,1,1797,radio tower,1,Not at all
2042,R_5KJSz9kQD469x73,b50,50,2,1798,inverted trident,1,Not at all
2043,R_5KJSz9kQD469x73,b50,50,3,1799,Upside-down tree,1,Not at all
2044,R_5KJSz9kQD469x73,b50,50,4,1800,Candelabra stand,1,Not at all
2045,R_5KJSz9kQD469x73,b50,50,5,1801,Boat anchor,1,Not at all
2046,R_5KJSz9kQD469x73,b50,50,6,1802,slingshot upside down,1,Not at all
2047,R_5KJSz9kQD469x73,b50,50,7,1803,stickfigure person,5,Completely
2048,R_5KJSz9kQD469x73,b51,51,1,1804,stick figure,1,Not at all
2049,R_5KJSz9kQD469x73,b51,51,2,1805,claw hammer,1,Not at all
2050,R_5KJSz9kQD469x73,b51,51,3,1806,tripod camera,1,Not at all
2051,R_5KJSz9kQD469x73,b51,51,4,1807,flag emblem,1,Not at all
2052,R_5KJSz9kQD469x73,b51,51,5,1808,running man,1,Not at all
2053,R_5KJSz9kQD469x73,b51,51,6,1809,weighing balance,1,Not at all
2054,R_5KJSz9kQD469x73,b52,52,1,1810,Hammer,1,Not at all
2055,R_5KJSz9kQD469x73,b52,52,2,1811,shelf bracket,1,Not at all
2056,R_5KJSz9kQD469x73,b52,52,3,1812,sideways T,1,Not at all
2057,R_5KJSz9kQD469x73,b52,52,4,1813,coat rack,2,A little
2058,R_5KJSz9kQD469x73,b52,52,5,1814,capital F,5,Completely
2059,R_5KJSz9kQD469x73,b52,52,6,1815,flagpole bracket,1,Not at all
2060,R_5KJSz9kQD469x73,b52,52,7,1816,inverted T,1,Not at all
2061,R_5KJSz9kQD469x73,b52,52,8,1817,Flagpole signpost,1,Not at all
2062,R_5KJSz9kQD469x73,b52,52,9,1818,flagpole sign,1,Not at all
2063,R_5KJSz9kQD469x73,b52,52,10,1819,Uppercase F,5,Completely
2064,R_5KJSz9kQD469x73,b53,53,1,1820,hammer,1,Not at all
2065,R_5KJSz9kQD469x73,b53,53,2,1821,hanging lamp,2,A little
2066,R_5KJSz9kQD469x73,b53,53,3,1822,golf hole,3,Moderately
2067,R_5KJSz9kQD469x73,b53,53,4,1823,mushroom,1,Not at all
2068,R_5KJSz9kQD469x73,b53,53,5,1824,snow globe,1,Not at all
2069,R_5KJSz9kQD469x73,b53,53,6,1825,anchor,1,Not at all
2070,R_5KJSz9kQD469x73,b53,53,7,1826,teapot,1,Not at all
2071,R_5KJSz9kQD469x73,b53,53,8,1827,pistol,1,Not at all
2072,R_5KJSz9kQD469x73,b53,53,9,1828,Fish hook,1,Not at all
2073,R_5KJSz9kQD469x73,b54,54,1,1829,planted sword,1,Not at all
2074,R_5KJSz9kQD469x73,b54,54,2,1830,hockey stick,1,Not at all
2075,R_5KJSz9kQD469x73,b54,54,3,1831,skeleton key,3,Moderately
2076,R_5KJSz9kQD469x73,b54,54,4,1832,treble clef,1,Not at all
2077,R_5KJSz9kQD469x73,b54,54,5,1833,magnifying glass,1,Not at all
2078,R_5KJSz9kQD469x73,b54,54,6,1834,flag key,1,Not at all
2079,R_5KJSz9kQD469x73,b54,54,7,1835,pound sign,1,Not at all
2080,R_5KJSz9kQD469x73,b54,54,8,1836,Flag stand,1,Not at all
2081,R_5KJSz9kQD469x73,b54,54,9,1837,lowercase f,1,Not at all
2082,R_5KJSz9kQD469x73,b54,54,10,1838,fishing hook,1,Not at all
2083,R_5KJSz9kQD469x73,b54,54,11,1839,Combination wrench,2,A little
2084,R_5KJSz9kQD469x73,b54,54,12,1840,g clef,1,Not at all
2085,R_5KJSz9kQD469x73,b55,55,1,1841,location marker,1,Not at all
2086,R_5KJSz9kQD469x73,b55,55,2,1842,letter T,1,Not at all
2087,R_5KJSz9kQD469x73,b55,55,3,1843,pushpin,2,A little
2088,R_5KJSz9kQD469x73,b55,55,4,1844,Downward arrow,1,Not at all
2089,R_5KJSz9kQD469x73,b55,55,5,1845,anchor spear,1,Not at all
2090,R_5KJSz9kQD469x73,b55,55,6,1846,christmas tree,1,Not at all
2091,R_5KJSz9kQD469x73,b55,55,7,1847,road sign,5,Completely
2092,R_5KJSz9kQD469x73,b55,55,8,1848,spade symbol,1,Not at all
2093,R_5KJSz9kQD469x73,b55,55,9,1849,Down arrow,1,Not at all
2094,R_5KJSz9kQD469x73,b55,55,10,1850,table lamp,3,Moderately
2095,R_5KJSz9kQD469x73,b55,55,11,1851,Direction toward a T junction,2,A little
2096,R_5KJSz9kQD469x73,b55,55,12,1913,Planted sword,1,Not at all
2097,R_5KJSz9kQD469x73,b55,55,13,1911,Capital T,1,Not at all
2098,R_5KJSz9kQD469x73,b56,56,1,1852,lowercase r,1,Not at all
2099,R_5KJSz9kQD469x73,b56,56,2,1853,letter k,1,Not at all
2100,R_5KJSz9kQD469x73,b56,56,3,1854,golf club,1,Not at all
2101,R_5KJSz9kQD469x73,b56,56,4,1855,tobacco pipe,1,Not at all
2102,R_5KJSz9kQD469x73,b56,56,5,1856,flag pole,1,Not at all
2103,R_5KJSz9kQD469x73,b56,56,6,1857,registered symbol,1,Not at all
2104,R_5KJSz9kQD469x73,b56,56,7,1858,compass needle,1,Not at all
2105,R_5KJSz9kQD469x73,b56,56,8,1859,kite emblem,1,Not at all
2106,R_5KJSz9kQD469x73,b56,56,9,1860,circled R,1,Not at all
2107,R_5KJSz9kQD469x73,b56,56,10,1861,balloon string,1,Not at all
2108,R_5KJSz9kQD469x73,b56,56,11,1862,partial clock,5,Completely
2109,R_5KJSz9kQD469x73,b56,56,12,1863,Broken arrow,1,Not at all
2110,R_5KJSz9kQD469x73,b56,56,13,1864,Circled K,1,Not at all
2111,R_5KJSz9kQD469x73,b56,56,14,1865,half k,1,Not at all
2112,R_5KJSz9kQD469x73,b56,56,15,1866,down Arrow button,3,Moderately
2113,R_5KJSz9kQD469x73,b56,56,16,1867,Half 'k' in circle,1,Not at all
2114,R_5KJSz9kQD469x73,b56,56,17,1868,circle with a V towards the top,1,Not at all
2115,R_5KJSz9kQD469x73,b56,56,18,1869,V in circle,1,Not at all
2116,R_5KJSz9kQD469x73,b57,57,1,1870,scissor jack,5,Completely
2117,R_5KJSz9kQD469x73,b57,57,2,1871,capital z,1,Not at all
2118,R_5KJSz9kQD469x73,b57,57,3,1872,barn door,1,Not at all
2119,R_5KJSz9kQD469x73,b57,57,4,1873,windmill blades,4,A lot
2120,R_5KJSz9kQD469x73,b57,57,5,1874,letter Z,1,Not at all
2121,R_5KJSz9kQD469x73,b57,57,6,1875,window pane,1,Not at all
2122,R_5KJSz9kQD469x73,b57,57,7,1876,two triangles,1,Not at all
2123,R_5KJSz9kQD469x73,b57,57,8,1912,Rotated grid,1,Not at all
2124,R_5KJSz9kQD469x73,b58,58,1,1877,umbrella hook,3,Moderately
2125,R_5KJSz9kQD469x73,b58,58,2,1878,Umbrella handle,3,Moderately
2126,R_5KJSz9kQD469x73,b59,59,1,1879,road sign,5,Completely
2127,R_5KJSz9kQD469x73,b59,59,2,1880,pine tree,4,A lot
2128,R_5KJSz9kQD469x73,b59,59,3,1881,triangular signpost,5,Completely
2129,R_5KJSz9kQD469x73,b59,59,4,1882,trophy cup,2,A little
2130,R_5KJSz9kQD469x73,b59,59,5,1883,Sword,1,Not at all
2131,R_5KJSz9kQD469x73,b59,59,6,1884,Greek temple,1,Not at all
2132,R_5KJSz9kQD469x73,b59,59,7,1885,up arrow,4,A lot
2133,R_5KJSz9kQD469x73,b59,59,8,1886,upward arrow,4,A lot
2134,R_5KJSz9kQD469x73,b59,59,9,1887,Campfire tripod,1,Not at all
2135,R_5KJSz9kQD469x73,b59,59,10,1888,Arrowhead ladder,1,Not at all
2136,R_5KJSz9kQD469x73,b59,59,11,1889,Bridge arch,1,Not at all
2137,R_5KJSz9kQD469x73,b59,59,12,1890,Christmas tree,4,A lot
2138,R_5KJSz9kQD469x73,b59,59,13,1891,planted tree,2,A little
2139,R_5KJSz9kQD469x73,b60,60,1,1892,wireframe cube,1,Not at all
2140,R_5PAMRt4s9LlEvnx,b1,1,1,1,door knob,1,Not at all
2141,R_5PAMRt4s9LlEvnx,b1,1,2,2,ladder,5,Completely
2142,R_5PAMRt4s9LlEvnx,b1,1,3,3,stacked H's,1,Not at all
2143,R_5PAMRt4s9LlEvnx,b1,1,4,4,tower,3,Moderately
2144,R_5PAMRt4s9LlEvnx,b1,1,5,5,train track,5,Completely
2145,R_5PAMRt4s9LlEvnx,b1,1,6,6,two squares,2,A little
2146,R_5PAMRt4s9LlEvnx,b2,2,1,7,comb,1,Not at all
2147,R_5PAMRt4s9LlEvnx,b2,2,2,8,H,1,Not at all
2148,R_5PAMRt4s9LlEvnx,b2,2,3,9,hash,1,Not at all
2149,R_5PAMRt4s9LlEvnx,b2,2,4,10,ladder,5,Completely
2150,R_5PAMRt4s9LlEvnx,b2,2,5,11,number 10,1,Not at all
2151,R_5PAMRt4s9LlEvnx,b2,2,6,12,sideways H,1,Not at all
2152,R_5PAMRt4s9LlEvnx,b2,2,7,13,stairs,3,Moderately
2153,R_5PAMRt4s9LlEvnx,b2,2,8,14,train tracks,5,Completely
2154,R_5PAMRt4s9LlEvnx,b2,2,9,15,two attached triangles,1,Not at all
2155,R_5PAMRt4s9LlEvnx,b2,2,10,16,two boxes,2,A little
2156,R_5PAMRt4s9LlEvnx,b2,2,11,17,zibracrossing,5,Completely
2157,R_5PAMRt4s9LlEvnx,b3,3,1,18,ballet shoes,2,A little
2158,R_5PAMRt4s9LlEvnx,b3,3,2,19,barbell,1,Not at all
2159,R_5PAMRt4s9LlEvnx,b3,3,3,20,bd,1,Not at all
2160,R_5PAMRt4s9LlEvnx,b3,3,4,21,bed,3,Moderately
2161,R_5PAMRt4s9LlEvnx,b3,3,5,22,bra,3,Moderately
2162,R_5PAMRt4s9LlEvnx,b3,3,6,23,broom,1,Not at all
2163,R_5PAMRt4s9LlEvnx,b3,3,7,24,butterfly,1,Not at all
2164,R_5PAMRt4s9LlEvnx,b3,3,8,25,cherry,3,Moderately
2165,R_5PAMRt4s9LlEvnx,b3,3,9,26,Circles,1,Not at all
2166,R_5PAMRt4s9LlEvnx,b3,3,10,27,cup,1,Not at all
2167,R_5PAMRt4s9LlEvnx,b3,3,11,28,doorway,1,Not at all
2168,R_5PAMRt4s9LlEvnx,b3,3,12,29,dried,1,Not at all
2169,R_5PAMRt4s9LlEvnx,b3,3,13,30,dumbbell,1,Not at all
2170,R_5PAMRt4s9LlEvnx,b3,3,14,31,eye glasses,4,A lot
2171,R_5PAMRt4s9LlEvnx,b3,3,15,32,fancy binoculars,4,A lot
2172,R_5PAMRt4s9LlEvnx,b3,3,16,33,female torso,3,Moderately
2173,R_5PAMRt4s9LlEvnx,b3,3,17,34,glasses,5,Completely
2174,R_5PAMRt4s9LlEvnx,b3,3,18,35,hook,1,Not at all
2175,R_5PAMRt4s9LlEvnx,b3,3,19,36,key,1,Not at all
2176,R_5PAMRt4s9LlEvnx,b3,3,20,37,poll,1,Not at all
2177,R_5PAMRt4s9LlEvnx,b3,3,21,38,pulley,1,Not at all
2178,R_5PAMRt4s9LlEvnx,b3,3,22,39,spade,1,Not at all
2179,R_5PAMRt4s9LlEvnx,b3,3,23,40,spectacles,5,Completely
2180,R_5PAMRt4s9LlEvnx,b3,3,24,41,umbrella,1,Not at all
2181,R_5PAMRt4s9LlEvnx,b3,3,25,42,wine glass,1,Not at all
2182,R_5PAMRt4s9LlEvnx,b4,4,1,43,ant,1,Not at all
2183,R_5PAMRt4s9LlEvnx,b4,4,2,44,bed,3,Moderately
2184,R_5PAMRt4s9LlEvnx,b4,4,3,45,belly button,2,A little
2185,R_5PAMRt4s9LlEvnx,b4,4,4,46,bra,4,A lot
2186,R_5PAMRt4s9LlEvnx,b4,4,5,47,butterfly,1,Not at all
2187,R_5PAMRt4s9LlEvnx,b4,4,6,48,cherries,3,Moderately
2188,R_5PAMRt4s9LlEvnx,b4,4,7,49,dumbbell,1,Not at all
2189,R_5PAMRt4s9LlEvnx,b4,4,8,50,eyeglasses,4,A lot
2190,R_5PAMRt4s9LlEvnx,b4,4,9,51,glasses,4,A lot
2191,R_5PAMRt4s9LlEvnx,b4,4,10,52,goal posts,1,Not at all
2192,R_5PAMRt4s9LlEvnx,b4,4,11,53,goggles,4,A lot
2193,R_5PAMRt4s9LlEvnx,b4,4,12,54,heart,1,Not at all
2194,R_5PAMRt4s9LlEvnx,b4,4,13,55,hummer,1,Not at all
2195,R_5PAMRt4s9LlEvnx,b4,4,14,56,music notes,1,Not at all
2196,R_5PAMRt4s9LlEvnx,b4,4,15,57,owl,5,Completely
2197,R_5PAMRt4s9LlEvnx,b4,4,16,58,pulley,1,Not at all
2198,R_5PAMRt4s9LlEvnx,b4,4,17,59,spectacles,4,A lot
2199,R_5PAMRt4s9LlEvnx,b4,4,18,60,stingray,1,Not at all
2200,R_5PAMRt4s9LlEvnx,b4,4,19,61,tongs,1,Not at all
2201,R_5PAMRt4s9LlEvnx,b4,4,20,62,two ds,1,Not at all
2202,R_5PAMRt4s9LlEvnx,b5,5,1,63,bd,1,Not at all
2203,R_5PAMRt4s9LlEvnx,b5,5,2,64,bed,3,Moderately
2204,R_5PAMRt4s9LlEvnx,b5,5,3,65,belly button,2,A little
2205,R_5PAMRt4s9LlEvnx,b5,5,4,66,bra,4,A lot
2206,R_5PAMRt4s9LlEvnx,b5,5,5,67,butterfly,1,Not at all
2207,R_5PAMRt4s9LlEvnx,b5,5,6,68,chair,1,Not at all
2208,R_5PAMRt4s9LlEvnx,b5,5,7,69,cherry,3,Moderately
2209,R_5PAMRt4s9LlEvnx,b5,5,8,70,db,1,Not at all
2210,R_5PAMRt4s9LlEvnx,b5,5,9,71,dumbbell,1,Not at all
2211,R_5PAMRt4s9LlEvnx,b5,5,10,72,glasses,4,A lot
2212,R_5PAMRt4s9LlEvnx,b5,5,11,73,handcuffs,2,A little
2213,R_5PAMRt4s9LlEvnx,b5,5,12,74,joined letters,1,Not at all
2214,R_5PAMRt4s9LlEvnx,b5,5,13,75,key,1,Not at all
2215,R_5PAMRt4s9LlEvnx,b5,5,14,76,letter D,1,Not at all
2216,R_5PAMRt4s9LlEvnx,b5,5,15,77,minor note,1,Not at all
2217,R_5PAMRt4s9LlEvnx,b5,5,16,78,pulley,1,Not at all
2218,R_5PAMRt4s9LlEvnx,b5,5,17,79,scissors,1,Not at all
2219,R_5PAMRt4s9LlEvnx,b5,5,18,80,tongs,1,Not at all
2220,R_5PAMRt4s9LlEvnx,b5,5,19,81,two chairs,1,Not at all
2221,R_5PAMRt4s9LlEvnx,b5,5,20,82,two lungs,2,A little
2222,R_5PAMRt4s9LlEvnx,b5,5,21,83,vase,1,Not at all
2223,R_5PAMRt4s9LlEvnx,b5,5,22,84,woman,2,A little
2224,R_5PAMRt4s9LlEvnx,b6,6,1,85,ant,2,A little
2225,R_5PAMRt4s9LlEvnx,b6,6,2,86,barbell,1,Not at all
2226,R_5PAMRt4s9LlEvnx,b6,6,3,87,batman mask,5,Completely
2227,R_5PAMRt4s9LlEvnx,b6,6,4,88,bed,1,Not at all
2228,R_5PAMRt4s9LlEvnx,b6,6,5,89,binoculars,3,Moderately
2229,R_5PAMRt4s9LlEvnx,b6,6,6,90,bra,4,A lot
2230,R_5PAMRt4s9LlEvnx,b6,6,7,91,circle,1,Not at all
2231,R_5PAMRt4s9LlEvnx,b6,6,8,92,controller,2,A little
2232,R_5PAMRt4s9LlEvnx,b6,6,9,93,glasses,5,Completely
2233,R_5PAMRt4s9LlEvnx,b6,6,10,94,goal post,1,Not at all
2234,R_5PAMRt4s9LlEvnx,b6,6,11,95,goggles,4,A lot
2235,R_5PAMRt4s9LlEvnx,b6,6,12,96,handcuffs,2,A little
2236,R_5PAMRt4s9LlEvnx,b6,6,13,97,hourglass,1,Not at all
2237,R_5PAMRt4s9LlEvnx,b6,6,14,98,house,1,Not at all
2238,R_5PAMRt4s9LlEvnx,b6,6,15,99,infinity sign,1,Not at all
2239,R_5PAMRt4s9LlEvnx,b6,6,16,100,insect head,4,A lot
2240,R_5PAMRt4s9LlEvnx,b6,6,17,101,owl,3,Moderately
2241,R_5PAMRt4s9LlEvnx,b6,6,18,102,percentage sign,1,Not at all
2242,R_5PAMRt4s9LlEvnx,b6,6,19,103,shades,4,A lot
2243,R_5PAMRt4s9LlEvnx,b6,6,20,104,snail,5,Completely
2244,R_5PAMRt4s9LlEvnx,b6,6,21,105,snowman,1,Not at all
2245,R_5PAMRt4s9LlEvnx,b6,6,22,106,spetacle,4,A lot
2246,R_5PAMRt4s9LlEvnx,b7,7,1,107,arrow,4,A lot
2247,R_5PAMRt4s9LlEvnx,b7,7,2,108,hourglass,1,Not at all
2248,R_5PAMRt4s9LlEvnx,b7,7,3,109,railroad track,2,A little
2249,R_5PAMRt4s9LlEvnx,b7,7,4,110,rocket exhaust,5,Completely
2250,R_5PAMRt4s9LlEvnx,b7,7,5,111,skewered chevron,1,Not at all
2251,R_5PAMRt4s9LlEvnx,b7,7,6,112,spear,3,Moderately
2252,R_5PAMRt4s9LlEvnx,b7,7,7,113,spire,2,A little
2253,R_5PAMRt4s9LlEvnx,b7,7,8,114,star,1,Not at all
2254,R_5PAMRt4s9LlEvnx,b7,7,9,115,stick figure,1,Not at all
2255,R_5PAMRt4s9LlEvnx,b7,7,10,116,tent,4,A lot
2256,R_5PAMRt4s9LlEvnx,b7,7,11,117,tetrahedron,1,Not at all
2257,R_5PAMRt4s9LlEvnx,b7,7,12,118,tree,5,Completely
2258,R_5PAMRt4s9LlEvnx,b7,7,13,119,umbrella,1,Not at all
2259,R_5PAMRt4s9LlEvnx,b7,7,14,120,wine glass,1,Not at all
2260,R_5PAMRt4s9LlEvnx,b8,8,1,121,abstract glyph,1,Not at all
2261,R_5PAMRt4s9LlEvnx,b8,8,2,122,bow tie,1,Not at all
2262,R_5PAMRt4s9LlEvnx,b8,8,3,123,bread,1,Not at all
2263,R_5PAMRt4s9LlEvnx,b8,8,4,124,butterfly,5,Completely
2264,R_5PAMRt4s9LlEvnx,b8,8,5,125,caduceus staff,1,Not at all
2265,R_5PAMRt4s9LlEvnx,b8,8,6,126,circle,1,Not at all
2266,R_5PAMRt4s9LlEvnx,b8,8,7,127,coat rack,1,Not at all
2267,R_5PAMRt4s9LlEvnx,b8,8,8,128,diamond,1,Not at all
2268,R_5PAMRt4s9LlEvnx,b8,8,9,129,flower,1,Not at all
2269,R_5PAMRt4s9LlEvnx,b8,8,10,130,hourglass,1,Not at all
2270,R_5PAMRt4s9LlEvnx,b8,8,11,131,winged sceptor,1,Not at all
2271,R_5PAMRt4s9LlEvnx,b9,9,1,132,ant,1,Not at all
2272,R_5PAMRt4s9LlEvnx,b9,9,2,133,bag,2,A little
2273,R_5PAMRt4s9LlEvnx,b9,9,3,134,butterfly,5,Completely
2274,R_5PAMRt4s9LlEvnx,b9,9,4,135,Mountain,1,Not at all
2275,R_5PAMRt4s9LlEvnx,b9,9,5,136,heart,1,Not at all
2276,R_5PAMRt4s9LlEvnx,b9,9,6,137,cat ears,1,Not at all
2277,R_5PAMRt4s9LlEvnx,b9,9,7,138,stylized emblem,1,Not at all
2278,R_5PAMRt4s9LlEvnx,b9,9,8,139,coat rack,1,Not at all
2279,R_5PAMRt4s9LlEvnx,b9,9,9,140,candlestick,1,Not at all
2280,R_5PAMRt4s9LlEvnx,b9,9,10,141,clover,1,Not at all
2281,R_5PAMRt4s9LlEvnx,b9,9,11,142,owl,1,Not at all
2282,R_5PAMRt4s9LlEvnx,b10,10,1,143,barcode,1,Not at all
2283,R_5PAMRt4s9LlEvnx,b10,10,2,144,Broken ladder,1,Not at all
2284,R_5PAMRt4s9LlEvnx,b10,10,3,145,Comb,5,Completely
2285,R_5PAMRt4s9LlEvnx,b10,10,4,146,cyrillic letter,1,Not at all
2286,R_5PAMRt4s9LlEvnx,b10,10,5,147,fork,4,A lot
2287,R_5PAMRt4s9LlEvnx,b10,10,6,148,Forklift Icon,1,Not at all
2288,R_5PAMRt4s9LlEvnx,b10,10,7,149,Greek Pi,1,Not at all
2289,R_5PAMRt4s9LlEvnx,b10,10,8,150,horse barn,1,Not at all
2290,R_5PAMRt4s9LlEvnx,b10,10,9,151,kanji,1,Not at all
2291,R_5PAMRt4s9LlEvnx,b10,10,10,152,key,3,Moderately
2292,R_5PAMRt4s9LlEvnx,b10,10,11,153,letter A,1,Not at all
2293,R_5PAMRt4s9LlEvnx,b10,10,12,154,Numeral Three,1,Not at all
2294,R_5PAMRt4s9LlEvnx,b10,10,13,155,pitchfork,5,Completely
2295,R_5PAMRt4s9LlEvnx,b10,10,14,156,Rake,5,Completely
2296,R_5PAMRt4s9LlEvnx,b10,10,15,157,Sideways E,1,Not at all
2297,R_5PAMRt4s9LlEvnx,b10,10,16,158,square,1,Not at all
2298,R_5PAMRt4s9LlEvnx,b10,10,17,159,Tree,2,A little
2299,R_5PAMRt4s9LlEvnx,b10,10,18,160,Trident,5,Completely
2300,R_5PAMRt4s9LlEvnx,b10,10,19,161,two triangles,1,Not at all
2301,R_5PAMRt4s9LlEvnx,b11,11,1,162,Basket,1,Not at all
2302,R_5PAMRt4s9LlEvnx,b11,11,2,163,broom,2,A little
2303,R_5PAMRt4s9LlEvnx,b11,11,3,164,brush,4,A lot
2304,R_5PAMRt4s9LlEvnx,b11,11,4,165,buck teeth,1,Not at all
2305,R_5PAMRt4s9LlEvnx,b11,11,5,166,bug,1,Not at all
2306,R_5PAMRt4s9LlEvnx,b11,11,6,167,Candelabra,3,Moderately
2307,R_5PAMRt4s9LlEvnx,b11,11,7,168,comb,5,Completely
2308,R_5PAMRt4s9LlEvnx,b11,11,8,169,cubes,1,Not at all
2309,R_5PAMRt4s9LlEvnx,b11,11,9,170,dining chair,1,Not at all
2310,R_5PAMRt4s9LlEvnx,b11,11,10,171,door key,1,Not at all
2311,R_5PAMRt4s9LlEvnx,b11,11,11,172,fork,4,A lot
2312,R_5PAMRt4s9LlEvnx,b11,11,12,173,goal post,3,Moderately
2313,R_5PAMRt4s9LlEvnx,b11,11,13,174,harmer,1,Not at all
2314,R_5PAMRt4s9LlEvnx,b11,11,14,175,interval graph,1,Not at all
2315,R_5PAMRt4s9LlEvnx,b11,11,15,176,milking stool,1,Not at all
2316,R_5PAMRt4s9LlEvnx,b11,11,16,177,pitchfork,5,Completely
2317,R_5PAMRt4s9LlEvnx,b11,11,17,178,rake,4,A lot
2318,R_5PAMRt4s9LlEvnx,b11,11,18,179,stairs,1,Not at all
2319,R_5PAMRt4s9LlEvnx,b11,11,19,180,table,1,Not at all
2320,R_5PAMRt4s9LlEvnx,b11,11,20,181,trident,5,Completely
2321,R_5PAMRt4s9LlEvnx,b11,11,21,182,two squares,1,Not at all
2322,R_5PAMRt4s9LlEvnx,b12,12,1,183,bridge,1,Not at all
2323,R_5PAMRt4s9LlEvnx,b12,12,2,184,buoy,1,Not at all
2324,R_5PAMRt4s9LlEvnx,b12,12,3,185,Butter Churner,1,Not at all
2325,R_5PAMRt4s9LlEvnx,b12,12,4,186,chalice,5,Completely
2326,R_5PAMRt4s9LlEvnx,b12,12,5,187,church bell,3,Moderately
2327,R_5PAMRt4s9LlEvnx,b12,12,6,188,circle,1,Not at all
2328,R_5PAMRt4s9LlEvnx,b12,12,7,189,cup,5,Completely
2329,R_5PAMRt4s9LlEvnx,b12,12,8,190,desk,2,A little
2330,R_5PAMRt4s9LlEvnx,b12,12,9,191,downward umbrella,2,A little
2331,R_5PAMRt4s9LlEvnx,b12,12,10,192,drinking fountain,2,A little
2332,R_5PAMRt4s9LlEvnx,b12,12,11,193,goblet,5,Completely
2333,R_5PAMRt4s9LlEvnx,b12,12,12,194,House,1,Not at all
2334,R_5PAMRt4s9LlEvnx,b12,12,13,195,lamp,4,A lot
2335,R_5PAMRt4s9LlEvnx,b12,12,14,196,magnifying glass,2,A little
2336,R_5PAMRt4s9LlEvnx,b12,12,15,197,mushroom,3,Moderately
2337,R_5PAMRt4s9LlEvnx,b12,12,16,198,person,1,Not at all
2338,R_5PAMRt4s9LlEvnx,b12,12,17,199,question mark,1,Not at all
2339,R_5PAMRt4s9LlEvnx,b12,12,18,200,semicircle,1,Not at all
2340,R_5PAMRt4s9LlEvnx,b12,12,19,201,shovel,4,A lot
2341,R_5PAMRt4s9LlEvnx,b12,12,20,202,skeleton key,1,Not at all
2342,R_5PAMRt4s9LlEvnx,b12,12,21,203,swimming,1,Not at all
2343,R_5PAMRt4s9LlEvnx,b12,12,22,204,Umbrella,2,A little
2344,R_5PAMRt4s9LlEvnx,b12,12,23,205,wine glass,5,Completely
2345,R_5PAMRt4s9LlEvnx,b13,13,1,206,anchor,3,Moderately
2346,R_5PAMRt4s9LlEvnx,b13,13,2,207,c clamp,1,Not at all
2347,R_5PAMRt4s9LlEvnx,b13,13,3,208,chalice,5,Completely
2348,R_5PAMRt4s9LlEvnx,b13,13,4,209,church,1,Not at all
2349,R_5PAMRt4s9LlEvnx,b13,13,5,210,cup,5,Completely
2350,R_5PAMRt4s9LlEvnx,b13,13,6,211,door hinge,1,Not at all
2351,R_5PAMRt4s9LlEvnx,b13,13,7,212,dustpan,4,A lot
2352,R_5PAMRt4s9LlEvnx,b13,13,8,213,goblet,5,Completely
2353,R_5PAMRt4s9LlEvnx,b13,13,9,214,Half circle,1,Not at all
2354,R_5PAMRt4s9LlEvnx,b13,13,10,215,hammer,1,Not at all
2355,R_5PAMRt4s9LlEvnx,b13,13,11,216,keyhole,3,Moderately
2356,R_5PAMRt4s9LlEvnx,b13,13,12,217,letter T,1,Not at all
2357,R_5PAMRt4s9LlEvnx,b13,13,13,218,magnifying glass,2,A little
2358,R_5PAMRt4s9LlEvnx,b13,13,14,219,martini glass,3,Moderately
2359,R_5PAMRt4s9LlEvnx,b13,13,15,220,monogram,1,Not at all
2360,R_5PAMRt4s9LlEvnx,b13,13,16,221,mortar & pestle,1,Not at all
2361,R_5PAMRt4s9LlEvnx,b13,13,17,222,Mushroom,3,Moderately
2362,R_5PAMRt4s9LlEvnx,b13,13,18,223,pentgon,1,Not at all
2363,R_5PAMRt4s9LlEvnx,b13,13,19,224,Scale,3,Moderately
2364,R_5PAMRt4s9LlEvnx,b13,13,20,225,shovel,4,A lot
2365,R_5PAMRt4s9LlEvnx,b13,13,21,226,sign,1,Not at all
2366,R_5PAMRt4s9LlEvnx,b13,13,22,227,skeleton key,1,Not at all
2367,R_5PAMRt4s9LlEvnx,b13,13,23,228,stapler,1,Not at all
2368,R_5PAMRt4s9LlEvnx,b13,13,24,229,tear drop,1,Not at all
2369,R_5PAMRt4s9LlEvnx,b13,13,25,230,toilet,1,Not at all
2370,R_5PAMRt4s9LlEvnx,b13,13,26,231,umbrella,2,A little
2371,R_5PAMRt4s9LlEvnx,b13,13,27,232,upended umbrella,3,Moderately
2372,R_5PAMRt4s9LlEvnx,b13,13,28,233,window,1,Not at all
2373,R_5PAMRt4s9LlEvnx,b13,13,29,234,wine glass,5,Completely
2374,R_5PAMRt4s9LlEvnx,b14,14,1,235,alien,1,Not at all
2375,R_5PAMRt4s9LlEvnx,b14,14,2,236,baby carriage,1,Not at all
2376,R_5PAMRt4s9LlEvnx,b14,14,3,237,bear face,1,Not at all
2377,R_5PAMRt4s9LlEvnx,b14,14,4,238,butterfly,1,Not at all
2378,R_5PAMRt4s9LlEvnx,b14,14,5,239,car,1,Not at all
2379,R_5PAMRt4s9LlEvnx,b14,14,6,240,crab claw,1,Not at all
2380,R_5PAMRt4s9LlEvnx,b14,14,7,241,dior,1,Not at all
2381,R_5PAMRt4s9LlEvnx,b14,14,8,242,elephant head,1,Not at all
2382,R_5PAMRt4s9LlEvnx,b14,14,9,243,eyes,1,Not at all
2383,R_5PAMRt4s9LlEvnx,b14,14,10,244,face,1,Not at all
2384,R_5PAMRt4s9LlEvnx,b14,14,11,245,Flower,1,Not at all
2385,R_5PAMRt4s9LlEvnx,b14,14,12,246,half circle,1,Not at all
2386,R_5PAMRt4s9LlEvnx,b14,14,13,247,headphones,5,Completely
2387,R_5PAMRt4s9LlEvnx,b14,14,14,248,horseshoe,2,A little
2388,R_5PAMRt4s9LlEvnx,b14,14,15,249,Huge circle,1,Not at all
2389,R_5PAMRt4s9LlEvnx,b14,14,16,250,mushroom,1,Not at all
2390,R_5PAMRt4s9LlEvnx,b14,14,17,251,Music Note,1,Not at all
2391,R_5PAMRt4s9LlEvnx,b14,14,18,252,oval,1,Not at all
2392,R_5PAMRt4s9LlEvnx,b14,14,19,253,owl,1,Not at all
2393,R_5PAMRt4s9LlEvnx,b14,14,20,254,owl face,1,Not at all
2394,R_5PAMRt4s9LlEvnx,b14,14,21,255,semi-circle,1,Not at all
2395,R_5PAMRt4s9LlEvnx,b14,14,22,256,sunglasses,1,Not at all
2396,R_5PAMRt4s9LlEvnx,b14,14,23,257,tent,1,Not at all
2397,R_5PAMRt4s9LlEvnx,b14,14,24,258,toilet,1,Not at all
2398,R_5PAMRt4s9LlEvnx,b15,15,1,259,arrow,2,A little
2399,R_5PAMRt4s9LlEvnx,b15,15,2,260,bucket,1,Not at all
2400,R_5PAMRt4s9LlEvnx,b15,15,3,261,cat,1,Not at all
2401,R_5PAMRt4s9LlEvnx,b15,15,4,262,diamond,1,Not at all
2402,R_5PAMRt4s9LlEvnx,b15,15,5,263,flag,1,Not at all
2403,R_5PAMRt4s9LlEvnx,b15,15,6,264,honeycomb,2,A little
2404,R_5PAMRt4s9LlEvnx,b15,15,7,265,house,4,A lot
2405,R_5PAMRt4s9LlEvnx,b15,15,8,266,hut,4,A lot
2406,R_5PAMRt4s9LlEvnx,b15,15,9,267,kite,1,Not at all
2407,R_5PAMRt4s9LlEvnx,b15,15,10,268,pentagon,3,Moderately
2408,R_5PAMRt4s9LlEvnx,b15,15,11,269,plant pot,1,Not at all
2409,R_5PAMRt4s9LlEvnx,b15,15,12,270,shield,3,Moderately
2410,R_5PAMRt4s9LlEvnx,b15,15,13,271,square,1,Not at all
2411,R_5PAMRt4s9LlEvnx,b15,15,14,272,square,1,Not at all
2412,R_5PAMRt4s9LlEvnx,b15,15,15,273,trapezium,1,Not at all
2413,R_5PAMRt4s9LlEvnx,b16,16,1,274,Cone,4,A lot
2414,R_5PAMRt4s9LlEvnx,b16,16,2,275,cube,1,Not at all
2415,R_5PAMRt4s9LlEvnx,b16,16,3,276,diamond,1,Not at all
2416,R_5PAMRt4s9LlEvnx,b16,16,4,277,download icon,1,Not at all
2417,R_5PAMRt4s9LlEvnx,b16,16,5,278,fish hook,1,Not at all
2418,R_5PAMRt4s9LlEvnx,b16,16,6,279,guitar pick,3,Moderately
2419,R_5PAMRt4s9LlEvnx,b16,16,7,280,heart,1,Not at all
2420,R_5PAMRt4s9LlEvnx,b16,16,8,281,hourglass,1,Not at all
2421,R_5PAMRt4s9LlEvnx,b16,16,9,282,house,1,Not at all
2422,R_5PAMRt4s9LlEvnx,b16,16,10,283,ice cream,5,Completely
2423,R_5PAMRt4s9LlEvnx,b16,16,11,284,Icecream cone,5,Completely
2424,R_5PAMRt4s9LlEvnx,b16,16,12,285,lightbulb,1,Not at all
2425,R_5PAMRt4s9LlEvnx,b16,16,13,286,magnifying glass,1,Not at all
2426,R_5PAMRt4s9LlEvnx,b16,16,14,287,paper airplane,1,Not at all
2427,R_5PAMRt4s9LlEvnx,b16,16,15,288,pizza slice,3,Moderately
2428,R_5PAMRt4s9LlEvnx,b16,16,16,289,shelf bracket,2,A little
2429,R_5PAMRt4s9LlEvnx,b16,16,17,290,shield,3,Moderately
2430,R_5PAMRt4s9LlEvnx,b16,16,18,291,sno-cone,5,Completely
2431,R_5PAMRt4s9LlEvnx,b16,16,19,292,Trapezoid,1,Not at all
2432,R_5PAMRt4s9LlEvnx,b16,16,20,293,Triangular diamond,1,Not at all
2433,R_5PAMRt4s9LlEvnx,b16,16,21,294,trophy,2,A little
2434,R_5PAMRt4s9LlEvnx,b16,16,22,295,Volcano,1,Not at all
2435,R_5PAMRt4s9LlEvnx,b16,16,23,296,whale tail,2,A little
2436,R_5PAMRt4s9LlEvnx,b17,17,1,297,Abstract Eyeball,3,Moderately
2437,R_5PAMRt4s9LlEvnx,b17,17,2,298,Balloon,3,Moderately
2438,R_5PAMRt4s9LlEvnx,b17,17,3,299,bridge,1,Not at all
2439,R_5PAMRt4s9LlEvnx,b17,17,4,300,chalice,1,Not at all
2440,R_5PAMRt4s9LlEvnx,b17,17,5,301,chalice,1,Not at all
2441,R_5PAMRt4s9LlEvnx,b17,17,6,302,cone,5,Completely
2442,R_5PAMRt4s9LlEvnx,b17,17,7,303,cupcake,1,Not at all
2443,R_5PAMRt4s9LlEvnx,b17,17,8,304,flower,2,A little
2444,R_5PAMRt4s9LlEvnx,b17,17,9,305,funnel,3,Moderately
2445,R_5PAMRt4s9LlEvnx,b17,17,10,306,glass,1,Not at all
2446,R_5PAMRt4s9LlEvnx,b17,17,11,307,goblet,1,Not at all
2447,R_5PAMRt4s9LlEvnx,b17,17,12,308,guitar pick,3,Moderately
2448,R_5PAMRt4s9LlEvnx,b17,17,13,309,Head,1,Not at all
2449,R_5PAMRt4s9LlEvnx,b17,17,14,310,heart,1,Not at all
2450,R_5PAMRt4s9LlEvnx,b17,17,15,311,hot air balloon,3,Moderately
2451,R_5PAMRt4s9LlEvnx,b17,17,16,312,house roof,1,Not at all
2452,R_5PAMRt4s9LlEvnx,b17,17,17,313,ice cream,5,Completely
2453,R_5PAMRt4s9LlEvnx,b17,17,18,314,icecream cone,5,Completely
2454,R_5PAMRt4s9LlEvnx,b17,17,19,315,lantern,3,Moderately
2455,R_5PAMRt4s9LlEvnx,b17,17,20,316,necklace,2,A little
2456,R_5PAMRt4s9LlEvnx,b17,17,21,317,parachute,3,Moderately
2457,R_5PAMRt4s9LlEvnx,b17,17,22,318,Paris,1,Not at all
2458,R_5PAMRt4s9LlEvnx,b17,17,23,319,shelf bracket,2,A little
2459,R_5PAMRt4s9LlEvnx,b17,17,24,320,shield,4,A lot
2460,R_5PAMRt4s9LlEvnx,b17,17,25,321,slingshot frame,3,Moderately
2461,R_5PAMRt4s9LlEvnx,b17,17,26,322,snowcone,5,Completely
2462,R_5PAMRt4s9LlEvnx,b17,17,27,323,Spade,2,A little
2463,R_5PAMRt4s9LlEvnx,b17,17,28,324,tulip,2,A little
2464,R_5PAMRt4s9LlEvnx,b17,17,29,325,wine glass,1,Not at all
2465,R_5PAMRt4s9LlEvnx,b17,17,30,326,wishbone,1,Not at all
2466,R_5PAMRt4s9LlEvnx,b18,18,1,327,butterfly,1,Not at all
2467,R_5PAMRt4s9LlEvnx,b18,18,2,328,Catapult,1,Not at all
2468,R_5PAMRt4s9LlEvnx,b18,18,3,329,cone,4,A lot
2469,R_5PAMRt4s9LlEvnx,b18,18,4,330,drop hook,1,Not at all
2470,R_5PAMRt4s9LlEvnx,b18,18,5,331,face,1,Not at all
2471,R_5PAMRt4s9LlEvnx,b18,18,6,332,flag,1,Not at all
2472,R_5PAMRt4s9LlEvnx,b18,18,7,333,flower,1,Not at all
2473,R_5PAMRt4s9LlEvnx,b18,18,8,334,guitar pick,3,Moderately
2474,R_5PAMRt4s9LlEvnx,b18,18,9,335,harp,1,Not at all
2475,R_5PAMRt4s9LlEvnx,b18,18,10,336,heart,1,Not at all
2476,R_5PAMRt4s9LlEvnx,b18,18,11,337,ice cream,3,Moderately
2477,R_5PAMRt4s9LlEvnx,b18,18,12,338,icecream cone,5,Completely
2478,R_5PAMRt4s9LlEvnx,b18,18,13,339,Incomplete heart,2,A little
2479,R_5PAMRt4s9LlEvnx,b18,18,14,340,keyhole,2,A little
2480,R_5PAMRt4s9LlEvnx,b18,18,15,341,magnifying glass,2,A little
2481,R_5PAMRt4s9LlEvnx,b18,18,16,342,Martini,1,Not at all
2482,R_5PAMRt4s9LlEvnx,b18,18,17,343,medal,3,Moderately
2483,R_5PAMRt4s9LlEvnx,b18,18,18,344,music symbol,1,Not at all
2484,R_5PAMRt4s9LlEvnx,b18,18,19,345,parabola,1,Not at all
2485,R_5PAMRt4s9LlEvnx,b18,18,20,346,Pencil,2,A little
2486,R_5PAMRt4s9LlEvnx,b18,18,21,347,Pie,2,A little
2487,R_5PAMRt4s9LlEvnx,b18,18,22,348,revolver,1,Not at all
2488,R_5PAMRt4s9LlEvnx,b18,18,23,349,sailboat,1,Not at all
2489,R_5PAMRt4s9LlEvnx,b18,18,24,350,shield,3,Moderately
2490,R_5PAMRt4s9LlEvnx,b18,18,25,351,speech bubble,1,Not at all
2491,R_5PAMRt4s9LlEvnx,b18,18,26,352,Speed Bump,1,Not at all
2492,R_5PAMRt4s9LlEvnx,b18,18,27,353,trophy,2,A little
2493,R_5PAMRt4s9LlEvnx,b18,18,28,354,van,1,Not at all
2494,R_5PAMRt4s9LlEvnx,b18,18,29,355,water glass,1,Not at all
2495,R_5PAMRt4s9LlEvnx,b19,19,1,356,bee,2,A little
2496,R_5PAMRt4s9LlEvnx,b19,19,2,357,butterfly,1,Not at all
2497,R_5PAMRt4s9LlEvnx,b19,19,3,358,cat,2,A little
2498,R_5PAMRt4s9LlEvnx,b19,19,4,359,chess,1,Not at all
2499,R_5PAMRt4s9LlEvnx,b19,19,5,360,circle,1,Not at all
2500,R_5PAMRt4s9LlEvnx,b19,19,6,361,coffee cup,1,Not at all
2501,R_5PAMRt4s9LlEvnx,b19,19,7,362,computer mouse,5,Completely
2502,R_5PAMRt4s9LlEvnx,b19,19,8,363,dollar sign,1,Not at all
2503,R_5PAMRt4s9LlEvnx,b19,19,9,364,faucet,1,Not at all
2504,R_5PAMRt4s9LlEvnx,b19,19,10,365,fruit,1,Not at all
2505,R_5PAMRt4s9LlEvnx,b19,19,11,366,globe,1,Not at all
2506,R_5PAMRt4s9LlEvnx,b19,19,12,367,hanger,1,Not at all
2507,R_5PAMRt4s9LlEvnx,b19,19,13,368,jellyfish,1,Not at all
2508,R_5PAMRt4s9LlEvnx,b19,19,14,369,key,1,Not at all
2509,R_5PAMRt4s9LlEvnx,b19,19,15,370,Kite,1,Not at all
2510,R_5PAMRt4s9LlEvnx,b19,19,16,371,mechanical arm,1,Not at all
2511,R_5PAMRt4s9LlEvnx,b19,19,17,372,music note,1,Not at all
2512,R_5PAMRt4s9LlEvnx,b19,19,18,373,oval,1,Not at all
2513,R_5PAMRt4s9LlEvnx,b19,19,19,374,purse,1,Not at all
2514,R_5PAMRt4s9LlEvnx,b19,19,20,375,s-hook,1,Not at all
2515,R_5PAMRt4s9LlEvnx,b19,19,21,376,scissors,1,Not at all
2516,R_5PAMRt4s9LlEvnx,b19,19,22,377,Sd,1,Not at all
2517,R_5PAMRt4s9LlEvnx,b19,19,23,378,Sphere,1,Not at all
2518,R_5PAMRt4s9LlEvnx,b19,19,24,379,start line,1,Not at all
2519,R_5PAMRt4s9LlEvnx,b19,19,25,380,Steam,1,Not at all
2520,R_5PAMRt4s9LlEvnx,b19,19,26,381,tape dispenser,1,Not at all
2521,R_5PAMRt4s9LlEvnx,b19,19,27,382,teapot,1,Not at all
2522,R_5PAMRt4s9LlEvnx,b19,19,28,383,teapot,1,Not at all
2523,R_5PAMRt4s9LlEvnx,b19,19,29,384,USB connector,4,A lot
2524,R_5PAMRt4s9LlEvnx,b19,19,30,385,USD symbol,1,Not at all
2525,R_5PAMRt4s9LlEvnx,b19,19,31,386,wang jangle,1,Not at all
2526,R_5PAMRt4s9LlEvnx,b19,19,32,387,ying yang,1,Not at all
2527,R_5PAMRt4s9LlEvnx,b20,20,1,388,Ant,1,Not at all
2528,R_5PAMRt4s9LlEvnx,b20,20,2,389,balloon animal,1,Not at all
2529,R_5PAMRt4s9LlEvnx,b20,20,3,390,bird,1,Not at all
2530,R_5PAMRt4s9LlEvnx,b20,20,4,391,Boat,1,Not at all
2531,R_5PAMRt4s9LlEvnx,b20,20,5,392,Bun,2,A little
2532,R_5PAMRt4s9LlEvnx,b20,20,6,393,crystal ball,5,Completely
2533,R_5PAMRt4s9LlEvnx,b20,20,7,394,eight,1,Not at all
2534,R_5PAMRt4s9LlEvnx,b20,20,8,395,flower pot,1,Not at all
2535,R_5PAMRt4s9LlEvnx,b20,20,9,396,glasses,1,Not at all
2536,R_5PAMRt4s9LlEvnx,b20,20,10,397,golf ball,2,A little
2537,R_5PAMRt4s9LlEvnx,b20,20,11,398,hanger,3,Moderately
2538,R_5PAMRt4s9LlEvnx,b20,20,12,399,hill,1,Not at all
2539,R_5PAMRt4s9LlEvnx,b20,20,13,400,hot air balloon,2,A little
2540,R_5PAMRt4s9LlEvnx,b20,20,14,401,Hourglass,1,Not at all
2541,R_5PAMRt4s9LlEvnx,b20,20,15,402,Human Profile,3,Moderately
2542,R_5PAMRt4s9LlEvnx,b20,20,16,403,ice cream,2,A little
2543,R_5PAMRt4s9LlEvnx,b20,20,17,404,keyhole,2,A little
2544,R_5PAMRt4s9LlEvnx,b20,20,18,405,lightbulb,2,A little
2545,R_5PAMRt4s9LlEvnx,b20,20,19,406,magnifying glass,2,A little
2546,R_5PAMRt4s9LlEvnx,b20,20,20,407,padlock,2,A little
2547,R_5PAMRt4s9LlEvnx,b20,20,21,408,pedestal,3,Moderately
2548,R_5PAMRt4s9LlEvnx,b20,20,22,409,person,4,A lot
2549,R_5PAMRt4s9LlEvnx,b20,20,23,410,propeller hat,1,Not at all
2550,R_5PAMRt4s9LlEvnx,b20,20,24,411,pulley,1,Not at all
2551,R_5PAMRt4s9LlEvnx,b20,20,25,412,ring,2,A little
2552,R_5PAMRt4s9LlEvnx,b20,20,26,413,Snowglobe,5,Completely
2553,R_5PAMRt4s9LlEvnx,b20,20,27,414,snowman,3,Moderately
2554,R_5PAMRt4s9LlEvnx,b20,20,28,415,speech bubble,2,A little
2555,R_5PAMRt4s9LlEvnx,b20,20,29,416,Sunrise,1,Not at all
2556,R_5PAMRt4s9LlEvnx,b20,20,30,417,Trophy,2,A little
2557,R_5PAMRt4s9LlEvnx,b20,20,31,418,Vessel,1,Not at all
2558,R_5PAMRt4s9LlEvnx,b20,20,32,419,woman,2,A little
2559,R_5PAMRt4s9LlEvnx,b21,21,1,420,beanie,1,Not at all
2560,R_5PAMRt4s9LlEvnx,b21,21,2,421,Boat,1,Not at all
2561,R_5PAMRt4s9LlEvnx,b21,21,3,422,Bulb,2,A little
2562,R_5PAMRt4s9LlEvnx,b21,21,4,423,Capital B,1,Not at all
2563,R_5PAMRt4s9LlEvnx,b21,21,5,424,circles,1,Not at all
2564,R_5PAMRt4s9LlEvnx,b21,21,6,425,Crane,1,Not at all
2565,R_5PAMRt4s9LlEvnx,b21,21,7,426,cup,1,Not at all
2566,R_5PAMRt4s9LlEvnx,b21,21,8,427,Ear,1,Not at all
2567,R_5PAMRt4s9LlEvnx,b21,21,9,428,head and shoulders,4,A lot
2568,R_5PAMRt4s9LlEvnx,b21,21,10,429,house,1,Not at all
2569,R_5PAMRt4s9LlEvnx,b21,21,11,430,Infinity symbol,1,Not at all
2570,R_5PAMRt4s9LlEvnx,b21,21,12,431,person,4,A lot
2571,R_5PAMRt4s9LlEvnx,b21,21,13,432,person's torso,4,A lot
2572,R_5PAMRt4s9LlEvnx,b21,21,14,433,pictogram,1,Not at all
2573,R_5PAMRt4s9LlEvnx,b21,21,15,434,pool,1,Not at all
2574,R_5PAMRt4s9LlEvnx,b21,21,16,435,statue,3,Moderately
2575,R_5PAMRt4s9LlEvnx,b21,21,17,436,lollipop stand,2,A little
2576,R_5PAMRt4s9LlEvnx,b21,21,18,437,woman,3,Moderately
2577,R_5PAMRt4s9LlEvnx,b21,21,19,438,headphones,1,Not at all
2578,R_5PAMRt4s9LlEvnx,b21,21,20,439,keyhole,2,A little
2579,R_5PAMRt4s9LlEvnx,b21,21,21,440,snowman,3,Moderately
2580,R_5PAMRt4s9LlEvnx,b21,21,22,441,hot air balloon,3,Moderately
2581,R_5PAMRt4s9LlEvnx,b21,21,23,442,crystal ball,5,Completely
2582,R_5PAMRt4s9LlEvnx,b21,21,24,443,coffee mug,1,Not at all
2583,R_5PAMRt4s9LlEvnx,b21,21,25,444,power button,1,Not at all
2584,R_5PAMRt4s9LlEvnx,b21,21,26,445,magnifying glass,1,Not at all
2585,R_5PAMRt4s9LlEvnx,b21,21,27,446,bowler hat,2,A little
2586,R_5PAMRt4s9LlEvnx,b21,21,28,447,treble clef,1,Not at all
2587,R_5PAMRt4s9LlEvnx,b21,21,29,448,guitar silhouette,1,Not at all
2588,R_5PAMRt4s9LlEvnx,b21,21,30,449,music note,1,Not at all
2589,R_5PAMRt4s9LlEvnx,b22,22,1,450,Angle,1,Not at all
2590,R_5PAMRt4s9LlEvnx,b22,22,2,451,Audio Symbol,1,Not at all
2591,R_5PAMRt4s9LlEvnx,b22,22,3,452,Boat,2,A little
2592,R_5PAMRt4s9LlEvnx,b22,22,4,453,closed eye,3,Moderately
2593,R_5PAMRt4s9LlEvnx,b22,22,5,454,cone,2,A little
2594,R_5PAMRt4s9LlEvnx,b22,22,6,455,dart,3,Moderately
2595,R_5PAMRt4s9LlEvnx,b22,22,7,456,duck,4,A lot
2596,R_5PAMRt4s9LlEvnx,b22,22,8,457,duck beak,4,A lot
2597,R_5PAMRt4s9LlEvnx,b22,22,9,458,face,1,Not at all
2598,R_5PAMRt4s9LlEvnx,b22,22,10,459,fish,4,A lot
2599,R_5PAMRt4s9LlEvnx,b22,22,11,460,Flag,1,Not at all
2600,R_5PAMRt4s9LlEvnx,b22,22,12,461,goggles,1,Not at all
2601,R_5PAMRt4s9LlEvnx,b22,22,13,462,heart,1,Not at all
2602,R_5PAMRt4s9LlEvnx,b22,22,14,463,horn,3,Moderately
2603,R_5PAMRt4s9LlEvnx,b22,22,15,464,Icecream cone,1,Not at all
2604,R_5PAMRt4s9LlEvnx,b22,22,16,465,keyhole,3,Moderately
2605,R_5PAMRt4s9LlEvnx,b22,22,17,466,lowercase a,1,Not at all
2606,R_5PAMRt4s9LlEvnx,b22,22,18,467,magnifying glass,2,A little
2607,R_5PAMRt4s9LlEvnx,b22,22,19,468,Math symbol,1,Not at all
2608,R_5PAMRt4s9LlEvnx,b22,22,20,469,padlock,1,Not at all
2609,R_5PAMRt4s9LlEvnx,b22,22,21,470,padlock,1,Not at all
2610,R_5PAMRt4s9LlEvnx,b22,22,22,471,ping pong,1,Not at all
2611,R_5PAMRt4s9LlEvnx,b22,22,23,472,play button,1,Not at all
2612,R_5PAMRt4s9LlEvnx,b22,22,24,473,power button,1,Not at all
2613,R_5PAMRt4s9LlEvnx,b22,22,25,474,rectangle,1,Not at all
2614,R_5PAMRt4s9LlEvnx,b22,22,26,475,rewind button,1,Not at all
2615,R_5PAMRt4s9LlEvnx,b22,22,27,476,speaker sign,1,Not at all
2616,R_5PAMRt4s9LlEvnx,b22,22,28,477,speech bubble,1,Not at all
2617,R_5PAMRt4s9LlEvnx,b22,22,29,478,stick figure,1,Not at all
2618,R_5PAMRt4s9LlEvnx,b22,22,30,479,triangle circle,1,Not at all
2619,R_5PAMRt4s9LlEvnx,b23,23,1,480,anchor,1,Not at all
2620,R_5PAMRt4s9LlEvnx,b23,23,2,481,ball string,1,Not at all
2621,R_5PAMRt4s9LlEvnx,b23,23,3,482,balloon,4,A lot
2622,R_5PAMRt4s9LlEvnx,b23,23,4,483,brain,3,Moderately
2623,R_5PAMRt4s9LlEvnx,b23,23,5,484,caduceus,3,Moderately
2624,R_5PAMRt4s9LlEvnx,b23,23,6,485,circle,1,Not at all
2625,R_5PAMRt4s9LlEvnx,b23,23,7,486,dollar sign,1,Not at all
2626,R_5PAMRt4s9LlEvnx,b23,23,8,487,flower,4,A lot
2627,R_5PAMRt4s9LlEvnx,b23,23,9,488,head and shoulders,1,Not at all
2628,R_5PAMRt4s9LlEvnx,b23,23,10,489,keyhole,2,A little
2629,R_5PAMRt4s9LlEvnx,b23,23,11,490,Kite,1,Not at all
2630,R_5PAMRt4s9LlEvnx,b23,23,12,491,Lollipop,5,Completely
2631,R_5PAMRt4s9LlEvnx,b23,23,13,492,magnifying glass,3,Moderately
2632,R_5PAMRt4s9LlEvnx,b23,23,14,493,microphone,4,A lot
2633,R_5PAMRt4s9LlEvnx,b23,23,15,494,Pool,1,Not at all
2634,R_5PAMRt4s9LlEvnx,b23,23,16,495,sculpture,1,Not at all
2635,R_5PAMRt4s9LlEvnx,b23,23,17,496,staff,3,Moderately
2636,R_5PAMRt4s9LlEvnx,b23,23,18,497,Stop sign,1,Not at all
2637,R_5PAMRt4s9LlEvnx,b23,23,19,498,streetlamp,3,Moderately
2638,R_5PAMRt4s9LlEvnx,b23,23,20,499,superman logo,2,A little
2639,R_5PAMRt4s9LlEvnx,b23,23,21,500,traffic stop,3,Moderately
2640,R_5PAMRt4s9LlEvnx,b23,23,22,501,weathervane,3,Moderately
2641,R_5PAMRt4s9LlEvnx,b23,23,23,502,Yinyang Medallion,3,Moderately
2642,R_5PAMRt4s9LlEvnx,b24,24,1,503,anchor,2,A little
2643,R_5PAMRt4s9LlEvnx,b24,24,2,504,axe,1,Not at all
2644,R_5PAMRt4s9LlEvnx,b24,24,3,505,Baketball hoop,2,A little
2645,R_5PAMRt4s9LlEvnx,b24,24,4,506,chair,5,Completely
2646,R_5PAMRt4s9LlEvnx,b24,24,5,507,coat hook,3,Moderately
2647,R_5PAMRt4s9LlEvnx,b24,24,6,508,comb,2,A little
2648,R_5PAMRt4s9LlEvnx,b24,24,7,509,comb,3,Moderately
2649,R_5PAMRt4s9LlEvnx,b24,24,8,510,crutch,2,A little
2650,R_5PAMRt4s9LlEvnx,b24,24,9,511,flag,2,A little
2651,R_5PAMRt4s9LlEvnx,b24,24,10,512,goal post,2,A little
2652,R_5PAMRt4s9LlEvnx,b24,24,11,513,gun barrel,1,Not at all
2653,R_5PAMRt4s9LlEvnx,b24,24,12,514,hammer,2,A little
2654,R_5PAMRt4s9LlEvnx,b24,24,13,515,Horse,1,Not at all
2655,R_5PAMRt4s9LlEvnx,b24,24,14,516,inverted chair,1,Not at all
2656,R_5PAMRt4s9LlEvnx,b24,24,15,517,lamp post,1,Not at all
2657,R_5PAMRt4s9LlEvnx,b24,24,16,518,letter H,4,A lot
2658,R_5PAMRt4s9LlEvnx,b24,24,17,519,letter N,1,Not at all
2659,R_5PAMRt4s9LlEvnx,b24,24,18,520,lowercase h,5,Completely
2660,R_5PAMRt4s9LlEvnx,b24,24,19,521,pickaxe,1,Not at all
2661,R_5PAMRt4s9LlEvnx,b24,24,20,522,Pie symbol,1,Not at all
2662,R_5PAMRt4s9LlEvnx,b24,24,21,523,pipe fitting,2,A little
2663,R_5PAMRt4s9LlEvnx,b24,24,22,524,plus sign,1,Not at all
2664,R_5PAMRt4s9LlEvnx,b24,24,23,525,rake,2,A little
2665,R_5PAMRt4s9LlEvnx,b24,24,24,526,rectangle,1,Not at all
2666,R_5PAMRt4s9LlEvnx,b24,24,25,527,robot claw,2,A little
2667,R_5PAMRt4s9LlEvnx,b24,24,26,528,Square,1,Not at all
2668,R_5PAMRt4s9LlEvnx,b24,24,27,529,Straight line,1,Not at all
2669,R_5PAMRt4s9LlEvnx,b24,24,28,530,Thread holder,1,Not at all
2670,R_5PAMRt4s9LlEvnx,b24,24,29,531,trident,1,Not at all
2671,R_5PAMRt4s9LlEvnx,b24,24,30,532,tuning fork,3,Moderately
2672,R_5PAMRt4s9LlEvnx,b24,24,31,533,windmill,1,Not at all
2673,R_5PAMRt4s9LlEvnx,b24,24,32,534,wrentch,3,Moderately
2674,R_5PAMRt4s9LlEvnx,b25,25,1,535,backwards L,1,Not at all
2675,R_5PAMRt4s9LlEvnx,b25,25,2,536,bed,4,A lot
2676,R_5PAMRt4s9LlEvnx,b25,25,3,537,broken hurdle,3,Moderately
2677,R_5PAMRt4s9LlEvnx,b25,25,4,538,chair,5,Completely
2678,R_5PAMRt4s9LlEvnx,b25,25,5,539,chair,5,Completely
2679,R_5PAMRt4s9LlEvnx,b25,25,6,540,crane,2,A little
2680,R_5PAMRt4s9LlEvnx,b25,25,7,541,Fallen tree,1,Not at all
2681,R_5PAMRt4s9LlEvnx,b25,25,8,542,flagpole,1,Not at all
2682,R_5PAMRt4s9LlEvnx,b25,25,9,543,hammer,2,A little
2683,R_5PAMRt4s9LlEvnx,b25,25,10,544,key,1,Not at all
2684,R_5PAMRt4s9LlEvnx,b25,25,11,545,lamp,1,Not at all
2685,R_5PAMRt4s9LlEvnx,b25,25,12,546,letter C,1,Not at all
2686,R_5PAMRt4s9LlEvnx,b25,25,13,547,letter F,1,Not at all
2687,R_5PAMRt4s9LlEvnx,b25,25,14,548,letter J,3,Moderately
2688,R_5PAMRt4s9LlEvnx,b25,25,15,549,letter T,1,Not at all
2689,R_5PAMRt4s9LlEvnx,b25,25,16,550,Lower H,5,Completely
2690,R_5PAMRt4s9LlEvnx,b25,25,17,551,lowercase h,5,Completely
2691,R_5PAMRt4s9LlEvnx,b25,25,18,552,number 4,2,A little
2692,R_5PAMRt4s9LlEvnx,b25,25,19,553,number 7,1,Not at all
2693,R_5PAMRt4s9LlEvnx,b25,25,20,554,open box,1,Not at all
2694,R_5PAMRt4s9LlEvnx,b25,25,21,555,pickaxe,1,Not at all
2695,R_5PAMRt4s9LlEvnx,b25,25,22,556,pole,1,Not at all
2696,R_5PAMRt4s9LlEvnx,b25,25,23,557,stick,1,Not at all
2697,R_5PAMRt4s9LlEvnx,b25,25,24,558,table,3,Moderately
2698,R_5PAMRt4s9LlEvnx,b25,25,25,559,triangle,1,Not at all
2699,R_5PAMRt4s9LlEvnx,b25,25,26,560,wrench,2,A little
2700,R_5PAMRt4s9LlEvnx,b26,26,1,561,arrow,3,Moderately
2701,R_5PAMRt4s9LlEvnx,b26,26,2,562,arrow,3,Moderately
2702,R_5PAMRt4s9LlEvnx,b26,26,3,563,arrowhead,2,A little
2703,R_5PAMRt4s9LlEvnx,b26,26,4,564,baseball pendant,1,Not at all
2704,R_5PAMRt4s9LlEvnx,b26,26,5,565,carat stem,2,A little
2705,R_5PAMRt4s9LlEvnx,b26,26,6,566,check mark,1,Not at all
2706,R_5PAMRt4s9LlEvnx,b26,26,7,567,Cone,1,Not at all
2707,R_5PAMRt4s9LlEvnx,b26,26,8,568,flag,5,Completely
2708,R_5PAMRt4s9LlEvnx,b26,26,9,569,flag pole,5,Completely
2709,R_5PAMRt4s9LlEvnx,b26,26,10,570,letter K,1,Not at all
2710,R_5PAMRt4s9LlEvnx,b26,26,11,571,letter P,1,Not at all
2711,R_5PAMRt4s9LlEvnx,b26,26,12,572,lightning bolt,1,Not at all
2712,R_5PAMRt4s9LlEvnx,b26,26,13,573,pickaxe,2,A little
2713,R_5PAMRt4s9LlEvnx,b26,26,14,574,sailboat,1,Not at all
2714,R_5PAMRt4s9LlEvnx,b26,26,15,575,triangle,1,Not at all
2715,R_5PAMRt4s9LlEvnx,b27,27,1,576,2 squares,1,Not at all
2716,R_5PAMRt4s9LlEvnx,b27,27,2,577,barcode,1,Not at all
2717,R_5PAMRt4s9LlEvnx,b27,27,3,578,bed,1,Not at all
2718,R_5PAMRt4s9LlEvnx,b27,27,4,579,belt buckle,3,Moderately
2719,R_5PAMRt4s9LlEvnx,b27,27,5,580,book,3,Moderately
2720,R_5PAMRt4s9LlEvnx,b27,27,6,581,bookshelf,2,A little
2721,R_5PAMRt4s9LlEvnx,b27,27,7,582,Box,2,A little
2722,R_5PAMRt4s9LlEvnx,b27,27,8,583,candy bar,3,Moderately
2723,R_5PAMRt4s9LlEvnx,b27,27,9,584,coconut,1,Not at all
2724,R_5PAMRt4s9LlEvnx,b27,27,10,585,Cubes,1,Not at all
2725,R_5PAMRt4s9LlEvnx,b27,27,11,586,door,5,Completely
2726,R_5PAMRt4s9LlEvnx,b27,27,12,587,door,5,Completely
2727,R_5PAMRt4s9LlEvnx,b27,27,13,588,euro symbol,1,Not at all
2728,R_5PAMRt4s9LlEvnx,b27,27,14,589,fork,1,Not at all
2729,R_5PAMRt4s9LlEvnx,b27,27,15,590,gate latch,3,Moderately
2730,R_5PAMRt4s9LlEvnx,b27,27,16,591,goal post,1,Not at all
2731,R_5PAMRt4s9LlEvnx,b27,27,17,592,handle,1,Not at all
2732,R_5PAMRt4s9LlEvnx,b27,27,18,593,ladder,1,Not at all
2733,R_5PAMRt4s9LlEvnx,b27,27,19,594,letter W,1,Not at all
2734,R_5PAMRt4s9LlEvnx,b27,27,20,595,parallel lines,1,Not at all
2735,R_5PAMRt4s9LlEvnx,b27,27,21,596,parking lot,3,Moderately
2736,R_5PAMRt4s9LlEvnx,b27,27,22,597,plug,2,A little
2737,R_5PAMRt4s9LlEvnx,b27,27,23,598,rail tracks,1,Not at all
2738,R_5PAMRt4s9LlEvnx,b27,27,24,599,rectangle,1,Not at all
2739,R_5PAMRt4s9LlEvnx,b27,27,25,600,Ruler,1,Not at all
2740,R_5PAMRt4s9LlEvnx,b27,27,26,601,Square,1,Not at all
2741,R_5PAMRt4s9LlEvnx,b27,27,27,602,staple remover,1,Not at all
2742,R_5PAMRt4s9LlEvnx,b27,27,28,603,table chair,1,Not at all
2743,R_5PAMRt4s9LlEvnx,b28,28,1,604,bucket,1,Not at all
2744,R_5PAMRt4s9LlEvnx,b28,28,2,605,cherries,3,Moderately
2745,R_5PAMRt4s9LlEvnx,b28,28,3,606,circle,1,Not at all
2746,R_5PAMRt4s9LlEvnx,b28,28,4,607,cylinder,1,Not at all
2747,R_5PAMRt4s9LlEvnx,b28,28,5,608,eyeglasses,5,Completely
2748,R_5PAMRt4s9LlEvnx,b28,28,6,609,eyes,3,Moderately
2749,R_5PAMRt4s9LlEvnx,b28,28,7,610,face,2,A little
2750,R_5PAMRt4s9LlEvnx,b28,28,8,611,glasses,5,Completely
2751,R_5PAMRt4s9LlEvnx,b28,28,9,612,handcuffs,3,Moderately
2752,R_5PAMRt4s9LlEvnx,b28,28,10,613,hydrogen peroxide,1,Not at all
2753,R_5PAMRt4s9LlEvnx,b28,28,11,614,insect head,3,Moderately
2754,R_5PAMRt4s9LlEvnx,b28,28,12,615,Lollipops,1,Not at all
2755,R_5PAMRt4s9LlEvnx,b28,28,13,616,owl,4,A lot
2756,R_5PAMRt4s9LlEvnx,b28,28,14,617,plus sign,1,Not at all
2757,R_5PAMRt4s9LlEvnx,b28,28,15,618,ribbon,1,Not at all
2758,R_5PAMRt4s9LlEvnx,b28,28,16,619,sunglasses,4,A lot
2759,R_5PAMRt4s9LlEvnx,b29,29,1,620,Anchor,3,Moderately
2760,R_5PAMRt4s9LlEvnx,b29,29,2,621,arch,1,Not at all
2761,R_5PAMRt4s9LlEvnx,b29,29,3,622,basket,3,Moderately
2762,R_5PAMRt4s9LlEvnx,b29,29,4,623,beach umbrella,1,Not at all
2763,R_5PAMRt4s9LlEvnx,b29,29,5,624,bed,1,Not at all
2764,R_5PAMRt4s9LlEvnx,b29,29,6,625,boat,1,Not at all
2765,R_5PAMRt4s9LlEvnx,b29,29,7,626,bow and arrow,1,Not at all
2766,R_5PAMRt4s9LlEvnx,b29,29,8,627,chair,1,Not at all
2767,R_5PAMRt4s9LlEvnx,b29,29,9,628,chalice,1,Not at all
2768,R_5PAMRt4s9LlEvnx,b29,29,10,629,crane,1,Not at all
2769,R_5PAMRt4s9LlEvnx,b29,29,11,630,door hinge,1,Not at all
2770,R_5PAMRt4s9LlEvnx,b29,29,12,631,Fish,3,Moderately
2771,R_5PAMRt4s9LlEvnx,b29,29,13,632,goal post,1,Not at all
2772,R_5PAMRt4s9LlEvnx,b29,29,14,633,hanger,2,A little
2773,R_5PAMRt4s9LlEvnx,b29,29,15,634,hospital sign,1,Not at all
2774,R_5PAMRt4s9LlEvnx,b29,29,16,635,House,1,Not at all
2775,R_5PAMRt4s9LlEvnx,b29,29,17,636,keyhole,1,Not at all
2776,R_5PAMRt4s9LlEvnx,b29,29,18,637,ladder,1,Not at all
2777,R_5PAMRt4s9LlEvnx,b29,29,19,638,lamp,1,Not at all
2778,R_5PAMRt4s9LlEvnx,b29,29,20,639,potted plant,3,Moderately
2779,R_5PAMRt4s9LlEvnx,b29,29,21,640,power button,1,Not at all
2780,R_5PAMRt4s9LlEvnx,b29,29,22,641,road,1,Not at all
2781,R_5PAMRt4s9LlEvnx,b29,29,23,642,shovel,5,Completely
2782,R_5PAMRt4s9LlEvnx,b29,29,24,643,spade,5,Completely
2783,R_5PAMRt4s9LlEvnx,b29,29,25,644,stool,2,A little
2784,R_5PAMRt4s9LlEvnx,b29,29,26,645,top,3,Moderately
2785,R_5PAMRt4s9LlEvnx,b29,29,27,646,trident,1,Not at all
2786,R_5PAMRt4s9LlEvnx,b30,30,1,647,anchor,1,Not at all
2787,R_5PAMRt4s9LlEvnx,b30,30,2,648,arrow,1,Not at all
2788,R_5PAMRt4s9LlEvnx,b30,30,3,649,barrier gate,1,Not at all
2789,R_5PAMRt4s9LlEvnx,b30,30,4,650,basket,1,Not at all
2790,R_5PAMRt4s9LlEvnx,b30,30,5,651,bed,1,Not at all
2791,R_5PAMRt4s9LlEvnx,b30,30,6,652,bench,1,Not at all
2792,R_5PAMRt4s9LlEvnx,b30,30,7,653,Boat,1,Not at all
2793,R_5PAMRt4s9LlEvnx,b30,30,8,654,bow and arrow,1,Not at all
2794,R_5PAMRt4s9LlEvnx,b30,30,9,655,box,1,Not at all
2795,R_5PAMRt4s9LlEvnx,b30,30,10,656,bridge,1,Not at all
2796,R_5PAMRt4s9LlEvnx,b30,30,11,657,c-clamp,1,Not at all
2797,R_5PAMRt4s9LlEvnx,b30,30,12,658,chair,1,Not at all
2798,R_5PAMRt4s9LlEvnx,b30,30,13,659,cross,1,Not at all
2799,R_5PAMRt4s9LlEvnx,b30,30,14,660,door key,1,Not at all
2800,R_5PAMRt4s9LlEvnx,b30,30,15,661,Drill,2,A little
2801,R_5PAMRt4s9LlEvnx,b30,30,16,662,fish,3,Moderately
2802,R_5PAMRt4s9LlEvnx,b30,30,17,663,fish bone,4,A lot
2803,R_5PAMRt4s9LlEvnx,b30,30,18,664,fish skeleton,4,A lot
2804,R_5PAMRt4s9LlEvnx,b30,30,19,665,goal post,1,Not at all
2805,R_5PAMRt4s9LlEvnx,b30,30,20,666,helicopter,1,Not at all
2806,R_5PAMRt4s9LlEvnx,b30,30,21,667,hinge,1,Not at all
2807,R_5PAMRt4s9LlEvnx,b30,30,22,668,key,1,Not at all
2808,R_5PAMRt4s9LlEvnx,b30,30,23,669,letters id,1,Not at all
2809,R_5PAMRt4s9LlEvnx,b30,30,24,670,person,1,Not at all
2810,R_5PAMRt4s9LlEvnx,b30,30,25,671,plug,2,A little
2811,R_5PAMRt4s9LlEvnx,b30,30,26,672,prison bars,1,Not at all
2812,R_5PAMRt4s9LlEvnx,b30,30,27,673,shovel,2,A little
2813,R_5PAMRt4s9LlEvnx,b30,30,28,674,train,1,Not at all
2814,R_5PAMRt4s9LlEvnx,b30,30,29,675,train car,1,Not at all
2815,R_5PAMRt4s9LlEvnx,b30,30,30,676,wheelchair,1,Not at all
2816,R_5PAMRt4s9LlEvnx,b30,30,31,677,window,1,Not at all
2817,R_5PAMRt4s9LlEvnx,b30,30,32,678,wing ding,1,Not at all
2818,R_5PAMRt4s9LlEvnx,b31,31,1,679,anchor,1,Not at all
2819,R_5PAMRt4s9LlEvnx,b31,31,2,680,arrow,1,Not at all
2820,R_5PAMRt4s9LlEvnx,b31,31,3,681,bird,1,Not at all
2821,R_5PAMRt4s9LlEvnx,b31,31,4,682,birthday hat,1,Not at all
2822,R_5PAMRt4s9LlEvnx,b31,31,5,683,Circle,1,Not at all
2823,R_5PAMRt4s9LlEvnx,b31,31,6,684,female symbol,1,Not at all
2824,R_5PAMRt4s9LlEvnx,b31,31,7,685,fish,1,Not at all
2825,R_5PAMRt4s9LlEvnx,b31,31,8,686,flower,1,Not at all
2826,R_5PAMRt4s9LlEvnx,b31,31,9,687,lollipop,3,Moderately
2827,R_5PAMRt4s9LlEvnx,b31,31,10,688,magnifying glass,2,A little
2828,R_5PAMRt4s9LlEvnx,b31,31,11,689,person,2,A little
2829,R_5PAMRt4s9LlEvnx,b31,31,12,690,Rocket ship,2,A little
2830,R_5PAMRt4s9LlEvnx,b31,31,13,691,snowman,2,A little
2831,R_5PAMRt4s9LlEvnx,b31,31,14,692,speaker,1,Not at all
2832,R_5PAMRt4s9LlEvnx,b31,31,15,693,stick figure,3,Moderately
2833,R_5PAMRt4s9LlEvnx,b31,31,16,694,stick person,3,Moderately
2834,R_5PAMRt4s9LlEvnx,b31,31,17,695,Sun Horizon,1,Not at all
2835,R_5PAMRt4s9LlEvnx,b31,31,18,696,tripod,1,Not at all
2836,R_5PAMRt4s9LlEvnx,b31,31,19,697,tuning fork,1,Not at all
2837,R_5PAMRt4s9LlEvnx,b31,31,20,698,umbrella,1,Not at all
2838,R_5PAMRt4s9LlEvnx,b32,32,1,699,anchor,2,A little
2839,R_5PAMRt4s9LlEvnx,b32,32,2,700,chalice,5,Completely
2840,R_5PAMRt4s9LlEvnx,b32,32,3,701,Champagne glass,4,A lot
2841,R_5PAMRt4s9LlEvnx,b32,32,4,702,chandelier,2,A little
2842,R_5PAMRt4s9LlEvnx,b32,32,5,703,church bell,2,A little
2843,R_5PAMRt4s9LlEvnx,b32,32,6,704,coat hook,3,Moderately
2844,R_5PAMRt4s9LlEvnx,b32,32,7,705,door knocker,3,Moderately
2845,R_5PAMRt4s9LlEvnx,b32,32,8,706,Fraction Symbol,1,Not at all
2846,R_5PAMRt4s9LlEvnx,b32,32,9,707,Glass,5,Completely
2847,R_5PAMRt4s9LlEvnx,b32,32,10,708,goblet,5,Completely
2848,R_5PAMRt4s9LlEvnx,b32,32,11,709,Hammer,1,Not at all
2849,R_5PAMRt4s9LlEvnx,b32,32,12,710,hammerhead shark,1,Not at all
2850,R_5PAMRt4s9LlEvnx,b32,32,13,711,keyhole,2,A little
2851,R_5PAMRt4s9LlEvnx,b32,32,14,712,lamp,4,A lot
2852,R_5PAMRt4s9LlEvnx,b32,32,15,713,lollipop,2,A little
2853,R_5PAMRt4s9LlEvnx,b32,32,16,714,martini glass,3,Moderately
2854,R_5PAMRt4s9LlEvnx,b32,32,17,715,mushroom,3,Moderately
2855,R_5PAMRt4s9LlEvnx,b32,32,18,716,nine,1,Not at all
2856,R_5PAMRt4s9LlEvnx,b32,32,19,717,scarecrow,1,Not at all
2857,R_5PAMRt4s9LlEvnx,b32,32,20,718,spatula,3,Moderately
2858,R_5PAMRt4s9LlEvnx,b32,32,21,719,stick figure,1,Not at all
2859,R_5PAMRt4s9LlEvnx,b32,32,22,720,table,3,Moderately
2860,R_5PAMRt4s9LlEvnx,b32,32,23,721,teeball,1,Not at all
2861,R_5PAMRt4s9LlEvnx,b32,32,24,722,tree,3,Moderately
2862,R_5PAMRt4s9LlEvnx,b32,32,25,723,umbrella,2,A little
2863,R_5PAMRt4s9LlEvnx,b32,32,26,724,wine glass,5,Completely
2864,R_5PAMRt4s9LlEvnx,b33,33,1,725,anchor,2,A little
2865,R_5PAMRt4s9LlEvnx,b33,33,2,726,Antenna,2,A little
2866,R_5PAMRt4s9LlEvnx,b33,33,3,727,bell,4,A lot
2867,R_5PAMRt4s9LlEvnx,b33,33,4,728,car,1,Not at all
2868,R_5PAMRt4s9LlEvnx,b33,33,5,729,church steeple,2,A little
2869,R_5PAMRt4s9LlEvnx,b33,33,6,730,cupcake,1,Not at all
2870,R_5PAMRt4s9LlEvnx,b33,33,7,731,dustpan,5,Completely
2871,R_5PAMRt4s9LlEvnx,b33,33,8,732,eye,1,Not at all
2872,R_5PAMRt4s9LlEvnx,b33,33,9,733,golf club,2,A little
2873,R_5PAMRt4s9LlEvnx,b33,33,10,734,hanging lamp,5,Completely
2874,R_5PAMRt4s9LlEvnx,b33,33,11,735,key,1,Not at all
2875,R_5PAMRt4s9LlEvnx,b33,33,12,736,keyhole,3,Moderately
2876,R_5PAMRt4s9LlEvnx,b33,33,13,737,lamp,3,Moderately
2877,R_5PAMRt4s9LlEvnx,b33,33,14,738,lollipop,1,Not at all
2878,R_5PAMRt4s9LlEvnx,b33,33,15,739,magnifying glass,2,A little
2879,R_5PAMRt4s9LlEvnx,b33,33,16,740,mop,3,Moderately
2880,R_5PAMRt4s9LlEvnx,b33,33,17,741,mushroom,1,Not at all
2881,R_5PAMRt4s9LlEvnx,b33,33,18,742,pan cover,4,A lot
2882,R_5PAMRt4s9LlEvnx,b33,33,19,743,planted sapling,3,Moderately
2883,R_5PAMRt4s9LlEvnx,b33,33,20,744,plunger,5,Completely
2884,R_5PAMRt4s9LlEvnx,b33,33,21,745,pot lid,5,Completely
2885,R_5PAMRt4s9LlEvnx,b33,33,22,746,power button,2,A little
2886,R_5PAMRt4s9LlEvnx,b33,33,23,747,semicircle,1,Not at all
2887,R_5PAMRt4s9LlEvnx,b33,33,24,748,shovel,4,A lot
2888,R_5PAMRt4s9LlEvnx,b33,33,25,749,spade,3,Moderately
2889,R_5PAMRt4s9LlEvnx,b33,33,26,750,Stake,1,Not at all
2890,R_5PAMRt4s9LlEvnx,b33,33,27,751,Stick,1,Not at all
2891,R_5PAMRt4s9LlEvnx,b33,33,28,752,tank turret,3,Moderately
2892,R_5PAMRt4s9LlEvnx,b33,33,29,753,Triangle,1,Not at all
2893,R_5PAMRt4s9LlEvnx,b33,33,30,754,umbrella,2,A little
2894,R_5PAMRt4s9LlEvnx,b34,34,1,755,Binoculars,2,A little
2895,R_5PAMRt4s9LlEvnx,b34,34,2,756,bird,1,Not at all
2896,R_5PAMRt4s9LlEvnx,b34,34,3,757,bow,5,Completely
2897,R_5PAMRt4s9LlEvnx,b34,34,4,758,bow tie,5,Completely
2898,R_5PAMRt4s9LlEvnx,b34,34,5,759,butterfly,3,Moderately
2899,R_5PAMRt4s9LlEvnx,b34,34,6,760,camcorder,2,A little
2900,R_5PAMRt4s9LlEvnx,b34,34,7,761,diving mask,2,A little
2901,R_5PAMRt4s9LlEvnx,b34,34,8,762,face,2,A little
2902,R_5PAMRt4s9LlEvnx,b34,34,9,763,glasses on nose,2,A little
2903,R_5PAMRt4s9LlEvnx,b34,34,10,764,heart,1,Not at all
2904,R_5PAMRt4s9LlEvnx,b34,34,11,765,hourglass,1,Not at all
2905,R_5PAMRt4s9LlEvnx,b34,34,12,766,ice cream,1,Not at all
2906,R_5PAMRt4s9LlEvnx,b34,34,13,767,Infinity pyramid,3,Moderately
2907,R_5PAMRt4s9LlEvnx,b34,34,14,768,infinity symbol,1,Not at all
2908,R_5PAMRt4s9LlEvnx,b34,34,15,769,man,1,Not at all
2909,R_5PAMRt4s9LlEvnx,b34,34,16,770,movie projector,4,A lot
2910,R_5PAMRt4s9LlEvnx,b34,34,17,771,Owl face,2,A little
2911,R_5PAMRt4s9LlEvnx,b34,34,18,772,scissors,5,Completely
2912,R_5PAMRt4s9LlEvnx,b34,34,19,773,spade,1,Not at all
2913,R_5PAMRt4s9LlEvnx,b34,34,20,774,Volcano,3,Moderately
2914,R_5PAMRt4s9LlEvnx,b35,35,1,775,balloon pair,4,A lot
2915,R_5PAMRt4s9LlEvnx,b35,35,2,776,beak,4,A lot
2916,R_5PAMRt4s9LlEvnx,b35,35,3,777,berry,3,Moderately
2917,R_5PAMRt4s9LlEvnx,b35,35,4,778,bicycle,2,A little
2918,R_5PAMRt4s9LlEvnx,b35,35,5,779,bow,5,Completely
2919,R_5PAMRt4s9LlEvnx,b35,35,6,780,bow tie,5,Completely
2920,R_5PAMRt4s9LlEvnx,b35,35,7,781,cat face,2,A little
2921,R_5PAMRt4s9LlEvnx,b35,35,8,782,cherries,3,Moderately
2922,R_5PAMRt4s9LlEvnx,b35,35,9,783,cloudy mountain,1,Not at all
2923,R_5PAMRt4s9LlEvnx,b35,35,10,784,cone,1,Not at all
2924,R_5PAMRt4s9LlEvnx,b35,35,11,785,eyes nose,2,A little
2925,R_5PAMRt4s9LlEvnx,b35,35,12,786,face,2,A little
2926,R_5PAMRt4s9LlEvnx,b35,35,13,787,film camera,5,Completely
2927,R_5PAMRt4s9LlEvnx,b35,35,14,788,glasses,2,A little
2928,R_5PAMRt4s9LlEvnx,b35,35,15,789,goggles,4,A lot
2929,R_5PAMRt4s9LlEvnx,b35,35,16,790,heart,2,A little
2930,R_5PAMRt4s9LlEvnx,b35,35,17,791,nose/eyes,2,A little
2931,R_5PAMRt4s9LlEvnx,b35,35,18,792,owl face,2,A little
2932,R_5PAMRt4s9LlEvnx,b35,35,19,793,party hat,3,Moderately
2933,R_5PAMRt4s9LlEvnx,b35,35,20,794,scissors,5,Completely
2934,R_5PAMRt4s9LlEvnx,b35,35,21,795,spade,1,Not at all
2935,R_5PAMRt4s9LlEvnx,b35,35,22,796,tree,1,Not at all
2936,R_5PAMRt4s9LlEvnx,b36,36,1,797,anchor,3,Moderately
2937,R_5PAMRt4s9LlEvnx,b36,36,2,798,arrow,2,A little
2938,R_5PAMRt4s9LlEvnx,b36,36,3,799,Bird feet,5,Completely
2939,R_5PAMRt4s9LlEvnx,b36,36,4,800,broadcast tower,5,Completely
2940,R_5PAMRt4s9LlEvnx,b36,36,5,801,crane,1,Not at all
2941,R_5PAMRt4s9LlEvnx,b36,36,6,802,dowsing rod,2,A little
2942,R_5PAMRt4s9LlEvnx,b36,36,7,803,fishing rod,2,A little
2943,R_5PAMRt4s9LlEvnx,b36,36,8,804,fork,3,Moderately
2944,R_5PAMRt4s9LlEvnx,b36,36,9,805,Inverted peace symbol,1,Not at all
2945,R_5PAMRt4s9LlEvnx,b36,36,10,806,letter M,1,Not at all
2946,R_5PAMRt4s9LlEvnx,b36,36,11,807,location marker,2,A little
2947,R_5PAMRt4s9LlEvnx,b36,36,12,808,peace sign,1,Not at all
2948,R_5PAMRt4s9LlEvnx,b36,36,13,809,pitchfork,2,A little
2949,R_5PAMRt4s9LlEvnx,b36,36,14,810,rake,3,Moderately
2950,R_5PAMRt4s9LlEvnx,b36,36,15,811,rake,4,A lot
2951,R_5PAMRt4s9LlEvnx,b36,36,16,812,roof shape,3,Moderately
2952,R_5PAMRt4s9LlEvnx,b36,36,17,813,slingshot handle,3,Moderately
2953,R_5PAMRt4s9LlEvnx,b36,36,18,814,spearhead,3,Moderately
2954,R_5PAMRt4s9LlEvnx,b36,36,19,815,Teepee,5,Completely
2955,R_5PAMRt4s9LlEvnx,b36,36,20,816,tree branch,3,Moderately
2956,R_5PAMRt4s9LlEvnx,b36,36,21,817,tree diagram,3,Moderately
2957,R_5PAMRt4s9LlEvnx,b36,36,22,818,triangle,1,Not at all
2958,R_5PAMRt4s9LlEvnx,b36,36,23,819,tripod,4,A lot
2959,R_5PAMRt4s9LlEvnx,b36,36,24,820,tuning fork,4,A lot
2960,R_5PAMRt4s9LlEvnx,b36,36,25,821,volcano,3,Moderately
2961,R_5PAMRt4s9LlEvnx,b37,37,1,822,anchor,1,Not at all
2962,R_5PAMRt4s9LlEvnx,b37,37,2,823,angel,1,Not at all
2963,R_5PAMRt4s9LlEvnx,b37,37,3,824,animal,1,Not at all
2964,R_5PAMRt4s9LlEvnx,b37,37,4,825,balloons,5,Completely
2965,R_5PAMRt4s9LlEvnx,b37,37,5,826,bow tie,1,Not at all
2966,R_5PAMRt4s9LlEvnx,b37,37,6,827,boy,1,Not at all
2967,R_5PAMRt4s9LlEvnx,b37,37,7,828,bubble pipe,1,Not at all
2968,R_5PAMRt4s9LlEvnx,b37,37,8,829,butterfly,1,Not at all
2969,R_5PAMRt4s9LlEvnx,b37,37,9,830,Cherries,2,A little
2970,R_5PAMRt4s9LlEvnx,b37,37,10,831,circled triangle,1,Not at all
2971,R_5PAMRt4s9LlEvnx,b37,37,11,832,clover,5,Completely
2972,R_5PAMRt4s9LlEvnx,b37,37,12,833,club suit,5,Completely
2973,R_5PAMRt4s9LlEvnx,b37,37,13,834,cup and ball,1,Not at all
2974,R_5PAMRt4s9LlEvnx,b37,37,14,835,dragonfly,1,Not at all
2975,R_5PAMRt4s9LlEvnx,b37,37,15,836,dumbbell,1,Not at all
2976,R_5PAMRt4s9LlEvnx,b37,37,16,837,eyeglasses,1,Not at all
2977,R_5PAMRt4s9LlEvnx,b37,37,17,838,flower,5,Completely
2978,R_5PAMRt4s9LlEvnx,b37,37,18,839,flower,5,Completely
2979,R_5PAMRt4s9LlEvnx,b37,37,19,840,flower,5,Completely
2980,R_5PAMRt4s9LlEvnx,b37,37,20,841,flower bud,4,A lot
2981,R_5PAMRt4s9LlEvnx,b37,37,21,842,glasses,1,Not at all
2982,R_5PAMRt4s9LlEvnx,b37,37,22,843,Hammer,1,Not at all
2983,R_5PAMRt4s9LlEvnx,b37,37,23,844,information icon,1,Not at all
2984,R_5PAMRt4s9LlEvnx,b37,37,24,845,key,1,Not at all
2985,R_5PAMRt4s9LlEvnx,b37,37,25,846,magnifying glass,1,Not at all
2986,R_5PAMRt4s9LlEvnx,b37,37,26,847,person,1,Not at all
2987,R_5PAMRt4s9LlEvnx,b37,37,27,848,Race track,1,Not at all
2988,R_5PAMRt4s9LlEvnx,b37,37,28,849,snow man,1,Not at all
2989,R_5PAMRt4s9LlEvnx,b37,37,29,850,stick figure,2,A little
2990,R_5PAMRt4s9LlEvnx,b37,37,30,851,Tree,5,Completely
2991,R_5PAMRt4s9LlEvnx,b37,37,31,852,weightlifter,1,Not at all
2992,R_5PAMRt4s9LlEvnx,b38,38,1,853,butterfly,1,Not at all
2993,R_5PAMRt4s9LlEvnx,b38,38,2,854,clubs symbol,2,A little
2994,R_5PAMRt4s9LlEvnx,b38,38,3,855,cone,4,A lot
2995,R_5PAMRt4s9LlEvnx,b38,38,4,856,face,1,Not at all
2996,R_5PAMRt4s9LlEvnx,b38,38,5,857,flower bouquet,4,A lot
2997,R_5PAMRt4s9LlEvnx,b38,38,6,858,fruit basket,3,Moderately
2998,R_5PAMRt4s9LlEvnx,b38,38,7,859,fruit bowl,3,Moderately
2999,R_5PAMRt4s9LlEvnx,b38,38,8,860,gift bow,1,Not at all
3000,R_5PAMRt4s9LlEvnx,b38,38,9,861,ice cream,5,Completely
3001,R_5PAMRt4s9LlEvnx,b38,38,10,862,ice cream cone,5,Completely
3002,R_5PAMRt4s9LlEvnx,b38,38,11,863,Mickey Mouse,1,Not at all
3003,R_5PAMRt4s9LlEvnx,b38,38,12,864,owl,1,Not at all
3004,R_5PAMRt4s9LlEvnx,b38,38,13,865,shamrock,2,A little
3005,R_5PAMRt4s9LlEvnx,b38,38,14,866,smiley face,1,Not at all
3006,R_5PAMRt4s9LlEvnx,b38,38,15,867,snowman,1,Not at all
3007,R_5PAMRt4s9LlEvnx,b38,38,16,868,Venn diagram,1,Not at all
3008,R_5PAMRt4s9LlEvnx,b39,39,1,869,abstract person,1,Not at all
3009,R_5PAMRt4s9LlEvnx,b39,39,2,870,balloons,4,A lot
3010,R_5PAMRt4s9LlEvnx,b39,39,3,871,bee,1,Not at all
3011,R_5PAMRt4s9LlEvnx,b39,39,4,872,bow tie,1,Not at all
3012,R_5PAMRt4s9LlEvnx,b39,39,5,873,bucket,1,Not at all
3013,R_5PAMRt4s9LlEvnx,b39,39,6,874,butterfly,1,Not at all
3014,R_5PAMRt4s9LlEvnx,b39,39,7,875,clubs suit,3,Moderately
3015,R_5PAMRt4s9LlEvnx,b39,39,8,876,dragon fly,1,Not at all
3016,R_5PAMRt4s9LlEvnx,b39,39,9,877,flower,5,Completely
3017,R_5PAMRt4s9LlEvnx,b39,39,10,878,football player,1,Not at all
3018,R_5PAMRt4s9LlEvnx,b39,39,11,879,gift bow,2,A little
3019,R_5PAMRt4s9LlEvnx,b39,39,12,880,glasses,1,Not at all
3020,R_5PAMRt4s9LlEvnx,b39,39,13,881,glasses and nose,2,A little
3021,R_5PAMRt4s9LlEvnx,b39,39,14,882,Hourglass,1,Not at all
3022,R_5PAMRt4s9LlEvnx,b39,39,15,883,ice cream,5,Completely
3023,R_5PAMRt4s9LlEvnx,b39,39,16,884,Ice cream cone,5,Completely
3024,R_5PAMRt4s9LlEvnx,b39,39,17,885,infinity symbol,1,Not at all
3025,R_5PAMRt4s9LlEvnx,b39,39,18,886,love knot,1,Not at all
3026,R_5PAMRt4s9LlEvnx,b39,39,19,887,owl,2,A little
3027,R_5PAMRt4s9LlEvnx,b39,39,20,888,person's torso,1,Not at all
3028,R_5PAMRt4s9LlEvnx,b39,39,21,889,pulley,1,Not at all
3029,R_5PAMRt4s9LlEvnx,b39,39,22,890,scissors,1,Not at all
3030,R_5PAMRt4s9LlEvnx,b39,39,23,891,small circles,1,Not at all
3031,R_5PAMRt4s9LlEvnx,b39,39,24,892,snowman,1,Not at all
3032,R_5PAMRt4s9LlEvnx,b39,39,25,893,stick figure,1,Not at all
3033,R_5PAMRt4s9LlEvnx,b40,40,1,894,balcony,1,Not at all
3034,R_5PAMRt4s9LlEvnx,b40,40,2,895,bar clamp,1,Not at all
3035,R_5PAMRt4s9LlEvnx,b40,40,3,896,bed,1,Not at all
3036,R_5PAMRt4s9LlEvnx,b40,40,4,897,box ear,1,Not at all
3037,R_5PAMRt4s9LlEvnx,b40,40,5,898,bucket,3,Moderately
3038,R_5PAMRt4s9LlEvnx,b40,40,6,899,Clock,1,Not at all
3039,R_5PAMRt4s9LlEvnx,b40,40,7,900,coffee cup,5,Completely
3040,R_5PAMRt4s9LlEvnx,b40,40,8,901,coffee mug,5,Completely
3041,R_5PAMRt4s9LlEvnx,b40,40,9,902,cup,5,Completely
3042,R_5PAMRt4s9LlEvnx,b40,40,10,903,dog,1,Not at all
3043,R_5PAMRt4s9LlEvnx,b40,40,11,904,ear,1,Not at all
3044,R_5PAMRt4s9LlEvnx,b40,40,12,905,flagpole,1,Not at all
3045,R_5PAMRt4s9LlEvnx,b40,40,13,906,goal post,1,Not at all
3046,R_5PAMRt4s9LlEvnx,b40,40,14,907,House,1,Not at all
3047,R_5PAMRt4s9LlEvnx,b40,40,15,908,key,1,Not at all
3048,R_5PAMRt4s9LlEvnx,b40,40,16,909,keyhole,1,Not at all
3049,R_5PAMRt4s9LlEvnx,b40,40,17,910,letter B,1,Not at all
3050,R_5PAMRt4s9LlEvnx,b40,40,18,911,letter R,1,Not at all
3051,R_5PAMRt4s9LlEvnx,b40,40,19,912,Lighter,3,Moderately
3052,R_5PAMRt4s9LlEvnx,b40,40,20,913,mug,5,Completely
3053,R_5PAMRt4s9LlEvnx,b40,40,21,914,padlock,2,A little
3054,R_5PAMRt4s9LlEvnx,b40,40,22,915,PC,1,Not at all
3055,R_5PAMRt4s9LlEvnx,b40,40,23,916,pitcher,4,A lot
3056,R_5PAMRt4s9LlEvnx,b40,40,24,917,point right,1,Not at all
3057,R_5PAMRt4s9LlEvnx,b40,40,25,918,pouch,1,Not at all
3058,R_5PAMRt4s9LlEvnx,b40,40,26,919,Race track,1,Not at all
3059,R_5PAMRt4s9LlEvnx,b40,40,27,920,sideways lock,2,A little
3060,R_5PAMRt4s9LlEvnx,b40,40,28,921,Toilet,1,Not at all
3061,R_5PAMRt4s9LlEvnx,b40,40,29,922,traffic light,1,Not at all
3062,R_5PAMRt4s9LlEvnx,b40,40,30,923,tuning fork,1,Not at all
3063,R_5PAMRt4s9LlEvnx,b41,41,1,924,boat,1,Not at all
3064,R_5PAMRt4s9LlEvnx,b41,41,2,925,chair,1,Not at all
3065,R_5PAMRt4s9LlEvnx,b41,41,3,926,coffee cup,5,Completely
3066,R_5PAMRt4s9LlEvnx,b41,41,4,927,coffee mug,5,Completely
3067,R_5PAMRt4s9LlEvnx,b41,41,5,928,cup,5,Completely
3068,R_5PAMRt4s9LlEvnx,b41,41,6,929,directional marker right,1,Not at all
3069,R_5PAMRt4s9LlEvnx,b41,41,7,930,dog,1,Not at all
3070,R_5PAMRt4s9LlEvnx,b41,41,8,931,door,2,A little
3071,R_5PAMRt4s9LlEvnx,b41,41,9,932,flag pole,1,Not at all
3072,R_5PAMRt4s9LlEvnx,b41,41,10,933,gate,2,A little
3073,R_5PAMRt4s9LlEvnx,b41,41,11,934,gift box,2,A little
3074,R_5PAMRt4s9LlEvnx,b41,41,12,935,heart,1,Not at all
3075,R_5PAMRt4s9LlEvnx,b41,41,13,936,key,1,Not at all
3076,R_5PAMRt4s9LlEvnx,b41,41,14,937,letter R,1,Not at all
3077,R_5PAMRt4s9LlEvnx,b41,41,15,938,luggage tag,1,Not at all
3078,R_5PAMRt4s9LlEvnx,b41,41,16,939,magnifying glass,1,Not at all
3079,R_5PAMRt4s9LlEvnx,b41,41,17,940,Mailbox,3,Moderately
3080,R_5PAMRt4s9LlEvnx,b41,41,18,941,mug,5,Completely
3081,R_5PAMRt4s9LlEvnx,b41,41,19,942,note,1,Not at all
3082,R_5PAMRt4s9LlEvnx,b41,41,20,943,paper clip,3,Moderately
3083,R_5PAMRt4s9LlEvnx,b41,41,21,944,paperclip holder,2,A little
3084,R_5PAMRt4s9LlEvnx,b41,41,22,945,pipe clamp,1,Not at all
3085,R_5PAMRt4s9LlEvnx,b41,41,23,946,pistol,1,Not at all
3086,R_5PAMRt4s9LlEvnx,b41,41,24,947,Point,1,Not at all
3087,R_5PAMRt4s9LlEvnx,b41,41,25,948,pregnancy,1,Not at all
3088,R_5PAMRt4s9LlEvnx,b41,41,26,949,road,1,Not at all
3089,R_5PAMRt4s9LlEvnx,b41,41,27,950,semi circle,1,Not at all
3090,R_5PAMRt4s9LlEvnx,b41,41,28,951,shopping cart,3,Moderately
3091,R_5PAMRt4s9LlEvnx,b41,41,29,952,square bulge,1,Not at all
3092,R_5PAMRt4s9LlEvnx,b41,41,30,953,staple gun,1,Not at all
3093,R_5PAMRt4s9LlEvnx,b41,41,31,954,trapezium,1,Not at all
3094,R_5PAMRt4s9LlEvnx,b41,41,32,955,turtle,3,Moderately
3095,R_5PAMRt4s9LlEvnx,b41,41,33,956,Water Pitcher,3,Moderately
3096,R_5PAMRt4s9LlEvnx,b42,42,1,957,bookshelf,3,Moderately
3097,R_5PAMRt4s9LlEvnx,b42,42,2,958,four squares,4,A lot
3098,R_5PAMRt4s9LlEvnx,b42,42,3,959,grid,5,Completely
3099,R_5PAMRt4s9LlEvnx,b42,42,4,960,hash sign,2,A little
3100,R_5PAMRt4s9LlEvnx,b42,42,5,961,hashtag,2,A little
3101,R_5PAMRt4s9LlEvnx,b42,42,6,962,ladder,1,Not at all
3102,R_5PAMRt4s9LlEvnx,b42,42,7,963,Lined square,1,Not at all
3103,R_5PAMRt4s9LlEvnx,b42,42,8,964,pound sign,2,A little
3104,R_5PAMRt4s9LlEvnx,b42,42,9,965,present,3,Moderately
3105,R_5PAMRt4s9LlEvnx,b42,42,10,966,Small Rectangles,2,A little
3106,R_5PAMRt4s9LlEvnx,b42,42,11,967,square,2,A little
3107,R_5PAMRt4s9LlEvnx,b42,42,12,968,table frame,1,Not at all
3108,R_5PAMRt4s9LlEvnx,b42,42,13,969,tic-tac-toe,2,A little
3109,R_5PAMRt4s9LlEvnx,b42,42,14,970,two boxes,1,Not at all
3110,R_5PAMRt4s9LlEvnx,b42,42,15,971,vertical rectangles,1,Not at all
3111,R_5PAMRt4s9LlEvnx,b42,42,16,972,waffle,4,A lot
3112,R_5PAMRt4s9LlEvnx,b42,42,17,973,window,5,Completely
3113,R_5PAMRt4s9LlEvnx,b43,43,1,974,Balloon,1,Not at all
3114,R_5PAMRt4s9LlEvnx,b43,43,2,975,bike handle,1,Not at all
3115,R_5PAMRt4s9LlEvnx,b43,43,3,976,cartoon bomb,2,A little
3116,R_5PAMRt4s9LlEvnx,b43,43,4,977,cat,1,Not at all
3117,R_5PAMRt4s9LlEvnx,b43,43,5,978,corkscrew,1,Not at all
3118,R_5PAMRt4s9LlEvnx,b43,43,6,979,dollar sign,1,Not at all
3119,R_5PAMRt4s9LlEvnx,b43,43,7,980,earring,1,Not at all
3120,R_5PAMRt4s9LlEvnx,b43,43,8,981,eighth note,1,Not at all
3121,R_5PAMRt4s9LlEvnx,b43,43,9,982,Hook,1,Not at all
3122,R_5PAMRt4s9LlEvnx,b43,43,10,983,hospital sign,1,Not at all
3123,R_5PAMRt4s9LlEvnx,b43,43,11,984,keyhole,1,Not at all
3124,R_5PAMRt4s9LlEvnx,b43,43,12,985,lollipop,1,Not at all
3125,R_5PAMRt4s9LlEvnx,b43,43,13,986,musical symbol,1,Not at all
3126,R_5PAMRt4s9LlEvnx,b43,43,14,987,Oval pile,1,Not at all
3127,R_5PAMRt4s9LlEvnx,b43,43,15,988,pendulum,1,Not at all
3128,R_5PAMRt4s9LlEvnx,b43,43,16,989,pie chain,1,Not at all
3129,R_5PAMRt4s9LlEvnx,b43,43,17,990,power button,1,Not at all
3130,R_5PAMRt4s9LlEvnx,b43,43,18,991,question mark,1,Not at all
3131,R_5PAMRt4s9LlEvnx,b43,43,19,992,royal scepter,1,Not at all
3132,R_5PAMRt4s9LlEvnx,b43,43,20,993,saxophone,1,Not at all
3133,R_5PAMRt4s9LlEvnx,b43,43,21,994,snake,1,Not at all
3134,R_5PAMRt4s9LlEvnx,b43,43,22,995,Snake,1,Not at all
3135,R_5PAMRt4s9LlEvnx,b43,43,23,996,snake donut,1,Not at all
3136,R_5PAMRt4s9LlEvnx,b43,43,24,997,spoon,1,Not at all
3137,R_5PAMRt4s9LlEvnx,b43,43,25,998,stethoscope,1,Not at all
3138,R_5PAMRt4s9LlEvnx,b43,43,26,999,sucker,1,Not at all
3139,R_5PAMRt4s9LlEvnx,b43,43,27,1000,Swing,1,Not at all
3140,R_5PAMRt4s9LlEvnx,b43,43,28,1001,theta,1,Not at all
3141,R_5PAMRt4s9LlEvnx,b43,43,29,1002,unicycle,1,Not at all
3142,R_5PAMRt4s9LlEvnx,b43,43,30,1003,watch,1,Not at all
3143,R_5PAMRt4s9LlEvnx,b43,43,31,1004,weather vane,1,Not at all
3144,R_5PAMRt4s9LlEvnx,b43,43,32,1005,yo-yo,4,A lot
3145,R_5PAMRt4s9LlEvnx,b43,43,33,1006,zooming ball,1,Not at all
3146,R_5PAMRt4s9LlEvnx,b44,44,1,1007,apple,1,Not at all
3147,R_5PAMRt4s9LlEvnx,b44,44,2,1008,bike,1,Not at all
3148,R_5PAMRt4s9LlEvnx,b44,44,3,1009,Butterfly,1,Not at all
3149,R_5PAMRt4s9LlEvnx,b44,44,4,1010,butterfly,1,Not at all
3150,R_5PAMRt4s9LlEvnx,b44,44,5,1011,christmas ornament,2,A little
3151,R_5PAMRt4s9LlEvnx,b44,44,6,1012,coffee cup,1,Not at all
3152,R_5PAMRt4s9LlEvnx,b44,44,7,1013,Computer Mouse,4,A lot
3153,R_5PAMRt4s9LlEvnx,b44,44,8,1014,dollar sign,1,Not at all
3154,R_5PAMRt4s9LlEvnx,b44,44,9,1015,Elephant ears,5,Completely
3155,R_5PAMRt4s9LlEvnx,b44,44,10,1016,fan,1,Not at all
3156,R_5PAMRt4s9LlEvnx,b44,44,11,1017,hanger,1,Not at all
3157,R_5PAMRt4s9LlEvnx,b44,44,12,1018,head,1,Not at all
3158,R_5PAMRt4s9LlEvnx,b44,44,13,1019,heart,1,Not at all
3159,R_5PAMRt4s9LlEvnx,b44,44,14,1020,hot soup,1,Not at all
3160,R_5PAMRt4s9LlEvnx,b44,44,15,1021,infinity symbol,1,Not at all
3161,R_5PAMRt4s9LlEvnx,b44,44,16,1022,ink pencil,1,Not at all
3162,R_5PAMRt4s9LlEvnx,b44,44,17,1023,keychain,3,Moderately
3163,R_5PAMRt4s9LlEvnx,b44,44,18,1024,ladybug,2,A little
3164,R_5PAMRt4s9LlEvnx,b44,44,19,1025,lit match,1,Not at all
3165,R_5PAMRt4s9LlEvnx,b44,44,20,1026,lollipop,1,Not at all
3166,R_5PAMRt4s9LlEvnx,b44,44,21,1027,magnifying glass,1,Not at all
3167,R_5PAMRt4s9LlEvnx,b44,44,22,1028,musical note,1,Not at all
3168,R_5PAMRt4s9LlEvnx,b44,44,23,1029,necklace,1,Not at all
3169,R_5PAMRt4s9LlEvnx,b44,44,24,1030,OVAL,1,Not at all
3170,R_5PAMRt4s9LlEvnx,b44,44,25,1031,pitchfork,1,Not at all
3171,R_5PAMRt4s9LlEvnx,b44,44,26,1032,pocketwatch,1,Not at all
3172,R_5PAMRt4s9LlEvnx,b44,44,27,1033,pumpkin,3,Moderately
3173,R_5PAMRt4s9LlEvnx,b44,44,28,1034,question mrk,1,Not at all
3174,R_5PAMRt4s9LlEvnx,b44,44,29,1035,Semicircle,1,Not at all
3175,R_5PAMRt4s9LlEvnx,b44,44,30,1036,small kite,1,Not at all
3176,R_5PAMRt4s9LlEvnx,b44,44,31,1037,smoking pipe,2,A little
3177,R_5PAMRt4s9LlEvnx,b44,44,32,1038,snake,1,Not at all
3178,R_5PAMRt4s9LlEvnx,b44,44,33,1039,Stringray,4,A lot
3179,R_5PAMRt4s9LlEvnx,b44,44,34,1040,sun glasses,1,Not at all
3180,R_5PAMRt4s9LlEvnx,b44,44,35,1041,sunglasses,1,Not at all
3181,R_5PAMRt4s9LlEvnx,b44,44,36,1042,swan,1,Not at all
3182,R_5PAMRt4s9LlEvnx,b44,44,37,1043,sword,1,Not at all
3183,R_5PAMRt4s9LlEvnx,b44,44,38,1044,tadpole,1,Not at all
3184,R_5PAMRt4s9LlEvnx,b45,45,1,1045,balloon,2,A little
3185,R_5PAMRt4s9LlEvnx,b45,45,2,1046,Circle,1,Not at all
3186,R_5PAMRt4s9LlEvnx,b45,45,3,1047,clock,5,Completely
3187,R_5PAMRt4s9LlEvnx,b45,45,4,1048,cup,1,Not at all
3188,R_5PAMRt4s9LlEvnx,b45,45,5,1049,face,1,Not at all
3189,R_5PAMRt4s9LlEvnx,b45,45,6,1050,fishing pole,1,Not at all
3190,R_5PAMRt4s9LlEvnx,b45,45,7,1051,hanging target,3,Moderately
3191,R_5PAMRt4s9LlEvnx,b45,45,8,1052,key,1,Not at all
3192,R_5PAMRt4s9LlEvnx,b45,45,9,1053,lefty,1,Not at all
3193,R_5PAMRt4s9LlEvnx,b45,45,10,1054,LG symbol,1,Not at all
3194,R_5PAMRt4s9LlEvnx,b45,45,11,1055,lobby button,1,Not at all
3195,R_5PAMRt4s9LlEvnx,b45,45,12,1056,logo,1,Not at all
3196,R_5PAMRt4s9LlEvnx,b45,45,13,1057,lottery ball,1,Not at all
3197,R_5PAMRt4s9LlEvnx,b45,45,14,1058,magnifying glass,1,Not at all
3198,R_5PAMRt4s9LlEvnx,b45,45,15,1059,person,1,Not at all
3199,R_5PAMRt4s9LlEvnx,b45,45,16,1060,power button,1,Not at all
3200,R_5PAMRt4s9LlEvnx,b45,45,17,1061,wheelchair,1,Not at all
3201,R_5PAMRt4s9LlEvnx,b46,46,1,1062,anchor,2,A little
3202,R_5PAMRt4s9LlEvnx,b46,46,2,1063,arch,1,Not at all
3203,R_5PAMRt4s9LlEvnx,b46,46,3,1064,Bride,1,Not at all
3204,R_5PAMRt4s9LlEvnx,b46,46,4,1065,bridge,1,Not at all
3205,R_5PAMRt4s9LlEvnx,b46,46,5,1066,butterfly,1,Not at all
3206,R_5PAMRt4s9LlEvnx,b46,46,6,1067,chalice,1,Not at all
3207,R_5PAMRt4s9LlEvnx,b46,46,7,1068,Chinese Character,1,Not at all
3208,R_5PAMRt4s9LlEvnx,b46,46,8,1069,Circle,1,Not at all
3209,R_5PAMRt4s9LlEvnx,b46,46,9,1070,circle square,1,Not at all
3210,R_5PAMRt4s9LlEvnx,b46,46,10,1071,clover,2,A little
3211,R_5PAMRt4s9LlEvnx,b46,46,11,1072,eight,1,Not at all
3212,R_5PAMRt4s9LlEvnx,b46,46,12,1073,face,1,Not at all
3213,R_5PAMRt4s9LlEvnx,b46,46,13,1074,Grenade,3,Moderately
3214,R_5PAMRt4s9LlEvnx,b46,46,14,1075,handcuffs,1,Not at all
3215,R_5PAMRt4s9LlEvnx,b46,46,15,1076,heart,1,Not at all
3216,R_5PAMRt4s9LlEvnx,b46,46,16,1077,heart,2,A little
3217,R_5PAMRt4s9LlEvnx,b46,46,17,1078,hourglass,1,Not at all
3218,R_5PAMRt4s9LlEvnx,b46,46,18,1079,human face,2,A little
3219,R_5PAMRt4s9LlEvnx,b46,46,19,1080,ice cream,4,A lot
3220,R_5PAMRt4s9LlEvnx,b46,46,20,1081,lamp,3,Moderately
3221,R_5PAMRt4s9LlEvnx,b46,46,21,1082,lightbulb,4,A lot
3222,R_5PAMRt4s9LlEvnx,b46,46,22,1083,medal,3,Moderately
3223,R_5PAMRt4s9LlEvnx,b46,46,23,1084,muffin,5,Completely
3224,R_5PAMRt4s9LlEvnx,b46,46,24,1085,mushroom,3,Moderately
3225,R_5PAMRt4s9LlEvnx,b46,46,25,1086,mustache,1,Not at all
3226,R_5PAMRt4s9LlEvnx,b46,46,26,1087,number 3,1,Not at all
3227,R_5PAMRt4s9LlEvnx,b46,46,27,1088,number 8,1,Not at all
3228,R_5PAMRt4s9LlEvnx,b46,46,28,1089,pop-up toaster,1,Not at all
3229,R_5PAMRt4s9LlEvnx,b46,46,29,1090,port,2,A little
3230,R_5PAMRt4s9LlEvnx,b46,46,30,1091,Prize Ribbon,4,A lot
3231,R_5PAMRt4s9LlEvnx,b46,46,31,1092,snowman,1,Not at all
3232,R_5PAMRt4s9LlEvnx,b46,46,32,1093,spade,3,Moderately
3233,R_5PAMRt4s9LlEvnx,b46,46,33,1094,staple remover,2,A little
3234,R_5PAMRt4s9LlEvnx,b46,46,34,1095,treble clef,1,Not at all
3235,R_5PAMRt4s9LlEvnx,b46,46,35,1096,tuning fork,1,Not at all
3236,R_5PAMRt4s9LlEvnx,b46,46,36,1097,window,1,Not at all
3237,R_5PAMRt4s9LlEvnx,b46,46,37,1098,yin yang,1,Not at all
3238,R_5PAMRt4s9LlEvnx,b47,47,1,1099,anchor,1,Not at all
3239,R_5PAMRt4s9LlEvnx,b47,47,2,1100,asclepius rod,1,Not at all
3240,R_5PAMRt4s9LlEvnx,b47,47,3,1101,ball,1,Not at all
3241,R_5PAMRt4s9LlEvnx,b47,47,4,1102,balloon,1,Not at all
3242,R_5PAMRt4s9LlEvnx,b47,47,5,1103,bridge,1,Not at all
3243,R_5PAMRt4s9LlEvnx,b47,47,6,1104,butterfly,1,Not at all
3244,R_5PAMRt4s9LlEvnx,b47,47,7,1105,c clamp,1,Not at all
3245,R_5PAMRt4s9LlEvnx,b47,47,8,1106,circular shrug,1,Not at all
3246,R_5PAMRt4s9LlEvnx,b47,47,9,1107,computer mouse,5,Completely
3247,R_5PAMRt4s9LlEvnx,b47,47,10,1108,cross circle,1,Not at all
3248,R_5PAMRt4s9LlEvnx,b47,47,11,1109,Crosshair,1,Not at all
3249,R_5PAMRt4s9LlEvnx,b47,47,12,1110,dog shape,1,Not at all
3250,R_5PAMRt4s9LlEvnx,b47,47,13,1111,dollar sign,1,Not at all
3251,R_5PAMRt4s9LlEvnx,b47,47,14,1112,key,1,Not at all
3252,R_5PAMRt4s9LlEvnx,b47,47,15,1113,keychain,1,Not at all
3253,R_5PAMRt4s9LlEvnx,b47,47,16,1114,Kite,1,Not at all
3254,R_5PAMRt4s9LlEvnx,b47,47,17,1115,lamp,1,Not at all
3255,R_5PAMRt4s9LlEvnx,b47,47,18,1116,mountain,1,Not at all
3256,R_5PAMRt4s9LlEvnx,b47,47,19,1117,Mouse,5,Completely
3257,R_5PAMRt4s9LlEvnx,b47,47,20,1118,musical clef,1,Not at all
3258,R_5PAMRt4s9LlEvnx,b47,47,21,1119,Pill,2,A little
3259,R_5PAMRt4s9LlEvnx,b47,47,22,1120,pulley,1,Not at all
3260,R_5PAMRt4s9LlEvnx,b47,47,23,1121,scissors,1,Not at all
3261,R_5PAMRt4s9LlEvnx,b47,47,24,1122,snail,1,Not at all
3262,R_5PAMRt4s9LlEvnx,b47,47,25,1123,Square,1,Not at all
3263,R_5PAMRt4s9LlEvnx,b47,47,26,1124,stethoscope,1,Not at all
3264,R_5PAMRt4s9LlEvnx,b47,47,27,1125,teapot,1,Not at all
3265,R_5PAMRt4s9LlEvnx,b47,47,28,1126,treble clef,1,Not at all
3266,R_5PAMRt4s9LlEvnx,b47,47,29,1127,Vase,1,Not at all
3267,R_5PAMRt4s9LlEvnx,b47,47,30,1128,Wings,1,Not at all
3268,R_5PAMRt4s9LlEvnx,b47,47,31,1129,Yo-yo,2,A little
3269,R_5PAMRt4s9LlEvnx,b48,48,1,1130,a tree,1,Not at all
3270,R_5PAMRt4s9LlEvnx,b48,48,2,1131,anchor,2,A little
3271,R_5PAMRt4s9LlEvnx,b48,48,3,1132,Drawn Bow,1,Not at all
3272,R_5PAMRt4s9LlEvnx,b48,48,4,1133,flagpole,3,Moderately
3273,R_5PAMRt4s9LlEvnx,b48,48,5,1134,goal post,3,Moderately
3274,R_5PAMRt4s9LlEvnx,b48,48,6,1135,hammer,2,A little
3275,R_5PAMRt4s9LlEvnx,b48,48,7,1136,I imagined a X,1,Not at all
3276,R_5PAMRt4s9LlEvnx,b48,48,8,1137,inverted T,1,Not at all
3277,R_5PAMRt4s9LlEvnx,b48,48,9,1138,knife,1,Not at all
3278,R_5PAMRt4s9LlEvnx,b48,48,10,1139,lamp,2,A little
3279,R_5PAMRt4s9LlEvnx,b48,48,11,1140,letter E,1,Not at all
3280,R_5PAMRt4s9LlEvnx,b48,48,12,1141,letter T,5,Completely
3281,R_5PAMRt4s9LlEvnx,b48,48,13,1142,letter x,1,Not at all
3282,R_5PAMRt4s9LlEvnx,b48,48,14,1143,letter Y,1,Not at all
3283,R_5PAMRt4s9LlEvnx,b48,48,15,1144,line graph,1,Not at all
3284,R_5PAMRt4s9LlEvnx,b48,48,16,1145,pedestal table,3,Moderately
3285,R_5PAMRt4s9LlEvnx,b48,48,17,1146,plus sign,1,Not at all
3286,R_5PAMRt4s9LlEvnx,b48,48,18,1147,signpost,3,Moderately
3287,R_5PAMRt4s9LlEvnx,b48,48,19,1148,square,1,Not at all
3288,R_5PAMRt4s9LlEvnx,b48,48,20,1149,T-square,1,Not at all
3289,R_5PAMRt4s9LlEvnx,b48,48,21,1150,table,3,Moderately
3290,R_5PAMRt4s9LlEvnx,b48,48,22,1151,tee,3,Moderately
3291,R_5PAMRt4s9LlEvnx,b48,48,23,1152,Tent,1,Not at all
3292,R_5PAMRt4s9LlEvnx,b48,48,24,1153,tetris block,4,A lot
3293,R_5PAMRt4s9LlEvnx,b48,48,25,1154,uppercase pi,1,Not at all
3294,R_5PAMRt4s9LlEvnx,b49,49,1,1155,Antennae,1,Not at all
3295,R_5PAMRt4s9LlEvnx,b49,49,2,1156,arrow,1,Not at all
3296,R_5PAMRt4s9LlEvnx,b49,49,3,1157,beach,1,Not at all
3297,R_5PAMRt4s9LlEvnx,b49,49,4,1158,bikini set,1,Not at all
3298,R_5PAMRt4s9LlEvnx,b49,49,5,1159,Bird Beak,1,Not at all
3299,R_5PAMRt4s9LlEvnx,b49,49,6,1160,bird head,1,Not at all
3300,R_5PAMRt4s9LlEvnx,b49,49,7,1161,bull skull,1,Not at all
3301,R_5PAMRt4s9LlEvnx,b49,49,8,1162,butterfly,1,Not at all
3302,R_5PAMRt4s9LlEvnx,b49,49,9,1163,Cherries,2,A little
3303,R_5PAMRt4s9LlEvnx,b49,49,10,1164,evil face,1,Not at all
3304,R_5PAMRt4s9LlEvnx,b49,49,11,1165,heart,5,Completely
3305,R_5PAMRt4s9LlEvnx,b49,49,12,1166,ice cream,3,Moderately
3306,R_5PAMRt4s9LlEvnx,b49,49,13,1167,love,5,Completely
3307,R_5PAMRt4s9LlEvnx,b49,49,14,1168,M triangle,1,Not at all
3308,R_5PAMRt4s9LlEvnx,b49,49,15,1169,mountain,1,Not at all
3309,R_5PAMRt4s9LlEvnx,b49,49,16,1170,owl,1,Not at all
3310,R_5PAMRt4s9LlEvnx,b49,49,17,1171,pendant lights,1,Not at all
3311,R_5PAMRt4s9LlEvnx,b49,49,18,1172,Pizza,1,Not at all
3312,R_5PAMRt4s9LlEvnx,b49,49,19,1173,scissors,1,Not at all
3313,R_5PAMRt4s9LlEvnx,b49,49,20,1174,Triangle,1,Not at all
3314,R_5PAMRt4s9LlEvnx,b50,50,1,1175,anchor,1,Not at all
3315,R_5PAMRt4s9LlEvnx,b50,50,2,1176,arrow,1,Not at all
3316,R_5PAMRt4s9LlEvnx,b50,50,3,1177,Broom,1,Not at all
3317,R_5PAMRt4s9LlEvnx,b50,50,4,1178,candelabra,1,Not at all
3318,R_5PAMRt4s9LlEvnx,b50,50,5,1179,cartoon image,1,Not at all
3319,R_5PAMRt4s9LlEvnx,b50,50,6,1180,Doll,4,A lot
3320,R_5PAMRt4s9LlEvnx,b50,50,7,1181,Electric tower,1,Not at all
3321,R_5PAMRt4s9LlEvnx,b50,50,8,1182,Female Logo,1,Not at all
3322,R_5PAMRt4s9LlEvnx,b50,50,9,1183,hourglass,1,Not at all
3323,R_5PAMRt4s9LlEvnx,b50,50,10,1184,human sketch,5,Completely
3324,R_5PAMRt4s9LlEvnx,b50,50,11,1185,Key,1,Not at all
3325,R_5PAMRt4s9LlEvnx,b50,50,12,1186,martini glass,1,Not at all
3326,R_5PAMRt4s9LlEvnx,b50,50,13,1187,mirror,1,Not at all
3327,R_5PAMRt4s9LlEvnx,b50,50,14,1188,person,5,Completely
3328,R_5PAMRt4s9LlEvnx,b50,50,15,1189,slingshot,1,Not at all
3329,R_5PAMRt4s9LlEvnx,b50,50,16,1190,Standing lamp,1,Not at all
3330,R_5PAMRt4s9LlEvnx,b50,50,17,1191,stick figure,5,Completely
3331,R_5PAMRt4s9LlEvnx,b50,50,18,1192,stick person,5,Completely
3332,R_5PAMRt4s9LlEvnx,b50,50,19,1193,stickman,5,Completely
3333,R_5PAMRt4s9LlEvnx,b50,50,20,1194,tree,1,Not at all
3334,R_5PAMRt4s9LlEvnx,b50,50,21,1195,trident,1,Not at all
3335,R_5PAMRt4s9LlEvnx,b50,50,22,1196,wine glass,1,Not at all
3336,R_5PAMRt4s9LlEvnx,b51,51,1,1197,birdhouse,3,Moderately
3337,R_5PAMRt4s9LlEvnx,b51,51,2,1198,crest,1,Not at all
3338,R_5PAMRt4s9LlEvnx,b51,51,3,1199,figure,1,Not at all
3339,R_5PAMRt4s9LlEvnx,b51,51,4,1200,headstanding man,1,Not at all
3340,R_5PAMRt4s9LlEvnx,b51,51,5,1201,house,1,Not at all
3341,R_5PAMRt4s9LlEvnx,b51,51,6,1202,key,1,Not at all
3342,R_5PAMRt4s9LlEvnx,b51,51,7,1203,keyhole,1,Not at all
3343,R_5PAMRt4s9LlEvnx,b51,51,8,1204,medal,1,Not at all
3344,R_5PAMRt4s9LlEvnx,b51,51,9,1205,person,1,Not at all
3345,R_5PAMRt4s9LlEvnx,b51,51,10,1206,plant,1,Not at all
3346,R_5PAMRt4s9LlEvnx,b51,51,11,1207,present,3,Moderately
3347,R_5PAMRt4s9LlEvnx,b51,51,12,1208,RADIO,5,Completely
3348,R_5PAMRt4s9LlEvnx,b51,51,13,1209,Robot,1,Not at all
3349,R_5PAMRt4s9LlEvnx,b51,51,14,1210,robot arm,1,Not at all
3350,R_5PAMRt4s9LlEvnx,b51,51,15,1211,Satellite dish,1,Not at all
3351,R_5PAMRt4s9LlEvnx,b51,51,16,1212,Square,1,Not at all
3352,R_5PAMRt4s9LlEvnx,b51,51,17,1213,television,5,Completely
3353,R_5PAMRt4s9LlEvnx,b51,51,18,1214,transistor radio,4,A lot
3354,R_5PAMRt4s9LlEvnx,b51,51,19,1215,TV,5,Completely
3355,R_5PAMRt4s9LlEvnx,b51,51,20,1216,upside-down person,1,Not at all
3356,R_5PAMRt4s9LlEvnx,b51,51,21,1217,weight balance,1,Not at all
3357,R_5PAMRt4s9LlEvnx,b51,51,22,1218,wheelbarrow,1,Not at all
3358,R_5PAMRt4s9LlEvnx,b52,52,1,1219,comb,2,A little
3359,R_5PAMRt4s9LlEvnx,b52,52,2,1220,Cross,1,Not at all
3360,R_5PAMRt4s9LlEvnx,b52,52,3,1221,crosshair,1,Not at all
3361,R_5PAMRt4s9LlEvnx,b52,52,4,1222,flagpole,3,Moderately
3362,R_5PAMRt4s9LlEvnx,b52,52,5,1223,forklift,1,Not at all
3363,R_5PAMRt4s9LlEvnx,b52,52,6,1224,letter E,1,Not at all
3364,R_5PAMRt4s9LlEvnx,b52,52,7,1225,letter F,5,Completely
3365,R_5PAMRt4s9LlEvnx,b52,52,8,1226,letter T,1,Not at all
3366,R_5PAMRt4s9LlEvnx,b52,52,9,1227,line,1,Not at all
3367,R_5PAMRt4s9LlEvnx,b52,52,10,1228,lowercase r,1,Not at all
3368,R_5PAMRt4s9LlEvnx,b52,52,11,1229,pattern,1,Not at all
3369,R_5PAMRt4s9LlEvnx,b52,52,12,1230,picket fence,1,Not at all
3370,R_5PAMRt4s9LlEvnx,b52,52,13,1231,plus sign,1,Not at all
3371,R_5PAMRt4s9LlEvnx,b52,52,14,1232,signpost,2,A little
3372,R_5PAMRt4s9LlEvnx,b52,52,15,1233,Square rotated,1,Not at all
3373,R_5PAMRt4s9LlEvnx,b52,52,16,1234,star,1,Not at all
3374,R_5PAMRt4s9LlEvnx,b52,52,17,1235,step stool,1,Not at all
3375,R_5PAMRt4s9LlEvnx,b52,52,18,1236,Sword,1,Not at all
3376,R_5PAMRt4s9LlEvnx,b52,52,19,1237,toothbrush,1,Not at all
3377,R_5PAMRt4s9LlEvnx,b52,52,20,1238,triangle,1,Not at all
3378,R_5PAMRt4s9LlEvnx,b53,53,1,1239,Abstract umbrella,1,Not at all
3379,R_5PAMRt4s9LlEvnx,b53,53,2,1240,aircraft,1,Not at all
3380,R_5PAMRt4s9LlEvnx,b53,53,3,1241,arrow,1,Not at all
3381,R_5PAMRt4s9LlEvnx,b53,53,4,1242,bell,1,Not at all
3382,R_5PAMRt4s9LlEvnx,b53,53,5,1243,Boat,5,Completely
3383,R_5PAMRt4s9LlEvnx,b53,53,6,1244,desk lamp,1,Not at all
3384,R_5PAMRt4s9LlEvnx,b53,53,7,1245,flag bracket,1,Not at all
3385,R_5PAMRt4s9LlEvnx,b53,53,8,1246,golf club,1,Not at all
3386,R_5PAMRt4s9LlEvnx,b53,53,9,1247,Key,1,Not at all
3387,R_5PAMRt4s9LlEvnx,b53,53,10,1248,keyhole,1,Not at all
3388,R_5PAMRt4s9LlEvnx,b53,53,11,1249,lightening bolt,1,Not at all
3389,R_5PAMRt4s9LlEvnx,b53,53,12,1250,microscope,1,Not at all
3390,R_5PAMRt4s9LlEvnx,b53,53,13,1251,musical note,1,Not at all
3391,R_5PAMRt4s9LlEvnx,b53,53,14,1252,number 6,1,Not at all
3392,R_5PAMRt4s9LlEvnx,b53,53,15,1253,pitching wedge,1,Not at all
3393,R_5PAMRt4s9LlEvnx,b53,53,16,1254,sailboat,5,Completely
3394,R_5PAMRt4s9LlEvnx,b53,53,17,1255,spade,1,Not at all
3395,R_5PAMRt4s9LlEvnx,b53,53,18,1256,swing set,1,Not at all
3396,R_5PAMRt4s9LlEvnx,b53,53,19,1257,tulip,1,Not at all
3397,R_5PAMRt4s9LlEvnx,b53,53,20,1258,turtle,1,Not at all
3398,R_5PAMRt4s9LlEvnx,b53,53,21,1259,wall sconce,1,Not at all
3399,R_5PAMRt4s9LlEvnx,b54,54,1,1260,Ant,1,Not at all
3400,R_5PAMRt4s9LlEvnx,b54,54,2,1261,Basketball hoop,1,Not at all
3401,R_5PAMRt4s9LlEvnx,b54,54,3,1262,bottle opener,2,A little
3402,R_5PAMRt4s9LlEvnx,b54,54,4,1263,Brush,1,Not at all
3403,R_5PAMRt4s9LlEvnx,b54,54,5,1264,butterfly,1,Not at all
3404,R_5PAMRt4s9LlEvnx,b54,54,6,1265,coat hook,2,A little
3405,R_5PAMRt4s9LlEvnx,b54,54,7,1266,concave,1,Not at all
3406,R_5PAMRt4s9LlEvnx,b54,54,8,1267,dumbbell,1,Not at all
3407,R_5PAMRt4s9LlEvnx,b54,54,9,1268,flag,1,Not at all
3408,R_5PAMRt4s9LlEvnx,b54,54,10,1269,gas pump,1,Not at all
3409,R_5PAMRt4s9LlEvnx,b54,54,11,1270,golf club,1,Not at all
3410,R_5PAMRt4s9LlEvnx,b54,54,12,1271,key,3,Moderately
3411,R_5PAMRt4s9LlEvnx,b54,54,13,1272,key,2,A little
3412,R_5PAMRt4s9LlEvnx,b54,54,14,1273,music clef,3,Moderately
3413,R_5PAMRt4s9LlEvnx,b54,54,15,1274,music note,4,A lot
3414,R_5PAMRt4s9LlEvnx,b54,54,16,1275,music note,5,Completely
3415,R_5PAMRt4s9LlEvnx,b54,54,17,1276,paperclip,2,A little
3416,R_5PAMRt4s9LlEvnx,b54,54,18,1277,smoking pipe,1,Not at all
3417,R_5PAMRt4s9LlEvnx,b54,54,19,1278,wrench,1,Not at all
3418,R_5PAMRt4s9LlEvnx,b55,55,1,1279,anchor,2,A little
3419,R_5PAMRt4s9LlEvnx,b55,55,2,1280,arm,1,Not at all
3420,R_5PAMRt4s9LlEvnx,b55,55,3,1281,arrow,2,A little
3421,R_5PAMRt4s9LlEvnx,b55,55,4,1282,arrowhead,1,Not at all
3422,R_5PAMRt4s9LlEvnx,b55,55,5,1283,Cat snout,3,Moderately
3423,R_5PAMRt4s9LlEvnx,b55,55,6,1284,coat rack,2,A little
3424,R_5PAMRt4s9LlEvnx,b55,55,7,1285,flagpole,3,Moderately
3425,R_5PAMRt4s9LlEvnx,b55,55,8,1286,glass,4,A lot
3426,R_5PAMRt4s9LlEvnx,b55,55,9,1287,martini glass,5,Completely
3427,R_5PAMRt4s9LlEvnx,b55,55,10,1288,peace sign,1,Not at all
3428,R_5PAMRt4s9LlEvnx,b55,55,11,1289,shovel,4,A lot
3429,R_5PAMRt4s9LlEvnx,b55,55,12,1290,spade,3,Moderately
3430,R_5PAMRt4s9LlEvnx,b55,55,13,1291,stand,2,A little
3431,R_5PAMRt4s9LlEvnx,b55,55,14,1292,Tree,2,A little
3432,R_5PAMRt4s9LlEvnx,b55,55,15,1293,Tulip,4,A lot
3433,R_5PAMRt4s9LlEvnx,b55,55,16,1294,wine glass,4,A lot
3434,R_5PAMRt4s9LlEvnx,b55,55,17,1295,yield sign,5,Completely
3435,R_5PAMRt4s9LlEvnx,b56,56,1,1296,arm,1,Not at all
3436,R_5PAMRt4s9LlEvnx,b56,56,2,1297,arrow,1,Not at all
3437,R_5PAMRt4s9LlEvnx,b56,56,3,1298,balloon,1,Not at all
3438,R_5PAMRt4s9LlEvnx,b56,56,4,1299,beats symbol,1,Not at all
3439,R_5PAMRt4s9LlEvnx,b56,56,5,1300,checkmark,1,Not at all
3440,R_5PAMRt4s9LlEvnx,b56,56,6,1301,circle,1,Not at all
3441,R_5PAMRt4s9LlEvnx,b56,56,7,1302,clock,5,Completely
3442,R_5PAMRt4s9LlEvnx,b56,56,8,1303,diagram,2,A little
3443,R_5PAMRt4s9LlEvnx,b56,56,9,1304,down arrow,1,Not at all
3444,R_5PAMRt4s9LlEvnx,b56,56,10,1305,eye,1,Not at all
3445,R_5PAMRt4s9LlEvnx,b56,56,11,1306,eyeball,1,Not at all
3446,R_5PAMRt4s9LlEvnx,b56,56,12,1307,Large circle,1,Not at all
3447,R_5PAMRt4s9LlEvnx,b56,56,13,1308,peace sign,1,Not at all
3448,R_5PAMRt4s9LlEvnx,b56,56,14,1309,pie chart,5,Completely
3449,R_5PAMRt4s9LlEvnx,b56,56,15,1310,Potato,1,Not at all
3450,R_5PAMRt4s9LlEvnx,b56,56,16,1311,power button,1,Not at all
3451,R_5PAMRt4s9LlEvnx,b56,56,17,1312,registered trademark,1,Not at all
3452,R_5PAMRt4s9LlEvnx,b56,56,18,1313,sign,1,Not at all
3453,R_5PAMRt4s9LlEvnx,b56,56,19,1314,sliced pie,5,Completely
3454,R_5PAMRt4s9LlEvnx,b56,56,20,1315,tabacco pipe,1,Not at all
3455,R_5PAMRt4s9LlEvnx,b56,56,21,1316,verified icon,2,A little
3456,R_5PAMRt4s9LlEvnx,b57,57,1,1317,bow tie,2,A little
3457,R_5PAMRt4s9LlEvnx,b57,57,2,1318,concave quadrilateral,1,Not at all
3458,R_5PAMRt4s9LlEvnx,b57,57,3,1319,cross brace,2,A little
3459,R_5PAMRt4s9LlEvnx,b57,57,4,1320,Electric symbol,1,Not at all
3460,R_5PAMRt4s9LlEvnx,b57,57,5,1321,hashtag,1,Not at all
3461,R_5PAMRt4s9LlEvnx,b57,57,6,1322,heavy lift,3,Moderately
3462,R_5PAMRt4s9LlEvnx,b57,57,7,1323,hourglass,5,Completely
3463,R_5PAMRt4s9LlEvnx,b57,57,8,1324,kite,3,Moderately
3464,R_5PAMRt4s9LlEvnx,b57,57,9,1325,not equal,1,Not at all
3465,R_5PAMRt4s9LlEvnx,b57,57,10,1326,railroad crossing,1,Not at all
3466,R_5PAMRt4s9LlEvnx,b57,57,11,1327,scissors,1,Not at all
3467,R_5PAMRt4s9LlEvnx,b57,57,12,1328,Small Peaks,1,Not at all
3468,R_5PAMRt4s9LlEvnx,b57,57,13,1329,Spring,4,A lot
3469,R_5PAMRt4s9LlEvnx,b57,57,14,1330,stacked triangles,1,Not at all
3470,R_5PAMRt4s9LlEvnx,b57,57,15,1331,table,3,Moderately
3471,R_5PAMRt4s9LlEvnx,b57,57,16,1332,tape dispenser,1,Not at all
3472,R_5PAMRt4s9LlEvnx,b57,57,17,1333,tie,2,A little
3473,R_5PAMRt4s9LlEvnx,b57,57,18,1334,truss bridge,2,A little
3474,R_5PAMRt4s9LlEvnx,b57,57,19,1335,windmill,1,Not at all
3475,R_5PAMRt4s9LlEvnx,b57,57,20,1336,window,2,A little
3476,R_5PAMRt4s9LlEvnx,b57,57,21,1337,zipper,1,Not at all
3477,R_5PAMRt4s9LlEvnx,b57,57,22,1338,Zorro symbol,1,Not at all
3478,R_5PAMRt4s9LlEvnx,b58,58,1,1339,anchor,3,Moderately
3479,R_5PAMRt4s9LlEvnx,b58,58,2,1340,elephant trunk,2,A little
3480,R_5PAMRt4s9LlEvnx,b58,58,3,1341,fishing hook,3,Moderately
3481,R_5PAMRt4s9LlEvnx,b58,58,4,1342,hanging scale,2,A little
3482,R_5PAMRt4s9LlEvnx,b58,58,5,1343,letter G,1,Not at all
3483,R_5PAMRt4s9LlEvnx,b58,58,6,1344,Motor Boat,1,Not at all
3484,R_5PAMRt4s9LlEvnx,b58,58,7,1345,musical clef,2,A little
3485,R_5PAMRt4s9LlEvnx,b58,58,8,1346,pipe wrench,1,Not at all
3486,R_5PAMRt4s9LlEvnx,b58,58,9,1347,Radius,1,Not at all
3487,R_5PAMRt4s9LlEvnx,b58,58,10,1348,Song,1,Not at all
3488,R_5PAMRt4s9LlEvnx,b58,58,11,1349,umbrella,5,Completely
3489,R_5PAMRt4s9LlEvnx,b59,59,1,1350,Angle,1,Not at all
3490,R_5PAMRt4s9LlEvnx,b59,59,2,1351,arrow,4,A lot
3491,R_5PAMRt4s9LlEvnx,b59,59,3,1352,arrowhead,2,A little
3492,R_5PAMRt4s9LlEvnx,b59,59,4,1353,beach umbrella,4,A lot
3493,R_5PAMRt4s9LlEvnx,b59,59,5,1354,bird feeder,3,Moderately
3494,R_5PAMRt4s9LlEvnx,b59,59,6,1355,bridge,1,Not at all
3495,R_5PAMRt4s9LlEvnx,b59,59,7,1356,campfire,2,A little
3496,R_5PAMRt4s9LlEvnx,b59,59,8,1357,canopy,4,A lot
3497,R_5PAMRt4s9LlEvnx,b59,59,9,1358,chimney,1,Not at all
3498,R_5PAMRt4s9LlEvnx,b59,59,10,1359,gymnastics apparatus,3,Moderately
3499,R_5PAMRt4s9LlEvnx,b59,59,11,1360,hat,1,Not at all
3500,R_5PAMRt4s9LlEvnx,b59,59,12,1361,house,1,Not at all
3501,R_5PAMRt4s9LlEvnx,b59,59,13,1362,rhombus,1,Not at all
3502,R_5PAMRt4s9LlEvnx,b59,59,14,1363,rocket,2,A little
3503,R_5PAMRt4s9LlEvnx,b59,59,15,1364,sailboat,1,Not at all
3504,R_5PAMRt4s9LlEvnx,b59,59,16,1365,ship sail,2,A little
3505,R_5PAMRt4s9LlEvnx,b59,59,17,1366,tree,4,A lot
3506,R_5PAMRt4s9LlEvnx,b59,59,18,1367,tripod,1,Not at all
3507,R_5PAMRt4s9LlEvnx,b59,59,19,1368,vortex,1,Not at all
3508,R_5PAMRt4s9LlEvnx,b60,60,1,1369,box cone,1,Not at all
3509,R_5PAMRt4s9LlEvnx,b60,60,2,1370,cake,3,Moderately
3510,R_5PAMRt4s9LlEvnx,b60,60,3,1371,cube,1,Not at all
3511,R_5PAMRt4s9LlEvnx,b60,60,4,1372,diamond,1,Not at all
3512,R_5PAMRt4s9LlEvnx,b60,60,5,1373,envelope,3,Moderately
3513,R_5PAMRt4s9LlEvnx,b60,60,6,1374,house,5,Completely
3514,R_5PAMRt4s9LlEvnx,b60,60,7,1375,hut,4,A lot
3515,R_5PAMRt4s9LlEvnx,b60,60,8,1376,party hat,1,Not at all
3516,R_5PAMRt4s9LlEvnx,b60,60,9,1377,roof,3,Moderately
3517,R_5PAMRt4s9LlEvnx,b60,60,10,1378,television,1,Not at all
3518,R_5PAMRt4s9LlEvnx,b60,60,11,1379,trapezium,1,Not at all
3519,R_5PAMRt4s9LlEvnx,b60,60,12,1380,TV,1,Not at all
3520,R_67eSmIK0G9W8iyg,b1,1,1,1,iron bars,2,A little
3521,R_67eSmIK0G9W8iyg,b1,1,2,2,ladder section,5,Completely
3522,R_67eSmIK0G9W8iyg,b1,1,3,3,scaffolding tower,5,Completely
3523,R_67eSmIK0G9W8iyg,b2,2,1,4,roman numeral,1,Not at all
3524,R_67eSmIK0G9W8iyg,b3,3,1,5,scale hourglass,1,Not at all
3525,R_67eSmIK0G9W8iyg,b3,3,2,6,eyeglasses bridge,5,Completely
3526,R_67eSmIK0G9W8iyg,b4,4,1,7,hourglass,1,Not at all
3527,R_67eSmIK0G9W8iyg,b4,4,2,8,parentheses,1,Not at all
3528,R_67eSmIK0G9W8iyg,b4,4,3,9,bow tie,1,Not at all
3529,R_67eSmIK0G9W8iyg,b5,5,1,10,greek beta,1,Not at all
3530,R_67eSmIK0G9W8iyg,b5,5,2,11,handshake,1,Not at all
3531,R_67eSmIK0G9W8iyg,b6,6,1,12,spectacles frame,5,Completely
3532,R_67eSmIK0G9W8iyg,b6,6,2,13,round glasses,5,Completely
3533,R_67eSmIK0G9W8iyg,b6,6,3,14,horse blinders,4,A lot
3534,R_67eSmIK0G9W8iyg,b6,6,4,15,sunglasses,5,Completely
3535,R_67eSmIK0G9W8iyg,b6,6,5,16,infinity antenna,2,A little
3536,R_67eSmIK0G9W8iyg,b7,7,1,17,bow tie,1,Not at all
3537,R_67eSmIK0G9W8iyg,b7,7,2,18,arrowhead,5,Completely
3538,R_67eSmIK0G9W8iyg,b7,7,3,19,h,1,Not at all
3539,R_67eSmIK0G9W8iyg,b7,7,4,20,double‑headed arrow,5,Completely
3540,R_67eSmIK0G9W8iyg,b8,8,1,21,binder clip,3,Moderately
3541,R_67eSmIK0G9W8iyg,b8,8,2,22,scarab beetle,4,A lot
3542,R_67eSmIK0G9W8iyg,b8,8,3,23,chain link,1,Not at all
3543,R_67eSmIK0G9W8iyg,b8,8,4,24,crown hourglass,1,Not at all
3544,R_67eSmIK0G9W8iyg,b8,8,5,25,spectacle frame,1,Not at all
3545,R_67eSmIK0G9W8iyg,b9,9,1,26,stone archway,1,Not at all
3546,R_67eSmIK0G9W8iyg,b9,9,2,27,rabbit,1,Not at all
3547,R_67eSmIK0G9W8iyg,b9,9,3,28,hourglass seal,1,Not at all
3548,R_67eSmIK0G9W8iyg,b9,9,4,29,crown symbol,1,Not at all
3549,R_67eSmIK0G9W8iyg,b10,10,1,30,eject button,1,Not at all
3550,R_67eSmIK0G9W8iyg,b10,10,2,31,candle holder,5,Completely
3551,R_67eSmIK0G9W8iyg,b11,11,1,32,keyhole slot,3,Moderately
3552,R_67eSmIK0G9W8iyg,b11,11,2,33,trident fork,5,Completely
3553,R_67eSmIK0G9W8iyg,b11,11,3,34,power plug,4,A lot
3554,R_67eSmIK0G9W8iyg,b12,12,1,35,hot air balloon,2,A little
3555,R_67eSmIK0G9W8iyg,b12,12,2,36,martini glass,4,A lot
3556,R_67eSmIK0G9W8iyg,b12,12,3,37,serif y,1,Not at all
3557,R_67eSmIK0G9W8iyg,b12,12,4,38,fishing hook,1,Not at all
3558,R_67eSmIK0G9W8iyg,b12,12,5,39,flagpole,1,Not at all
3559,R_67eSmIK0G9W8iyg,b13,13,1,40,watering can,1,Not at all
3560,R_67eSmIK0G9W8iyg,b14,14,1,41,anchor,1,Not at all
3561,R_67eSmIK0G9W8iyg,b14,14,2,42,fish hook,1,Not at all
3562,R_67eSmIK0G9W8iyg,b14,14,3,43,scoop handle,3,Moderately
3563,R_67eSmIK0G9W8iyg,b15,15,1,44,hourglass,1,Not at all
3564,R_67eSmIK0G9W8iyg,b15,15,2,45,pencil tip,5,Completely
3565,R_67eSmIK0G9W8iyg,b15,15,3,46,diamond shape,3,Moderately
3566,R_67eSmIK0G9W8iyg,b16,16,1,47,stone arch,1,Not at all
3567,R_67eSmIK0G9W8iyg,b16,16,2,48,tent shelter,1,Not at all
3568,R_67eSmIK0G9W8iyg,b17,17,1,49,snake tongue,1,Not at all
3569,R_67eSmIK0G9W8iyg,b17,17,2,50,fishing hook,1,Not at all
3570,R_67eSmIK0G9W8iyg,b17,17,3,51,teardrop,2,A little
3571,R_67eSmIK0G9W8iyg,b18,18,1,52,bow tie,1,Not at all
3572,R_67eSmIK0G9W8iyg,b18,18,2,53,bluetooth logo,1,Not at all
3573,R_67eSmIK0G9W8iyg,b18,18,3,54,arrowhead,2,A little
3574,R_67eSmIK0G9W8iyg,b19,19,1,55,violin scroll,1,Not at all
3575,R_67eSmIK0G9W8iyg,b19,19,2,56,fish,1,Not at all
3576,R_67eSmIK0G9W8iyg,b19,19,3,57,light bulb,2,A little
3577,R_67eSmIK0G9W8iyg,b19,19,4,58,electric plug,1,Not at all
3578,R_67eSmIK0G9W8iyg,b19,19,5,59,spacer bar,1,Not at all
3579,R_67eSmIK0G9W8iyg,b19,19,6,60,safety pin,1,Not at all
3580,R_67eSmIK0G9W8iyg,b19,19,7,61,compact disc,1,Not at all
3581,R_67eSmIK0G9W8iyg,b20,20,1,62,stop sign,2,A little
3582,R_67eSmIK0G9W8iyg,b20,20,2,63,chess pawn,5,Completely
3583,R_67eSmIK0G9W8iyg,b20,20,3,64,goblet stand,1,Not at all
3584,R_67eSmIK0G9W8iyg,b21,21,1,65,key,1,Not at all
3585,R_67eSmIK0G9W8iyg,b21,21,2,66,chess pawn,5,Completely
3586,R_67eSmIK0G9W8iyg,b21,21,3,67,skeleton key,1,Not at all
3587,R_67eSmIK0G9W8iyg,b21,21,4,68,golf club,1,Not at all
3588,R_67eSmIK0G9W8iyg,b21,21,5,69,paperclip,1,Not at all
3589,R_67eSmIK0G9W8iyg,b22,22,1,70,hourglass,1,Not at all
3590,R_67eSmIK0G9W8iyg,b22,22,2,71,letter a,1,Not at all
3591,R_67eSmIK0G9W8iyg,b22,22,3,72,subset symbol,1,Not at all
3592,R_67eSmIK0G9W8iyg,b23,23,1,73,snake vase,1,Not at all
3593,R_67eSmIK0G9W8iyg,b23,23,2,74,world pillar,3,Moderately
3594,R_67eSmIK0G9W8iyg,b24,24,1,75,water tap,5,Completely
3595,R_67eSmIK0G9W8iyg,b24,24,2,76,fishing hook,3,Moderately
3596,R_67eSmIK0G9W8iyg,b24,24,3,77,enter key,1,Not at all
3597,R_67eSmIK0G9W8iyg,b25,25,1,78,paint roller,3,Moderately
3598,R_67eSmIK0G9W8iyg,b25,25,2,79,l bracket,1,Not at all
3599,R_67eSmIK0G9W8iyg,b25,25,3,80,greek gamma,1,Not at all
3600,R_67eSmIK0G9W8iyg,b26,26,1,81,diamond,1,Not at all
3601,R_67eSmIK0G9W8iyg,b26,26,2,82,javelin,1,Not at all
3602,R_67eSmIK0G9W8iyg,b26,26,3,83,plumb line,1,Not at all
3603,R_67eSmIK0G9W8iyg,b26,26,4,84,arrow shaft,1,Not at all
3604,R_67eSmIK0G9W8iyg,b27,27,1,85,mail slot,3,Moderately
3605,R_67eSmIK0G9W8iyg,b27,27,2,86,open frame,3,Moderately
3606,R_67eSmIK0G9W8iyg,b27,27,3,87,stapler frame,3,Moderately
3607,R_67eSmIK0G9W8iyg,b28,28,1,88,spectacle temples,3,Moderately
3608,R_67eSmIK0G9W8iyg,b28,28,2,89,bed,2,A little
3609,R_67eSmIK0G9W8iyg,b28,28,3,90,male symbol,1,Not at all
3610,R_67eSmIK0G9W8iyg,b29,29,1,91,key,2,A little
3611,R_67eSmIK0G9W8iyg,b29,29,2,92,sailboat,2,A little
3612,R_67eSmIK0G9W8iyg,b29,29,3,93,tie fighter,1,Not at all
3613,R_67eSmIK0G9W8iyg,b29,29,4,94,turnstile gate,2,A little
3614,R_67eSmIK0G9W8iyg,b29,29,5,95,b,1,Not at all
3615,R_67eSmIK0G9W8iyg,b29,29,6,96,bridge,1,Not at all
3616,R_67eSmIK0G9W8iyg,b30,30,1,97,door jamb,1,Not at all
3617,R_67eSmIK0G9W8iyg,b30,30,2,98,beer mug,1,Not at all
3618,R_67eSmIK0G9W8iyg,b30,30,3,99,belt buckle,2,A little
3619,R_67eSmIK0G9W8iyg,b30,30,4,100,capital b,1,Not at all
3620,R_67eSmIK0G9W8iyg,b30,30,5,101,capital r,1,Not at all
3621,R_67eSmIK0G9W8iyg,b30,30,6,102,gate,2,A little
3622,R_67eSmIK0G9W8iyg,b31,31,1,103,hourglass,1,Not at all
3623,R_67eSmIK0G9W8iyg,b31,31,2,104,lollipop stick,3,Moderately
3624,R_67eSmIK0G9W8iyg,b31,31,3,105,ice cream,1,Not at all
3625,R_67eSmIK0G9W8iyg,b32,32,1,106,skeleton key,2,A little
3626,R_67eSmIK0G9W8iyg,b32,32,2,107,teeter totter,1,Not at all
3627,R_67eSmIK0G9W8iyg,b32,32,3,108,hanging lantern,2,A little
3628,R_67eSmIK0G9W8iyg,b33,33,1,109,bumper car,1,Not at all
3629,R_67eSmIK0G9W8iyg,b33,33,2,110,spoon cup,4,A lot
3630,R_67eSmIK0G9W8iyg,b33,33,3,111,golf tee,2,A little
3631,R_67eSmIK0G9W8iyg,b33,33,4,112,teacup,1,Not at all
3632,R_67eSmIK0G9W8iyg,b34,34,1,113,hourglass infinity,1,Not at all
3633,R_67eSmIK0G9W8iyg,b34,34,2,114,bicycle,1,Not at all
3634,R_67eSmIK0G9W8iyg,b34,34,3,115,open scissors,5,Completely
3635,R_67eSmIK0G9W8iyg,b34,34,4,116,quantum anchor,1,Not at all
3636,R_67eSmIK0G9W8iyg,b34,34,5,117,phi symbol,1,Not at all
3637,R_67eSmIK0G9W8iyg,b34,34,6,118,double keyhole,1,Not at all
3638,R_67eSmIK0G9W8iyg,b35,35,1,119,anvil,1,Not at all
3639,R_67eSmIK0G9W8iyg,b35,35,2,120,twin crown,1,Not at all
3640,R_67eSmIK0G9W8iyg,b36,36,1,121,harpoon,3,Moderately
3641,R_67eSmIK0G9W8iyg,b37,37,1,122,street lamp,2,A little
3642,R_67eSmIK0G9W8iyg,b37,37,2,123,scissors closed,1,Not at all
3643,R_67eSmIK0G9W8iyg,b37,37,3,124,pendulum bob,1,Not at all
3644,R_67eSmIK0G9W8iyg,b38,38,1,125,stacking toy,2,A little
3645,R_67eSmIK0G9W8iyg,b38,38,2,126,crown jewel,2,A little
3646,R_67eSmIK0G9W8iyg,b38,38,3,127,flower emblem,5,Completely
3647,R_67eSmIK0G9W8iyg,b39,39,1,128,hot-air balloon,1,Not at all
3648,R_67eSmIK0G9W8iyg,b39,39,2,129,angel,3,Moderately
3649,R_67eSmIK0G9W8iyg,b39,39,3,130,grounded infinity,1,Not at all
3650,R_67eSmIK0G9W8iyg,b39,39,4,131,infinity frame,1,Not at all
3651,R_67eSmIK0G9W8iyg,b40,40,1,132,door window,1,Not at all
3652,R_67eSmIK0G9W8iyg,b40,40,2,133,capital b,1,Not at all
3653,R_67eSmIK0G9W8iyg,b40,40,3,134,hook gate,2,A little
3654,R_67eSmIK0G9W8iyg,b40,40,4,135,mail box,4,A lot
3655,R_67eSmIK0G9W8iyg,b41,41,1,136,door handle,3,Moderately
3656,R_67eSmIK0G9W8iyg,b41,41,2,137,stapler head,1,Not at all
3657,R_67eSmIK0G9W8iyg,b41,41,3,138,keyhole,1,Not at all
3658,R_67eSmIK0G9W8iyg,b42,42,1,139,plus sign,1,Not at all
3659,R_67eSmIK0G9W8iyg,b42,42,2,140,windowpane,5,Completely
3660,R_67eSmIK0G9W8iyg,b42,42,3,141,h-beam,1,Not at all
3661,R_67eSmIK0G9W8iyg,b42,42,4,142,letter glyph,1,Not at all
3662,R_67eSmIK0G9W8iyg,b43,43,1,143,curled ribbon,1,Not at all
3663,R_67eSmIK0G9W8iyg,b43,43,2,144,apple,1,Not at all
3664,R_67eSmIK0G9W8iyg,b43,43,3,145,swing hook,3,Moderately
3665,R_67eSmIK0G9W8iyg,b43,43,4,146,target satellite,1,Not at all
3666,R_67eSmIK0G9W8iyg,b43,43,5,147,greek phi,1,Not at all
3667,R_67eSmIK0G9W8iyg,b44,44,1,148,keyhole,1,Not at all
3668,R_67eSmIK0G9W8iyg,b44,44,2,149,cartoon bomb,5,Completely
3669,R_67eSmIK0G9W8iyg,b44,44,3,150,golden doubloon,1,Not at all
3670,R_67eSmIK0G9W8iyg,b44,44,4,151,ps ligature,1,Not at all
3671,R_67eSmIK0G9W8iyg,b45,45,1,152,lollipop,1,Not at all
3672,R_67eSmIK0G9W8iyg,b45,45,2,153,lexus logo,3,Moderately
3673,R_67eSmIK0G9W8iyg,b45,45,3,154,clock face,5,Completely
3674,R_67eSmIK0G9W8iyg,b45,45,4,155,analog clock,5,Completely
3675,R_67eSmIK0G9W8iyg,b45,45,5,156,floating lid,1,Not at all
3676,R_67eSmIK0G9W8iyg,b45,45,6,157,life buoy,1,Not at all
3677,R_67eSmIK0G9W8iyg,b45,45,7,158,doughnut stand,1,Not at all
3678,R_67eSmIK0G9W8iyg,b46,46,1,159,dual torus,1,Not at all
3679,R_67eSmIK0G9W8iyg,b46,46,2,160,ionic capital,2,A little
3680,R_67eSmIK0G9W8iyg,b46,46,3,161,mailbox,2,A little
3681,R_67eSmIK0G9W8iyg,b46,46,4,162,ionic column,2,A little
3682,R_67eSmIK0G9W8iyg,b46,46,5,163,shattered pact,1,Not at all
3683,R_67eSmIK0G9W8iyg,b46,46,6,164,arrowhead,1,Not at all
3684,R_67eSmIK0G9W8iyg,b46,46,7,165,winged arch,1,Not at all
3685,R_67eSmIK0G9W8iyg,b47,47,1,166,cartoon bomb,2,A little
3686,R_67eSmIK0G9W8iyg,b47,47,2,167,capital b,1,Not at all
3687,R_67eSmIK0G9W8iyg,b47,47,3,168,key lock,1,Not at all
3688,R_67eSmIK0G9W8iyg,b48,48,1,169,t,5,Completely
3689,R_67eSmIK0G9W8iyg,b48,48,2,170,sledgehammer,4,A lot
3690,R_67eSmIK0G9W8iyg,b48,48,3,171,crosshairs,1,Not at all
3691,R_67eSmIK0G9W8iyg,b48,48,4,172,t shape,5,Completely
3692,R_67eSmIK0G9W8iyg,b49,49,1,173,rocket ship,1,Not at all
3693,R_67eSmIK0G9W8iyg,b49,49,2,174,steep curve,1,Not at all
3694,R_67eSmIK0G9W8iyg,b49,49,3,175,flying buttress,1,Not at all
3695,R_67eSmIK0G9W8iyg,b49,49,4,176,candelabrum,1,Not at all
3696,R_67eSmIK0G9W8iyg,b50,50,1,177,balloon man,5,Completely
3697,R_67eSmIK0G9W8iyg,b50,50,2,178,drain cover,1,Not at all
3698,R_67eSmIK0G9W8iyg,b50,50,3,179,sprouting seed,1,Not at all
3699,R_67eSmIK0G9W8iyg,b50,50,4,180,lamp post,1,Not at all
3700,R_67eSmIK0G9W8iyg,b51,51,1,181,circle cradle,1,Not at all
3701,R_67eSmIK0G9W8iyg,b51,51,2,182,compass dial,2,A little
3702,R_67eSmIK0G9W8iyg,b52,52,1,183,parking meter,1,Not at all
3703,R_67eSmIK0G9W8iyg,b52,52,2,184,electric plug,1,Not at all
3704,R_67eSmIK0G9W8iyg,b53,53,1,185,cradle snapped,1,Not at all
3705,R_67eSmIK0G9W8iyg,b53,53,2,186,cave entrance,1,Not at all
3706,R_67eSmIK0G9W8iyg,b53,53,3,187,flag pole,2,A little
3707,R_67eSmIK0G9W8iyg,b54,54,1,188,sixteenth note,5,Completely
3708,R_67eSmIK0G9W8iyg,b54,54,2,189,anchor symbol,1,Not at all
3709,R_67eSmIK0G9W8iyg,b55,55,1,190,radiation symbol,1,Not at all
3710,R_67eSmIK0G9W8iyg,b55,55,2,191,perpendicular arrow,1,Not at all
3711,R_67eSmIK0G9W8iyg,b56,56,1,192,drawer pull,1,Not at all
3712,R_67eSmIK0G9W8iyg,b56,56,2,193,roof gable,1,Not at all
3713,R_67eSmIK0G9W8iyg,b56,56,3,194,circular pointer,1,Not at all
3714,R_67eSmIK0G9W8iyg,b56,56,4,195,keyhole,1,Not at all
3715,R_67eSmIK0G9W8iyg,b57,57,1,196,ski jump,1,Not at all
3716,R_67eSmIK0G9W8iyg,b57,57,2,197,capped diamond,1,Not at all
3717,R_67eSmIK0G9W8iyg,b57,57,3,198,rotated x,1,Not at all
3718,R_67eSmIK0G9W8iyg,b58,58,1,199,key,2,A little
3719,R_67eSmIK0G9W8iyg,b58,58,2,200,grapnel anchor,1,Not at all
3720,R_67eSmIK0G9W8iyg,b58,58,3,201,hanger,1,Not at all
3721,R_67eSmIK0G9W8iyg,b59,59,1,202,ground rod,1,Not at all
3722,R_67eSmIK0G9W8iyg,b59,59,2,203,tent pole,1,Not at all
3723,R_67eSmIK0G9W8iyg,b59,59,3,204,shelf bracket,1,Not at all
3724,R_67eSmIK0G9W8iyg,b60,60,1,205,arrowhead,2,A little
3725,R_67eSmIK0G9W8iyg,b60,60,2,206,square pyramid,1,Not at all
3726,R_67eSmIK0G9W8iyg,b60,60,3,207,tiny house,5,Completely
3727,R_67eSmIK0G9W8iyg,b60,60,4,208,house roof,5,Completely
3728,R_6llAy1fOvV7sf1G,b55,55,1,1913,Planted sword,3,Moderately
3729,R_7EYGvtUpelTVayC,b1,1,1,1381,ladder stack,3,Moderately
3730,R_7EYGvtUpelTVayC,b1,1,2,1382,ladder rungs,4,A lot
3731,R_7EYGvtUpelTVayC,b1,1,3,1383,ladder structure,4,A lot
3732,R_7EYGvtUpelTVayC,b2,2,1,1384,fence,1,Not at all
3733,R_7EYGvtUpelTVayC,b2,2,2,1385,sideways ladder,2,A little
3734,R_7EYGvtUpelTVayC,b2,2,3,1386,Eiffel tower,1,Not at all
3735,R_7EYGvtUpelTVayC,b2,2,4,1387,ladder rungs,4,A lot
3736,R_7EYGvtUpelTVayC,b2,2,5,1388,three-rung ladder,5,Completely
3737,R_7EYGvtUpelTVayC,b3,3,1,1389,heart,2,A little
3738,R_7EYGvtUpelTVayC,b3,3,2,1390,handcuffs,2,A little
3739,R_7EYGvtUpelTVayC,b3,3,3,1391,Handlebar mustache,1,Not at all
3740,R_7EYGvtUpelTVayC,b3,3,4,1392,Bunny ears,2,A little
3741,R_7EYGvtUpelTVayC,b3,3,5,1393,two cherries,2,A little
3742,R_7EYGvtUpelTVayC,b3,3,6,1394,butterfly wings,2,A little
3743,R_7EYGvtUpelTVayC,b3,3,7,1395,playing spade,1,Not at all
3744,R_7EYGvtUpelTVayC,b3,3,8,1396,Eyeglasses,5,Completely
3745,R_7EYGvtUpelTVayC,b3,3,9,1397,cherries,2,A little
3746,R_7EYGvtUpelTVayC,b4,4,1,1398,Figure eight,1,Not at all
3747,R_7EYGvtUpelTVayC,b4,4,2,1399,binoculars,5,Completely
3748,R_7EYGvtUpelTVayC,b4,4,3,1400,infinity symbol,1,Not at all
3749,R_7EYGvtUpelTVayC,b4,4,4,1401,butterfly wings,2,A little
3750,R_7EYGvtUpelTVayC,b4,4,5,1402,owl eyes,5,Completely
3751,R_7EYGvtUpelTVayC,b4,4,6,1403,eyeglass,3,Moderately
3752,R_7EYGvtUpelTVayC,b4,4,7,1404,TIE fighter,4,A lot
3753,R_7EYGvtUpelTVayC,b5,5,1,1405,eyeglasses,5,Completely
3754,R_7EYGvtUpelTVayC,b5,5,2,1406,butterfly wings,2,A little
3755,R_7EYGvtUpelTVayC,b5,5,3,1407,goggles,5,Completely
3756,R_7EYGvtUpelTVayC,b5,5,4,1408,binoculars,5,Completely
3757,R_7EYGvtUpelTVayC,b5,5,5,1409,barbell weight,1,Not at all
3758,R_7EYGvtUpelTVayC,b5,5,6,1410,pregnant woman,1,Not at all
3759,R_7EYGvtUpelTVayC,b5,5,7,1411,spectacles,5,Completely
3760,R_7EYGvtUpelTVayC,b6,6,1,1412,steering wheel,1,Not at all
3761,R_7EYGvtUpelTVayC,b6,6,2,1413,bow tie,4,A lot
3762,R_7EYGvtUpelTVayC,b6,6,3,1414,butterfly,1,Not at all
3763,R_7EYGvtUpelTVayC,b6,6,4,1415,eyeglasses,5,Completely
3764,R_7EYGvtUpelTVayC,b6,6,5,1416,headphones,4,A lot
3765,R_7EYGvtUpelTVayC,b6,6,6,1417,eyeglasses with antennas,1,Not at all
3766,R_7EYGvtUpelTVayC,b6,6,7,1418,fallen hourglass,2,A little
3767,R_7EYGvtUpelTVayC,b7,7,1,1419,Arrow shaft,3,Moderately
3768,R_7EYGvtUpelTVayC,b7,7,2,1420,christmas tree,4,A lot
3769,R_7EYGvtUpelTVayC,b7,7,3,1421,double spear,5,Completely
3770,R_7EYGvtUpelTVayC,b7,7,4,1422,pine tree,5,Completely
3771,R_7EYGvtUpelTVayC,b7,7,5,1423,fletched arrow,4,A lot
3772,R_7EYGvtUpelTVayC,b7,7,6,1424,pair of arrows,2,A little
3773,R_7EYGvtUpelTVayC,b7,7,7,1425,up arrow,3,Moderately
3774,R_7EYGvtUpelTVayC,b7,7,8,1426,wow,1,Not at all
3775,R_7EYGvtUpelTVayC,b8,8,1,1427,winged scepter,2,A little
3776,R_7EYGvtUpelTVayC,b8,8,2,1428,cheerleader,1,Not at all
3777,R_7EYGvtUpelTVayC,b8,8,3,1429,Ship anchor,1,Not at all
3778,R_7EYGvtUpelTVayC,b8,8,4,1430,human figure,1,Not at all
3779,R_7EYGvtUpelTVayC,b8,8,5,1431,butterfly head,3,Moderately
3780,R_7EYGvtUpelTVayC,b8,8,6,1432,caduceus,2,A little
3781,R_7EYGvtUpelTVayC,b8,8,7,1433,Digit 8,1,Not at all
3782,R_7EYGvtUpelTVayC,b8,8,8,1434,long diamond,1,Not at all
3783,R_7EYGvtUpelTVayC,b9,9,1,1435,cactus,2,A little
3784,R_7EYGvtUpelTVayC,b9,9,2,1436,Ship anchor,1,Not at all
3785,R_7EYGvtUpelTVayC,b9,9,3,1437,butterfly bow,4,A lot
3786,R_7EYGvtUpelTVayC,b9,9,4,1438,inverted comb,1,Not at all
3787,R_7EYGvtUpelTVayC,b9,9,5,1439,butterfly antennae,3,Moderately
3788,R_7EYGvtUpelTVayC,b9,9,6,1440,Four-leaf clover,2,A little
3789,R_7EYGvtUpelTVayC,b10,10,1,1441,A T with two small bars on the side,1,Not at all
3790,R_7EYGvtUpelTVayC,b10,10,2,1442,broken comb,4,A lot
3791,R_7EYGvtUpelTVayC,b10,10,3,1443,comb teeth,4,A lot
3792,R_7EYGvtUpelTVayC,b10,10,4,1444,Cyrillic letter,1,Not at all
3793,R_7EYGvtUpelTVayC,b10,10,5,1445,fir tree,1,Not at all
3794,R_7EYGvtUpelTVayC,b10,10,6,1446,fork and knife,1,Not at all
3795,R_7EYGvtUpelTVayC,b10,10,7,1447,Fork and trident,4,A lot
3796,R_7EYGvtUpelTVayC,b10,10,8,1448,Hair comb,4,A lot
3797,R_7EYGvtUpelTVayC,b10,10,9,1449,table,1,Not at all
3798,R_7EYGvtUpelTVayC,b10,10,10,1450,two open attached triangles,1,Not at all
3799,R_7EYGvtUpelTVayC,b11,11,1,1451,picket fence,2,A little
3800,R_7EYGvtUpelTVayC,b11,11,2,1452,dinner fork,4,A lot
3801,R_7EYGvtUpelTVayC,b11,11,3,1453,Stapler silhouette,1,Not at all
3802,R_7EYGvtUpelTVayC,b11,11,4,1454,rotated table,1,Not at all
3803,R_7EYGvtUpelTVayC,b11,11,5,1455,table fork,4,A lot
3804,R_7EYGvtUpelTVayC,b11,11,6,1456,bug crawling,2,A little
3805,R_7EYGvtUpelTVayC,b12,12,1,1457,hammer,1,Not at all
3806,R_7EYGvtUpelTVayC,b12,12,2,1458,UFO,1,Not at all
3807,R_7EYGvtUpelTVayC,b12,12,3,1459,mushroom cap,2,A little
3808,R_7EYGvtUpelTVayC,b12,12,4,1460,table lamp,5,Completely
3809,R_7EYGvtUpelTVayC,b12,12,5,1461,lying person,1,Not at all
3810,R_7EYGvtUpelTVayC,b12,12,6,1462,Desk lamp,5,Completely
3811,R_7EYGvtUpelTVayC,b12,12,7,1463,anchor,2,A little
3812,R_7EYGvtUpelTVayC,b12,12,8,1464,arch bridge,1,Not at all
3813,R_7EYGvtUpelTVayC,b12,12,9,1465,Floor lamp,4,A lot
3814,R_7EYGvtUpelTVayC,b12,12,10,1466,Dried,1,Not at all
3815,R_7EYGvtUpelTVayC,b12,12,11,1467,D on stilts,1,Not at all
3816,R_7EYGvtUpelTVayC,b13,13,1,1468,boat,2,A little
3817,R_7EYGvtUpelTVayC,b13,13,2,1469,bulb,1,Not at all
3818,R_7EYGvtUpelTVayC,b13,13,3,1470,table,4,A lot
3819,R_7EYGvtUpelTVayC,b13,13,4,1471,mushroom cap,3,Moderately
3820,R_7EYGvtUpelTVayC,b13,13,5,1472,mushroom cloud,2,A little
3821,R_7EYGvtUpelTVayC,b13,13,6,1473,arched window,1,Not at all
3822,R_7EYGvtUpelTVayC,b13,13,7,1474,padlock,1,Not at all
3823,R_7EYGvtUpelTVayC,b13,13,8,1475,table lamp,5,Completely
3824,R_7EYGvtUpelTVayC,b14,14,1,1476,Horseshoe magnet,3,Moderately
3825,R_7EYGvtUpelTVayC,b14,14,2,1477,Skull,1,Not at all
3826,R_7EYGvtUpelTVayC,b14,14,3,1478,pig snout,3,Moderately
3827,R_7EYGvtUpelTVayC,b14,14,4,1479,toilet seat,2,A little
3828,R_7EYGvtUpelTVayC,b14,14,5,1480,butterfly cradle,1,Not at all
3829,R_7EYGvtUpelTVayC,b14,14,6,1481,Contained Ds,1,Not at all
3830,R_7EYGvtUpelTVayC,b15,15,1,1482,Yield sign,1,Not at all
3831,R_7EYGvtUpelTVayC,b15,15,2,1483,Skull,1,Not at all
3832,R_7EYGvtUpelTVayC,b15,15,3,1484,hexagon,3,Moderately
3833,R_7EYGvtUpelTVayC,b15,15,4,1485,dog house,5,Completely
3834,R_7EYGvtUpelTVayC,b15,15,5,1486,pennant flag,1,Not at all
3835,R_7EYGvtUpelTVayC,b15,15,6,1487,cut diamond,2,A little
3836,R_7EYGvtUpelTVayC,b15,15,7,1488,Pentagon house,5,Completely
3837,R_7EYGvtUpelTVayC,b15,15,8,1489,Square bucket,1,Not at all
3838,R_7EYGvtUpelTVayC,b15,15,9,1490,Honeycomb cell,2,A little
3839,R_7EYGvtUpelTVayC,b15,15,10,1491,square with a diamond in the middle,1,Not at all
3840,R_7EYGvtUpelTVayC,b15,15,11,1492,Equilateral hexagon,2,A little
3841,R_7EYGvtUpelTVayC,b16,16,1,1493,funnel,3,Moderately
3842,R_7EYGvtUpelTVayC,b16,16,2,1494,bell,1,Not at all
3843,R_7EYGvtUpelTVayC,b16,16,3,1495,wine glass,1,Not at all
3844,R_7EYGvtUpelTVayC,b16,16,4,1496,teardrop,3,Moderately
3845,R_7EYGvtUpelTVayC,b16,16,5,1497,ice-cream cone,5,Completely
3846,R_7EYGvtUpelTVayC,b16,16,6,1498,church bell,1,Not at all
3847,R_7EYGvtUpelTVayC,b16,16,7,1499,Trophy cup,1,Not at all
3848,R_7EYGvtUpelTVayC,b16,16,8,1500,bookmark,2,A little
3849,R_7EYGvtUpelTVayC,b16,16,9,1501,location pin,4,A lot
3850,R_7EYGvtUpelTVayC,b17,17,1,1502,bell,1,Not at all
3851,R_7EYGvtUpelTVayC,b17,17,2,1503,umbrella,2,A little
3852,R_7EYGvtUpelTVayC,b17,17,3,1504,manta ray,2,A little
3853,R_7EYGvtUpelTVayC,b17,17,4,1505,flying saucer,3,Moderately
3854,R_7EYGvtUpelTVayC,b17,17,5,1506,hanging lantern,4,A lot
3855,R_7EYGvtUpelTVayC,b17,17,6,1507,slingshot,4,A lot
3856,R_7EYGvtUpelTVayC,b18,18,1,1508,ship flag,1,Not at all
3857,R_7EYGvtUpelTVayC,b18,18,2,1509,speech balloon,2,A little
3858,R_7EYGvtUpelTVayC,b18,18,3,1510,ribbon award,3,Moderately
3859,R_7EYGvtUpelTVayC,b18,18,4,1511,key,1,Not at all
3860,R_7EYGvtUpelTVayC,b18,18,5,1512,Umbrella,2,A little
3861,R_7EYGvtUpelTVayC,b18,18,6,1513,map pin,4,A lot
3862,R_7EYGvtUpelTVayC,b18,18,7,1514,Trumpet mouthpiece,2,A little
3863,R_7EYGvtUpelTVayC,b18,18,8,1515,butterfly wings,1,Not at all
3864,R_7EYGvtUpelTVayC,b18,18,9,1516,Cup trophy,1,Not at all
3865,R_7EYGvtUpelTVayC,b18,18,10,1517,Arch bridge,1,Not at all
3866,R_7EYGvtUpelTVayC,b19,19,1,1518,southeast direction,1,Not at all
3867,R_7EYGvtUpelTVayC,b19,19,2,1519,smoking face,2,A little
3868,R_7EYGvtUpelTVayC,b19,19,3,1520,wheelchair,1,Not at all
3869,R_7EYGvtUpelTVayC,b19,19,4,1521,smash ball,3,Moderately
3870,R_7EYGvtUpelTVayC,b19,19,5,1522,asclepius rod,1,Not at all
3871,R_7EYGvtUpelTVayC,b19,19,6,1523,padlock key,2,A little
3872,R_7EYGvtUpelTVayC,b19,19,7,1524,CD slot,1,Not at all
3873,R_7EYGvtUpelTVayC,b19,19,8,1525,sled,4,A lot
3874,R_7EYGvtUpelTVayC,b19,19,9,1526,clothesline,1,Not at all
3875,R_7EYGvtUpelTVayC,b19,19,10,1527,skeleton key,1,Not at all
3876,R_7EYGvtUpelTVayC,b19,19,11,1528,hot coffee,1,Not at all
3877,R_7EYGvtUpelTVayC,b19,19,12,1529,euro symbol,2,A little
3878,R_7EYGvtUpelTVayC,b19,19,13,1530,database,1,Not at all
3879,R_7EYGvtUpelTVayC,b19,19,14,1531,Currency symbol,2,A little
3880,R_7EYGvtUpelTVayC,b20,20,1,1532,mushroom,2,A little
3881,R_7EYGvtUpelTVayC,b20,20,2,1533,key,1,Not at all
3882,R_7EYGvtUpelTVayC,b20,20,3,1534,ice cream,2,A little
3883,R_7EYGvtUpelTVayC,b20,20,4,1535,lollipop,2,A little
3884,R_7EYGvtUpelTVayC,b20,20,5,1536,teapot lid,4,A lot
3885,R_7EYGvtUpelTVayC,b20,20,6,1537,user icon,5,Completely
3886,R_7EYGvtUpelTVayC,b20,20,7,1538,person icon,5,Completely
3887,R_7EYGvtUpelTVayC,b20,20,8,1539,stick figure,2,A little
3888,R_7EYGvtUpelTVayC,b20,20,9,1540,toilet,5,Completely
3889,R_7EYGvtUpelTVayC,b20,20,10,1541,pulley hook,2,A little
3890,R_7EYGvtUpelTVayC,b21,21,1,1542,mushroom,3,Moderately
3891,R_7EYGvtUpelTVayC,b21,21,2,1543,Letter B,1,Not at all
3892,R_7EYGvtUpelTVayC,b21,21,3,1544,american football,1,Not at all
3893,R_7EYGvtUpelTVayC,b21,21,4,1545,light bulb,4,A lot
3894,R_7EYGvtUpelTVayC,b21,21,5,1546,theta symbol,1,Not at all
3895,R_7EYGvtUpelTVayC,b21,21,6,1547,overturned cup,2,A little
3896,R_7EYGvtUpelTVayC,b21,21,7,1548,coffee cup,1,Not at all
3897,R_7EYGvtUpelTVayC,b21,21,8,1549,pregnant woman,3,Moderately
3898,R_7EYGvtUpelTVayC,b21,21,9,1550,sideways headphones,1,Not at all
3899,R_7EYGvtUpelTVayC,b21,21,10,1551,snail,1,Not at all
3900,R_7EYGvtUpelTVayC,b21,21,11,1552,padlock,3,Moderately
3901,R_7EYGvtUpelTVayC,b21,21,12,1553,2 circles,1,Not at all
3902,R_7EYGvtUpelTVayC,b21,21,13,1554,ice cream,2,A little
3903,R_7EYGvtUpelTVayC,b22,22,1,1555,ice cream,1,Not at all
3904,R_7EYGvtUpelTVayC,b22,22,2,1556,record player,2,A little
3905,R_7EYGvtUpelTVayC,b22,22,3,1557,play icon,2,A little
3906,R_7EYGvtUpelTVayC,b22,22,4,1558,PacMan,1,Not at all
3907,R_7EYGvtUpelTVayC,b22,22,5,1559,padlock keyhole,4,A lot
3908,R_7EYGvtUpelTVayC,b22,22,6,1560,arrow,3,Moderately
3909,R_7EYGvtUpelTVayC,b22,22,7,1561,cone and face,1,Not at all
3910,R_7EYGvtUpelTVayC,b22,22,8,1562,cartoon image,1,Not at all
3911,R_7EYGvtUpelTVayC,b23,23,1,1563,Stethoscope silhouette,1,Not at all
3912,R_7EYGvtUpelTVayC,b23,23,2,1564,hand mirror,5,Completely
3913,R_7EYGvtUpelTVayC,b23,23,3,1565,standing microphone,3,Moderately
3914,R_7EYGvtUpelTVayC,b23,23,4,1566,Swirl lollipop,5,Completely
3915,R_7EYGvtUpelTVayC,b23,23,5,1567,head on shoulders,1,Not at all
3916,R_7EYGvtUpelTVayC,b24,24,1,1569,bucket,2,A little
3917,R_7EYGvtUpelTVayC,b24,24,2,1570,staple,3,Moderately
3918,R_7EYGvtUpelTVayC,b24,24,3,1571,jib crane,3,Moderately
3919,R_7EYGvtUpelTVayC,b24,24,4,1572,periscope,3,Moderately
3920,R_7EYGvtUpelTVayC,b24,24,5,1573,block H,5,Completely
3921,R_7EYGvtUpelTVayC,b24,24,6,1574,pipe wrench,3,Moderately
3922,R_7EYGvtUpelTVayC,b24,24,7,1575,Pistol,1,Not at all
3923,R_7EYGvtUpelTVayC,b25,25,1,1576,shelf bracket,3,Moderately
3924,R_7EYGvtUpelTVayC,b25,25,2,1577,Boot heel,1,Not at all
3925,R_7EYGvtUpelTVayC,b25,25,3,1578,Tuning fork,4,A lot
3926,R_7EYGvtUpelTVayC,b25,25,4,1579,hammer head,1,Not at all
3927,R_7EYGvtUpelTVayC,b25,25,5,1580,Skeleton key,1,Not at all
3928,R_7EYGvtUpelTVayC,b25,25,6,1581,pipe wrench,3,Moderately
3929,R_7EYGvtUpelTVayC,b25,25,7,1582,flag sign,1,Not at all
3930,R_7EYGvtUpelTVayC,b25,25,8,1583,Flagpole signpost,2,A little
3931,R_7EYGvtUpelTVayC,b25,25,9,1584,Street lamp,3,Moderately
3932,R_7EYGvtUpelTVayC,b25,25,10,1585,Tower crane,1,Not at all
3933,R_7EYGvtUpelTVayC,b26,26,1,1586,signpost,3,Moderately
3934,R_7EYGvtUpelTVayC,b26,26,2,1587,stick figure,1,Not at all
3935,R_7EYGvtUpelTVayC,b26,26,3,1588,Letter F,1,Not at all
3936,R_7EYGvtUpelTVayC,b26,26,4,1589,pennant flag,5,Completely
3937,R_7EYGvtUpelTVayC,b26,26,5,1590,Capital K,1,Not at all
3938,R_7EYGvtUpelTVayC,b26,26,6,1591,anchor symbol,1,Not at all
3939,R_7EYGvtUpelTVayC,b26,26,7,1592,less-than sign,1,Not at all
3940,R_7EYGvtUpelTVayC,b26,26,8,1593,pennant,4,A lot
3941,R_7EYGvtUpelTVayC,b26,26,9,1594,arrow sign,3,Moderately
3942,R_7EYGvtUpelTVayC,b26,26,10,1595,Flagpole arrow,4,A lot
3943,R_7EYGvtUpelTVayC,b26,26,11,1596,axe,3,Moderately
3944,R_7EYGvtUpelTVayC,b26,26,12,1597,coat hanger,1,Not at all
3945,R_7EYGvtUpelTVayC,b26,26,13,1598,triangle attached to a straight line,3,Moderately
3946,R_7EYGvtUpelTVayC,b27,27,1,1599,window frame,2,A little
3947,R_7EYGvtUpelTVayC,b27,27,2,1600,picture frame,3,Moderately
3948,R_7EYGvtUpelTVayC,b27,27,3,1601,backwards F,1,Not at all
3949,R_7EYGvtUpelTVayC,b27,27,4,1602,battery symbol,3,Moderately
3950,R_7EYGvtUpelTVayC,b27,27,5,1603,broken ladder,4,A lot
3951,R_7EYGvtUpelTVayC,b27,27,6,1604,door frame,5,Completely
3952,R_7EYGvtUpelTVayC,b27,27,7,1605,window,3,Moderately
3953,R_7EYGvtUpelTVayC,b27,27,8,1606,shopping cart,2,A little
3954,R_7EYGvtUpelTVayC,b27,27,9,1607,door handle,3,Moderately
3955,R_7EYGvtUpelTVayC,b27,27,10,1608,Capital E,1,Not at all
3956,R_7EYGvtUpelTVayC,b27,27,11,1609,2 square stacked into each other,1,Not at all
3957,R_7EYGvtUpelTVayC,b28,28,1,1610,Goggles,5,Completely
3958,R_7EYGvtUpelTVayC,b28,28,2,1611,Binoculars,4,A lot
3959,R_7EYGvtUpelTVayC,b28,28,3,1612,bra,5,Completely
3960,R_7EYGvtUpelTVayC,b28,28,4,1613,butterfly,1,Not at all
3961,R_7EYGvtUpelTVayC,b28,28,5,1614,bicycle handlebars,3,Moderately
3962,R_7EYGvtUpelTVayC,b28,28,6,1615,headphones,4,A lot
3963,R_7EYGvtUpelTVayC,b28,28,7,1616,barbell weight,1,Not at all
3964,R_7EYGvtUpelTVayC,b29,29,1,1617,coat hook,3,Moderately
3965,R_7EYGvtUpelTVayC,b29,29,2,1618,table,2,A little
3966,R_7EYGvtUpelTVayC,b29,29,3,1619,magnifying glass,1,Not at all
3967,R_7EYGvtUpelTVayC,b29,29,4,1620,Letter B,1,Not at all
3968,R_7EYGvtUpelTVayC,b29,29,5,1621,C note,1,Not at all
3969,R_7EYGvtUpelTVayC,b29,29,6,1622,G-clamp,2,A little
3970,R_7EYGvtUpelTVayC,b29,29,7,1623,plunger,2,A little
3971,R_7EYGvtUpelTVayC,b29,29,8,1624,exclamation mark,1,Not at all
3972,R_7EYGvtUpelTVayC,b29,29,9,1625,stethoscope symbol,1,Not at all
3973,R_7EYGvtUpelTVayC,b29,29,10,1626,hand,1,Not at all
3974,R_7EYGvtUpelTVayC,b29,29,11,1627,wine glass,1,Not at all
3975,R_7EYGvtUpelTVayC,b29,29,12,1628,hard drive,1,Not at all
3976,R_7EYGvtUpelTVayC,b29,29,13,1629,Jib crane,1,Not at all
3977,R_7EYGvtUpelTVayC,b30,30,1,1630,keyhole,1,Not at all
3978,R_7EYGvtUpelTVayC,b30,30,2,1631,Rail bridge,1,Not at all
3979,R_7EYGvtUpelTVayC,b30,30,3,1632,Bridge support,2,A little
3980,R_7EYGvtUpelTVayC,b30,30,4,1633,comb,2,A little
3981,R_7EYGvtUpelTVayC,b30,30,5,1634,grand piano,4,A lot
3982,R_7EYGvtUpelTVayC,b30,30,6,1635,bitcoin symbol,1,Not at all
3983,R_7EYGvtUpelTVayC,b30,30,7,1636,park bench,3,Moderately
3984,R_7EYGvtUpelTVayC,b30,30,8,1637,comb,2,A little
3985,R_7EYGvtUpelTVayC,b30,30,9,1638,trident fork,1,Not at all
3986,R_7EYGvtUpelTVayC,b30,30,10,1639,clock,1,Not at all
3987,R_7EYGvtUpelTVayC,b30,30,11,1640,skeleton key,2,A little
3988,R_7EYGvtUpelTVayC,b30,30,12,1641,Church window,1,Not at all
3989,R_7EYGvtUpelTVayC,b30,30,13,1642,HD monogram,1,Not at all
3990,R_7EYGvtUpelTVayC,b30,30,14,1643,HD icon,1,Not at all
3991,R_7EYGvtUpelTVayC,b30,30,15,1644,fence,3,Moderately
3992,R_7EYGvtUpelTVayC,b30,30,16,1645,Hinge pin,1,Not at all
3993,R_7EYGvtUpelTVayC,b31,31,1,1646,balloon,5,Completely
3994,R_7EYGvtUpelTVayC,b31,31,2,1647,thumbtack,4,A lot
3995,R_7EYGvtUpelTVayC,b31,31,3,1648,push pin,4,A lot
3996,R_7EYGvtUpelTVayC,b31,31,4,1649,martini glass,1,Not at all
3997,R_7EYGvtUpelTVayC,b31,31,5,1650,Arrow through a cricle,1,Not at all
3998,R_7EYGvtUpelTVayC,b32,32,1,1651,bell,4,A lot
3999,R_7EYGvtUpelTVayC,b32,32,2,1652,mushroom cap,4,A lot
4000,R_7EYGvtUpelTVayC,b32,32,3,1653,upside-down table,1,Not at all
4001,R_7EYGvtUpelTVayC,b32,32,4,1654,mushroom anchor,2,A little
4002,R_7EYGvtUpelTVayC,b32,32,5,1655,Umbrella handle,2,A little
4003,R_7EYGvtUpelTVayC,b32,32,6,1656,claw hammer,1,Not at all
4004,R_7EYGvtUpelTVayC,b33,33,1,1657,hammer,1,Not at all
4005,R_7EYGvtUpelTVayC,b33,33,2,1658,horseshoe magnet,2,A little
4006,R_7EYGvtUpelTVayC,b33,33,3,1659,toilet plunger,5,Completely
4007,R_7EYGvtUpelTVayC,b33,33,4,1660,spiked helmet,4,A lot
4008,R_7EYGvtUpelTVayC,b33,33,5,1661,capitol dome,5,Completely
4009,R_7EYGvtUpelTVayC,b33,33,6,1662,bell clapper,2,A little
4010,R_7EYGvtUpelTVayC,b33,33,7,1663,umbrella handle,3,Moderately
4011,R_7EYGvtUpelTVayC,b33,33,8,1664,service bell,5,Completely
4012,R_7EYGvtUpelTVayC,b33,33,9,1665,Mushroom stem,3,Moderately
4013,R_7EYGvtUpelTVayC,b33,33,10,1666,spoon,3,Moderately
4014,R_7EYGvtUpelTVayC,b33,33,11,1667,Church bell,3,Moderately
4015,R_7EYGvtUpelTVayC,b33,33,12,1668,Upsidedown Umbrella,4,A lot
4016,R_7EYGvtUpelTVayC,b34,34,1,1671,owl,1,Not at all
4017,R_7EYGvtUpelTVayC,b34,34,2,1672,glasses,3,Moderately
4018,R_7EYGvtUpelTVayC,b34,34,3,1673,butterfly mask,1,Not at all
4019,R_7EYGvtUpelTVayC,b34,34,4,1674,eyeglasses,2,A little
4020,R_7EYGvtUpelTVayC,b34,34,5,1675,bowbow,3,Moderately
4021,R_7EYGvtUpelTVayC,b35,35,1,1676,owl,1,Not at all
4022,R_7EYGvtUpelTVayC,b35,35,2,1677,butterfly,2,A little
4023,R_7EYGvtUpelTVayC,b35,35,3,1678,bikini top,3,Moderately
4024,R_7EYGvtUpelTVayC,b35,35,4,1679,spade symbol,1,Not at all
4025,R_7EYGvtUpelTVayC,b35,35,5,1680,Heart glasses,2,A little
4026,R_7EYGvtUpelTVayC,b36,36,1,1669,bird footprint,1,Not at all
4027,R_7EYGvtUpelTVayC,b36,36,2,1670,chickenfoot,1,Not at all
4028,R_7EYGvtUpelTVayC,b36,36,3,1681,Trident,3,Moderately
4029,R_7EYGvtUpelTVayC,b36,36,4,1682,telephone pole,5,Completely
4030,R_7EYGvtUpelTVayC,b36,36,5,1683,downward arrow,1,Not at all
4031,R_7EYGvtUpelTVayC,b36,36,6,1684,peace symbol,2,A little
4032,R_7EYGvtUpelTVayC,b36,36,7,1685,utility pole,5,Completely
4033,R_7EYGvtUpelTVayC,b36,36,8,1686,forked staff,3,Moderately
4034,R_7EYGvtUpelTVayC,b36,36,9,1687,slingshot frame,3,Moderately
4035,R_7EYGvtUpelTVayC,b36,36,10,1688,Slingshot pole,3,Moderately
4036,R_7EYGvtUpelTVayC,b37,37,1,1689,info icon,1,Not at all
4037,R_7EYGvtUpelTVayC,b37,37,2,1690,snowman,1,Not at all
4038,R_7EYGvtUpelTVayC,b37,37,3,1691,barbell lollipop,1,Not at all
4039,R_7EYGvtUpelTVayC,b37,37,4,1692,Bowtie person,1,Not at all
4040,R_7EYGvtUpelTVayC,b37,37,5,1693,club symbol,5,Completely
4041,R_7EYGvtUpelTVayC,b37,37,6,1694,balloon,4,A lot
4042,R_7EYGvtUpelTVayC,b38,38,1,1695,owl face,1,Not at all
4043,R_7EYGvtUpelTVayC,b38,38,2,1696,club suit,3,Moderately
4044,R_7EYGvtUpelTVayC,b38,38,3,1697,club symbol,3,Moderately
4045,R_7EYGvtUpelTVayC,b38,38,4,1698,snowman face,3,Moderately
4046,R_7EYGvtUpelTVayC,b38,38,5,1699,club,3,Moderately
4047,R_7EYGvtUpelTVayC,b38,38,6,1700,clover,3,Moderately
4048,R_7EYGvtUpelTVayC,b38,38,7,1701,triple scoop ice cream cone,5,Completely
4049,R_7EYGvtUpelTVayC,b38,38,8,1702,ice cream scoops on a cone,5,Completely
4050,R_7EYGvtUpelTVayC,b38,38,9,1703,Flower,4,A lot
4051,R_7EYGvtUpelTVayC,b39,39,1,1704,owl face,2,A little
4052,R_7EYGvtUpelTVayC,b39,39,2,1705,club symbol,3,Moderately
4053,R_7EYGvtUpelTVayC,b39,39,3,1706,club suit,3,Moderately
4054,R_7EYGvtUpelTVayC,b39,39,4,1707,ouroboros symbol,1,Not at all
4055,R_7EYGvtUpelTVayC,b39,39,5,1708,stylized person,2,A little
4056,R_7EYGvtUpelTVayC,b39,39,6,1709,Snowman sideways,1,Not at all
4057,R_7EYGvtUpelTVayC,b39,39,7,1710,club,3,Moderately
4058,R_7EYGvtUpelTVayC,b39,39,8,1711,pulley system,3,Moderately
4059,R_7EYGvtUpelTVayC,b39,39,9,1712,football player with shoulder pads,5,Completely
4060,R_7EYGvtUpelTVayC,b39,39,10,1713,ice cream scoops in a cone,5,Completely
4061,R_7EYGvtUpelTVayC,b39,39,11,1714,ice cream cone with three scoops,5,Completely
4062,R_7EYGvtUpelTVayC,b39,39,12,1715,stacked symbol,1,Not at all
4063,R_7EYGvtUpelTVayC,b40,40,1,1716,side chair,2,A little
4064,R_7EYGvtUpelTVayC,b40,40,2,1717,table frame,3,Moderately
4065,R_7EYGvtUpelTVayC,b40,40,3,1718,shopping cart,3,Moderately
4066,R_7EYGvtUpelTVayC,b40,40,4,1719,Flagpole sign,1,Not at all
4067,R_7EYGvtUpelTVayC,b40,40,5,1720,EP,1,Not at all
4068,R_7EYGvtUpelTVayC,b40,40,6,1721,rectangle,1,Not at all
4069,R_7EYGvtUpelTVayC,b40,40,7,1722,Skeleton key,1,Not at all
4070,R_7EYGvtUpelTVayC,b40,40,8,1723,lock standing sideways,5,Completely
4071,R_7EYGvtUpelTVayC,b41,41,1,1724,padlock,5,Completely
4072,R_7EYGvtUpelTVayC,b41,41,2,1725,pipe,1,Not at all
4073,R_7EYGvtUpelTVayC,b41,41,3,1726,padlock hasp,4,A lot
4074,R_7EYGvtUpelTVayC,b41,41,4,1727,parking sign,2,A little
4075,R_7EYGvtUpelTVayC,b41,41,5,1728,Flag sign,1,Not at all
4076,R_7EYGvtUpelTVayC,b41,41,6,1729,flag,1,Not at all
4077,R_7EYGvtUpelTVayC,b41,41,7,1730,marker for going right,1,Not at all
4078,R_7EYGvtUpelTVayC,b42,42,1,1731,3x3 grid,2,A little
4079,R_7EYGvtUpelTVayC,b42,42,2,1732,tic-tac-toe board,3,Moderately
4080,R_7EYGvtUpelTVayC,b42,42,3,1733,hash symbol,2,A little
4081,R_7EYGvtUpelTVayC,b42,42,4,1734,window pane,5,Completely
4082,R_7EYGvtUpelTVayC,b42,42,5,1735,window frame,5,Completely
4083,R_7EYGvtUpelTVayC,b42,42,6,1736,Lined square,2,A little
4084,R_7EYGvtUpelTVayC,b42,42,7,1737,H shape,1,Not at all
4085,R_7EYGvtUpelTVayC,b43,43,1,1738,Power symbol,1,Not at all
4086,R_7EYGvtUpelTVayC,b43,43,2,1739,question mark,1,Not at all
4087,R_7EYGvtUpelTVayC,b43,43,3,1740,computer mouse,5,Completely
4088,R_7EYGvtUpelTVayC,b43,43,4,1741,musical note,1,Not at all
4089,R_7EYGvtUpelTVayC,b43,43,5,1742,Apple stem,4,A lot
4090,R_7EYGvtUpelTVayC,b43,43,6,1743,snake charmer,1,Not at all
4091,R_7EYGvtUpelTVayC,b43,43,7,1744,saxophone key,1,Not at all
4092,R_7EYGvtUpelTVayC,b43,43,8,1745,Lollipop swirl,2,A little
4093,R_7EYGvtUpelTVayC,b43,43,9,1746,question mark,1,Not at all
4094,R_7EYGvtUpelTVayC,b43,43,10,1747,Treble clef,1,Not at all
4095,R_7EYGvtUpelTVayC,b44,44,1,1748,stethoscope,2,A little
4096,R_7EYGvtUpelTVayC,b44,44,2,1749,power button,1,Not at all
4097,R_7EYGvtUpelTVayC,b44,44,3,1750,soup bowl,2,A little
4098,R_7EYGvtUpelTVayC,b44,44,4,1751,saxophone key,1,Not at all
4099,R_7EYGvtUpelTVayC,b44,44,5,1752,swan neck,1,Not at all
4100,R_7EYGvtUpelTVayC,b44,44,6,1753,Snake eye,1,Not at all
4101,R_7EYGvtUpelTVayC,b45,45,1,1754,target,2,A little
4102,R_7EYGvtUpelTVayC,b45,45,2,1755,stick figure,1,Not at all
4103,R_7EYGvtUpelTVayC,b45,45,3,1756,golf club,1,Not at all
4104,R_7EYGvtUpelTVayC,b45,45,4,1757,seated person,1,Not at all
4105,R_7EYGvtUpelTVayC,b45,45,5,1758,hanging target,2,A little
4106,R_7EYGvtUpelTVayC,b45,45,6,1759,sitting person,1,Not at all
4107,R_7EYGvtUpelTVayC,b45,45,7,1760,Skeleton key,1,Not at all
4108,R_7EYGvtUpelTVayC,b45,45,8,1761,padlock,1,Not at all
4109,R_7EYGvtUpelTVayC,b45,45,9,1762,power button,2,A little
4110,R_7EYGvtUpelTVayC,b45,45,10,1763,face with a nose,2,A little
4111,R_7EYGvtUpelTVayC,b46,46,1,1764,handlebars,2,A little
4112,R_7EYGvtUpelTVayC,b46,46,2,1765,spade symbol,3,Moderately
4113,R_7EYGvtUpelTVayC,b46,46,3,1766,eye,3,Moderately
4114,R_7EYGvtUpelTVayC,b46,46,4,1767,anchor chalice,2,A little
4115,R_7EYGvtUpelTVayC,b46,46,5,1768,Butterfly wings,1,Not at all
4116,R_7EYGvtUpelTVayC,b46,46,6,1769,Playing spade,3,Moderately
4117,R_7EYGvtUpelTVayC,b46,46,7,1770,Figure eight,1,Not at all
4118,R_7EYGvtUpelTVayC,b46,46,8,1771,Handlebar mustache,1,Not at all
4119,R_7EYGvtUpelTVayC,b47,47,1,1772,snail shell,1,Not at all
4120,R_7EYGvtUpelTVayC,b47,47,2,1773,snake eye,1,Not at all
4121,R_7EYGvtUpelTVayC,b47,47,3,1774,egyptian eye,1,Not at all
4122,R_7EYGvtUpelTVayC,b47,47,4,1775,glasses,1,Not at all
4123,R_7EYGvtUpelTVayC,b48,48,1,1776,cross,2,A little
4124,R_7EYGvtUpelTVayC,b48,48,2,1777,handgun,1,Not at all
4125,R_7EYGvtUpelTVayC,b48,48,3,1778,garden hoe,1,Not at all
4126,R_7EYGvtUpelTVayC,b48,48,4,1779,capital T,5,Completely
4127,R_7EYGvtUpelTVayC,b48,48,5,1780,T-junction,5,Completely
4128,R_7EYGvtUpelTVayC,b48,48,6,1781,sledge hammer,3,Moderately
4129,R_7EYGvtUpelTVayC,b48,48,7,1782,Flagpole sign,4,A lot
4130,R_7EYGvtUpelTVayC,b48,48,8,1783,table lamp,3,Moderately
4131,R_7EYGvtUpelTVayC,b48,48,9,1784,Right angle,1,Not at all
4132,R_7EYGvtUpelTVayC,b48,48,10,1785,corner bracket,2,A little
4133,R_7EYGvtUpelTVayC,b49,49,1,1786,sad face,1,Not at all
4134,R_7EYGvtUpelTVayC,b49,49,2,1787,bikini top,4,A lot
4135,R_7EYGvtUpelTVayC,b49,49,3,1788,spade symbol,1,Not at all
4136,R_7EYGvtUpelTVayC,b49,49,4,1789,spade,1,Not at all
4137,R_7EYGvtUpelTVayC,b49,49,5,1790,butterfly knife,1,Not at all
4138,R_7EYGvtUpelTVayC,b49,49,6,1791,heart arrow,2,A little
4139,R_7EYGvtUpelTVayC,b49,49,7,1792,broken heart,1,Not at all
4140,R_7EYGvtUpelTVayC,b49,49,8,1793,Owl face,1,Not at all
4141,R_7EYGvtUpelTVayC,b49,49,9,1794,Arrow key,1,Not at all
4142,R_7EYGvtUpelTVayC,b49,49,10,1795,ice-cream cone,3,Moderately
4143,R_7EYGvtUpelTVayC,b49,49,11,1796,evil chibi face,1,Not at all
4144,R_7EYGvtUpelTVayC,b50,50,1,1797,radio tower,1,Not at all
4145,R_7EYGvtUpelTVayC,b50,50,2,1798,inverted trident,1,Not at all
4146,R_7EYGvtUpelTVayC,b50,50,3,1799,Upside-down tree,1,Not at all
4147,R_7EYGvtUpelTVayC,b50,50,4,1800,Candelabra stand,1,Not at all
4148,R_7EYGvtUpelTVayC,b50,50,5,1801,Boat anchor,1,Not at all
4149,R_7EYGvtUpelTVayC,b50,50,6,1802,slingshot upside down,1,Not at all
4150,R_7EYGvtUpelTVayC,b50,50,7,1803,stickfigure person,5,Completely
4151,R_7EYGvtUpelTVayC,b51,51,1,1804,stick figure,1,Not at all
4152,R_7EYGvtUpelTVayC,b51,51,2,1805,claw hammer,1,Not at all
4153,R_7EYGvtUpelTVayC,b51,51,3,1806,tripod camera,3,Moderately
4154,R_7EYGvtUpelTVayC,b51,51,4,1807,flag emblem,1,Not at all
4155,R_7EYGvtUpelTVayC,b51,51,5,1808,running man,1,Not at all
4156,R_7EYGvtUpelTVayC,b51,51,6,1809,weighing balance,1,Not at all
4157,R_7EYGvtUpelTVayC,b52,52,1,1810,Hammer,1,Not at all
4158,R_7EYGvtUpelTVayC,b52,52,2,1811,shelf bracket,2,A little
4159,R_7EYGvtUpelTVayC,b52,52,3,1812,sideways T,1,Not at all
4160,R_7EYGvtUpelTVayC,b52,52,4,1813,coat rack,3,Moderately
4161,R_7EYGvtUpelTVayC,b52,52,5,1814,capital F,5,Completely
4162,R_7EYGvtUpelTVayC,b52,52,6,1815,flagpole bracket,3,Moderately
4163,R_7EYGvtUpelTVayC,b52,52,7,1816,inverted T,1,Not at all
4164,R_7EYGvtUpelTVayC,b52,52,8,1817,Flagpole signpost,5,Completely
4165,R_7EYGvtUpelTVayC,b52,52,9,1818,flagpole sign,5,Completely
4166,R_7EYGvtUpelTVayC,b52,52,10,1819,Uppercase F,5,Completely
4167,R_7EYGvtUpelTVayC,b53,53,1,1820,hammer,1,Not at all
4168,R_7EYGvtUpelTVayC,b53,53,2,1821,hanging lamp,4,A lot
4169,R_7EYGvtUpelTVayC,b53,53,3,1822,golf hole,5,Completely
4170,R_7EYGvtUpelTVayC,b53,53,4,1823,mushroom,1,Not at all
4171,R_7EYGvtUpelTVayC,b53,53,5,1824,snow globe,1,Not at all
4172,R_7EYGvtUpelTVayC,b53,53,6,1825,anchor,3,Moderately
4173,R_7EYGvtUpelTVayC,b53,53,7,1826,teapot,1,Not at all
4174,R_7EYGvtUpelTVayC,b53,53,8,1827,pistol,1,Not at all
4175,R_7EYGvtUpelTVayC,b53,53,9,1828,Fish hook,3,Moderately
4176,R_7EYGvtUpelTVayC,b54,54,1,1829,planted sword,1,Not at all
4177,R_7EYGvtUpelTVayC,b54,54,2,1830,hockey stick,2,A little
4178,R_7EYGvtUpelTVayC,b54,54,3,1831,skeleton key,5,Completely
4179,R_7EYGvtUpelTVayC,b54,54,4,1832,treble clef,1,Not at all
4180,R_7EYGvtUpelTVayC,b54,54,5,1833,magnifying glass,1,Not at all
4181,R_7EYGvtUpelTVayC,b54,54,6,1834,flag key,3,Moderately
4182,R_7EYGvtUpelTVayC,b54,54,7,1835,pound sign,1,Not at all
4183,R_7EYGvtUpelTVayC,b54,54,8,1836,Flag stand,2,A little
4184,R_7EYGvtUpelTVayC,b54,54,9,1837,lowercase f,1,Not at all
4185,R_7EYGvtUpelTVayC,b54,54,10,1838,fishing hook,3,Moderately
4186,R_7EYGvtUpelTVayC,b54,54,11,1839,Combination wrench,1,Not at all
4187,R_7EYGvtUpelTVayC,b54,54,12,1840,g clef,1,Not at all
4188,R_7EYGvtUpelTVayC,b55,55,1,1841,location marker,4,A lot
4189,R_7EYGvtUpelTVayC,b55,55,2,1842,letter T,1,Not at all
4190,R_7EYGvtUpelTVayC,b55,55,3,1843,pushpin,5,Completely
4191,R_7EYGvtUpelTVayC,b55,55,4,1844,Downward arrow,2,A little
4192,R_7EYGvtUpelTVayC,b55,55,5,1845,anchor spear,1,Not at all
4193,R_7EYGvtUpelTVayC,b55,55,6,1846,christmas tree,1,Not at all
4194,R_7EYGvtUpelTVayC,b55,55,7,1847,road sign,5,Completely
4195,R_7EYGvtUpelTVayC,b55,55,8,1848,spade symbol,1,Not at all
4196,R_7EYGvtUpelTVayC,b55,55,9,1849,Down arrow,2,A little
4197,R_7EYGvtUpelTVayC,b55,55,10,1850,table lamp,4,A lot
4198,R_7EYGvtUpelTVayC,b55,55,11,1851,Direction toward a T junction,1,Not at all
4199,R_7EYGvtUpelTVayC,b56,56,1,1852,lowercase r,1,Not at all
4200,R_7EYGvtUpelTVayC,b56,56,2,1853,letter k,1,Not at all
4201,R_7EYGvtUpelTVayC,b56,56,3,1854,golf club,1,Not at all
4202,R_7EYGvtUpelTVayC,b56,56,4,1855,tobacco pipe,1,Not at all
4203,R_7EYGvtUpelTVayC,b56,56,5,1856,flag pole,1,Not at all
4204,R_7EYGvtUpelTVayC,b56,56,6,1857,registered symbol,1,Not at all
4205,R_7EYGvtUpelTVayC,b56,56,7,1858,compass needle,3,Moderately
4206,R_7EYGvtUpelTVayC,b56,56,8,1859,kite emblem,1,Not at all
4207,R_7EYGvtUpelTVayC,b56,56,9,1860,circled R,1,Not at all
4208,R_7EYGvtUpelTVayC,b56,56,10,1861,balloon string,1,Not at all
4209,R_7EYGvtUpelTVayC,b56,56,11,1862,partial clock,1,Not at all
4210,R_7EYGvtUpelTVayC,b56,56,12,1863,Broken arrow,1,Not at all
4211,R_7EYGvtUpelTVayC,b56,56,13,1864,Circled K,1,Not at all
4212,R_7EYGvtUpelTVayC,b56,56,14,1865,half k,1,Not at all
4213,R_7EYGvtUpelTVayC,b56,56,15,1866,down Arrow button,2,A little
4214,R_7EYGvtUpelTVayC,b56,56,16,1867,Half 'k' in circle,1,Not at all
4215,R_7EYGvtUpelTVayC,b56,56,17,1868,circle with a V towards the top,1,Not at all
4216,R_7EYGvtUpelTVayC,b56,56,18,1869,V in circle,1,Not at all
4217,R_7EYGvtUpelTVayC,b57,57,1,1870,scissor jack,5,Completely
4218,R_7EYGvtUpelTVayC,b57,57,2,1871,capital z,1,Not at all
4219,R_7EYGvtUpelTVayC,b57,57,3,1872,barn door,1,Not at all
4220,R_7EYGvtUpelTVayC,b57,57,4,1873,windmill blades,4,A lot
4221,R_7EYGvtUpelTVayC,b57,57,5,1874,letter Z,1,Not at all
4222,R_7EYGvtUpelTVayC,b57,57,6,1875,window pane,1,Not at all
4223,R_7EYGvtUpelTVayC,b57,57,7,1876,two triangles,1,Not at all
4224,R_7EYGvtUpelTVayC,b58,58,1,1877,umbrella hook,3,Moderately
4225,R_7EYGvtUpelTVayC,b58,58,2,1878,Umbrella handle,3,Moderately
4226,R_7EYGvtUpelTVayC,b59,59,1,1879,road sign,5,Completely
4227,R_7EYGvtUpelTVayC,b59,59,2,1880,pine tree,4,A lot
4228,R_7EYGvtUpelTVayC,b59,59,3,1881,triangular signpost,5,Completely
4229,R_7EYGvtUpelTVayC,b59,59,4,1882,trophy cup,1,Not at all
4230,R_7EYGvtUpelTVayC,b59,59,5,1883,Sword,1,Not at all
4231,R_7EYGvtUpelTVayC,b59,59,6,1884,Greek temple,2,A little
4232,R_7EYGvtUpelTVayC,b59,59,7,1885,up arrow,4,A lot
4233,R_7EYGvtUpelTVayC,b59,59,8,1886,upward arrow,4,A lot
4234,R_7EYGvtUpelTVayC,b59,59,9,1887,Campfire tripod,4,A lot
4235,R_7EYGvtUpelTVayC,b59,59,10,1888,Arrowhead ladder,1,Not at all
4236,R_7EYGvtUpelTVayC,b59,59,11,1889,Bridge arch,1,Not at all
4237,R_7EYGvtUpelTVayC,b59,59,12,1890,Christmas tree,4,A lot
4238,R_7EYGvtUpelTVayC,b59,59,13,1891,planted tree,5,Completely
4239,R_7EYGvtUpelTVayC,b60,60,1,1892,wireframe cube,1,Not at all
