,ResponseId,block,block_num,repeat_index,qid,label,score,raw
0,R_10qMKOFXS2FbriN,b2,2,1,8,H,2,A little
1,R_10qMKOFXS2FbriN,b3,3,1,28,doorway,1,Not at all
2,R_10qMKOFXS2FbriN,b4,4,1,56,music notes,5,Completely
3,R_10qMKOFXS2FbriN,b4,4,2,59,spectacles,1,Not at all
4,R_10qMKOFXS2FbriN,b10,10,1,146,cyrillic letter,5,Completely
5,R_10qMKOFXS2FbriN,b11,11,1,181,trident,4,A lot
6,R_10qMKOFXS2FbriN,b13,13,1,211,door hinge,1,Not at all
7,R_10qMKOFXS2FbriN,b16,16,1,275,cube,1,Not at all
8,R_10qMKOFXS2FbriN,b19,19,1,357,butterfly,1,Not at all
9,R_10qMKOFXS2FbriN,b19,19,2,360,circle,1,Not at all
10,R_10qMKOFXS2FbriN,b21,21,1,438,headphones,1,Not at all
11,R_10qMKOFXS2FbriN,b24,24,1,523,pipe fitting,1,Not at all
12,R_10qMKOFXS2FbriN,b25,25,1,552,number 4,2,A little
13,R_10qMKOFXS2FbriN,b26,26,1,573,pickaxe,2,A little
14,R_10qMKOFXS2FbriN,b28,28,1,616,owl,1,Not at all
15,R_10qMKOFXS2FbriN,b28,28,2,618,ribbon,1,Not at all
16,R_10qMKOFXS2FbriN,b29,29,1,621,arch,1,Not at all
17,R_10qMKOFXS2FbriN,b29,29,2,624,bed,1,Not at all
18,R_10qMKOFXS2FbriN,b29,29,3,625,boat,2,A little
19,R_10qMKOFXS2FbriN,b31,31,1,684,female symbol,1,Not at all
20,R_10qMKOFXS2FbriN,b34,34,1,764,heart,1,Not at all
21,R_10qMKOFXS2FbriN,b40,40,1,906,goal post,1,Not at all
22,R_10qMKOFXS2FbriN,b43,43,1,984,keyhole,1,Not at all
23,R_10qMKOFXS2FbriN,b43,43,2,992,royal scepter,1,Not at all
24,R_10qMKOFXS2FbriN,b46,46,1,1065,bridge,1,Not at all
25,R_10qMKOFXS2FbriN,b49,49,1,1165,heart,3,Moderately
26,R_10qMKOFXS2FbriN,b50,50,1,1184,human sketch,5,Completely
27,R_10qMKOFXS2FbriN,b53,53,1,1244,desk lamp,1,Not at all
28,R_10qMKOFXS2FbriN,b56,56,1,1315,tabacco pipe,1,Not at all
29,R_10qMKOFXS2FbriN,b57,57,1,1320,Electric symbol,1,Not at all
30,R_11AVUD0vk8t74Cu,b3,3,1,1389,heart,1,Not at all
31,R_11AVUD0vk8t74Cu,b4,4,1,1404,TIE fighter,2,A little
32,R_11AVUD0vk8t74Cu,b8,8,1,1427,winged scepter,2,A little
33,R_11AVUD0vk8t74Cu,b10,10,1,1443,comb teeth,1,Not at all
34,R_11AVUD0vk8t74Cu,b10,10,2,1447,Fork and trident,5,Completely
35,R_11AVUD0vk8t74Cu,b12,12,1,1461,lying person,1,Not at all
36,R_11AVUD0vk8t74Cu,b14,14,1,1476,Horseshoe magnet,1,Not at all
37,R_11AVUD0vk8t74Cu,b14,14,2,1477,Skull,1,Not at all
38,R_11AVUD0vk8t74Cu,b16,16,1,1498,church bell,1,Not at all
39,R_11AVUD0vk8t74Cu,b18,18,1,1512,Umbrella,1,Not at all
40,R_11AVUD0vk8t74Cu,b25,25,1,1583,Flagpole signpost,1,Not at all
41,R_11AVUD0vk8t74Cu,b27,27,1,1602,battery symbol,3,Moderately
42,R_11AVUD0vk8t74Cu,b34,34,1,1672,glasses,1,Not at all
43,R_11AVUD0vk8t74Cu,b36,36,1,1670,chickenfoot,4,A lot
44,R_11AVUD0vk8t74Cu,b37,37,1,1690,snowman,1,Not at all
45,R_11AVUD0vk8t74Cu,b38,38,1,1697,club symbol,1,Not at all
46,R_11AVUD0vk8t74Cu,b38,38,2,1698,snowman face,1,Not at all
47,R_11AVUD0vk8t74Cu,b38,38,3,1699,club,1,Not at all
48,R_11AVUD0vk8t74Cu,b39,39,1,1713,ice cream scoops in a cone,3,Moderately
49,R_11AVUD0vk8t74Cu,b42,42,1,1734,window pane,5,Completely
50,R_11AVUD0vk8t74Cu,b45,45,1,1756,golf club,1,Not at all
51,R_11AVUD0vk8t74Cu,b47,47,1,1772,snail shell,1,Not at all
52,R_11AVUD0vk8t74Cu,b49,49,1,1791,heart arrow,3,Moderately
53,R_11AVUD0vk8t74Cu,b49,49,2,1794,Arrow key,1,Not at all
54,R_11AVUD0vk8t74Cu,b51,51,1,1806,tripod camera,2,A little
55,R_11AVUD0vk8t74Cu,b53,53,1,1820,hammer,1,Not at all
56,R_11AVUD0vk8t74Cu,b53,53,2,1826,teapot,1,Not at all
57,R_11AVUD0vk8t74Cu,b55,55,1,1848,spade symbol,1,Not at all
58,R_11AVUD0vk8t74Cu,b55,55,2,1850,table lamp,2,A little
59,R_11AVUD0vk8t74Cu,b57,57,1,1912,Rotated grid,2,A little
60,R_11HtlQVZRVeNDLJ,b3,3,1,29,dried,2,A little
61,R_11HtlQVZRVeNDLJ,b5,5,1,80,tongs,2,A little
62,R_11HtlQVZRVeNDLJ,b7,7,1,107,arrow,5,Completely
63,R_11HtlQVZRVeNDLJ,b11,11,1,175,interval graph,1,Not at all
64,R_11HtlQVZRVeNDLJ,b17,17,1,301,chalice,2,A little
65,R_11HtlQVZRVeNDLJ,b21,21,1,424,circles,2,A little
66,R_11HtlQVZRVeNDLJ,b22,22,1,472,play button,4,A lot
67,R_11HtlQVZRVeNDLJ,b24,24,1,533,windmill,1,Not at all
68,R_11HtlQVZRVeNDLJ,b25,25,1,556,pole,3,Moderately
69,R_11HtlQVZRVeNDLJ,b26,26,1,562,arrow,3,Moderately
70,R_11HtlQVZRVeNDLJ,b26,26,2,571,letter P,4,A lot
71,R_11HtlQVZRVeNDLJ,b26,26,3,574,sailboat,3,Moderately
72,R_11HtlQVZRVeNDLJ,b30,30,1,672,prison bars,3,Moderately
73,R_11HtlQVZRVeNDLJ,b33,33,1,747,semicircle,2,A little
74,R_11HtlQVZRVeNDLJ,b34,34,1,760,camcorder,4,A lot
75,R_11HtlQVZRVeNDLJ,b38,38,1,864,owl,2,A little
76,R_11HtlQVZRVeNDLJ,b43,43,1,994,snake,4,A lot
77,R_11HtlQVZRVeNDLJ,b46,46,1,1068,Chinese Character,4,A lot
78,R_11HtlQVZRVeNDLJ,b46,46,2,1072,eight,1,Not at all
79,R_11HtlQVZRVeNDLJ,b46,46,3,1081,lamp,4,A lot
80,R_11HtlQVZRVeNDLJ,b46,46,4,1091,Prize Ribbon,2,A little
81,R_11HtlQVZRVeNDLJ,b48,48,1,1130,a tree,2,A little
82,R_11HtlQVZRVeNDLJ,b48,48,2,1140,letter E,1,Not at all
83,R_11HtlQVZRVeNDLJ,b49,49,1,1157,beach,1,Not at all
84,R_11HtlQVZRVeNDLJ,b49,49,2,1168,M triangle,5,Completely
85,R_11HtlQVZRVeNDLJ,b52,52,1,1237,toothbrush,2,A little
86,R_11HtlQVZRVeNDLJ,b53,53,1,1255,spade,1,Not at all
87,R_11HtlQVZRVeNDLJ,b55,55,1,1293,Tulip,3,Moderately
88,R_11HtlQVZRVeNDLJ,b58,58,1,1349,umbrella,5,Completely
89,R_11HtlQVZRVeNDLJ,b59,59,1,1366,tree,5,Completely
90,R_12cjPtquehs36YN,b4,4,1,8,parentheses,1,Not at all
91,R_12cjPtquehs36YN,b6,6,1,16,infinity antenna,4,A lot
92,R_12cjPtquehs36YN,b7,7,1,17,bow tie,1,Not at all
93,R_12cjPtquehs36YN,b7,7,2,18,arrowhead,2,A little
94,R_12cjPtquehs36YN,b8,8,1,24,crown hourglass,2,A little
95,R_12cjPtquehs36YN,b12,12,1,37,serif y,1,Not at all
96,R_12cjPtquehs36YN,b14,14,1,43,scoop handle,1,Not at all
97,R_12cjPtquehs36YN,b17,17,1,49,snake tongue,2,A little
98,R_12cjPtquehs36YN,b19,19,1,59,spacer bar,1,Not at all
99,R_12cjPtquehs36YN,b21,21,1,65,key,1,Not at all
100,R_12cjPtquehs36YN,b24,24,1,75,water tap,1,Not at all
101,R_12cjPtquehs36YN,b24,24,2,77,enter key,1,Not at all
102,R_12cjPtquehs36YN,b25,25,1,79,l bracket,1,Not at all
103,R_12cjPtquehs36YN,b29,29,1,95,b,1,Not at all
104,R_12cjPtquehs36YN,b30,30,1,99,belt buckle,2,A little
105,R_12cjPtquehs36YN,b30,30,2,102,gate,1,Not at all
106,R_12cjPtquehs36YN,b32,32,1,108,hanging lantern,1,Not at all
107,R_12cjPtquehs36YN,b34,34,1,116,quantum anchor,1,Not at all
108,R_12cjPtquehs36YN,b37,37,1,123,scissors closed,2,A little
109,R_12cjPtquehs36YN,b38,38,1,125,stacking toy,1,Not at all
110,R_12cjPtquehs36YN,b41,41,1,137,stapler head,1,Not at all
111,R_12cjPtquehs36YN,b42,42,1,139,plus sign,2,A little
112,R_12cjPtquehs36YN,b42,42,2,141,h-beam,1,Not at all
113,R_12cjPtquehs36YN,b44,44,1,151,ps ligature,2,A little
114,R_12cjPtquehs36YN,b45,45,1,155,analog clock,5,Completely
115,R_12cjPtquehs36YN,b49,49,1,175,flying buttress,2,A little
116,R_12cjPtquehs36YN,b54,54,1,188,sixteenth note,2,A little
117,R_12cjPtquehs36YN,b56,56,1,193,roof gable,1,Not at all
118,R_12cjPtquehs36YN,b58,58,1,199,key,1,Not at all
119,R_12cjPtquehs36YN,b60,60,1,208,house roof,4,A lot
120,R_14kgHLKHcwVfCWo,b3,3,1,40,spectacles,2,A little
121,R_14kgHLKHcwVfCWo,b4,4,1,48,cherries,1,Not at all
122,R_14kgHLKHcwVfCWo,b4,4,2,55,hummer,1,Not at all
123,R_14kgHLKHcwVfCWo,b12,12,1,199,question mark,1,Not at all
124,R_14kgHLKHcwVfCWo,b13,13,1,214,Half circle,2,A little
125,R_14kgHLKHcwVfCWo,b16,16,1,275,cube,1,Not at all
126,R_14kgHLKHcwVfCWo,b16,16,2,295,Volcano,1,Not at all
127,R_14kgHLKHcwVfCWo,b17,17,1,304,flower,1,Not at all
128,R_14kgHLKHcwVfCWo,b17,17,2,305,funnel,1,Not at all
129,R_14kgHLKHcwVfCWo,b18,18,1,338,icecream cone,4,A lot
130,R_14kgHLKHcwVfCWo,b19,19,1,358,cat,1,Not at all
131,R_14kgHLKHcwVfCWo,b19,19,2,359,chess,1,Not at all
132,R_14kgHLKHcwVfCWo,b25,25,1,552,number 4,1,Not at all
133,R_14kgHLKHcwVfCWo,b26,26,1,575,triangle,1,Not at all
134,R_14kgHLKHcwVfCWo,b30,30,1,653,Boat,1,Not at all
135,R_14kgHLKHcwVfCWo,b30,30,2,665,goal post,2,A little
136,R_14kgHLKHcwVfCWo,b34,34,1,773,spade,1,Not at all
137,R_14kgHLKHcwVfCWo,b35,35,1,796,tree,1,Not at all
138,R_14kgHLKHcwVfCWo,b42,42,1,966,Small Rectangles,4,A lot
139,R_14kgHLKHcwVfCWo,b43,43,1,988,pendulum,1,Not at all
140,R_14kgHLKHcwVfCWo,b47,47,1,1112,key,1,Not at all
141,R_14kgHLKHcwVfCWo,b49,49,1,1169,mountain,1,Not at all
142,R_14kgHLKHcwVfCWo,b50,50,1,1188,person,3,Moderately
143,R_14kgHLKHcwVfCWo,b50,50,2,1191,stick figure,5,Completely
144,R_14kgHLKHcwVfCWo,b53,53,1,1242,bell,1,Not at all
145,R_14kgHLKHcwVfCWo,b54,54,1,1265,coat hook,1,Not at all
146,R_14kgHLKHcwVfCWo,b55,55,1,1293,Tulip,1,Not at all
147,R_14kgHLKHcwVfCWo,b57,57,1,1318,concave quadrilateral,3,Moderately
148,R_14kgHLKHcwVfCWo,b57,57,2,1329,Spring,1,Not at all
149,R_14kgHLKHcwVfCWo,b58,58,1,1343,letter G,1,Not at all
150,R_156rEAuPw0ObkNr,b3,3,1,28,doorway,1,Not at all
151,R_156rEAuPw0ObkNr,b4,4,1,62,two ds,1,Not at all
152,R_156rEAuPw0ObkNr,b5,5,1,82,two lungs,1,Not at all
153,R_156rEAuPw0ObkNr,b7,7,1,118,tree,4,A lot
154,R_156rEAuPw0ObkNr,b16,16,1,286,magnifying glass,2,A little
155,R_156rEAuPw0ObkNr,b16,16,2,292,Trapezoid,1,Not at all
156,R_156rEAuPw0ObkNr,b18,18,1,339,Incomplete heart,1,Not at all
157,R_156rEAuPw0ObkNr,b19,19,1,374,purse,1,Not at all
158,R_156rEAuPw0ObkNr,b19,19,2,382,teapot,1,Not at all
159,R_156rEAuPw0ObkNr,b21,21,1,436,lollipop stand,1,Not at all
160,R_156rEAuPw0ObkNr,b21,21,2,449,music note,1,Not at all
161,R_156rEAuPw0ObkNr,b22,22,1,451,Audio Symbol,4,A lot
162,R_156rEAuPw0ObkNr,b22,22,2,466,lowercase a,1,Not at all
163,R_156rEAuPw0ObkNr,b24,24,1,515,Horse,1,Not at all
164,R_156rEAuPw0ObkNr,b25,25,1,558,table,2,A little
165,R_156rEAuPw0ObkNr,b30,30,1,655,box,1,Not at all
166,R_156rEAuPw0ObkNr,b30,30,2,675,train car,1,Not at all
167,R_156rEAuPw0ObkNr,b31,31,1,698,umbrella,1,Not at all
168,R_156rEAuPw0ObkNr,b32,32,1,701,Champagne glass,5,Completely
169,R_156rEAuPw0ObkNr,b32,32,2,707,Glass,5,Completely
170,R_156rEAuPw0ObkNr,b35,35,1,786,face,2,A little
171,R_156rEAuPw0ObkNr,b35,35,2,787,film camera,3,Moderately
172,R_156rEAuPw0ObkNr,b41,41,1,936,key,2,A little
173,R_156rEAuPw0ObkNr,b43,43,1,997,spoon,1,Not at all
174,R_156rEAuPw0ObkNr,b44,44,1,1037,smoking pipe,3,Moderately
175,R_156rEAuPw0ObkNr,b48,48,1,1151,tee,5,Completely
176,R_156rEAuPw0ObkNr,b49,49,1,1173,scissors,1,Not at all
177,R_156rEAuPw0ObkNr,b50,50,1,1188,person,5,Completely
178,R_156rEAuPw0ObkNr,b57,57,1,1328,Small Peaks,1,Not at all
179,R_156rEAuPw0ObkNr,b59,59,1,1359,gymnastics apparatus,1,Not at all
180,R_15gIwWRYy92XqiB,b1,1,1,2,ladder,5,Completely
181,R_15gIwWRYy92XqiB,b7,7,1,115,stick figure,1,Not at all
182,R_15gIwWRYy92XqiB,b11,11,1,171,door key,1,Not at all
183,R_15gIwWRYy92XqiB,b17,17,1,298,Balloon,1,Not at all
184,R_15gIwWRYy92XqiB,b17,17,2,320,shield,1,Not at all
185,R_15gIwWRYy92XqiB,b19,19,1,360,circle,1,Not at all
186,R_15gIwWRYy92XqiB,b21,21,1,422,Bulb,1,Not at all
187,R_15gIwWRYy92XqiB,b21,21,2,429,house,1,Not at all
188,R_15gIwWRYy92XqiB,b21,21,3,443,coffee mug,1,Not at all
189,R_15gIwWRYy92XqiB,b23,23,1,496,staff,1,Not at all
190,R_15gIwWRYy92XqiB,b24,24,1,512,goal post,2,A little
191,R_15gIwWRYy92XqiB,b24,24,2,531,trident,1,Not at all
192,R_15gIwWRYy92XqiB,b26,26,1,562,arrow,1,Not at all
193,R_15gIwWRYy92XqiB,b30,30,1,657,c-clamp,1,Not at all
194,R_15gIwWRYy92XqiB,b35,35,1,780,bow tie,2,A little
195,R_15gIwWRYy92XqiB,b35,35,2,784,cone,1,Not at all
196,R_15gIwWRYy92XqiB,b37,37,1,851,Tree,2,A little
197,R_15gIwWRYy92XqiB,b38,38,1,859,fruit bowl,1,Not at all
198,R_15gIwWRYy92XqiB,b41,41,1,943,paper clip,1,Not at all
199,R_15gIwWRYy92XqiB,b41,41,2,944,paperclip holder,1,Not at all
200,R_15gIwWRYy92XqiB,b41,41,3,950,semi circle,1,Not at all
201,R_15gIwWRYy92XqiB,b42,42,1,960,hash sign,1,Not at all
202,R_15gIwWRYy92XqiB,b42,42,2,965,present,1,Not at all
203,R_15gIwWRYy92XqiB,b43,43,1,997,spoon,1,Not at all
204,R_15gIwWRYy92XqiB,b43,43,2,1006,zooming ball,1,Not at all
205,R_15gIwWRYy92XqiB,b46,46,1,1078,hourglass,1,Not at all
206,R_15gIwWRYy92XqiB,b46,46,2,1084,muffin,1,Not at all
207,R_15gIwWRYy92XqiB,b47,47,1,1121,scissors,1,Not at all
208,R_15gIwWRYy92XqiB,b49,49,1,1171,pendant lights,1,Not at all
209,R_15gIwWRYy92XqiB,b60,60,1,1373,envelope,1,Not at all
210,R_15x8SJt8vE97tVT,b4,4,1,50,eyeglasses,1,Not at all
211,R_15x8SJt8vE97tVT,b4,4,2,60,stingray,1,Not at all
212,R_15x8SJt8vE97tVT,b7,7,1,111,skewered chevron,2,A little
213,R_15x8SJt8vE97tVT,b9,9,1,132,ant,1,Not at all
214,R_15x8SJt8vE97tVT,b10,10,1,143,barcode,1,Not at all
215,R_15x8SJt8vE97tVT,b11,11,1,164,brush,1,Not at all
216,R_15x8SJt8vE97tVT,b11,11,2,178,rake,2,A little
217,R_15x8SJt8vE97tVT,b13,13,1,227,skeleton key,1,Not at all
218,R_15x8SJt8vE97tVT,b18,18,1,335,harp,1,Not at all
219,R_15x8SJt8vE97tVT,b18,18,2,340,keyhole,1,Not at all
220,R_15x8SJt8vE97tVT,b18,18,3,345,parabola,1,Not at all
221,R_15x8SJt8vE97tVT,b19,19,1,384,USB connector,1,Not at all
222,R_15x8SJt8vE97tVT,b21,21,1,432,person's torso,2,A little
223,R_15x8SJt8vE97tVT,b22,22,1,457,duck beak,1,Not at all
224,R_15x8SJt8vE97tVT,b23,23,1,492,magnifying glass,1,Not at all
225,R_15x8SJt8vE97tVT,b24,24,1,522,Pie symbol,1,Not at all
226,R_15x8SJt8vE97tVT,b30,30,1,652,bench,1,Not at all
227,R_15x8SJt8vE97tVT,b31,31,1,686,flower,1,Not at all
228,R_15x8SJt8vE97tVT,b32,32,1,704,coat hook,1,Not at all
229,R_15x8SJt8vE97tVT,b35,35,1,787,film camera,1,Not at all
230,R_15x8SJt8vE97tVT,b37,37,1,832,clover,2,A little
231,R_15x8SJt8vE97tVT,b37,37,2,843,Hammer,1,Not at all
232,R_15x8SJt8vE97tVT,b37,37,3,849,snow man,1,Not at all
233,R_15x8SJt8vE97tVT,b39,39,1,873,bucket,1,Not at all
234,R_15x8SJt8vE97tVT,b41,41,1,955,turtle,1,Not at all
235,R_15x8SJt8vE97tVT,b43,43,1,993,saxophone,1,Not at all
236,R_15x8SJt8vE97tVT,b46,46,1,1074,Grenade,1,Not at all
237,R_15x8SJt8vE97tVT,b49,49,1,1170,owl,1,Not at all
238,R_15x8SJt8vE97tVT,b53,53,1,1242,bell,1,Not at all
239,R_15x8SJt8vE97tVT,b57,57,1,1326,railroad crossing,1,Not at all
240,R_16gPt89Ir1DP44h,b6,6,1,94,goal post,1,Not at all
241,R_16gPt89Ir1DP44h,b10,10,1,154,Numeral Three,1,Not at all
242,R_16gPt89Ir1DP44h,b11,11,1,174,harmer,1,Not at all
243,R_16gPt89Ir1DP44h,b12,12,1,198,person,1,Not at all
244,R_16gPt89Ir1DP44h,b14,14,1,243,eyes,1,Not at all
245,R_16gPt89Ir1DP44h,b17,17,1,302,cone,3,Moderately
246,R_16gPt89Ir1DP44h,b19,19,1,361,coffee cup,1,Not at all
247,R_16gPt89Ir1DP44h,b19,19,2,363,dollar sign,1,Not at all
248,R_16gPt89Ir1DP44h,b19,19,3,376,scissors,1,Not at all
249,R_16gPt89Ir1DP44h,b22,22,1,457,duck beak,2,A little
250,R_16gPt89Ir1DP44h,b23,23,1,486,dollar sign,1,Not at all
251,R_16gPt89Ir1DP44h,b24,24,1,532,tuning fork,1,Not at all
252,R_16gPt89Ir1DP44h,b25,25,1,542,flagpole,1,Not at all
253,R_16gPt89Ir1DP44h,b33,33,1,736,keyhole,1,Not at all
254,R_16gPt89Ir1DP44h,b34,34,1,764,heart,1,Not at all
255,R_16gPt89Ir1DP44h,b35,35,1,779,bow,3,Moderately
256,R_16gPt89Ir1DP44h,b40,40,1,905,flagpole,1,Not at all
257,R_16gPt89Ir1DP44h,b41,41,1,950,semi circle,1,Not at all
258,R_16gPt89Ir1DP44h,b42,42,1,957,bookshelf,2,A little
259,R_16gPt89Ir1DP44h,b42,42,2,966,Small Rectangles,1,Not at all
260,R_16gPt89Ir1DP44h,b46,46,1,1075,handcuffs,1,Not at all
261,R_16gPt89Ir1DP44h,b46,46,2,1083,medal,2,A little
262,R_16gPt89Ir1DP44h,b51,51,1,1199,figure,1,Not at all
263,R_16gPt89Ir1DP44h,b51,51,2,1208,RADIO,2,A little
264,R_16gPt89Ir1DP44h,b51,51,3,1214,transistor radio,2,A little
265,R_16gPt89Ir1DP44h,b52,52,1,1220,Cross,1,Not at all
266,R_16gPt89Ir1DP44h,b53,53,1,1252,number 6,1,Not at all
267,R_16gPt89Ir1DP44h,b58,58,1,1339,anchor,2,A little
268,R_16gPt89Ir1DP44h,b59,59,1,1352,arrowhead,1,Not at all
269,R_16gPt89Ir1DP44h,b60,60,1,1378,television,1,Not at all
270,R_18ZmgJ176gJh0BL,b1,1,1,4,tower,2,A little
271,R_18ZmgJ176gJh0BL,b3,3,1,22,bra,2,A little
272,R_18ZmgJ176gJh0BL,b3,3,2,31,eye glasses,2,A little
273,R_18ZmgJ176gJh0BL,b9,9,1,138,stylized emblem,1,Not at all
274,R_18ZmgJ176gJh0BL,b10,10,1,155,pitchfork,4,A lot
275,R_18ZmgJ176gJh0BL,b13,13,1,208,chalice,1,Not at all
276,R_18ZmgJ176gJh0BL,b13,13,2,216,keyhole,2,A little
277,R_18ZmgJ176gJh0BL,b13,13,3,226,sign,2,A little
278,R_18ZmgJ176gJh0BL,b14,14,1,252,oval,2,A little
279,R_18ZmgJ176gJh0BL,b16,16,1,278,fish hook,1,Not at all
280,R_18ZmgJ176gJh0BL,b20,20,1,411,pulley,2,A little
281,R_18ZmgJ176gJh0BL,b25,25,1,547,letter F,1,Not at all
282,R_18ZmgJ176gJh0BL,b27,27,1,601,Square,1,Not at all
283,R_18ZmgJ176gJh0BL,b29,29,1,629,crane,1,Not at all
284,R_18ZmgJ176gJh0BL,b29,29,2,636,keyhole,2,A little
285,R_18ZmgJ176gJh0BL,b31,31,1,690,Rocket ship,1,Not at all
286,R_18ZmgJ176gJh0BL,b32,32,1,718,spatula,3,Moderately
287,R_18ZmgJ176gJh0BL,b34,34,1,756,bird,1,Not at all
288,R_18ZmgJ176gJh0BL,b35,35,1,781,cat face,2,A little
289,R_18ZmgJ176gJh0BL,b37,37,1,826,bow tie,1,Not at all
290,R_18ZmgJ176gJh0BL,b41,41,1,925,chair,1,Not at all
291,R_18ZmgJ176gJh0BL,b41,41,2,929,directional marker right,1,Not at all
292,R_18ZmgJ176gJh0BL,b41,41,3,953,staple gun,1,Not at all
293,R_18ZmgJ176gJh0BL,b44,44,1,1016,fan,1,Not at all
294,R_18ZmgJ176gJh0BL,b49,49,1,1156,arrow,2,A little
295,R_18ZmgJ176gJh0BL,b50,50,1,1190,Standing lamp,1,Not at all
296,R_18ZmgJ176gJh0BL,b52,52,1,1227,line,1,Not at all
297,R_18ZmgJ176gJh0BL,b56,56,1,1303,diagram,2,A little
298,R_18ZmgJ176gJh0BL,b56,56,2,1316,verified icon,1,Not at all
299,R_18ZmgJ176gJh0BL,b60,60,1,1372,diamond,1,Not at all
300,R_1ARv96cX9G1YCdg,b1,1,1,1,door knob,1,Not at all
301,R_1ARv96cX9G1YCdg,b3,3,1,31,eye glasses,1,Not at all
302,R_1ARv96cX9G1YCdg,b3,3,2,40,spectacles,2,A little
303,R_1ARv96cX9G1YCdg,b13,13,1,215,hammer,1,Not at all
304,R_1ARv96cX9G1YCdg,b18,18,1,340,keyhole,1,Not at all
305,R_1ARv96cX9G1YCdg,b20,20,1,392,Bun,1,Not at all
306,R_1ARv96cX9G1YCdg,b20,20,2,419,woman,2,A little
307,R_1ARv96cX9G1YCdg,b22,22,1,454,cone,1,Not at all
308,R_1ARv96cX9G1YCdg,b23,23,1,502,Yinyang Medallion,1,Not at all
309,R_1ARv96cX9G1YCdg,b24,24,1,513,gun barrel,1,Not at all
310,R_1ARv96cX9G1YCdg,b24,24,2,529,Straight line,1,Not at all
311,R_1ARv96cX9G1YCdg,b25,25,1,550,Lower H,1,Not at all
312,R_1ARv96cX9G1YCdg,b29,29,1,636,keyhole,1,Not at all
313,R_1ARv96cX9G1YCdg,b30,30,1,657,c-clamp,1,Not at all
314,R_1ARv96cX9G1YCdg,b30,30,2,673,shovel,2,A little
315,R_1ARv96cX9G1YCdg,b30,30,3,674,train,1,Not at all
316,R_1ARv96cX9G1YCdg,b31,31,1,690,Rocket ship,1,Not at all
317,R_1ARv96cX9G1YCdg,b33,33,1,731,dustpan,3,Moderately
318,R_1ARv96cX9G1YCdg,b33,33,2,734,hanging lamp,3,Moderately
319,R_1ARv96cX9G1YCdg,b33,33,3,748,shovel,2,A little
320,R_1ARv96cX9G1YCdg,b35,35,1,785,eyes nose,1,Not at all
321,R_1ARv96cX9G1YCdg,b40,40,1,920,sideways lock,1,Not at all
322,R_1ARv96cX9G1YCdg,b41,41,1,928,cup,4,A lot
323,R_1ARv96cX9G1YCdg,b41,41,2,940,Mailbox,2,A little
324,R_1ARv96cX9G1YCdg,b43,43,1,1002,unicycle,1,Not at all
325,R_1ARv96cX9G1YCdg,b46,46,1,1090,port,1,Not at all
326,R_1ARv96cX9G1YCdg,b52,52,1,1234,star,1,Not at all
327,R_1ARv96cX9G1YCdg,b53,53,1,1257,tulip,1,Not at all
328,R_1ARv96cX9G1YCdg,b55,55,1,1279,anchor,1,Not at all
329,R_1ARv96cX9G1YCdg,b59,59,1,1352,arrowhead,2,A little
330,R_1CBp7pKpirPpQa8,b3,3,1,20,bd,5,Completely
331,R_1CBp7pKpirPpQa8,b4,4,1,58,pulley,1,Not at all
332,R_1CBp7pKpirPpQa8,b5,5,1,77,minor note,2,A little
333,R_1CBp7pKpirPpQa8,b6,6,1,92,controller,2,A little
334,R_1CBp7pKpirPpQa8,b13,13,1,213,goblet,5,Completely
335,R_1CBp7pKpirPpQa8,b15,15,1,269,plant pot,2,A little
336,R_1CBp7pKpirPpQa8,b19,19,1,385,USD symbol,2,A little
337,R_1CBp7pKpirPpQa8,b20,20,1,399,hill,1,Not at all
338,R_1CBp7pKpirPpQa8,b20,20,2,414,snowman,4,A lot
339,R_1CBp7pKpirPpQa8,b21,21,1,424,circles,1,Not at all
340,R_1CBp7pKpirPpQa8,b24,24,1,510,crutch,2,A little
341,R_1CBp7pKpirPpQa8,b27,27,1,579,belt buckle,3,Moderately
342,R_1CBp7pKpirPpQa8,b29,29,1,622,basket,3,Moderately
343,R_1CBp7pKpirPpQa8,b33,33,1,729,church steeple,3,Moderately
344,R_1CBp7pKpirPpQa8,b35,35,1,791,nose/eyes,2,A little
345,R_1CBp7pKpirPpQa8,b36,36,1,804,fork,3,Moderately
346,R_1CBp7pKpirPpQa8,b37,37,1,837,eyeglasses,1,Not at all
347,R_1CBp7pKpirPpQa8,b39,39,1,890,scissors,2,A little
348,R_1CBp7pKpirPpQa8,b42,42,1,960,hash sign,1,Not at all
349,R_1CBp7pKpirPpQa8,b45,45,1,1057,lottery ball,1,Not at all
350,R_1CBp7pKpirPpQa8,b46,46,1,1086,mustache,1,Not at all
351,R_1CBp7pKpirPpQa8,b46,46,2,1089,pop-up toaster,1,Not at all
352,R_1CBp7pKpirPpQa8,b46,46,3,1093,spade,1,Not at all
353,R_1CBp7pKpirPpQa8,b46,46,4,1097,window,1,Not at all
354,R_1CBp7pKpirPpQa8,b48,48,1,1140,letter E,1,Not at all
355,R_1CBp7pKpirPpQa8,b50,50,1,1179,cartoon image,5,Completely
356,R_1CBp7pKpirPpQa8,b53,53,1,1259,wall sconce,1,Not at all
357,R_1CBp7pKpirPpQa8,b54,54,1,1260,Ant,1,Not at all
358,R_1CBp7pKpirPpQa8,b56,56,1,1311,power button,3,Moderately
359,R_1CBp7pKpirPpQa8,b57,57,1,1332,tape dispenser,1,Not at all
360,R_1Crn2jT0EGbFSMV,b2,2,1,13,stairs,1,Not at all
361,R_1Crn2jT0EGbFSMV,b6,6,1,87,batman mask,2,A little
362,R_1Crn2jT0EGbFSMV,b7,7,1,108,hourglass,1,Not at all
363,R_1Crn2jT0EGbFSMV,b8,8,1,123,bread,1,Not at all
364,R_1Crn2jT0EGbFSMV,b13,13,1,222,Mushroom,1,Not at all
365,R_1Crn2jT0EGbFSMV,b18,18,1,327,butterfly,1,Not at all
366,R_1Crn2jT0EGbFSMV,b21,21,1,426,cup,1,Not at all
367,R_1Crn2jT0EGbFSMV,b21,21,2,441,hot air balloon,1,Not at all
368,R_1Crn2jT0EGbFSMV,b22,22,1,474,rectangle,1,Not at all
369,R_1Crn2jT0EGbFSMV,b23,23,1,485,circle,1,Not at all
370,R_1Crn2jT0EGbFSMV,b23,23,2,501,weathervane,2,A little
371,R_1Crn2jT0EGbFSMV,b25,25,1,557,stick,1,Not at all
372,R_1Crn2jT0EGbFSMV,b27,27,1,583,candy bar,1,Not at all
373,R_1Crn2jT0EGbFSMV,b28,28,1,614,insect head,1,Not at all
374,R_1Crn2jT0EGbFSMV,b32,32,1,702,chandelier,1,Not at all
375,R_1Crn2jT0EGbFSMV,b32,32,2,709,Hammer,1,Not at all
376,R_1Crn2jT0EGbFSMV,b33,33,1,750,Stake,1,Not at all
377,R_1Crn2jT0EGbFSMV,b35,35,1,778,bicycle,1,Not at all
378,R_1Crn2jT0EGbFSMV,b37,37,1,829,butterfly,1,Not at all
379,R_1Crn2jT0EGbFSMV,b37,37,2,835,dragonfly,1,Not at all
380,R_1Crn2jT0EGbFSMV,b39,39,1,874,butterfly,1,Not at all
381,R_1Crn2jT0EGbFSMV,b43,43,1,976,cartoon bomb,1,Not at all
382,R_1Crn2jT0EGbFSMV,b43,43,2,988,pendulum,1,Not at all
383,R_1Crn2jT0EGbFSMV,b46,46,1,1085,mushroom,2,A little
384,R_1Crn2jT0EGbFSMV,b50,50,1,1196,wine glass,1,Not at all
385,R_1Crn2jT0EGbFSMV,b51,51,1,1207,present,1,Not at all
386,R_1Crn2jT0EGbFSMV,b52,52,1,1229,pattern,1,Not at all
387,R_1Crn2jT0EGbFSMV,b57,57,1,1319,cross brace,1,Not at all
388,R_1Crn2jT0EGbFSMV,b57,57,2,1331,table,1,Not at all
389,R_1Crn2jT0EGbFSMV,b60,60,1,1377,roof,2,A little
390,R_1DLIuQKCMXMlhxa,b5,5,1,70,db,3,Moderately
391,R_1DLIuQKCMXMlhxa,b10,10,1,157,Sideways E,4,A lot
392,R_1DLIuQKCMXMlhxa,b12,12,1,189,cup,5,Completely
393,R_1DLIuQKCMXMlhxa,b18,18,1,335,harp,1,Not at all
394,R_1DLIuQKCMXMlhxa,b19,19,1,386,wang jangle,1,Not at all
395,R_1DLIuQKCMXMlhxa,b22,22,1,459,fish,2,A little
396,R_1DLIuQKCMXMlhxa,b22,22,2,474,rectangle,1,Not at all
397,R_1DLIuQKCMXMlhxa,b24,24,1,524,plus sign,1,Not at all
398,R_1DLIuQKCMXMlhxa,b25,25,1,543,hammer,1,Not at all
399,R_1DLIuQKCMXMlhxa,b25,25,2,549,letter T,2,A little
400,R_1DLIuQKCMXMlhxa,b30,30,1,647,anchor,1,Not at all
401,R_1DLIuQKCMXMlhxa,b31,31,1,695,Sun Horizon,1,Not at all
402,R_1DLIuQKCMXMlhxa,b33,33,1,751,Stick,3,Moderately
403,R_1DLIuQKCMXMlhxa,b35,35,1,789,goggles,2,A little
404,R_1DLIuQKCMXMlhxa,b37,37,1,828,bubble pipe,4,A lot
405,R_1DLIuQKCMXMlhxa,b37,37,2,836,dumbbell,2,A little
406,R_1DLIuQKCMXMlhxa,b37,37,3,846,magnifying glass,1,Not at all
407,R_1DLIuQKCMXMlhxa,b37,37,4,848,Race track,3,Moderately
408,R_1DLIuQKCMXMlhxa,b41,41,1,945,pipe clamp,3,Moderately
409,R_1DLIuQKCMXMlhxa,b43,43,1,978,corkscrew,1,Not at all
410,R_1DLIuQKCMXMlhxa,b44,44,1,1025,lit match,2,A little
411,R_1DLIuQKCMXMlhxa,b47,47,1,1120,pulley,2,A little
412,R_1DLIuQKCMXMlhxa,b48,48,1,1147,signpost,4,A lot
413,R_1DLIuQKCMXMlhxa,b50,50,1,1195,trident,1,Not at all
414,R_1DLIuQKCMXMlhxa,b51,51,1,1201,house,2,A little
415,R_1DLIuQKCMXMlhxa,b52,52,1,1236,Sword,1,Not at all
416,R_1DLIuQKCMXMlhxa,b54,54,1,1275,music note,5,Completely
417,R_1DLIuQKCMXMlhxa,b57,57,1,1327,scissors,1,Not at all
418,R_1DLIuQKCMXMlhxa,b58,58,1,1343,letter G,1,Not at all
419,R_1DLIuQKCMXMlhxa,b59,59,1,1357,canopy,4,A lot
420,R_1E2SIkHwNMQ5Q1H,b6,6,1,97,hourglass,4,A lot
421,R_1E2SIkHwNMQ5Q1H,b10,10,1,157,Sideways E,2,A little
422,R_1E2SIkHwNMQ5Q1H,b13,13,1,211,door hinge,1,Not at all
423,R_1E2SIkHwNMQ5Q1H,b13,13,2,222,Mushroom,2,A little
424,R_1E2SIkHwNMQ5Q1H,b15,15,1,264,honeycomb,4,A lot
425,R_1E2SIkHwNMQ5Q1H,b15,15,2,268,pentagon,1,Not at all
426,R_1E2SIkHwNMQ5Q1H,b18,18,1,348,revolver,1,Not at all
427,R_1E2SIkHwNMQ5Q1H,b19,19,1,356,bee,1,Not at all
428,R_1E2SIkHwNMQ5Q1H,b20,20,1,414,snowman,5,Completely
429,R_1E2SIkHwNMQ5Q1H,b21,21,1,435,statue,5,Completely
430,R_1E2SIkHwNMQ5Q1H,b23,23,1,491,Lollipop,5,Completely
431,R_1E2SIkHwNMQ5Q1H,b24,24,1,528,Square,4,A lot
432,R_1E2SIkHwNMQ5Q1H,b25,25,1,541,Fallen tree,4,A lot
433,R_1E2SIkHwNMQ5Q1H,b27,27,1,578,bed,1,Not at all
434,R_1E2SIkHwNMQ5Q1H,b29,29,1,623,beach umbrella,1,Not at all
435,R_1E2SIkHwNMQ5Q1H,b29,29,2,639,potted plant,5,Completely
436,R_1E2SIkHwNMQ5Q1H,b30,30,1,674,train,1,Not at all
437,R_1E2SIkHwNMQ5Q1H,b31,31,1,698,umbrella,1,Not at all
438,R_1E2SIkHwNMQ5Q1H,b33,33,1,747,semicircle,4,A lot
439,R_1E2SIkHwNMQ5Q1H,b39,39,1,873,bucket,1,Not at all
440,R_1E2SIkHwNMQ5Q1H,b40,40,1,919,Race track,4,A lot
441,R_1E2SIkHwNMQ5Q1H,b43,43,1,990,power button,4,A lot
442,R_1E2SIkHwNMQ5Q1H,b44,44,1,1030,OVAL,2,A little
443,R_1E2SIkHwNMQ5Q1H,b44,44,2,1035,Semicircle,1,Not at all
444,R_1E2SIkHwNMQ5Q1H,b44,44,3,1039,Stringray,4,A lot
445,R_1E2SIkHwNMQ5Q1H,b46,46,1,1073,face,4,A lot
446,R_1E2SIkHwNMQ5Q1H,b47,47,1,1119,Pill,4,A lot
447,R_1E2SIkHwNMQ5Q1H,b48,48,1,1133,flagpole,4,A lot
448,R_1E2SIkHwNMQ5Q1H,b51,51,1,1210,robot arm,1,Not at all
449,R_1E2SIkHwNMQ5Q1H,b54,54,1,1274,music note,5,Completely
450,R_1EgwNd6xmxCCPFv,b1,1,1,1,iron bars,3,Moderately
451,R_1EgwNd6xmxCCPFv,b6,6,1,15,sunglasses,4,A lot
452,R_1EgwNd6xmxCCPFv,b9,9,1,28,hourglass seal,2,A little
453,R_1EgwNd6xmxCCPFv,b10,10,1,31,candle holder,2,A little
454,R_1EgwNd6xmxCCPFv,b12,12,1,39,flagpole,1,Not at all
455,R_1EgwNd6xmxCCPFv,b14,14,1,43,scoop handle,1,Not at all
456,R_1EgwNd6xmxCCPFv,b15,15,1,45,pencil tip,4,A lot
457,R_1EgwNd6xmxCCPFv,b18,18,1,53,bluetooth logo,1,Not at all
458,R_1EgwNd6xmxCCPFv,b22,22,1,72,subset symbol,4,A lot
459,R_1EgwNd6xmxCCPFv,b26,26,1,82,javelin,1,Not at all
460,R_1EgwNd6xmxCCPFv,b26,26,2,84,arrow shaft,3,Moderately
461,R_1EgwNd6xmxCCPFv,b27,27,1,85,mail slot,1,Not at all
462,R_1EgwNd6xmxCCPFv,b27,27,2,87,stapler frame,1,Not at all
463,R_1EgwNd6xmxCCPFv,b29,29,1,96,bridge,1,Not at all
464,R_1EgwNd6xmxCCPFv,b31,31,1,105,ice cream,1,Not at all
465,R_1EgwNd6xmxCCPFv,b33,33,1,111,golf tee,2,A little
466,R_1EgwNd6xmxCCPFv,b34,34,1,116,quantum anchor,2,A little
467,R_1EgwNd6xmxCCPFv,b35,35,1,120,twin crown,1,Not at all
468,R_1EgwNd6xmxCCPFv,b37,37,1,124,pendulum bob,1,Not at all
469,R_1EgwNd6xmxCCPFv,b40,40,1,133,capital b,1,Not at all
470,R_1EgwNd6xmxCCPFv,b43,43,1,146,target satellite,2,A little
471,R_1EgwNd6xmxCCPFv,b45,45,1,157,life buoy,3,Moderately
472,R_1EgwNd6xmxCCPFv,b46,46,1,164,arrowhead,1,Not at all
473,R_1EgwNd6xmxCCPFv,b47,47,1,166,cartoon bomb,2,A little
474,R_1EgwNd6xmxCCPFv,b49,49,1,174,steep curve,1,Not at all
475,R_1EgwNd6xmxCCPFv,b57,57,1,196,ski jump,1,Not at all
476,R_1EgwNd6xmxCCPFv,b58,58,1,200,grapnel anchor,4,A lot
477,R_1EgwNd6xmxCCPFv,b60,60,1,206,square pyramid,2,A little
478,R_1EgwNd6xmxCCPFv,b60,60,2,207,tiny house,5,Completely
479,R_1EgwNd6xmxCCPFv,b60,60,3,208,house roof,2,A little
480,R_1EmG3jPvNHqEJhW,b1,1,1,1383,ladder structure,5,Completely
481,R_1EmG3jPvNHqEJhW,b4,4,1,1401,butterfly wings,2,A little
482,R_1EmG3jPvNHqEJhW,b8,8,1,1432,caduceus,1,Not at all
483,R_1EmG3jPvNHqEJhW,b8,8,2,1433,Digit 8,1,Not at all
484,R_1EmG3jPvNHqEJhW,b9,9,1,1436,Ship anchor,1,Not at all
485,R_1EmG3jPvNHqEJhW,b9,9,2,1437,butterfly bow,3,Moderately
486,R_1EmG3jPvNHqEJhW,b16,16,1,1495,wine glass,1,Not at all
487,R_1EmG3jPvNHqEJhW,b16,16,2,1498,church bell,1,Not at all
488,R_1EmG3jPvNHqEJhW,b17,17,1,1898,martini glass,1,Not at all
489,R_1EmG3jPvNHqEJhW,b25,25,1,1578,Tuning fork,3,Moderately
490,R_1EmG3jPvNHqEJhW,b27,27,1,1602,battery symbol,1,Not at all
491,R_1EmG3jPvNHqEJhW,b32,32,1,1654,mushroom anchor,1,Not at all
492,R_1EmG3jPvNHqEJhW,b36,36,1,1688,Slingshot pole,1,Not at all
493,R_1EmG3jPvNHqEJhW,b37,37,1,1693,club symbol,4,A lot
494,R_1EmG3jPvNHqEJhW,b39,39,1,1706,club suit,1,Not at all
495,R_1EmG3jPvNHqEJhW,b39,39,2,1714,ice cream cone with three scoops,5,Completely
496,R_1EmG3jPvNHqEJhW,b40,40,1,1717,table frame,1,Not at all
497,R_1EmG3jPvNHqEJhW,b40,40,2,1719,Flagpole sign,1,Not at all
498,R_1EmG3jPvNHqEJhW,b42,42,1,1737,H shape,1,Not at all
499,R_1EmG3jPvNHqEJhW,b44,44,1,1748,stethoscope,2,A little
500,R_1EmG3jPvNHqEJhW,b48,48,1,1777,handgun,2,A little
501,R_1EmG3jPvNHqEJhW,b50,50,1,1799,Upside-down tree,1,Not at all
502,R_1EmG3jPvNHqEJhW,b52,52,1,1814,capital F,4,A lot
503,R_1EmG3jPvNHqEJhW,b52,52,2,1819,Uppercase F,5,Completely
504,R_1EmG3jPvNHqEJhW,b53,53,1,1823,mushroom,3,Moderately
505,R_1EmG3jPvNHqEJhW,b54,54,1,1834,flag key,3,Moderately
506,R_1EmG3jPvNHqEJhW,b54,54,2,1839,Combination wrench,1,Not at all
507,R_1EmG3jPvNHqEJhW,b54,54,3,1840,g clef,1,Not at all
508,R_1EmG3jPvNHqEJhW,b56,56,1,1853,letter k,1,Not at all
509,R_1EmG3jPvNHqEJhW,b57,57,1,1872,barn door,1,Not at all
510,R_1H76q55CMEtLRGy,b6,6,1,1413,bow tie,3,Moderately
511,R_1H76q55CMEtLRGy,b8,8,1,1428,cheerleader,1,Not at all
512,R_1H76q55CMEtLRGy,b8,8,2,1434,long diamond,1,Not at all
513,R_1H76q55CMEtLRGy,b10,10,1,1450,two open attached triangles,1,Not at all
514,R_1H76q55CMEtLRGy,b12,12,1,1466,Dried,1,Not at all
515,R_1H76q55CMEtLRGy,b15,15,1,1491,square with a diamond in the middle,1,Not at all
516,R_1H76q55CMEtLRGy,b16,16,1,1495,wine glass,1,Not at all
517,R_1H76q55CMEtLRGy,b18,18,1,1515,butterfly wings,1,Not at all
518,R_1H76q55CMEtLRGy,b20,20,1,1533,key,1,Not at all
519,R_1H76q55CMEtLRGy,b25,25,1,1578,Tuning fork,2,A little
520,R_1H76q55CMEtLRGy,b25,25,2,1583,Flagpole signpost,1,Not at all
521,R_1H76q55CMEtLRGy,b27,27,1,1609,2 square stacked into each other,1,Not at all
522,R_1H76q55CMEtLRGy,b28,28,1,1610,Goggles,4,A lot
523,R_1H76q55CMEtLRGy,b28,28,2,1611,Binoculars,1,Not at all
524,R_1H76q55CMEtLRGy,b30,30,1,1633,comb,1,Not at all
525,R_1H76q55CMEtLRGy,b32,32,1,1652,mushroom cap,1,Not at all
526,R_1H76q55CMEtLRGy,b32,32,2,1653,upside-down table,1,Not at all
527,R_1H76q55CMEtLRGy,b33,33,1,1664,service bell,4,A lot
528,R_1H76q55CMEtLRGy,b35,35,1,1676,owl,2,A little
529,R_1H76q55CMEtLRGy,b38,38,1,1695,owl face,1,Not at all
530,R_1H76q55CMEtLRGy,b45,45,1,1757,seated person,1,Not at all
531,R_1H76q55CMEtLRGy,b45,45,2,1758,hanging target,1,Not at all
532,R_1H76q55CMEtLRGy,b48,48,1,1778,garden hoe,1,Not at all
533,R_1H76q55CMEtLRGy,b52,52,1,1817,Flagpole signpost,4,A lot
534,R_1H76q55CMEtLRGy,b55,55,1,1841,location marker,2,A little
535,R_1H76q55CMEtLRGy,b56,56,1,1867,Half 'k' in circle,4,A lot
536,R_1H76q55CMEtLRGy,b57,57,1,1870,scissor jack,3,Moderately
537,R_1H76q55CMEtLRGy,b59,59,1,1882,trophy cup,1,Not at all
538,R_1H76q55CMEtLRGy,b59,59,2,1885,up arrow,4,A lot
539,R_1H76q55CMEtLRGy,b60,60,1,1892,wireframe cube,2,A little
540,R_1HiddtUdBSSiWoU,b2,2,1,9,hash,1,Not at all
541,R_1HiddtUdBSSiWoU,b5,5,1,84,woman,1,Not at all
542,R_1HiddtUdBSSiWoU,b7,7,1,111,skewered chevron,4,A lot
543,R_1HiddtUdBSSiWoU,b9,9,1,137,cat ears,1,Not at all
544,R_1HiddtUdBSSiWoU,b14,14,1,258,toilet,1,Not at all
545,R_1HiddtUdBSSiWoU,b21,21,1,429,house,1,Not at all
546,R_1HiddtUdBSSiWoU,b21,21,2,435,statue,3,Moderately
547,R_1HiddtUdBSSiWoU,b22,22,1,463,horn,4,A lot
548,R_1HiddtUdBSSiWoU,b24,24,1,533,windmill,1,Not at all
549,R_1HiddtUdBSSiWoU,b26,26,1,561,arrow,2,A little
550,R_1HiddtUdBSSiWoU,b31,31,1,683,Circle,2,A little
551,R_1HiddtUdBSSiWoU,b31,31,2,697,tuning fork,1,Not at all
552,R_1HiddtUdBSSiWoU,b32,32,1,713,lollipop,1,Not at all
553,R_1HiddtUdBSSiWoU,b33,33,1,748,shovel,4,A lot
554,R_1HiddtUdBSSiWoU,b34,34,1,770,movie projector,1,Not at all
555,R_1HiddtUdBSSiWoU,b36,36,1,807,location marker,2,A little
556,R_1HiddtUdBSSiWoU,b39,39,1,870,balloons,3,Moderately
557,R_1HiddtUdBSSiWoU,b39,39,2,875,clubs suit,4,A lot
558,R_1HiddtUdBSSiWoU,b40,40,1,902,cup,4,A lot
559,R_1HiddtUdBSSiWoU,b43,43,1,975,bike handle,1,Not at all
560,R_1HiddtUdBSSiWoU,b43,43,2,1005,yo-yo,4,A lot
561,R_1HiddtUdBSSiWoU,b47,47,1,1104,butterfly,1,Not at all
562,R_1HiddtUdBSSiWoU,b47,47,2,1112,key,1,Not at all
563,R_1HiddtUdBSSiWoU,b48,48,1,1142,letter x,1,Not at all
564,R_1HiddtUdBSSiWoU,b50,50,1,1192,stick person,5,Completely
565,R_1HiddtUdBSSiWoU,b50,50,2,1194,tree,1,Not at all
566,R_1HiddtUdBSSiWoU,b53,53,1,1245,flag bracket,2,A little
567,R_1HiddtUdBSSiWoU,b54,54,1,1273,music clef,5,Completely
568,R_1HiddtUdBSSiWoU,b56,56,1,1302,clock,4,A lot
569,R_1HiddtUdBSSiWoU,b60,60,1,1375,hut,5,Completely
570,R_1HvRIY1CTzeRseB,b4,4,1,1402,owl eyes,2,A little
571,R_1HvRIY1CTzeRseB,b8,8,1,1428,cheerleader,1,Not at all
572,R_1HvRIY1CTzeRseB,b11,11,1,1451,picket fence,2,A little
573,R_1HvRIY1CTzeRseB,b12,12,1,1457,hammer,1,Not at all
574,R_1HvRIY1CTzeRseB,b13,13,1,1470,table,2,A little
575,R_1HvRIY1CTzeRseB,b14,14,1,1477,Skull,1,Not at all
576,R_1HvRIY1CTzeRseB,b15,15,1,1485,dog house,2,A little
577,R_1HvRIY1CTzeRseB,b18,18,1,1508,ship flag,1,Not at all
578,R_1HvRIY1CTzeRseB,b18,18,2,1511,key,2,A little
579,R_1HvRIY1CTzeRseB,b23,23,1,1564,hand mirror,2,A little
580,R_1HvRIY1CTzeRseB,b25,25,1,1583,Flagpole signpost,2,A little
581,R_1HvRIY1CTzeRseB,b29,29,1,1618,table,2,A little
582,R_1HvRIY1CTzeRseB,b29,29,2,1628,hard drive,1,Not at all
583,R_1HvRIY1CTzeRseB,b31,31,1,1646,balloon,3,Moderately
584,R_1HvRIY1CTzeRseB,b32,32,1,1654,mushroom anchor,2,A little
585,R_1HvRIY1CTzeRseB,b32,32,2,1656,claw hammer,1,Not at all
586,R_1HvRIY1CTzeRseB,b36,36,1,1670,chickenfoot,3,Moderately
587,R_1HvRIY1CTzeRseB,b36,36,2,1682,telephone pole,1,Not at all
588,R_1HvRIY1CTzeRseB,b43,43,1,1908,key,1,Not at all
589,R_1HvRIY1CTzeRseB,b44,44,1,1750,soup bowl,2,A little
590,R_1HvRIY1CTzeRseB,b45,45,1,1756,golf club,1,Not at all
591,R_1HvRIY1CTzeRseB,b45,45,2,1762,power button,1,Not at all
592,R_1HvRIY1CTzeRseB,b49,49,1,1796,evil chibi face,1,Not at all
593,R_1HvRIY1CTzeRseB,b50,50,1,1798,inverted trident,1,Not at all
594,R_1HvRIY1CTzeRseB,b51,51,1,1806,tripod camera,4,A lot
595,R_1HvRIY1CTzeRseB,b52,52,1,1817,Flagpole signpost,2,A little
596,R_1HvRIY1CTzeRseB,b53,53,1,1822,golf hole,4,A lot
597,R_1HvRIY1CTzeRseB,b54,54,1,1838,fishing hook,2,A little
598,R_1HvRIY1CTzeRseB,b56,56,1,1860,circled R,1,Not at all
599,R_1HvRIY1CTzeRseB,b57,57,1,1870,scissor jack,1,Not at all
600,R_1J29O2AoNPdnDHx,b3,3,1,1392,Bunny ears,3,Moderately
601,R_1J29O2AoNPdnDHx,b4,4,1,1398,Figure eight,2,A little
602,R_1J29O2AoNPdnDHx,b7,7,1,1421,double spear,4,A lot
603,R_1J29O2AoNPdnDHx,b7,7,2,1424,pair of arrows,5,Completely
604,R_1J29O2AoNPdnDHx,b11,11,1,1452,dinner fork,4,A lot
605,R_1J29O2AoNPdnDHx,b11,11,2,1454,rotated table,1,Not at all
606,R_1J29O2AoNPdnDHx,b15,15,1,1485,dog house,4,A lot
607,R_1J29O2AoNPdnDHx,b18,18,1,1510,ribbon award,2,A little
608,R_1J29O2AoNPdnDHx,b18,18,2,1511,key,1,Not at all
609,R_1J29O2AoNPdnDHx,b18,18,3,1515,butterfly wings,4,A lot
610,R_1J29O2AoNPdnDHx,b18,18,4,1517,Arch bridge,1,Not at all
611,R_1J29O2AoNPdnDHx,b19,19,1,1529,euro symbol,1,Not at all
612,R_1J29O2AoNPdnDHx,b20,20,1,1538,person icon,5,Completely
613,R_1J29O2AoNPdnDHx,b20,20,2,1540,toilet,2,A little
614,R_1J29O2AoNPdnDHx,b26,26,1,1591,anchor symbol,2,A little
615,R_1J29O2AoNPdnDHx,b26,26,2,1594,arrow sign,1,Not at all
616,R_1J29O2AoNPdnDHx,b29,29,1,1618,table,2,A little
617,R_1J29O2AoNPdnDHx,b33,33,1,1666,spoon,5,Completely
618,R_1J29O2AoNPdnDHx,b36,36,1,1682,telephone pole,4,A lot
619,R_1J29O2AoNPdnDHx,b38,38,1,1699,club,1,Not at all
620,R_1J29O2AoNPdnDHx,b40,40,1,1720,EP,4,A lot
621,R_1J29O2AoNPdnDHx,b45,45,1,1757,seated person,3,Moderately
622,R_1J29O2AoNPdnDHx,b46,46,1,1770,Figure eight,2,A little
623,R_1J29O2AoNPdnDHx,b46,46,2,1771,Handlebar mustache,1,Not at all
624,R_1J29O2AoNPdnDHx,b47,47,1,1775,glasses,1,Not at all
625,R_1J29O2AoNPdnDHx,b48,48,1,1780,T-junction,5,Completely
626,R_1J29O2AoNPdnDHx,b49,49,1,1793,Owl face,1,Not at all
627,R_1J29O2AoNPdnDHx,b49,49,2,1794,Arrow key,4,A lot
628,R_1J29O2AoNPdnDHx,b52,52,1,1816,inverted T,1,Not at all
629,R_1J29O2AoNPdnDHx,b59,59,1,1889,Bridge arch,1,Not at all
630,R_1JPyg5VrokZ77E1,b3,3,1,21,bed,3,Moderately
631,R_1JPyg5VrokZ77E1,b4,4,1,44,bed,1,Not at all
632,R_1JPyg5VrokZ77E1,b10,10,1,144,Broken ladder,1,Not at all
633,R_1JPyg5VrokZ77E1,b12,12,1,194,House,1,Not at all
634,R_1JPyg5VrokZ77E1,b16,16,1,288,pizza slice,1,Not at all
635,R_1JPyg5VrokZ77E1,b16,16,2,289,shelf bracket,1,Not at all
636,R_1JPyg5VrokZ77E1,b18,18,1,327,butterfly,1,Not at all
637,R_1JPyg5VrokZ77E1,b21,21,1,441,hot air balloon,1,Not at all
638,R_1JPyg5VrokZ77E1,b22,22,1,464,Icecream cone,1,Not at all
639,R_1JPyg5VrokZ77E1,b22,22,2,478,stick figure,1,Not at all
640,R_1JPyg5VrokZ77E1,b24,24,1,512,goal post,1,Not at all
641,R_1JPyg5VrokZ77E1,b25,25,1,537,broken hurdle,1,Not at all
642,R_1JPyg5VrokZ77E1,b25,25,2,560,wrench,1,Not at all
643,R_1JPyg5VrokZ77E1,b26,26,1,563,arrowhead,1,Not at all
644,R_1JPyg5VrokZ77E1,b32,32,1,712,lamp,1,Not at all
645,R_1JPyg5VrokZ77E1,b33,33,1,728,car,1,Not at all
646,R_1JPyg5VrokZ77E1,b34,34,1,759,butterfly,1,Not at all
647,R_1JPyg5VrokZ77E1,b35,35,1,796,tree,1,Not at all
648,R_1JPyg5VrokZ77E1,b38,38,1,868,Venn diagram,2,A little
649,R_1JPyg5VrokZ77E1,b40,40,1,899,Clock,1,Not at all
650,R_1JPyg5VrokZ77E1,b40,40,2,907,House,1,Not at all
651,R_1JPyg5VrokZ77E1,b41,41,1,933,gate,1,Not at all
652,R_1JPyg5VrokZ77E1,b41,41,2,951,shopping cart,1,Not at all
653,R_1JPyg5VrokZ77E1,b43,43,1,980,earring,1,Not at all
654,R_1JPyg5VrokZ77E1,b43,43,2,1004,weather vane,1,Not at all
655,R_1JPyg5VrokZ77E1,b45,45,1,1060,power button,1,Not at all
656,R_1JPyg5VrokZ77E1,b49,49,1,1159,Bird Beak,2,A little
657,R_1JPyg5VrokZ77E1,b50,50,1,1189,slingshot,1,Not at all
658,R_1JPyg5VrokZ77E1,b50,50,2,1191,stick figure,5,Completely
659,R_1JPyg5VrokZ77E1,b53,53,1,1259,wall sconce,1,Not at all
660,R_1KJf9CCPSvLEK1j,b2,2,1,7,comb,1,Not at all
661,R_1KJf9CCPSvLEK1j,b2,2,2,11,number 10,1,Not at all
662,R_1KJf9CCPSvLEK1j,b3,3,1,22,bra,3,Moderately
663,R_1KJf9CCPSvLEK1j,b3,3,2,32,fancy binoculars,3,Moderately
664,R_1KJf9CCPSvLEK1j,b6,6,1,101,owl,3,Moderately
665,R_1KJf9CCPSvLEK1j,b8,8,1,131,winged sceptor,2,A little
666,R_1KJf9CCPSvLEK1j,b14,14,1,243,eyes,4,A lot
667,R_1KJf9CCPSvLEK1j,b17,17,1,325,wine glass,2,A little
668,R_1KJf9CCPSvLEK1j,b19,19,1,375,s-hook,1,Not at all
669,R_1KJf9CCPSvLEK1j,b20,20,1,399,hill,1,Not at all
670,R_1KJf9CCPSvLEK1j,b20,20,2,408,pedestal,4,A lot
671,R_1KJf9CCPSvLEK1j,b22,22,1,450,Angle,1,Not at all
672,R_1KJf9CCPSvLEK1j,b23,23,1,486,dollar sign,2,A little
673,R_1KJf9CCPSvLEK1j,b25,25,1,543,hammer,1,Not at all
674,R_1KJf9CCPSvLEK1j,b26,26,1,561,arrow,1,Not at all
675,R_1KJf9CCPSvLEK1j,b29,29,1,629,crane,3,Moderately
676,R_1KJf9CCPSvLEK1j,b31,31,1,690,Rocket ship,1,Not at all
677,R_1KJf9CCPSvLEK1j,b32,32,1,704,coat hook,3,Moderately
678,R_1KJf9CCPSvLEK1j,b32,32,2,712,lamp,1,Not at all
679,R_1KJf9CCPSvLEK1j,b34,34,1,762,face,3,Moderately
680,R_1KJf9CCPSvLEK1j,b35,35,1,783,cloudy mountain,3,Moderately
681,R_1KJf9CCPSvLEK1j,b36,36,1,802,dowsing rod,5,Completely
682,R_1KJf9CCPSvLEK1j,b36,36,2,805,Inverted peace symbol,5,Completely
683,R_1KJf9CCPSvLEK1j,b37,37,1,839,flower,5,Completely
684,R_1KJf9CCPSvLEK1j,b38,38,1,868,Venn diagram,1,Not at all
685,R_1KJf9CCPSvLEK1j,b47,47,1,1103,bridge,1,Not at all
686,R_1KJf9CCPSvLEK1j,b52,52,1,1236,Sword,1,Not at all
687,R_1KJf9CCPSvLEK1j,b53,53,1,1240,aircraft,1,Not at all
688,R_1KJf9CCPSvLEK1j,b57,57,1,1324,kite,4,A lot
689,R_1KJf9CCPSvLEK1j,b59,59,1,1357,canopy,5,Completely
690,R_1KRboQq3IbiWNTb,b3,3,1,38,pulley,1,Not at all
691,R_1KRboQq3IbiWNTb,b5,5,1,77,minor note,1,Not at all
692,R_1KRboQq3IbiWNTb,b6,6,1,91,circle,1,Not at all
693,R_1KRboQq3IbiWNTb,b6,6,2,103,shades,2,A little
694,R_1KRboQq3IbiWNTb,b13,13,1,234,wine glass,5,Completely
695,R_1KRboQq3IbiWNTb,b15,15,1,269,plant pot,1,Not at all
696,R_1KRboQq3IbiWNTb,b16,16,1,278,fish hook,2,A little
697,R_1KRboQq3IbiWNTb,b16,16,2,283,ice cream,5,Completely
698,R_1KRboQq3IbiWNTb,b19,19,1,356,bee,1,Not at all
699,R_1KRboQq3IbiWNTb,b19,19,2,358,cat,1,Not at all
700,R_1KRboQq3IbiWNTb,b24,24,1,507,coat hook,4,A lot
701,R_1KRboQq3IbiWNTb,b24,24,2,520,lowercase h,5,Completely
702,R_1KRboQq3IbiWNTb,b25,25,1,558,table,2,A little
703,R_1KRboQq3IbiWNTb,b27,27,1,599,rectangle,4,A lot
704,R_1KRboQq3IbiWNTb,b29,29,1,624,bed,1,Not at all
705,R_1KRboQq3IbiWNTb,b29,29,2,631,Fish,2,A little
706,R_1KRboQq3IbiWNTb,b30,30,1,649,barrier gate,1,Not at all
707,R_1KRboQq3IbiWNTb,b31,31,1,687,lollipop,3,Moderately
708,R_1KRboQq3IbiWNTb,b35,35,1,777,berry,1,Not at all
709,R_1KRboQq3IbiWNTb,b35,35,2,793,party hat,2,A little
710,R_1KRboQq3IbiWNTb,b40,40,1,920,sideways lock,4,A lot
711,R_1KRboQq3IbiWNTb,b41,41,1,948,pregnancy,1,Not at all
712,R_1KRboQq3IbiWNTb,b43,43,1,987,Oval pile,1,Not at all
713,R_1KRboQq3IbiWNTb,b48,48,1,1144,line graph,2,A little
714,R_1KRboQq3IbiWNTb,b49,49,1,1156,arrow,3,Moderately
715,R_1KRboQq3IbiWNTb,b49,49,2,1166,ice cream,2,A little
716,R_1KRboQq3IbiWNTb,b54,54,1,1271,key,4,A lot
717,R_1KRboQq3IbiWNTb,b54,54,2,1274,music note,3,Moderately
718,R_1KRboQq3IbiWNTb,b59,59,1,1352,arrowhead,4,A lot
719,R_1KRboQq3IbiWNTb,b60,60,1,1371,cube,1,Not at all
720,R_1KXrUiMaZHXW7jr,b2,2,1,4,roman numeral,1,Not at all
721,R_1KXrUiMaZHXW7jr,b4,4,1,8,parentheses,3,Moderately
722,R_1KXrUiMaZHXW7jr,b7,7,1,17,bow tie,1,Not at all
723,R_1KXrUiMaZHXW7jr,b9,9,1,26,stone archway,1,Not at all
724,R_1KXrUiMaZHXW7jr,b9,9,2,29,crown symbol,1,Not at all
725,R_1KXrUiMaZHXW7jr,b18,18,1,54,arrowhead,2,A little
726,R_1KXrUiMaZHXW7jr,b19,19,1,60,safety pin,2,A little
727,R_1KXrUiMaZHXW7jr,b20,20,1,62,stop sign,1,Not at all
728,R_1KXrUiMaZHXW7jr,b20,20,2,63,chess pawn,3,Moderately
729,R_1KXrUiMaZHXW7jr,b21,21,1,66,chess pawn,3,Moderately
730,R_1KXrUiMaZHXW7jr,b22,22,1,71,letter a,1,Not at all
731,R_1KXrUiMaZHXW7jr,b23,23,1,73,snake vase,2,A little
732,R_1KXrUiMaZHXW7jr,b27,27,1,85,mail slot,2,A little
733,R_1KXrUiMaZHXW7jr,b31,31,1,104,lollipop stick,4,A lot
734,R_1KXrUiMaZHXW7jr,b32,32,1,106,skeleton key,1,Not at all
735,R_1KXrUiMaZHXW7jr,b32,32,2,107,teeter totter,1,Not at all
736,R_1KXrUiMaZHXW7jr,b33,33,1,111,golf tee,3,Moderately
737,R_1KXrUiMaZHXW7jr,b35,35,1,120,twin crown,3,Moderately
738,R_1KXrUiMaZHXW7jr,b38,38,1,125,stacking toy,2,A little
739,R_1KXrUiMaZHXW7jr,b38,38,2,126,crown jewel,2,A little
740,R_1KXrUiMaZHXW7jr,b46,46,1,159,dual torus,1,Not at all
741,R_1KXrUiMaZHXW7jr,b46,46,2,163,shattered pact,1,Not at all
742,R_1KXrUiMaZHXW7jr,b48,48,1,171,crosshairs,2,A little
743,R_1KXrUiMaZHXW7jr,b48,48,2,172,t shape,5,Completely
744,R_1KXrUiMaZHXW7jr,b49,49,1,174,steep curve,1,Not at all
745,R_1KXrUiMaZHXW7jr,b49,49,2,176,candelabrum,1,Not at all
746,R_1KXrUiMaZHXW7jr,b50,50,1,179,sprouting seed,1,Not at all
747,R_1KXrUiMaZHXW7jr,b57,57,1,196,ski jump,1,Not at all
748,R_1KXrUiMaZHXW7jr,b58,58,1,200,grapnel anchor,2,A little
749,R_1KXrUiMaZHXW7jr,b60,60,1,205,arrowhead,2,A little
750,R_1KksSw9RaWFo57X,b4,4,1,54,heart,1,Not at all
751,R_1KksSw9RaWFo57X,b5,5,1,67,butterfly,1,Not at all
752,R_1KksSw9RaWFo57X,b5,5,2,84,woman,2,A little
753,R_1KksSw9RaWFo57X,b6,6,1,102,percentage sign,1,Not at all
754,R_1KksSw9RaWFo57X,b10,10,1,144,Broken ladder,1,Not at all
755,R_1KksSw9RaWFo57X,b10,10,2,156,Rake,5,Completely
756,R_1KksSw9RaWFo57X,b12,12,1,197,mushroom,3,Moderately
757,R_1KksSw9RaWFo57X,b14,14,1,249,Huge circle,1,Not at all
758,R_1KksSw9RaWFo57X,b16,16,1,281,hourglass,1,Not at all
759,R_1KksSw9RaWFo57X,b18,18,1,354,van,1,Not at all
760,R_1KksSw9RaWFo57X,b19,19,1,370,Kite,3,Moderately
761,R_1KksSw9RaWFo57X,b20,20,1,417,Trophy,1,Not at all
762,R_1KksSw9RaWFo57X,b21,21,1,444,power button,2,A little
763,R_1KksSw9RaWFo57X,b24,24,1,521,pickaxe,1,Not at all
764,R_1KksSw9RaWFo57X,b24,24,2,526,rectangle,1,Not at all
765,R_1KksSw9RaWFo57X,b25,25,1,559,triangle,1,Not at all
766,R_1KksSw9RaWFo57X,b27,27,1,594,letter W,1,Not at all
767,R_1KksSw9RaWFo57X,b29,29,1,626,bow and arrow,2,A little
768,R_1KksSw9RaWFo57X,b33,33,1,751,Stick,1,Not at all
769,R_1KksSw9RaWFo57X,b35,35,1,784,cone,1,Not at all
770,R_1KksSw9RaWFo57X,b38,38,1,868,Venn diagram,3,Moderately
771,R_1KksSw9RaWFo57X,b40,40,1,911,letter R,1,Not at all
772,R_1KksSw9RaWFo57X,b42,42,1,972,waffle,4,A lot
773,R_1KksSw9RaWFo57X,b43,43,1,999,sucker,1,Not at all
774,R_1KksSw9RaWFo57X,b45,45,1,1053,lefty,1,Not at all
775,R_1KksSw9RaWFo57X,b50,50,1,1192,stick person,5,Completely
776,R_1KksSw9RaWFo57X,b52,52,1,1227,line,2,A little
777,R_1KksSw9RaWFo57X,b52,52,2,1228,lowercase r,1,Not at all
778,R_1KksSw9RaWFo57X,b55,55,1,1291,stand,3,Moderately
779,R_1KksSw9RaWFo57X,b56,56,1,1316,verified icon,2,A little
780,R_1L0y1sIgGR5JvET,b3,3,1,18,ballet shoes,1,Not at all
781,R_1L0y1sIgGR5JvET,b4,4,1,57,owl,2,A little
782,R_1L0y1sIgGR5JvET,b8,8,1,130,hourglass,3,Moderately
783,R_1L0y1sIgGR5JvET,b12,12,1,201,shovel,2,A little
784,R_1L0y1sIgGR5JvET,b13,13,1,225,shovel,3,Moderately
785,R_1L0y1sIgGR5JvET,b14,14,1,250,mushroom,2,A little
786,R_1L0y1sIgGR5JvET,b17,17,1,323,Spade,1,Not at all
787,R_1L0y1sIgGR5JvET,b20,20,1,395,flower pot,1,Not at all
788,R_1L0y1sIgGR5JvET,b22,22,1,461,goggles,1,Not at all
789,R_1L0y1sIgGR5JvET,b22,22,2,465,keyhole,4,A lot
790,R_1L0y1sIgGR5JvET,b22,22,3,479,triangle circle,5,Completely
791,R_1L0y1sIgGR5JvET,b24,24,1,514,hammer,1,Not at all
792,R_1L0y1sIgGR5JvET,b27,27,1,578,bed,4,A lot
793,R_1L0y1sIgGR5JvET,b28,28,1,610,face,2,A little
794,R_1L0y1sIgGR5JvET,b29,29,1,637,ladder,1,Not at all
795,R_1L0y1sIgGR5JvET,b33,33,1,754,umbrella,3,Moderately
796,R_1L0y1sIgGR5JvET,b37,37,1,834,cup and ball,1,Not at all
797,R_1L0y1sIgGR5JvET,b39,39,1,886,love knot,2,A little
798,R_1L0y1sIgGR5JvET,b39,39,2,889,pulley,1,Not at all
799,R_1L0y1sIgGR5JvET,b40,40,1,917,point right,2,A little
800,R_1L0y1sIgGR5JvET,b42,42,1,964,pound sign,1,Not at all
801,R_1L0y1sIgGR5JvET,b44,44,1,1019,heart,1,Not at all
802,R_1L0y1sIgGR5JvET,b46,46,1,1087,number 3,1,Not at all
803,R_1L0y1sIgGR5JvET,b47,47,1,1122,snail,1,Not at all
804,R_1L0y1sIgGR5JvET,b48,48,1,1153,tetris block,5,Completely
805,R_1L0y1sIgGR5JvET,b48,48,2,1154,uppercase pi,1,Not at all
806,R_1L0y1sIgGR5JvET,b52,52,1,1237,toothbrush,1,Not at all
807,R_1L0y1sIgGR5JvET,b53,53,1,1253,pitching wedge,2,A little
808,R_1L0y1sIgGR5JvET,b53,53,2,1258,turtle,1,Not at all
809,R_1L0y1sIgGR5JvET,b55,55,1,1287,martini glass,5,Completely
810,R_1LtlZw6E1SFUcgN,b4,4,1,55,hummer,1,Not at all
811,R_1LtlZw6E1SFUcgN,b4,4,2,60,stingray,1,Not at all
812,R_1LtlZw6E1SFUcgN,b5,5,1,67,butterfly,1,Not at all
813,R_1LtlZw6E1SFUcgN,b8,8,1,123,bread,1,Not at all
814,R_1LtlZw6E1SFUcgN,b9,9,1,134,butterfly,2,A little
815,R_1LtlZw6E1SFUcgN,b11,11,1,179,stairs,1,Not at all
816,R_1LtlZw6E1SFUcgN,b14,14,1,240,crab claw,1,Not at all
817,R_1LtlZw6E1SFUcgN,b14,14,2,255,semi-circle,2,A little
818,R_1LtlZw6E1SFUcgN,b16,16,1,276,diamond,1,Not at all
819,R_1LtlZw6E1SFUcgN,b16,16,2,281,hourglass,1,Not at all
820,R_1LtlZw6E1SFUcgN,b17,17,1,316,necklace,1,Not at all
821,R_1LtlZw6E1SFUcgN,b20,20,1,399,hill,1,Not at all
822,R_1LtlZw6E1SFUcgN,b29,29,1,636,keyhole,2,A little
823,R_1LtlZw6E1SFUcgN,b34,34,1,762,face,1,Not at all
824,R_1LtlZw6E1SFUcgN,b36,36,1,814,spearhead,1,Not at all
825,R_1LtlZw6E1SFUcgN,b37,37,1,825,balloons,3,Moderately
826,R_1LtlZw6E1SFUcgN,b37,37,2,832,clover,3,Moderately
827,R_1LtlZw6E1SFUcgN,b42,42,1,964,pound sign,1,Not at all
828,R_1LtlZw6E1SFUcgN,b42,42,2,966,Small Rectangles,4,A lot
829,R_1LtlZw6E1SFUcgN,b46,46,1,1075,handcuffs,1,Not at all
830,R_1LtlZw6E1SFUcgN,b48,48,1,1130,a tree,1,Not at all
831,R_1LtlZw6E1SFUcgN,b48,48,2,1153,tetris block,4,A lot
832,R_1LtlZw6E1SFUcgN,b49,49,1,1155,Antennae,2,A little
833,R_1LtlZw6E1SFUcgN,b49,49,2,1169,mountain,1,Not at all
834,R_1LtlZw6E1SFUcgN,b50,50,1,1175,anchor,1,Not at all
835,R_1LtlZw6E1SFUcgN,b53,53,1,1246,golf club,1,Not at all
836,R_1LtlZw6E1SFUcgN,b56,56,1,1300,checkmark,2,A little
837,R_1LtlZw6E1SFUcgN,b56,56,2,1314,sliced pie,2,A little
838,R_1LtlZw6E1SFUcgN,b57,57,1,1321,hashtag,1,Not at all
839,R_1LtlZw6E1SFUcgN,b57,57,2,1338,Zorro symbol,2,A little
840,R_1NsjVdDmtASCBJk,b3,3,1,41,umbrella,1,Not at all
841,R_1NsjVdDmtASCBJk,b8,8,1,124,butterfly,3,Moderately
842,R_1NsjVdDmtASCBJk,b8,8,2,125,caduceus staff,1,Not at all
843,R_1NsjVdDmtASCBJk,b10,10,1,153,letter A,1,Not at all
844,R_1NsjVdDmtASCBJk,b12,12,1,190,desk,1,Not at all
845,R_1NsjVdDmtASCBJk,b15,15,1,259,arrow,3,Moderately
846,R_1NsjVdDmtASCBJk,b15,15,2,262,diamond,1,Not at all
847,R_1NsjVdDmtASCBJk,b16,16,1,290,shield,1,Not at all
848,R_1NsjVdDmtASCBJk,b16,16,2,294,trophy,1,Not at all
849,R_1NsjVdDmtASCBJk,b19,19,1,369,key,1,Not at all
850,R_1NsjVdDmtASCBJk,b19,19,2,376,scissors,1,Not at all
851,R_1NsjVdDmtASCBJk,b20,20,1,414,snowman,2,A little
852,R_1NsjVdDmtASCBJk,b21,21,1,425,Crane,1,Not at all
853,R_1NsjVdDmtASCBJk,b21,21,2,449,music note,1,Not at all
854,R_1NsjVdDmtASCBJk,b23,23,1,492,magnifying glass,3,Moderately
855,R_1NsjVdDmtASCBJk,b24,24,1,504,axe,1,Not at all
856,R_1NsjVdDmtASCBJk,b24,24,2,512,goal post,3,Moderately
857,R_1NsjVdDmtASCBJk,b25,25,1,542,flagpole,1,Not at all
858,R_1NsjVdDmtASCBJk,b29,29,1,631,Fish,2,A little
859,R_1NsjVdDmtASCBJk,b30,30,1,654,bow and arrow,1,Not at all
860,R_1NsjVdDmtASCBJk,b30,30,2,664,fish skeleton,3,Moderately
861,R_1NsjVdDmtASCBJk,b30,30,3,669,letters id,2,A little
862,R_1NsjVdDmtASCBJk,b40,40,1,900,coffee cup,1,Not at all
863,R_1NsjVdDmtASCBJk,b43,43,1,991,question mark,1,Not at all
864,R_1NsjVdDmtASCBJk,b46,46,1,1094,staple remover,2,A little
865,R_1NsjVdDmtASCBJk,b47,47,1,1129,Yo-yo,2,A little
866,R_1NsjVdDmtASCBJk,b49,49,1,1156,arrow,2,A little
867,R_1NsjVdDmtASCBJk,b53,53,1,1255,spade,1,Not at all
868,R_1NsjVdDmtASCBJk,b54,54,1,1261,Basketball hoop,1,Not at all
869,R_1NsjVdDmtASCBJk,b59,59,1,1355,bridge,1,Not at all
870,R_1O6cKn2Tyjk2DmF,b1,1,1,4,tower,4,A lot
871,R_1O6cKn2Tyjk2DmF,b5,5,1,73,handcuffs,4,A lot
872,R_1O6cKn2Tyjk2DmF,b7,7,1,113,spire,3,Moderately
873,R_1O6cKn2Tyjk2DmF,b10,10,1,160,Trident,2,A little
874,R_1O6cKn2Tyjk2DmF,b12,12,1,189,cup,5,Completely
875,R_1O6cKn2Tyjk2DmF,b12,12,2,200,semicircle,1,Not at all
876,R_1O6cKn2Tyjk2DmF,b14,14,1,252,oval,2,A little
877,R_1O6cKn2Tyjk2DmF,b17,17,1,307,goblet,1,Not at all
878,R_1O6cKn2Tyjk2DmF,b17,17,2,318,Paris,1,Not at all
879,R_1O6cKn2Tyjk2DmF,b19,19,1,370,Kite,3,Moderately
880,R_1O6cKn2Tyjk2DmF,b20,20,1,411,pulley,3,Moderately
881,R_1O6cKn2Tyjk2DmF,b21,21,1,444,power button,1,Not at all
882,R_1O6cKn2Tyjk2DmF,b23,23,1,486,dollar sign,2,A little
883,R_1O6cKn2Tyjk2DmF,b23,23,2,488,head and shoulders,3,Moderately
884,R_1O6cKn2Tyjk2DmF,b24,24,1,515,Horse,3,Moderately
885,R_1O6cKn2Tyjk2DmF,b27,27,1,598,rail tracks,1,Not at all
886,R_1O6cKn2Tyjk2DmF,b28,28,1,613,hydrogen peroxide,1,Not at all
887,R_1O6cKn2Tyjk2DmF,b31,31,1,681,bird,1,Not at all
888,R_1O6cKn2Tyjk2DmF,b32,32,1,709,Hammer,1,Not at all
889,R_1O6cKn2Tyjk2DmF,b32,32,2,711,keyhole,1,Not at all
890,R_1O6cKn2Tyjk2DmF,b41,41,1,946,pistol,1,Not at all
891,R_1O6cKn2Tyjk2DmF,b46,46,1,1095,treble clef,2,A little
892,R_1O6cKn2Tyjk2DmF,b47,47,1,1113,keychain,4,A lot
893,R_1O6cKn2Tyjk2DmF,b48,48,1,1144,line graph,4,A lot
894,R_1O6cKn2Tyjk2DmF,b50,50,1,1179,cartoon image,5,Completely
895,R_1O6cKn2Tyjk2DmF,b56,56,1,1300,checkmark,1,Not at all
896,R_1O6cKn2Tyjk2DmF,b57,57,1,1334,truss bridge,4,A lot
897,R_1O6cKn2Tyjk2DmF,b59,59,1,1350,Angle,4,A lot
898,R_1O6cKn2Tyjk2DmF,b59,59,2,1365,ship sail,2,A little
899,R_1O6cKn2Tyjk2DmF,b60,60,1,1371,cube,1,Not at all
900,R_1RP6FkxI75lQAex,b4,4,1,1400,infinity symbol,1,Not at all
901,R_1RP6FkxI75lQAex,b5,5,1,1407,goggles,1,Not at all
902,R_1RP6FkxI75lQAex,b5,5,2,1408,binoculars,1,Not at all
903,R_1RP6FkxI75lQAex,b7,7,1,1422,pine tree,2,A little
904,R_1RP6FkxI75lQAex,b8,8,1,1431,butterfly head,2,A little
905,R_1RP6FkxI75lQAex,b9,9,1,1894,owl face,1,Not at all
906,R_1RP6FkxI75lQAex,b10,10,1,1442,broken comb,1,Not at all
907,R_1RP6FkxI75lQAex,b10,10,2,1443,comb teeth,1,Not at all
908,R_1RP6FkxI75lQAex,b11,11,1,1456,bug crawling,1,Not at all
909,R_1RP6FkxI75lQAex,b12,12,1,1460,table lamp,1,Not at all
910,R_1RP6FkxI75lQAex,b12,12,2,1462,Desk lamp,1,Not at all
911,R_1RP6FkxI75lQAex,b13,13,1,1896,greek phi,1,Not at all
912,R_1RP6FkxI75lQAex,b17,17,1,1507,slingshot,1,Not at all
913,R_1RP6FkxI75lQAex,b27,27,1,1605,window,1,Not at all
914,R_1RP6FkxI75lQAex,b28,28,1,1613,butterfly,1,Not at all
915,R_1RP6FkxI75lQAex,b29,29,1,1620,Letter B,1,Not at all
916,R_1RP6FkxI75lQAex,b34,34,1,1672,glasses,1,Not at all
917,R_1RP6FkxI75lQAex,b35,35,1,1677,butterfly,1,Not at all
918,R_1RP6FkxI75lQAex,b36,36,1,1670,chickenfoot,2,A little
919,R_1RP6FkxI75lQAex,b37,37,1,1690,snowman,1,Not at all
920,R_1RP6FkxI75lQAex,b38,38,1,1700,clover,1,Not at all
921,R_1RP6FkxI75lQAex,b39,39,1,1706,club suit,1,Not at all
922,R_1RP6FkxI75lQAex,b39,39,2,1707,ouroboros symbol,1,Not at all
923,R_1RP6FkxI75lQAex,b39,39,3,1715,stacked symbol,1,Not at all
924,R_1RP6FkxI75lQAex,b41,41,1,1725,pipe,1,Not at all
925,R_1RP6FkxI75lQAex,b42,42,1,1734,window pane,4,A lot
926,R_1RP6FkxI75lQAex,b49,49,1,1792,broken heart,1,Not at all
927,R_1RP6FkxI75lQAex,b50,50,1,1802,slingshot upside down,1,Not at all
928,R_1RP6FkxI75lQAex,b54,54,1,1834,flag key,2,A little
929,R_1RP6FkxI75lQAex,b55,55,1,1850,table lamp,2,A little
930,R_1Rb654ui6tjNDHx,b1,1,1,1,door knob,1,Not at all
931,R_1Rb654ui6tjNDHx,b3,3,1,25,cherry,1,Not at all
932,R_1Rb654ui6tjNDHx,b4,4,1,59,spectacles,3,Moderately
933,R_1Rb654ui6tjNDHx,b6,6,1,96,handcuffs,2,A little
934,R_1Rb654ui6tjNDHx,b15,15,1,264,honeycomb,1,Not at all
935,R_1Rb654ui6tjNDHx,b15,15,2,267,kite,1,Not at all
936,R_1Rb654ui6tjNDHx,b16,16,1,276,diamond,1,Not at all
937,R_1Rb654ui6tjNDHx,b16,16,2,280,heart,1,Not at all
938,R_1Rb654ui6tjNDHx,b21,21,1,420,beanie,3,Moderately
939,R_1Rb654ui6tjNDHx,b22,22,1,467,magnifying glass,3,Moderately
940,R_1Rb654ui6tjNDHx,b25,25,1,551,lowercase h,4,A lot
941,R_1Rb654ui6tjNDHx,b27,27,1,597,plug,1,Not at all
942,R_1Rb654ui6tjNDHx,b27,27,2,601,Square,1,Not at all
943,R_1Rb654ui6tjNDHx,b27,27,3,602,staple remover,1,Not at all
944,R_1Rb654ui6tjNDHx,b29,29,1,646,trident,1,Not at all
945,R_1Rb654ui6tjNDHx,b30,30,1,664,fish skeleton,3,Moderately
946,R_1Rb654ui6tjNDHx,b31,31,1,679,anchor,2,A little
947,R_1Rb654ui6tjNDHx,b32,32,1,718,spatula,1,Not at all
948,R_1Rb654ui6tjNDHx,b36,36,1,799,Bird feet,5,Completely
949,R_1Rb654ui6tjNDHx,b39,39,1,891,small circles,3,Moderately
950,R_1Rb654ui6tjNDHx,b40,40,1,913,mug,4,A lot
951,R_1Rb654ui6tjNDHx,b40,40,2,921,Toilet,1,Not at all
952,R_1Rb654ui6tjNDHx,b43,43,1,989,pie chain,1,Not at all
953,R_1Rb654ui6tjNDHx,b45,45,1,1055,lobby button,1,Not at all
954,R_1Rb654ui6tjNDHx,b46,46,1,1063,arch,2,A little
955,R_1Rb654ui6tjNDHx,b50,50,1,1175,anchor,1,Not at all
956,R_1Rb654ui6tjNDHx,b53,53,1,1250,microscope,1,Not at all
957,R_1Rb654ui6tjNDHx,b54,54,1,1265,coat hook,2,A little
958,R_1Rb654ui6tjNDHx,b54,54,2,1272,key,2,A little
959,R_1Rb654ui6tjNDHx,b58,58,1,1341,fishing hook,2,A little
960,R_1TFKNATIEmM10qd,b3,3,1,39,spade,1,Not at all
961,R_1TFKNATIEmM10qd,b4,4,1,55,hummer,1,Not at all
962,R_1TFKNATIEmM10qd,b6,6,1,103,shades,3,Moderately
963,R_1TFKNATIEmM10qd,b10,10,1,150,horse barn,1,Not at all
964,R_1TFKNATIEmM10qd,b11,11,1,164,brush,2,A little
965,R_1TFKNATIEmM10qd,b16,16,1,276,diamond,1,Not at all
966,R_1TFKNATIEmM10qd,b18,18,1,331,face,1,Not at all
967,R_1TFKNATIEmM10qd,b19,19,1,361,coffee cup,1,Not at all
968,R_1TFKNATIEmM10qd,b19,19,2,375,s-hook,2,A little
969,R_1TFKNATIEmM10qd,b23,23,1,495,sculpture,3,Moderately
970,R_1TFKNATIEmM10qd,b24,24,1,505,Baketball hoop,2,A little
971,R_1TFKNATIEmM10qd,b30,30,1,662,fish,2,A little
972,R_1TFKNATIEmM10qd,b33,33,1,749,spade,3,Moderately
973,R_1TFKNATIEmM10qd,b33,33,2,751,Stick,2,A little
974,R_1TFKNATIEmM10qd,b34,34,1,766,ice cream,1,Not at all
975,R_1TFKNATIEmM10qd,b37,37,1,837,eyeglasses,2,A little
976,R_1TFKNATIEmM10qd,b38,38,1,865,shamrock,2,A little
977,R_1TFKNATIEmM10qd,b40,40,1,896,bed,2,A little
978,R_1TFKNATIEmM10qd,b40,40,2,919,Race track,2,A little
979,R_1TFKNATIEmM10qd,b42,42,1,972,waffle,3,Moderately
980,R_1TFKNATIEmM10qd,b43,43,1,979,dollar sign,1,Not at all
981,R_1TFKNATIEmM10qd,b43,43,2,985,lollipop,1,Not at all
982,R_1TFKNATIEmM10qd,b44,44,1,1016,fan,1,Not at all
983,R_1TFKNATIEmM10qd,b47,47,1,1116,mountain,1,Not at all
984,R_1TFKNATIEmM10qd,b49,49,1,1163,Cherries,1,Not at all
985,R_1TFKNATIEmM10qd,b55,55,1,1280,arm,1,Not at all
986,R_1TFKNATIEmM10qd,b56,56,1,1311,power button,1,Not at all
987,R_1TFKNATIEmM10qd,b57,57,1,1317,bow tie,3,Moderately
988,R_1TFKNATIEmM10qd,b57,57,2,1324,kite,2,A little
989,R_1TFKNATIEmM10qd,b59,59,1,1357,canopy,3,Moderately
990,R_1WG1yh5wVxNlImY,b3,3,1,22,bra,4,A lot
991,R_1WG1yh5wVxNlImY,b5,5,1,70,db,2,A little
992,R_1WG1yh5wVxNlImY,b10,10,1,159,Tree,2,A little
993,R_1WG1yh5wVxNlImY,b11,11,1,167,Candelabra,2,A little
994,R_1WG1yh5wVxNlImY,b12,12,1,189,cup,5,Completely
995,R_1WG1yh5wVxNlImY,b13,13,1,218,magnifying glass,1,Not at all
996,R_1WG1yh5wVxNlImY,b14,14,1,239,car,1,Not at all
997,R_1WG1yh5wVxNlImY,b15,15,1,271,square,1,Not at all
998,R_1WG1yh5wVxNlImY,b16,16,1,276,diamond,1,Not at all
999,R_1WG1yh5wVxNlImY,b18,18,1,340,keyhole,3,Moderately
1000,R_1WG1yh5wVxNlImY,b20,20,1,389,balloon animal,2,A little
1001,R_1WG1yh5wVxNlImY,b20,20,2,397,golf ball,1,Not at all
1002,R_1WG1yh5wVxNlImY,b20,20,3,412,ring,4,A lot
1003,R_1WG1yh5wVxNlImY,b23,23,1,480,anchor,1,Not at all
1004,R_1WG1yh5wVxNlImY,b26,26,1,571,letter P,3,Moderately
1005,R_1WG1yh5wVxNlImY,b29,29,1,624,bed,1,Not at all
1006,R_1WG1yh5wVxNlImY,b30,30,1,659,cross,1,Not at all
1007,R_1WG1yh5wVxNlImY,b35,35,1,786,face,2,A little
1008,R_1WG1yh5wVxNlImY,b36,36,1,810,rake,4,A lot
1009,R_1WG1yh5wVxNlImY,b40,40,1,920,sideways lock,4,A lot
1010,R_1WG1yh5wVxNlImY,b41,41,1,941,mug,5,Completely
1011,R_1WG1yh5wVxNlImY,b44,44,1,1021,infinity symbol,1,Not at all
1012,R_1WG1yh5wVxNlImY,b44,44,2,1042,swan,3,Moderately
1013,R_1WG1yh5wVxNlImY,b49,49,1,1161,bull skull,1,Not at all
1014,R_1WG1yh5wVxNlImY,b49,49,2,1163,Cherries,2,A little
1015,R_1WG1yh5wVxNlImY,b49,49,3,1168,M triangle,1,Not at all
1016,R_1WG1yh5wVxNlImY,b53,53,1,1241,arrow,2,A little
1017,R_1WG1yh5wVxNlImY,b57,57,1,1324,kite,1,Not at all
1018,R_1WG1yh5wVxNlImY,b59,59,1,1350,Angle,1,Not at all
1019,R_1WG1yh5wVxNlImY,b60,60,1,1374,house,4,A lot
1020,R_1Yg8UiU0xvg374R,b2,2,1,11,number 10,1,Not at all
1021,R_1Yg8UiU0xvg374R,b13,13,1,225,shovel,1,Not at all
1022,R_1Yg8UiU0xvg374R,b13,13,2,230,toilet,1,Not at all
1023,R_1Yg8UiU0xvg374R,b16,16,1,287,paper airplane,1,Not at all
1024,R_1Yg8UiU0xvg374R,b18,18,1,342,Martini,1,Not at all
1025,R_1Yg8UiU0xvg374R,b19,19,1,361,coffee cup,1,Not at all
1026,R_1Yg8UiU0xvg374R,b19,19,2,362,computer mouse,4,A lot
1027,R_1Yg8UiU0xvg374R,b19,19,3,363,dollar sign,1,Not at all
1028,R_1Yg8UiU0xvg374R,b20,20,1,407,padlock,1,Not at all
1029,R_1Yg8UiU0xvg374R,b22,22,1,458,face,1,Not at all
1030,R_1Yg8UiU0xvg374R,b24,24,1,517,lamp post,1,Not at all
1031,R_1Yg8UiU0xvg374R,b24,24,2,520,lowercase h,4,A lot
1032,R_1Yg8UiU0xvg374R,b27,27,1,580,book,1,Not at all
1033,R_1Yg8UiU0xvg374R,b28,28,1,614,insect head,1,Not at all
1034,R_1Yg8UiU0xvg374R,b29,29,1,620,Anchor,1,Not at all
1035,R_1Yg8UiU0xvg374R,b29,29,2,645,top,2,A little
1036,R_1Yg8UiU0xvg374R,b31,31,1,680,arrow,1,Not at all
1037,R_1Yg8UiU0xvg374R,b32,32,1,703,church bell,1,Not at all
1038,R_1Yg8UiU0xvg374R,b32,32,2,707,Glass,4,A lot
1039,R_1Yg8UiU0xvg374R,b33,33,1,732,eye,1,Not at all
1040,R_1Yg8UiU0xvg374R,b35,35,1,793,party hat,1,Not at all
1041,R_1Yg8UiU0xvg374R,b37,37,1,839,flower,1,Not at all
1042,R_1Yg8UiU0xvg374R,b39,39,1,881,glasses and nose,1,Not at all
1043,R_1Yg8UiU0xvg374R,b43,43,1,981,eighth note,1,Not at all
1044,R_1Yg8UiU0xvg374R,b43,43,2,1002,unicycle,1,Not at all
1045,R_1Yg8UiU0xvg374R,b44,44,1,1037,smoking pipe,1,Not at all
1046,R_1Yg8UiU0xvg374R,b46,46,1,1078,hourglass,1,Not at all
1047,R_1Yg8UiU0xvg374R,b48,48,1,1144,line graph,1,Not at all
1048,R_1Yg8UiU0xvg374R,b50,50,1,1180,Doll,2,A little
1049,R_1Yg8UiU0xvg374R,b51,51,1,1201,house,1,Not at all
1050,R_1aoegqP1jsEVMOZ,b2,2,1,15,two attached triangles,1,Not at all
1051,R_1aoegqP1jsEVMOZ,b2,2,2,17,zibracrossing,2,A little
1052,R_1aoegqP1jsEVMOZ,b3,3,1,33,female torso,2,A little
1053,R_1aoegqP1jsEVMOZ,b4,4,1,54,heart,1,Not at all
1054,R_1aoegqP1jsEVMOZ,b5,5,1,83,vase,1,Not at all
1055,R_1aoegqP1jsEVMOZ,b14,14,1,252,oval,2,A little
1056,R_1aoegqP1jsEVMOZ,b15,15,1,272,square,2,A little
1057,R_1aoegqP1jsEVMOZ,b15,15,2,273,trapezium,2,A little
1058,R_1aoegqP1jsEVMOZ,b17,17,1,297,Abstract Eyeball,1,Not at all
1059,R_1aoegqP1jsEVMOZ,b20,20,1,407,padlock,1,Not at all
1060,R_1aoegqP1jsEVMOZ,b21,21,1,432,person's torso,3,Moderately
1061,R_1aoegqP1jsEVMOZ,b29,29,1,626,bow and arrow,1,Not at all
1062,R_1aoegqP1jsEVMOZ,b33,33,1,728,car,1,Not at all
1063,R_1aoegqP1jsEVMOZ,b36,36,1,797,anchor,1,Not at all
1064,R_1aoegqP1jsEVMOZ,b37,37,1,832,clover,3,Moderately
1065,R_1aoegqP1jsEVMOZ,b39,39,1,876,dragon fly,1,Not at all
1066,R_1aoegqP1jsEVMOZ,b43,43,1,1005,yo-yo,1,Not at all
1067,R_1aoegqP1jsEVMOZ,b44,44,1,1041,sunglasses,1,Not at all
1068,R_1aoegqP1jsEVMOZ,b46,46,1,1066,butterfly,1,Not at all
1069,R_1aoegqP1jsEVMOZ,b46,46,2,1071,clover,1,Not at all
1070,R_1aoegqP1jsEVMOZ,b46,46,3,1087,number 3,1,Not at all
1071,R_1aoegqP1jsEVMOZ,b47,47,1,1100,asclepius rod,1,Not at all
1072,R_1aoegqP1jsEVMOZ,b47,47,2,1109,Crosshair,1,Not at all
1073,R_1aoegqP1jsEVMOZ,b48,48,1,1133,flagpole,1,Not at all
1074,R_1aoegqP1jsEVMOZ,b48,48,2,1150,table,2,A little
1075,R_1aoegqP1jsEVMOZ,b50,50,1,1177,Broom,1,Not at all
1076,R_1aoegqP1jsEVMOZ,b50,50,2,1191,stick figure,5,Completely
1077,R_1aoegqP1jsEVMOZ,b50,50,3,1195,trident,1,Not at all
1078,R_1aoegqP1jsEVMOZ,b51,51,1,1197,birdhouse,3,Moderately
1079,R_1aoegqP1jsEVMOZ,b52,52,1,1221,crosshair,1,Not at all
1080,R_1bEwgpqqa3DV9nj,b1,1,1,1383,ladder structure,5,Completely
1081,R_1bEwgpqqa3DV9nj,b3,3,1,1390,handcuffs,1,Not at all
1082,R_1bEwgpqqa3DV9nj,b4,4,1,1399,binoculars,2,A little
1083,R_1bEwgpqqa3DV9nj,b6,6,1,1412,steering wheel,1,Not at all
1084,R_1bEwgpqqa3DV9nj,b6,6,2,1416,headphones,3,Moderately
1085,R_1bEwgpqqa3DV9nj,b7,7,1,1422,pine tree,2,A little
1086,R_1bEwgpqqa3DV9nj,b7,7,2,1425,up arrow,4,A lot
1087,R_1bEwgpqqa3DV9nj,b8,8,1,1427,winged scepter,1,Not at all
1088,R_1bEwgpqqa3DV9nj,b9,9,1,1894,owl face,1,Not at all
1089,R_1bEwgpqqa3DV9nj,b12,12,1,1457,hammer,1,Not at all
1090,R_1bEwgpqqa3DV9nj,b13,13,1,1468,boat,1,Not at all
1091,R_1bEwgpqqa3DV9nj,b15,15,1,1489,Square bucket,1,Not at all
1092,R_1bEwgpqqa3DV9nj,b17,17,1,1502,bell,1,Not at all
1093,R_1bEwgpqqa3DV9nj,b18,18,1,1509,speech balloon,1,Not at all
1094,R_1bEwgpqqa3DV9nj,b21,21,1,1553,2 circles,1,Not at all
1095,R_1bEwgpqqa3DV9nj,b22,22,1,1556,record player,1,Not at all
1096,R_1bEwgpqqa3DV9nj,b22,22,2,1559,padlock keyhole,1,Not at all
1097,R_1bEwgpqqa3DV9nj,b23,23,1,1565,standing microphone,3,Moderately
1098,R_1bEwgpqqa3DV9nj,b27,27,1,1603,broken ladder,1,Not at all
1099,R_1bEwgpqqa3DV9nj,b30,30,1,1642,HD monogram,5,Completely
1100,R_1bEwgpqqa3DV9nj,b32,32,1,1651,bell,1,Not at all
1101,R_1bEwgpqqa3DV9nj,b38,38,1,1696,club suit,1,Not at all
1102,R_1bEwgpqqa3DV9nj,b38,38,2,1703,Flower,1,Not at all
1103,R_1bEwgpqqa3DV9nj,b39,39,1,1707,ouroboros symbol,1,Not at all
1104,R_1bEwgpqqa3DV9nj,b47,47,1,1773,snake eye,1,Not at all
1105,R_1bEwgpqqa3DV9nj,b48,48,1,1779,capital T,4,A lot
1106,R_1bEwgpqqa3DV9nj,b53,53,1,1826,teapot,1,Not at all
1107,R_1bEwgpqqa3DV9nj,b55,55,1,1843,pushpin,2,A little
1108,R_1bEwgpqqa3DV9nj,b56,56,1,1854,golf club,1,Not at all
1109,R_1bEwgpqqa3DV9nj,b56,56,2,1869,V in circle,2,A little
1110,R_1c0Jc0RGmg5SFZ7,b4,4,1,8,parentheses,1,Not at all
1111,R_1c0Jc0RGmg5SFZ7,b6,6,1,12,spectacles frame,5,Completely
1112,R_1c0Jc0RGmg5SFZ7,b6,6,2,13,round glasses,4,A lot
1113,R_1c0Jc0RGmg5SFZ7,b7,7,1,17,bow tie,1,Not at all
1114,R_1c0Jc0RGmg5SFZ7,b8,8,1,21,binder clip,1,Not at all
1115,R_1c0Jc0RGmg5SFZ7,b13,13,1,40,watering can,2,A little
1116,R_1c0Jc0RGmg5SFZ7,b16,16,1,47,stone arch,1,Not at all
1117,R_1c0Jc0RGmg5SFZ7,b19,19,1,56,fish,1,Not at all
1118,R_1c0Jc0RGmg5SFZ7,b19,19,2,58,electric plug,2,A little
1119,R_1c0Jc0RGmg5SFZ7,b19,19,3,60,safety pin,1,Not at all
1120,R_1c0Jc0RGmg5SFZ7,b23,23,1,73,snake vase,2,A little
1121,R_1c0Jc0RGmg5SFZ7,b24,24,1,75,water tap,1,Not at all
1122,R_1c0Jc0RGmg5SFZ7,b24,24,2,77,enter key,2,A little
1123,R_1c0Jc0RGmg5SFZ7,b25,25,1,80,greek gamma,1,Not at all
1124,R_1c0Jc0RGmg5SFZ7,b30,30,1,100,capital b,1,Not at all
1125,R_1c0Jc0RGmg5SFZ7,b33,33,1,112,teacup,1,Not at all
1126,R_1c0Jc0RGmg5SFZ7,b34,34,1,113,hourglass infinity,2,A little
1127,R_1c0Jc0RGmg5SFZ7,b34,34,2,114,bicycle,2,A little
1128,R_1c0Jc0RGmg5SFZ7,b34,34,3,117,phi symbol,1,Not at all
1129,R_1c0Jc0RGmg5SFZ7,b41,41,1,138,keyhole,1,Not at all
1130,R_1c0Jc0RGmg5SFZ7,b43,43,1,144,apple,2,A little
1131,R_1c0Jc0RGmg5SFZ7,b45,45,1,154,clock face,5,Completely
1132,R_1c0Jc0RGmg5SFZ7,b45,45,2,156,floating lid,1,Not at all
1133,R_1c0Jc0RGmg5SFZ7,b47,47,1,168,key lock,2,A little
1134,R_1c0Jc0RGmg5SFZ7,b49,49,1,176,candelabrum,1,Not at all
1135,R_1c0Jc0RGmg5SFZ7,b50,50,1,179,sprouting seed,1,Not at all
1136,R_1c0Jc0RGmg5SFZ7,b51,51,1,181,circle cradle,1,Not at all
1137,R_1c0Jc0RGmg5SFZ7,b55,55,1,190,radiation symbol,1,Not at all
1138,R_1c0Jc0RGmg5SFZ7,b57,57,1,197,capped diamond,1,Not at all
1139,R_1c0Jc0RGmg5SFZ7,b59,59,1,204,shelf bracket,1,Not at all
1140,R_1cuvla0IfD646ln,b1,1,1,4,tower,1,Not at all
1141,R_1cuvla0IfD646ln,b12,12,1,193,goblet,4,A lot
1142,R_1cuvla0IfD646ln,b13,13,1,207,c clamp,1,Not at all
1143,R_1cuvla0IfD646ln,b14,14,1,246,half circle,2,A little
1144,R_1cuvla0IfD646ln,b15,15,1,260,bucket,2,A little
1145,R_1cuvla0IfD646ln,b16,16,1,281,hourglass,2,A little
1146,R_1cuvla0IfD646ln,b17,17,1,310,heart,1,Not at all
1147,R_1cuvla0IfD646ln,b23,23,1,501,weathervane,1,Not at all
1148,R_1cuvla0IfD646ln,b25,25,1,544,key,1,Not at all
1149,R_1cuvla0IfD646ln,b27,27,1,576,2 squares,1,Not at all
1150,R_1cuvla0IfD646ln,b29,29,1,644,stool,1,Not at all
1151,R_1cuvla0IfD646ln,b32,32,1,705,door knocker,1,Not at all
1152,R_1cuvla0IfD646ln,b32,32,2,717,scarecrow,1,Not at all
1153,R_1cuvla0IfD646ln,b33,33,1,733,golf club,1,Not at all
1154,R_1cuvla0IfD646ln,b33,33,2,738,lollipop,3,Moderately
1155,R_1cuvla0IfD646ln,b33,33,3,751,Stick,2,A little
1156,R_1cuvla0IfD646ln,b33,33,4,752,tank turret,1,Not at all
1157,R_1cuvla0IfD646ln,b35,35,1,775,balloon pair,2,A little
1158,R_1cuvla0IfD646ln,b36,36,1,806,letter M,1,Not at all
1159,R_1cuvla0IfD646ln,b37,37,1,846,magnifying glass,2,A little
1160,R_1cuvla0IfD646ln,b38,38,1,853,butterfly,1,Not at all
1161,R_1cuvla0IfD646ln,b40,40,1,898,bucket,1,Not at all
1162,R_1cuvla0IfD646ln,b44,44,1,1026,lollipop,1,Not at all
1163,R_1cuvla0IfD646ln,b44,44,2,1044,tadpole,1,Not at all
1164,R_1cuvla0IfD646ln,b47,47,1,1108,cross circle,1,Not at all
1165,R_1cuvla0IfD646ln,b48,48,1,1138,knife,2,A little
1166,R_1cuvla0IfD646ln,b49,49,1,1162,butterfly,2,A little
1167,R_1cuvla0IfD646ln,b50,50,1,1178,candelabra,1,Not at all
1168,R_1cuvla0IfD646ln,b50,50,2,1185,Key,1,Not at all
1169,R_1cuvla0IfD646ln,b56,56,1,1306,eyeball,2,A little
1170,R_1dAzR3EKD5ggJKa,b3,3,1,1393,two cherries,1,Not at all
1171,R_1dAzR3EKD5ggJKa,b6,6,1,1412,steering wheel,1,Not at all
1172,R_1dAzR3EKD5ggJKa,b9,9,1,1894,owl face,1,Not at all
1173,R_1dAzR3EKD5ggJKa,b10,10,1,1441,A T with two small bars on the side,1,Not at all
1174,R_1dAzR3EKD5ggJKa,b12,12,1,1457,hammer,1,Not at all
1175,R_1dAzR3EKD5ggJKa,b12,12,2,1462,Desk lamp,2,A little
1176,R_1dAzR3EKD5ggJKa,b15,15,1,1487,cut diamond,1,Not at all
1177,R_1dAzR3EKD5ggJKa,b16,16,1,1500,bookmark,1,Not at all
1178,R_1dAzR3EKD5ggJKa,b17,17,1,1899,arch bridge,1,Not at all
1179,R_1dAzR3EKD5ggJKa,b19,19,1,1522,asclepius rod,1,Not at all
1180,R_1dAzR3EKD5ggJKa,b21,21,1,1545,light bulb,1,Not at all
1181,R_1dAzR3EKD5ggJKa,b22,22,1,1555,ice cream,1,Not at all
1182,R_1dAzR3EKD5ggJKa,b25,25,1,1585,Tower crane,2,A little
1183,R_1dAzR3EKD5ggJKa,b26,26,1,1587,stick figure,1,Not at all
1184,R_1dAzR3EKD5ggJKa,b29,29,1,1624,exclamation mark,1,Not at all
1185,R_1dAzR3EKD5ggJKa,b30,30,1,1631,Rail bridge,1,Not at all
1186,R_1dAzR3EKD5ggJKa,b30,30,2,1641,Church window,1,Not at all
1187,R_1dAzR3EKD5ggJKa,b30,30,3,1645,Hinge pin,1,Not at all
1188,R_1dAzR3EKD5ggJKa,b32,32,1,1655,Umbrella handle,1,Not at all
1189,R_1dAzR3EKD5ggJKa,b33,33,1,1663,umbrella handle,2,A little
1190,R_1dAzR3EKD5ggJKa,b36,36,1,1683,downward arrow,2,A little
1191,R_1dAzR3EKD5ggJKa,b40,40,1,1718,shopping cart,1,Not at all
1192,R_1dAzR3EKD5ggJKa,b49,49,1,1788,spade symbol,1,Not at all
1193,R_1dAzR3EKD5ggJKa,b49,49,2,1789,spade,2,A little
1194,R_1dAzR3EKD5ggJKa,b49,49,3,1791,heart arrow,3,Moderately
1195,R_1dAzR3EKD5ggJKa,b53,53,1,1822,golf hole,1,Not at all
1196,R_1dAzR3EKD5ggJKa,b57,57,1,1873,windmill blades,2,A little
1197,R_1dAzR3EKD5ggJKa,b59,59,1,1888,Arrowhead ladder,1,Not at all
1198,R_1dAzR3EKD5ggJKa,b59,59,2,1891,planted tree,2,A little
1199,R_1dAzR3EKD5ggJKa,b60,60,1,1892,wireframe cube,1,Not at all
1200,R_1dn3MlxDdLxCtL0,b4,4,1,59,spectacles,1,Not at all
1201,R_1dn3MlxDdLxCtL0,b5,5,1,64,bed,2,A little
1202,R_1dn3MlxDdLxCtL0,b5,5,2,65,belly button,1,Not at all
1203,R_1dn3MlxDdLxCtL0,b7,7,1,115,stick figure,1,Not at all
1204,R_1dn3MlxDdLxCtL0,b10,10,1,161,two triangles,1,Not at all
1205,R_1dn3MlxDdLxCtL0,b11,11,1,168,comb,2,A little
1206,R_1dn3MlxDdLxCtL0,b12,12,1,191,downward umbrella,2,A little
1207,R_1dn3MlxDdLxCtL0,b12,12,2,198,person,1,Not at all
1208,R_1dn3MlxDdLxCtL0,b18,18,1,330,drop hook,2,A little
1209,R_1dn3MlxDdLxCtL0,b20,20,1,392,Bun,1,Not at all
1210,R_1dn3MlxDdLxCtL0,b25,25,1,536,bed,4,A lot
1211,R_1dn3MlxDdLxCtL0,b26,26,1,564,baseball pendant,2,A little
1212,R_1dn3MlxDdLxCtL0,b33,33,1,735,key,2,A little
1213,R_1dn3MlxDdLxCtL0,b33,33,2,750,Stake,1,Not at all
1214,R_1dn3MlxDdLxCtL0,b35,35,1,789,goggles,2,A little
1215,R_1dn3MlxDdLxCtL0,b36,36,1,798,arrow,2,A little
1216,R_1dn3MlxDdLxCtL0,b36,36,2,807,location marker,1,Not at all
1217,R_1dn3MlxDdLxCtL0,b38,38,1,855,cone,3,Moderately
1218,R_1dn3MlxDdLxCtL0,b40,40,1,898,bucket,3,Moderately
1219,R_1dn3MlxDdLxCtL0,b41,41,1,953,staple gun,1,Not at all
1220,R_1dn3MlxDdLxCtL0,b44,44,1,1032,pocketwatch,3,Moderately
1221,R_1dn3MlxDdLxCtL0,b46,46,1,1066,butterfly,1,Not at all
1222,R_1dn3MlxDdLxCtL0,b46,46,2,1097,window,1,Not at all
1223,R_1dn3MlxDdLxCtL0,b48,48,1,1136,I imagined a X,1,Not at all
1224,R_1dn3MlxDdLxCtL0,b48,48,2,1137,inverted T,1,Not at all
1225,R_1dn3MlxDdLxCtL0,b49,49,1,1162,butterfly,1,Not at all
1226,R_1dn3MlxDdLxCtL0,b50,50,1,1180,Doll,3,Moderately
1227,R_1dn3MlxDdLxCtL0,b53,53,1,1239,Abstract umbrella,2,A little
1228,R_1dn3MlxDdLxCtL0,b57,57,1,1323,hourglass,5,Completely
1229,R_1dn3MlxDdLxCtL0,b59,59,1,1359,gymnastics apparatus,1,Not at all
1230,R_1eOIfrYf8iswC8n,b1,1,1,5,train track,4,A lot
1231,R_1eOIfrYf8iswC8n,b10,10,1,161,two triangles,1,Not at all
1232,R_1eOIfrYf8iswC8n,b12,12,1,199,question mark,1,Not at all
1233,R_1eOIfrYf8iswC8n,b15,15,1,263,flag,1,Not at all
1234,R_1eOIfrYf8iswC8n,b17,17,1,299,bridge,2,A little
1235,R_1eOIfrYf8iswC8n,b18,18,1,333,flower,2,A little
1236,R_1eOIfrYf8iswC8n,b18,18,2,347,Pie,1,Not at all
1237,R_1eOIfrYf8iswC8n,b19,19,1,366,globe,1,Not at all
1238,R_1eOIfrYf8iswC8n,b19,19,2,381,tape dispenser,1,Not at all
1239,R_1eOIfrYf8iswC8n,b26,26,1,566,check mark,1,Not at all
1240,R_1eOIfrYf8iswC8n,b30,30,1,669,letters id,4,A lot
1241,R_1eOIfrYf8iswC8n,b33,33,1,735,key,1,Not at all
1242,R_1eOIfrYf8iswC8n,b37,37,1,849,snow man,2,A little
1243,R_1eOIfrYf8iswC8n,b39,39,1,893,stick figure,2,A little
1244,R_1eOIfrYf8iswC8n,b40,40,1,908,key,1,Not at all
1245,R_1eOIfrYf8iswC8n,b43,43,1,981,eighth note,1,Not at all
1246,R_1eOIfrYf8iswC8n,b43,43,2,995,Snake,2,A little
1247,R_1eOIfrYf8iswC8n,b44,44,1,1041,sunglasses,1,Not at all
1248,R_1eOIfrYf8iswC8n,b45,45,1,1047,clock,5,Completely
1249,R_1eOIfrYf8iswC8n,b47,47,1,1105,c clamp,1,Not at all
1250,R_1eOIfrYf8iswC8n,b48,48,1,1130,a tree,1,Not at all
1251,R_1eOIfrYf8iswC8n,b48,48,2,1143,letter Y,1,Not at all
1252,R_1eOIfrYf8iswC8n,b51,51,1,1197,birdhouse,3,Moderately
1253,R_1eOIfrYf8iswC8n,b54,54,1,1269,gas pump,3,Moderately
1254,R_1eOIfrYf8iswC8n,b54,54,2,1271,key,3,Moderately
1255,R_1eOIfrYf8iswC8n,b55,55,1,1281,arrow,2,A little
1256,R_1eOIfrYf8iswC8n,b56,56,1,1309,pie chart,4,A lot
1257,R_1eOIfrYf8iswC8n,b57,57,1,1318,concave quadrilateral,1,Not at all
1258,R_1eOIfrYf8iswC8n,b57,57,2,1335,windmill,1,Not at all
1259,R_1eOIfrYf8iswC8n,b58,58,1,1341,fishing hook,2,A little
1260,R_1ePCHRZ9MxUIC65,b5,5,1,75,key,1,Not at all
1261,R_1ePCHRZ9MxUIC65,b7,7,1,120,wine glass,1,Not at all
1262,R_1ePCHRZ9MxUIC65,b11,11,1,167,Candelabra,4,A lot
1263,R_1ePCHRZ9MxUIC65,b13,13,1,225,shovel,2,A little
1264,R_1ePCHRZ9MxUIC65,b14,14,1,248,horseshoe,3,Moderately
1265,R_1ePCHRZ9MxUIC65,b16,16,1,291,sno-cone,5,Completely
1266,R_1ePCHRZ9MxUIC65,b17,17,1,318,Paris,1,Not at all
1267,R_1ePCHRZ9MxUIC65,b17,17,2,323,Spade,1,Not at all
1268,R_1ePCHRZ9MxUIC65,b19,19,1,372,music note,1,Not at all
1269,R_1ePCHRZ9MxUIC65,b19,19,2,379,start line,1,Not at all
1270,R_1ePCHRZ9MxUIC65,b23,23,1,482,balloon,2,A little
1271,R_1ePCHRZ9MxUIC65,b23,23,2,489,keyhole,1,Not at all
1272,R_1ePCHRZ9MxUIC65,b29,29,1,622,basket,2,A little
1273,R_1ePCHRZ9MxUIC65,b34,34,1,774,Volcano,2,A little
1274,R_1ePCHRZ9MxUIC65,b35,35,1,778,bicycle,1,Not at all
1275,R_1ePCHRZ9MxUIC65,b35,35,2,795,spade,1,Not at all
1276,R_1ePCHRZ9MxUIC65,b37,37,1,833,club suit,3,Moderately
1277,R_1ePCHRZ9MxUIC65,b37,37,2,847,person,1,Not at all
1278,R_1ePCHRZ9MxUIC65,b39,39,1,884,Ice cream cone,4,A lot
1279,R_1ePCHRZ9MxUIC65,b40,40,1,901,coffee mug,4,A lot
1280,R_1ePCHRZ9MxUIC65,b41,41,1,931,door,1,Not at all
1281,R_1ePCHRZ9MxUIC65,b41,41,2,932,flag pole,1,Not at all
1282,R_1ePCHRZ9MxUIC65,b41,41,3,939,magnifying glass,1,Not at all
1283,R_1ePCHRZ9MxUIC65,b44,44,1,1007,apple,1,Not at all
1284,R_1ePCHRZ9MxUIC65,b47,47,1,1115,lamp,1,Not at all
1285,R_1ePCHRZ9MxUIC65,b53,53,1,1256,swing set,1,Not at all
1286,R_1ePCHRZ9MxUIC65,b55,55,1,1288,peace sign,1,Not at all
1287,R_1ePCHRZ9MxUIC65,b56,56,1,1312,registered trademark,1,Not at all
1288,R_1ePCHRZ9MxUIC65,b58,58,1,1348,Song,1,Not at all
1289,R_1ePCHRZ9MxUIC65,b59,59,1,1355,bridge,1,Not at all
1290,R_1erHgZsLYZQzYBN,b1,1,1,1381,ladder stack,5,Completely
1291,R_1erHgZsLYZQzYBN,b5,5,1,1405,eyeglasses,3,Moderately
1292,R_1erHgZsLYZQzYBN,b6,6,1,1414,butterfly,1,Not at all
1293,R_1erHgZsLYZQzYBN,b7,7,1,1419,Arrow shaft,5,Completely
1294,R_1erHgZsLYZQzYBN,b9,9,1,1438,inverted comb,1,Not at all
1295,R_1erHgZsLYZQzYBN,b10,10,1,1444,Cyrillic letter,4,A lot
1296,R_1erHgZsLYZQzYBN,b12,12,1,1458,UFO,1,Not at all
1297,R_1erHgZsLYZQzYBN,b12,12,2,1461,lying person,1,Not at all
1298,R_1erHgZsLYZQzYBN,b12,12,3,1464,arch bridge,1,Not at all
1299,R_1erHgZsLYZQzYBN,b13,13,1,1471,mushroom cap,1,Not at all
1300,R_1erHgZsLYZQzYBN,b13,13,2,1896,greek phi,1,Not at all
1301,R_1erHgZsLYZQzYBN,b15,15,1,1488,Pentagon house,3,Moderately
1302,R_1erHgZsLYZQzYBN,b20,20,1,1536,teapot lid,1,Not at all
1303,R_1erHgZsLYZQzYBN,b20,20,2,1538,person icon,4,A lot
1304,R_1erHgZsLYZQzYBN,b22,22,1,1560,arrow,1,Not at all
1305,R_1erHgZsLYZQzYBN,b29,29,1,1619,magnifying glass,1,Not at all
1306,R_1erHgZsLYZQzYBN,b33,33,1,1662,bell clapper,1,Not at all
1307,R_1erHgZsLYZQzYBN,b33,33,2,1664,service bell,4,A lot
1308,R_1erHgZsLYZQzYBN,b37,37,1,1689,info icon,1,Not at all
1309,R_1erHgZsLYZQzYBN,b40,40,1,1719,Flagpole sign,1,Not at all
1310,R_1erHgZsLYZQzYBN,b40,40,2,1723,lock standing sideways,4,A lot
1311,R_1erHgZsLYZQzYBN,b43,43,1,1747,Treble clef,1,Not at all
1312,R_1erHgZsLYZQzYBN,b46,46,1,1771,Handlebar mustache,1,Not at all
1313,R_1erHgZsLYZQzYBN,b48,48,1,1777,handgun,1,Not at all
1314,R_1erHgZsLYZQzYBN,b49,49,1,1791,heart arrow,3,Moderately
1315,R_1erHgZsLYZQzYBN,b54,54,1,1829,planted sword,1,Not at all
1316,R_1erHgZsLYZQzYBN,b56,56,1,1853,letter k,1,Not at all
1317,R_1erHgZsLYZQzYBN,b56,56,2,1856,flag pole,1,Not at all
1318,R_1erHgZsLYZQzYBN,b56,56,3,1860,circled R,1,Not at all
1319,R_1erHgZsLYZQzYBN,b57,57,1,1876,two triangles,5,Completely
1320,R_1fGz9vZAuR7efVN,b4,4,1,61,tongs,2,A little
1321,R_1fGz9vZAuR7efVN,b5,5,1,66,bra,3,Moderately
1322,R_1fGz9vZAuR7efVN,b7,7,1,117,tetrahedron,1,Not at all
1323,R_1fGz9vZAuR7efVN,b9,9,1,136,heart,1,Not at all
1324,R_1fGz9vZAuR7efVN,b12,12,1,188,circle,1,Not at all
1325,R_1fGz9vZAuR7efVN,b15,15,1,267,kite,1,Not at all
1326,R_1fGz9vZAuR7efVN,b17,17,1,314,icecream cone,5,Completely
1327,R_1fGz9vZAuR7efVN,b18,18,1,336,heart,1,Not at all
1328,R_1fGz9vZAuR7efVN,b20,20,1,394,eight,1,Not at all
1329,R_1fGz9vZAuR7efVN,b20,20,2,400,hot air balloon,1,Not at all
1330,R_1fGz9vZAuR7efVN,b21,21,1,434,pool,1,Not at all
1331,R_1fGz9vZAuR7efVN,b24,24,1,507,coat hook,2,A little
1332,R_1fGz9vZAuR7efVN,b24,24,2,518,letter H,1,Not at all
1333,R_1fGz9vZAuR7efVN,b24,24,3,525,rake,1,Not at all
1334,R_1fGz9vZAuR7efVN,b25,25,1,557,stick,1,Not at all
1335,R_1fGz9vZAuR7efVN,b34,34,1,770,movie projector,4,A lot
1336,R_1fGz9vZAuR7efVN,b36,36,1,808,peace sign,2,A little
1337,R_1fGz9vZAuR7efVN,b39,39,1,880,glasses,1,Not at all
1338,R_1fGz9vZAuR7efVN,b40,40,1,914,padlock,2,A little
1339,R_1fGz9vZAuR7efVN,b44,44,1,1043,sword,1,Not at all
1340,R_1fGz9vZAuR7efVN,b45,45,1,1046,Circle,3,Moderately
1341,R_1fGz9vZAuR7efVN,b46,46,1,1064,Bride,1,Not at all
1342,R_1fGz9vZAuR7efVN,b46,46,2,1080,ice cream,3,Moderately
1343,R_1fGz9vZAuR7efVN,b47,47,1,1123,Square,1,Not at all
1344,R_1fGz9vZAuR7efVN,b48,48,1,1131,anchor,1,Not at all
1345,R_1fGz9vZAuR7efVN,b55,55,1,1294,wine glass,5,Completely
1346,R_1fGz9vZAuR7efVN,b56,56,1,1299,beats symbol,1,Not at all
1347,R_1fGz9vZAuR7efVN,b56,56,2,1315,tabacco pipe,1,Not at all
1348,R_1fGz9vZAuR7efVN,b57,57,1,1336,window,1,Not at all
1349,R_1fGz9vZAuR7efVN,b59,59,1,1354,bird feeder,4,A lot
1350,R_1fs8Ip3V0rahLvr,b1,1,1,1381,ladder stack,3,Moderately
1351,R_1fs8Ip3V0rahLvr,b2,2,1,1384,fence,1,Not at all
1352,R_1fs8Ip3V0rahLvr,b2,2,2,1386,Eiffel tower,1,Not at all
1353,R_1fs8Ip3V0rahLvr,b6,6,1,1416,headphones,2,A little
1354,R_1fs8Ip3V0rahLvr,b7,7,1,1422,pine tree,4,A lot
1355,R_1fs8Ip3V0rahLvr,b9,9,1,1438,inverted comb,1,Not at all
1356,R_1fs8Ip3V0rahLvr,b13,13,1,1471,mushroom cap,1,Not at all
1357,R_1fs8Ip3V0rahLvr,b15,15,1,1490,Honeycomb cell,1,Not at all
1358,R_1fs8Ip3V0rahLvr,b18,18,1,1517,Arch bridge,1,Not at all
1359,R_1fs8Ip3V0rahLvr,b20,20,1,1533,key,1,Not at all
1360,R_1fs8Ip3V0rahLvr,b21,21,1,1544,american football,1,Not at all
1361,R_1fs8Ip3V0rahLvr,b21,21,2,1550,sideways headphones,1,Not at all
1362,R_1fs8Ip3V0rahLvr,b24,24,1,1572,periscope,2,A little
1363,R_1fs8Ip3V0rahLvr,b26,26,1,1598,triangle attached to a straight line,5,Completely
1364,R_1fs8Ip3V0rahLvr,b27,27,1,1903,X,1,Not at all
1365,R_1fs8Ip3V0rahLvr,b29,29,1,1617,coat hook,1,Not at all
1366,R_1fs8Ip3V0rahLvr,b32,32,1,1653,upside-down table,1,Not at all
1367,R_1fs8Ip3V0rahLvr,b34,34,1,1671,owl,1,Not at all
1368,R_1fs8Ip3V0rahLvr,b36,36,1,1681,Trident,4,A lot
1369,R_1fs8Ip3V0rahLvr,b38,38,1,1702,ice cream scoops on a cone,4,A lot
1370,R_1fs8Ip3V0rahLvr,b38,38,2,1703,Flower,3,Moderately
1371,R_1fs8Ip3V0rahLvr,b39,39,1,1704,owl face,2,A little
1372,R_1fs8Ip3V0rahLvr,b40,40,1,1721,rectangle,2,A little
1373,R_1fs8Ip3V0rahLvr,b45,45,1,1754,target,2,A little
1374,R_1fs8Ip3V0rahLvr,b45,45,2,1760,Skeleton key,1,Not at all
1375,R_1fs8Ip3V0rahLvr,b47,47,1,1772,snail shell,1,Not at all
1376,R_1fs8Ip3V0rahLvr,b54,54,1,1840,g clef,3,Moderately
1377,R_1fs8Ip3V0rahLvr,b56,56,1,1853,letter k,1,Not at all
1378,R_1fs8Ip3V0rahLvr,b56,56,2,1857,registered symbol,1,Not at all
1379,R_1fs8Ip3V0rahLvr,b57,57,1,1876,two triangles,2,A little
1380,R_1fwV33CcSnvMnT2,b1,1,1,4,tower,1,Not at all
1381,R_1fwV33CcSnvMnT2,b6,6,1,92,controller,1,Not at all
1382,R_1fwV33CcSnvMnT2,b8,8,1,128,diamond,1,Not at all
1383,R_1fwV33CcSnvMnT2,b12,12,1,184,buoy,1,Not at all
1384,R_1fwV33CcSnvMnT2,b14,14,1,246,half circle,1,Not at all
1385,R_1fwV33CcSnvMnT2,b14,14,2,256,sunglasses,1,Not at all
1386,R_1fwV33CcSnvMnT2,b16,16,1,284,Icecream cone,5,Completely
1387,R_1fwV33CcSnvMnT2,b18,18,1,333,flower,1,Not at all
1388,R_1fwV33CcSnvMnT2,b21,21,1,433,pictogram,5,Completely
1389,R_1fwV33CcSnvMnT2,b23,23,1,481,ball string,2,A little
1390,R_1fwV33CcSnvMnT2,b26,26,1,572,lightning bolt,1,Not at all
1391,R_1fwV33CcSnvMnT2,b32,32,1,716,nine,1,Not at all
1392,R_1fwV33CcSnvMnT2,b33,33,1,726,Antenna,1,Not at all
1393,R_1fwV33CcSnvMnT2,b33,33,2,736,keyhole,1,Not at all
1394,R_1fwV33CcSnvMnT2,b37,37,1,842,glasses,1,Not at all
1395,R_1fwV33CcSnvMnT2,b38,38,1,859,fruit bowl,1,Not at all
1396,R_1fwV33CcSnvMnT2,b40,40,1,904,ear,1,Not at all
1397,R_1fwV33CcSnvMnT2,b43,43,1,980,earring,3,Moderately
1398,R_1fwV33CcSnvMnT2,b43,43,2,989,pie chain,2,A little
1399,R_1fwV33CcSnvMnT2,b44,44,1,1021,infinity symbol,1,Not at all
1400,R_1fwV33CcSnvMnT2,b44,44,2,1033,pumpkin,2,A little
1401,R_1fwV33CcSnvMnT2,b44,44,3,1038,snake,2,A little
1402,R_1fwV33CcSnvMnT2,b46,46,1,1082,lightbulb,2,A little
1403,R_1fwV33CcSnvMnT2,b46,46,2,1092,snowman,1,Not at all
1404,R_1fwV33CcSnvMnT2,b47,47,1,1120,pulley,2,A little
1405,R_1fwV33CcSnvMnT2,b48,48,1,1153,tetris block,1,Not at all
1406,R_1fwV33CcSnvMnT2,b50,50,1,1187,mirror,1,Not at all
1407,R_1fwV33CcSnvMnT2,b56,56,1,1297,arrow,1,Not at all
1408,R_1fwV33CcSnvMnT2,b57,57,1,1338,Zorro symbol,1,Not at all
1409,R_1fwV33CcSnvMnT2,b58,58,1,1343,letter G,1,Not at all
1410,R_1gu5UVbak09gJze,b7,7,1,108,hourglass,1,Not at all
1411,R_1gu5UVbak09gJze,b9,9,1,135,Mountain,1,Not at all
1412,R_1gu5UVbak09gJze,b11,11,1,171,door key,2,A little
1413,R_1gu5UVbak09gJze,b12,12,1,199,question mark,1,Not at all
1414,R_1gu5UVbak09gJze,b14,14,1,236,baby carriage,1,Not at all
1415,R_1gu5UVbak09gJze,b16,16,1,295,Volcano,1,Not at all
1416,R_1gu5UVbak09gJze,b17,17,1,297,Abstract Eyeball,1,Not at all
1417,R_1gu5UVbak09gJze,b17,17,2,303,cupcake,2,A little
1418,R_1gu5UVbak09gJze,b17,17,3,314,icecream cone,5,Completely
1419,R_1gu5UVbak09gJze,b18,18,1,354,van,1,Not at all
1420,R_1gu5UVbak09gJze,b19,19,1,359,chess,1,Not at all
1421,R_1gu5UVbak09gJze,b22,22,1,477,speech bubble,3,Moderately
1422,R_1gu5UVbak09gJze,b23,23,1,495,sculpture,2,A little
1423,R_1gu5UVbak09gJze,b27,27,1,586,door,4,A lot
1424,R_1gu5UVbak09gJze,b27,27,2,597,plug,1,Not at all
1425,R_1gu5UVbak09gJze,b30,30,1,650,basket,1,Not at all
1426,R_1gu5UVbak09gJze,b30,30,2,660,door key,2,A little
1427,R_1gu5UVbak09gJze,b33,33,1,733,golf club,1,Not at all
1428,R_1gu5UVbak09gJze,b34,34,1,772,scissors,4,A lot
1429,R_1gu5UVbak09gJze,b36,36,1,815,Teepee,2,A little
1430,R_1gu5UVbak09gJze,b37,37,1,823,angel,1,Not at all
1431,R_1gu5UVbak09gJze,b37,37,2,849,snow man,1,Not at all
1432,R_1gu5UVbak09gJze,b37,37,3,851,Tree,4,A lot
1433,R_1gu5UVbak09gJze,b47,47,1,1101,ball,1,Not at all
1434,R_1gu5UVbak09gJze,b48,48,1,1139,lamp,1,Not at all
1435,R_1gu5UVbak09gJze,b49,49,1,1172,Pizza,1,Not at all
1436,R_1gu5UVbak09gJze,b50,50,1,1180,Doll,4,A lot
1437,R_1gu5UVbak09gJze,b51,51,1,1198,crest,1,Not at all
1438,R_1gu5UVbak09gJze,b57,57,1,1322,heavy lift,1,Not at all
1439,R_1gu5UVbak09gJze,b58,58,1,1346,pipe wrench,1,Not at all
1440,R_1j8lnU7zrvGLAmB,b6,6,1,94,goal post,1,Not at all
1441,R_1j8lnU7zrvGLAmB,b11,11,1,162,Basket,1,Not at all
1442,R_1j8lnU7zrvGLAmB,b13,13,1,212,dustpan,1,Not at all
1443,R_1j8lnU7zrvGLAmB,b13,13,2,216,keyhole,2,A little
1444,R_1j8lnU7zrvGLAmB,b13,13,3,223,pentgon,1,Not at all
1445,R_1j8lnU7zrvGLAmB,b13,13,4,225,shovel,2,A little
1446,R_1j8lnU7zrvGLAmB,b14,14,1,258,toilet,1,Not at all
1447,R_1j8lnU7zrvGLAmB,b17,17,1,324,tulip,1,Not at all
1448,R_1j8lnU7zrvGLAmB,b19,19,1,379,start line,1,Not at all
1449,R_1j8lnU7zrvGLAmB,b21,21,1,447,treble clef,2,A little
1450,R_1j8lnU7zrvGLAmB,b25,25,1,543,hammer,1,Not at all
1451,R_1j8lnU7zrvGLAmB,b27,27,1,599,rectangle,4,A lot
1452,R_1j8lnU7zrvGLAmB,b29,29,1,640,power button,2,A little
1453,R_1j8lnU7zrvGLAmB,b30,30,1,667,hinge,1,Not at all
1454,R_1j8lnU7zrvGLAmB,b32,32,1,720,table,1,Not at all
1455,R_1j8lnU7zrvGLAmB,b33,33,1,745,pot lid,1,Not at all
1456,R_1j8lnU7zrvGLAmB,b34,34,1,766,ice cream,1,Not at all
1457,R_1j8lnU7zrvGLAmB,b36,36,1,807,location marker,4,A lot
1458,R_1j8lnU7zrvGLAmB,b41,41,1,938,luggage tag,1,Not at all
1459,R_1j8lnU7zrvGLAmB,b41,41,2,951,shopping cart,1,Not at all
1460,R_1j8lnU7zrvGLAmB,b44,44,1,1012,coffee cup,1,Not at all
1461,R_1j8lnU7zrvGLAmB,b48,48,1,1130,a tree,1,Not at all
1462,R_1j8lnU7zrvGLAmB,b49,49,1,1160,bird head,1,Not at all
1463,R_1j8lnU7zrvGLAmB,b51,51,1,1212,Square,2,A little
1464,R_1j8lnU7zrvGLAmB,b51,51,2,1213,television,5,Completely
1465,R_1j8lnU7zrvGLAmB,b53,53,1,1248,keyhole,1,Not at all
1466,R_1j8lnU7zrvGLAmB,b54,54,1,1266,concave,1,Not at all
1467,R_1j8lnU7zrvGLAmB,b57,57,1,1334,truss bridge,1,Not at all
1468,R_1j8lnU7zrvGLAmB,b58,58,1,1348,Song,1,Not at all
1469,R_1j8lnU7zrvGLAmB,b60,60,1,1375,hut,3,Moderately
1470,R_1jcAlNK9CXhvckx,b3,3,1,26,Circles,1,Not at all
1471,R_1jcAlNK9CXhvckx,b3,3,2,33,female torso,2,A little
1472,R_1jcAlNK9CXhvckx,b4,4,1,60,stingray,1,Not at all
1473,R_1jcAlNK9CXhvckx,b5,5,1,74,joined letters,5,Completely
1474,R_1jcAlNK9CXhvckx,b6,6,1,96,handcuffs,4,A lot
1475,R_1jcAlNK9CXhvckx,b7,7,1,110,rocket exhaust,2,A little
1476,R_1jcAlNK9CXhvckx,b8,8,1,126,circle,2,A little
1477,R_1jcAlNK9CXhvckx,b10,10,1,147,fork,4,A lot
1478,R_1jcAlNK9CXhvckx,b12,12,1,200,semicircle,3,Moderately
1479,R_1jcAlNK9CXhvckx,b16,16,1,295,Volcano,2,A little
1480,R_1jcAlNK9CXhvckx,b17,17,1,305,funnel,3,Moderately
1481,R_1jcAlNK9CXhvckx,b21,21,1,444,power button,2,A little
1482,R_1jcAlNK9CXhvckx,b23,23,1,484,caduceus,2,A little
1483,R_1jcAlNK9CXhvckx,b23,23,2,494,Pool,1,Not at all
1484,R_1jcAlNK9CXhvckx,b24,24,1,534,wrentch,1,Not at all
1485,R_1jcAlNK9CXhvckx,b29,29,1,634,hospital sign,1,Not at all
1486,R_1jcAlNK9CXhvckx,b30,30,1,652,bench,1,Not at all
1487,R_1jcAlNK9CXhvckx,b30,30,2,659,cross,2,A little
1488,R_1jcAlNK9CXhvckx,b32,32,1,723,umbrella,1,Not at all
1489,R_1jcAlNK9CXhvckx,b36,36,1,816,tree branch,4,A lot
1490,R_1jcAlNK9CXhvckx,b44,44,1,1007,apple,1,Not at all
1491,R_1jcAlNK9CXhvckx,b45,45,1,1051,hanging target,1,Not at all
1492,R_1jcAlNK9CXhvckx,b47,47,1,1127,Vase,1,Not at all
1493,R_1jcAlNK9CXhvckx,b48,48,1,1137,inverted T,1,Not at all
1494,R_1jcAlNK9CXhvckx,b48,48,2,1145,pedestal table,4,A lot
1495,R_1jcAlNK9CXhvckx,b48,48,3,1146,plus sign,1,Not at all
1496,R_1jcAlNK9CXhvckx,b52,52,1,1228,lowercase r,1,Not at all
1497,R_1jcAlNK9CXhvckx,b53,53,1,1244,desk lamp,2,A little
1498,R_1jcAlNK9CXhvckx,b57,57,1,1329,Spring,1,Not at all
1499,R_1jcAlNK9CXhvckx,b59,59,1,1355,bridge,1,Not at all
1500,R_1kzfEl3If5xV9ND,b3,3,1,29,dried,1,Not at all
1501,R_1kzfEl3If5xV9ND,b7,7,1,116,tent,1,Not at all
1502,R_1kzfEl3If5xV9ND,b10,10,1,151,kanji,1,Not at all
1503,R_1kzfEl3If5xV9ND,b11,11,1,172,fork,3,Moderately
1504,R_1kzfEl3If5xV9ND,b14,14,1,256,sunglasses,1,Not at all
1505,R_1kzfEl3If5xV9ND,b15,15,1,261,cat,1,Not at all
1506,R_1kzfEl3If5xV9ND,b17,17,1,312,house roof,1,Not at all
1507,R_1kzfEl3If5xV9ND,b17,17,2,322,snowcone,4,A lot
1508,R_1kzfEl3If5xV9ND,b19,19,1,386,wang jangle,1,Not at all
1509,R_1kzfEl3If5xV9ND,b20,20,1,404,keyhole,2,A little
1510,R_1kzfEl3If5xV9ND,b22,22,1,453,closed eye,1,Not at all
1511,R_1kzfEl3If5xV9ND,b27,27,1,581,bookshelf,1,Not at all
1512,R_1kzfEl3If5xV9ND,b28,28,1,617,plus sign,1,Not at all
1513,R_1kzfEl3If5xV9ND,b29,29,1,643,spade,2,A little
1514,R_1kzfEl3If5xV9ND,b35,35,1,788,glasses,1,Not at all
1515,R_1kzfEl3If5xV9ND,b35,35,2,793,party hat,2,A little
1516,R_1kzfEl3If5xV9ND,b36,36,1,819,tripod,4,A lot
1517,R_1kzfEl3If5xV9ND,b38,38,1,856,face,1,Not at all
1518,R_1kzfEl3If5xV9ND,b38,38,2,862,ice cream cone,2,A little
1519,R_1kzfEl3If5xV9ND,b38,38,3,865,shamrock,1,Not at all
1520,R_1kzfEl3If5xV9ND,b39,39,1,890,scissors,1,Not at all
1521,R_1kzfEl3If5xV9ND,b40,40,1,903,dog,1,Not at all
1522,R_1kzfEl3If5xV9ND,b42,42,1,960,hash sign,1,Not at all
1523,R_1kzfEl3If5xV9ND,b43,43,1,1005,yo-yo,2,A little
1524,R_1kzfEl3If5xV9ND,b44,44,1,1025,lit match,1,Not at all
1525,R_1kzfEl3If5xV9ND,b45,45,1,1049,face,3,Moderately
1526,R_1kzfEl3If5xV9ND,b46,46,1,1074,Grenade,2,A little
1527,R_1kzfEl3If5xV9ND,b46,46,2,1079,human face,1,Not at all
1528,R_1kzfEl3If5xV9ND,b50,50,1,1179,cartoon image,2,A little
1529,R_1kzfEl3If5xV9ND,b51,51,1,1215,TV,3,Moderately
1530,R_1l6nTA77Wf3la7p,b12,12,1,1459,mushroom cap,2,A little
1531,R_1l6nTA77Wf3la7p,b12,12,2,1462,Desk lamp,1,Not at all
1532,R_1l6nTA77Wf3la7p,b13,13,1,1470,table,1,Not at all
1533,R_1l6nTA77Wf3la7p,b14,14,1,1476,Horseshoe magnet,1,Not at all
1534,R_1l6nTA77Wf3la7p,b16,16,1,1500,bookmark,1,Not at all
1535,R_1l6nTA77Wf3la7p,b16,16,2,1501,location pin,3,Moderately
1536,R_1l6nTA77Wf3la7p,b17,17,1,1507,slingshot,1,Not at all
1537,R_1l6nTA77Wf3la7p,b18,18,1,1900,wine glass,2,A little
1538,R_1l6nTA77Wf3la7p,b19,19,1,1527,skeleton key,1,Not at all
1539,R_1l6nTA77Wf3la7p,b28,28,1,1616,barbell weight,1,Not at all
1540,R_1l6nTA77Wf3la7p,b30,30,1,1636,park bench,2,A little
1541,R_1l6nTA77Wf3la7p,b37,37,1,1694,balloon,5,Completely
1542,R_1l6nTA77Wf3la7p,b38,38,1,1701,triple scoop ice cream cone,4,A lot
1543,R_1l6nTA77Wf3la7p,b41,41,1,1729,flag,2,A little
1544,R_1l6nTA77Wf3la7p,b42,42,1,1737,H shape,1,Not at all
1545,R_1l6nTA77Wf3la7p,b43,43,1,1742,Apple stem,1,Not at all
1546,R_1l6nTA77Wf3la7p,b44,44,1,1749,power button,4,A lot
1547,R_1l6nTA77Wf3la7p,b45,45,1,1762,power button,1,Not at all
1548,R_1l6nTA77Wf3la7p,b46,46,1,1764,handlebars,1,Not at all
1549,R_1l6nTA77Wf3la7p,b46,46,2,1770,Figure eight,1,Not at all
1550,R_1l6nTA77Wf3la7p,b48,48,1,1778,garden hoe,1,Not at all
1551,R_1l6nTA77Wf3la7p,b48,48,2,1782,Flagpole sign,1,Not at all
1552,R_1l6nTA77Wf3la7p,b48,48,3,1783,table lamp,1,Not at all
1553,R_1l6nTA77Wf3la7p,b49,49,1,1792,broken heart,3,Moderately
1554,R_1l6nTA77Wf3la7p,b50,50,1,1797,radio tower,1,Not at all
1555,R_1l6nTA77Wf3la7p,b53,53,1,1824,snow globe,1,Not at all
1556,R_1l6nTA77Wf3la7p,b55,55,1,1845,anchor spear,1,Not at all
1557,R_1l6nTA77Wf3la7p,b55,55,2,1911,Capital T,1,Not at all
1558,R_1l6nTA77Wf3la7p,b59,59,1,1879,road sign,5,Completely
1559,R_1l6nTA77Wf3la7p,b59,59,2,1883,Sword,2,A little
1560,R_1lVK3ShFVomtG7h,b3,3,1,1390,handcuffs,2,A little
1561,R_1lVK3ShFVomtG7h,b4,4,1,1404,TIE fighter,1,Not at all
1562,R_1lVK3ShFVomtG7h,b8,8,1,1427,winged scepter,1,Not at all
1563,R_1lVK3ShFVomtG7h,b10,10,1,1445,fir tree,1,Not at all
1564,R_1lVK3ShFVomtG7h,b14,14,1,1476,Horseshoe magnet,1,Not at all
1565,R_1lVK3ShFVomtG7h,b16,16,1,1501,location pin,4,A lot
1566,R_1lVK3ShFVomtG7h,b18,18,1,1508,ship flag,1,Not at all
1567,R_1lVK3ShFVomtG7h,b19,19,1,1524,CD slot,1,Not at all
1568,R_1lVK3ShFVomtG7h,b19,19,2,1526,clothesline,1,Not at all
1569,R_1lVK3ShFVomtG7h,b19,19,3,1527,skeleton key,1,Not at all
1570,R_1lVK3ShFVomtG7h,b21,21,1,1543,Letter B,1,Not at all
1571,R_1lVK3ShFVomtG7h,b23,23,1,1563,Stethoscope silhouette,3,Moderately
1572,R_1lVK3ShFVomtG7h,b23,23,2,1566,Swirl lollipop,4,A lot
1573,R_1lVK3ShFVomtG7h,b26,26,1,1590,Capital K,1,Not at all
1574,R_1lVK3ShFVomtG7h,b28,28,1,1611,Binoculars,2,A little
1575,R_1lVK3ShFVomtG7h,b29,29,1,1627,wine glass,1,Not at all
1576,R_1lVK3ShFVomtG7h,b31,31,1,1647,thumbtack,2,A little
1577,R_1lVK3ShFVomtG7h,b33,33,1,1667,Church bell,4,A lot
1578,R_1lVK3ShFVomtG7h,b37,37,1,1689,info icon,1,Not at all
1579,R_1lVK3ShFVomtG7h,b41,41,1,1726,padlock hasp,2,A little
1580,R_1lVK3ShFVomtG7h,b43,43,1,1739,question mark,1,Not at all
1581,R_1lVK3ShFVomtG7h,b44,44,1,1753,Snake eye,1,Not at all
1582,R_1lVK3ShFVomtG7h,b45,45,1,1758,hanging target,2,A little
1583,R_1lVK3ShFVomtG7h,b48,48,1,1776,cross,1,Not at all
1584,R_1lVK3ShFVomtG7h,b50,50,1,1802,slingshot upside down,1,Not at all
1585,R_1lVK3ShFVomtG7h,b51,51,1,1805,claw hammer,1,Not at all
1586,R_1lVK3ShFVomtG7h,b54,54,1,1838,fishing hook,1,Not at all
1587,R_1lVK3ShFVomtG7h,b56,56,1,1854,golf club,1,Not at all
1588,R_1lVK3ShFVomtG7h,b59,59,1,1881,triangular signpost,4,A lot
1589,R_1lVK3ShFVomtG7h,b59,59,2,1890,Christmas tree,3,Moderately
1590,R_1lg8q3zzGw6wecm,b6,6,1,98,house,1,Not at all
1591,R_1lg8q3zzGw6wecm,b7,7,1,119,umbrella,2,A little
1592,R_1lg8q3zzGw6wecm,b10,10,1,155,pitchfork,4,A lot
1593,R_1lg8q3zzGw6wecm,b13,13,1,213,goblet,3,Moderately
1594,R_1lg8q3zzGw6wecm,b15,15,1,267,kite,1,Not at all
1595,R_1lg8q3zzGw6wecm,b16,16,1,291,sno-cone,4,A lot
1596,R_1lg8q3zzGw6wecm,b17,17,1,320,shield,1,Not at all
1597,R_1lg8q3zzGw6wecm,b17,17,2,322,snowcone,4,A lot
1598,R_1lg8q3zzGw6wecm,b18,18,1,328,Catapult,1,Not at all
1599,R_1lg8q3zzGw6wecm,b19,19,1,386,wang jangle,1,Not at all
1600,R_1lg8q3zzGw6wecm,b25,25,1,538,chair,3,Moderately
1601,R_1lg8q3zzGw6wecm,b27,27,1,600,Ruler,1,Not at all
1602,R_1lg8q3zzGw6wecm,b31,31,1,693,stick figure,3,Moderately
1603,R_1lg8q3zzGw6wecm,b32,32,1,723,umbrella,1,Not at all
1604,R_1lg8q3zzGw6wecm,b33,33,1,725,anchor,1,Not at all
1605,R_1lg8q3zzGw6wecm,b33,33,2,730,cupcake,2,A little
1606,R_1lg8q3zzGw6wecm,b33,33,3,752,tank turret,1,Not at all
1607,R_1lg8q3zzGw6wecm,b35,35,1,783,cloudy mountain,1,Not at all
1608,R_1lg8q3zzGw6wecm,b35,35,2,792,owl face,2,A little
1609,R_1lg8q3zzGw6wecm,b38,38,1,862,ice cream cone,4,A lot
1610,R_1lg8q3zzGw6wecm,b39,39,1,879,gift bow,1,Not at all
1611,R_1lg8q3zzGw6wecm,b40,40,1,910,letter B,2,A little
1612,R_1lg8q3zzGw6wecm,b41,41,1,950,semi circle,1,Not at all
1613,R_1lg8q3zzGw6wecm,b44,44,1,1017,hanger,2,A little
1614,R_1lg8q3zzGw6wecm,b48,48,1,1146,plus sign,2,A little
1615,R_1lg8q3zzGw6wecm,b48,48,2,1149,T-square,2,A little
1616,R_1lg8q3zzGw6wecm,b50,50,1,1178,candelabra,1,Not at all
1617,R_1lg8q3zzGw6wecm,b50,50,2,1183,hourglass,1,Not at all
1618,R_1lg8q3zzGw6wecm,b53,53,1,1244,desk lamp,1,Not at all
1619,R_1lg8q3zzGw6wecm,b55,55,1,1284,coat rack,1,Not at all
1620,R_1lxY0P04qAwETXk,b6,6,1,99,infinity sign,2,A little
1621,R_1lxY0P04qAwETXk,b9,9,1,138,stylized emblem,3,Moderately
1622,R_1lxY0P04qAwETXk,b10,10,1,151,kanji,1,Not at all
1623,R_1lxY0P04qAwETXk,b12,12,1,193,goblet,5,Completely
1624,R_1lxY0P04qAwETXk,b13,13,1,219,martini glass,3,Moderately
1625,R_1lxY0P04qAwETXk,b15,15,1,267,kite,1,Not at all
1626,R_1lxY0P04qAwETXk,b17,17,1,320,shield,2,A little
1627,R_1lxY0P04qAwETXk,b20,20,1,392,Bun,1,Not at all
1628,R_1lxY0P04qAwETXk,b20,20,2,415,speech bubble,1,Not at all
1629,R_1lxY0P04qAwETXk,b22,22,1,451,Audio Symbol,1,Not at all
1630,R_1lxY0P04qAwETXk,b23,23,1,481,ball string,2,A little
1631,R_1lxY0P04qAwETXk,b24,24,1,531,trident,1,Not at all
1632,R_1lxY0P04qAwETXk,b25,25,1,553,number 7,1,Not at all
1633,R_1lxY0P04qAwETXk,b33,33,1,736,keyhole,2,A little
1634,R_1lxY0P04qAwETXk,b33,33,2,738,lollipop,1,Not at all
1635,R_1lxY0P04qAwETXk,b33,33,3,747,semicircle,1,Not at all
1636,R_1lxY0P04qAwETXk,b36,36,1,805,Inverted peace symbol,1,Not at all
1637,R_1lxY0P04qAwETXk,b36,36,2,806,letter M,1,Not at all
1638,R_1lxY0P04qAwETXk,b36,36,3,807,location marker,1,Not at all
1639,R_1lxY0P04qAwETXk,b39,39,1,885,infinity symbol,1,Not at all
1640,R_1lxY0P04qAwETXk,b40,40,1,907,House,1,Not at all
1641,R_1lxY0P04qAwETXk,b42,42,1,964,pound sign,1,Not at all
1642,R_1lxY0P04qAwETXk,b43,43,1,996,snake donut,1,Not at all
1643,R_1lxY0P04qAwETXk,b45,45,1,1058,magnifying glass,1,Not at all
1644,R_1lxY0P04qAwETXk,b47,47,1,1117,Mouse,4,A lot
1645,R_1lxY0P04qAwETXk,b53,53,1,1250,microscope,1,Not at all
1646,R_1lxY0P04qAwETXk,b57,57,1,1331,table,1,Not at all
1647,R_1lxY0P04qAwETXk,b58,58,1,1339,anchor,2,A little
1648,R_1lxY0P04qAwETXk,b60,60,1,1376,party hat,2,A little
1649,R_1lxY0P04qAwETXk,b60,60,2,1378,television,1,Not at all
1650,R_1mfm1adJiIap3Hj,b4,4,1,61,tongs,2,A little
1651,R_1mfm1adJiIap3Hj,b5,5,1,78,pulley,2,A little
1652,R_1mfm1adJiIap3Hj,b10,10,1,153,letter A,1,Not at all
1653,R_1mfm1adJiIap3Hj,b12,12,1,184,buoy,2,A little
1654,R_1mfm1adJiIap3Hj,b13,13,1,209,church,3,Moderately
1655,R_1mfm1adJiIap3Hj,b14,14,1,240,crab claw,1,Not at all
1656,R_1mfm1adJiIap3Hj,b19,19,1,362,computer mouse,5,Completely
1657,R_1mfm1adJiIap3Hj,b19,19,2,371,mechanical arm,1,Not at all
1658,R_1mfm1adJiIap3Hj,b20,20,1,401,Hourglass,4,A lot
1659,R_1mfm1adJiIap3Hj,b21,21,1,427,Ear,1,Not at all
1660,R_1mfm1adJiIap3Hj,b21,21,2,428,head and shoulders,4,A lot
1661,R_1mfm1adJiIap3Hj,b21,21,3,442,crystal ball,2,A little
1662,R_1mfm1adJiIap3Hj,b22,22,1,455,dart,3,Moderately
1663,R_1mfm1adJiIap3Hj,b23,23,1,481,ball string,4,A lot
1664,R_1mfm1adJiIap3Hj,b25,25,1,545,lamp,1,Not at all
1665,R_1mfm1adJiIap3Hj,b27,27,1,586,door,5,Completely
1666,R_1mfm1adJiIap3Hj,b28,28,1,604,bucket,2,A little
1667,R_1mfm1adJiIap3Hj,b28,28,2,606,circle,1,Not at all
1668,R_1mfm1adJiIap3Hj,b30,30,1,658,chair,3,Moderately
1669,R_1mfm1adJiIap3Hj,b32,32,1,710,hammerhead shark,1,Not at all
1670,R_1mfm1adJiIap3Hj,b34,34,1,771,Owl face,2,A little
1671,R_1mfm1adJiIap3Hj,b35,35,1,796,tree,1,Not at all
1672,R_1mfm1adJiIap3Hj,b41,41,1,956,Water Pitcher,4,A lot
1673,R_1mfm1adJiIap3Hj,b44,44,1,1012,coffee cup,1,Not at all
1674,R_1mfm1adJiIap3Hj,b46,46,1,1073,face,2,A little
1675,R_1mfm1adJiIap3Hj,b49,49,1,1161,bull skull,1,Not at all
1676,R_1mfm1adJiIap3Hj,b50,50,1,1184,human sketch,4,A lot
1677,R_1mfm1adJiIap3Hj,b56,56,1,1301,circle,4,A lot
1678,R_1mfm1adJiIap3Hj,b58,58,1,1347,Radius,1,Not at all
1679,R_1mfm1adJiIap3Hj,b59,59,1,1356,campfire,1,Not at all
1680,R_1mrpD0SjWLkwggP,b1,1,1,1383,ladder structure,5,Completely
1681,R_1mrpD0SjWLkwggP,b2,2,1,1386,Eiffel tower,2,A little
1682,R_1mrpD0SjWLkwggP,b12,12,1,1464,arch bridge,1,Not at all
1683,R_1mrpD0SjWLkwggP,b17,17,1,1899,arch bridge,1,Not at all
1684,R_1mrpD0SjWLkwggP,b21,21,1,1551,snail,2,A little
1685,R_1mrpD0SjWLkwggP,b22,22,1,1557,play icon,4,A lot
1686,R_1mrpD0SjWLkwggP,b22,22,2,1561,cone and face,2,A little
1687,R_1mrpD0SjWLkwggP,b25,25,1,1581,pipe wrench,2,A little
1688,R_1mrpD0SjWLkwggP,b29,29,1,1626,hand,1,Not at all
1689,R_1mrpD0SjWLkwggP,b30,30,1,1635,bitcoin symbol,2,A little
1690,R_1mrpD0SjWLkwggP,b30,30,2,1640,skeleton key,3,Moderately
1691,R_1mrpD0SjWLkwggP,b32,32,1,1655,Umbrella handle,2,A little
1692,R_1mrpD0SjWLkwggP,b35,35,1,1679,spade symbol,1,Not at all
1693,R_1mrpD0SjWLkwggP,b37,37,1,1694,balloon,1,Not at all
1694,R_1mrpD0SjWLkwggP,b39,39,1,1715,stacked symbol,3,Moderately
1695,R_1mrpD0SjWLkwggP,b41,41,1,1726,padlock hasp,1,Not at all
1696,R_1mrpD0SjWLkwggP,b41,41,2,1730,marker for going right,3,Moderately
1697,R_1mrpD0SjWLkwggP,b43,43,1,1741,musical note,1,Not at all
1698,R_1mrpD0SjWLkwggP,b44,44,1,1752,swan neck,1,Not at all
1699,R_1mrpD0SjWLkwggP,b47,47,1,1774,egyptian eye,1,Not at all
1700,R_1mrpD0SjWLkwggP,b50,50,1,1799,Upside-down tree,1,Not at all
1701,R_1mrpD0SjWLkwggP,b52,52,1,1810,Hammer,1,Not at all
1702,R_1mrpD0SjWLkwggP,b53,53,1,1827,pistol,1,Not at all
1703,R_1mrpD0SjWLkwggP,b54,54,1,1839,Combination wrench,2,A little
1704,R_1mrpD0SjWLkwggP,b55,55,1,1841,location marker,3,Moderately
1705,R_1mrpD0SjWLkwggP,b55,55,2,1847,road sign,4,A lot
1706,R_1mrpD0SjWLkwggP,b56,56,1,1857,registered symbol,1,Not at all
1707,R_1mrpD0SjWLkwggP,b56,56,2,1869,V in circle,3,Moderately
1708,R_1mrpD0SjWLkwggP,b57,57,1,1870,scissor jack,3,Moderately
1709,R_1mrpD0SjWLkwggP,b59,59,1,1879,road sign,4,A lot
1710,R_1n7NiTBiVg3W70B,b3,3,1,39,spade,1,Not at all
1711,R_1n7NiTBiVg3W70B,b3,3,2,40,spectacles,3,Moderately
1712,R_1n7NiTBiVg3W70B,b4,4,1,55,hummer,1,Not at all
1713,R_1n7NiTBiVg3W70B,b7,7,1,109,railroad track,2,A little
1714,R_1n7NiTBiVg3W70B,b12,12,1,203,swimming,1,Not at all
1715,R_1n7NiTBiVg3W70B,b13,13,1,221,mortar & pestle,2,A little
1716,R_1n7NiTBiVg3W70B,b13,13,2,223,pentgon,1,Not at all
1717,R_1n7NiTBiVg3W70B,b16,16,1,277,download icon,1,Not at all
1718,R_1n7NiTBiVg3W70B,b17,17,1,316,necklace,1,Not at all
1719,R_1n7NiTBiVg3W70B,b17,17,2,325,wine glass,1,Not at all
1720,R_1n7NiTBiVg3W70B,b19,19,1,378,Sphere,1,Not at all
1721,R_1n7NiTBiVg3W70B,b20,20,1,418,Vessel,1,Not at all
1722,R_1n7NiTBiVg3W70B,b27,27,1,585,Cubes,1,Not at all
1723,R_1n7NiTBiVg3W70B,b27,27,2,588,euro symbol,1,Not at all
1724,R_1n7NiTBiVg3W70B,b29,29,1,623,beach umbrella,1,Not at all
1725,R_1n7NiTBiVg3W70B,b31,31,1,682,birthday hat,1,Not at all
1726,R_1n7NiTBiVg3W70B,b36,36,1,801,crane,2,A little
1727,R_1n7NiTBiVg3W70B,b37,37,1,840,flower,4,A lot
1728,R_1n7NiTBiVg3W70B,b40,40,1,923,tuning fork,1,Not at all
1729,R_1n7NiTBiVg3W70B,b41,41,1,924,boat,1,Not at all
1730,R_1n7NiTBiVg3W70B,b41,41,2,938,luggage tag,2,A little
1731,R_1n7NiTBiVg3W70B,b45,45,1,1052,key,1,Not at all
1732,R_1n7NiTBiVg3W70B,b46,46,1,1063,arch,1,Not at all
1733,R_1n7NiTBiVg3W70B,b46,46,2,1068,Chinese Character,1,Not at all
1734,R_1n7NiTBiVg3W70B,b46,46,3,1082,lightbulb,2,A little
1735,R_1n7NiTBiVg3W70B,b49,49,1,1165,heart,5,Completely
1736,R_1n7NiTBiVg3W70B,b51,51,1,1202,key,1,Not at all
1737,R_1n7NiTBiVg3W70B,b51,51,2,1215,TV,4,A lot
1738,R_1n7NiTBiVg3W70B,b54,54,1,1267,dumbbell,1,Not at all
1739,R_1n7NiTBiVg3W70B,b58,58,1,1345,musical clef,1,Not at all
1740,R_1nOpz4EpMLH4cBU,b1,1,1,3,stacked H's,4,A lot
1741,R_1nOpz4EpMLH4cBU,b4,4,1,43,ant,1,Not at all
1742,R_1nOpz4EpMLH4cBU,b9,9,1,137,cat ears,1,Not at all
1743,R_1nOpz4EpMLH4cBU,b11,11,1,180,table,1,Not at all
1744,R_1nOpz4EpMLH4cBU,b13,13,1,226,sign,1,Not at all
1745,R_1nOpz4EpMLH4cBU,b15,15,1,260,bucket,2,A little
1746,R_1nOpz4EpMLH4cBU,b17,17,1,305,funnel,3,Moderately
1747,R_1nOpz4EpMLH4cBU,b17,17,2,326,wishbone,1,Not at all
1748,R_1nOpz4EpMLH4cBU,b18,18,1,342,Martini,1,Not at all
1749,R_1nOpz4EpMLH4cBU,b18,18,2,343,medal,1,Not at all
1750,R_1nOpz4EpMLH4cBU,b19,19,1,368,jellyfish,2,A little
1751,R_1nOpz4EpMLH4cBU,b20,20,1,402,Human Profile,4,A lot
1752,R_1nOpz4EpMLH4cBU,b22,22,1,450,Angle,2,A little
1753,R_1nOpz4EpMLH4cBU,b22,22,2,451,Audio Symbol,1,Not at all
1754,R_1nOpz4EpMLH4cBU,b30,30,1,676,wheelchair,1,Not at all
1755,R_1nOpz4EpMLH4cBU,b31,31,1,692,speaker,2,A little
1756,R_1nOpz4EpMLH4cBU,b31,31,2,695,Sun Horizon,1,Not at all
1757,R_1nOpz4EpMLH4cBU,b35,35,1,782,cherries,5,Completely
1758,R_1nOpz4EpMLH4cBU,b37,37,1,839,flower,2,A little
1759,R_1nOpz4EpMLH4cBU,b38,38,1,860,gift bow,4,A lot
1760,R_1nOpz4EpMLH4cBU,b40,40,1,908,key,1,Not at all
1761,R_1nOpz4EpMLH4cBU,b45,45,1,1047,clock,4,A lot
1762,R_1nOpz4EpMLH4cBU,b46,46,1,1067,chalice,2,A little
1763,R_1nOpz4EpMLH4cBU,b47,47,1,1110,dog shape,1,Not at all
1764,R_1nOpz4EpMLH4cBU,b48,48,1,1141,letter T,5,Completely
1765,R_1nOpz4EpMLH4cBU,b49,49,1,1160,bird head,1,Not at all
1766,R_1nOpz4EpMLH4cBU,b51,51,1,1209,Robot,4,A lot
1767,R_1nOpz4EpMLH4cBU,b55,55,1,1285,flagpole,1,Not at all
1768,R_1nOpz4EpMLH4cBU,b56,56,1,1306,eyeball,1,Not at all
1769,R_1nOpz4EpMLH4cBU,b56,56,2,1313,sign,3,Moderately
1770,R_1nPNTpcjBiEdfos,b8,8,1,121,abstract glyph,2,A little
1771,R_1nPNTpcjBiEdfos,b9,9,1,138,stylized emblem,4,A lot
1772,R_1nPNTpcjBiEdfos,b9,9,2,141,clover,3,Moderately
1773,R_1nPNTpcjBiEdfos,b12,12,1,202,skeleton key,1,Not at all
1774,R_1nPNTpcjBiEdfos,b13,13,1,207,c clamp,1,Not at all
1775,R_1nPNTpcjBiEdfos,b13,13,2,225,shovel,3,Moderately
1776,R_1nPNTpcjBiEdfos,b16,16,1,296,whale tail,2,A little
1777,R_1nPNTpcjBiEdfos,b22,22,1,459,fish,3,Moderately
1778,R_1nPNTpcjBiEdfos,b23,23,1,494,Pool,1,Not at all
1779,R_1nPNTpcjBiEdfos,b26,26,1,564,baseball pendant,5,Completely
1780,R_1nPNTpcjBiEdfos,b26,26,2,566,check mark,1,Not at all
1781,R_1nPNTpcjBiEdfos,b28,28,1,608,eyeglasses,3,Moderately
1782,R_1nPNTpcjBiEdfos,b30,30,1,652,bench,1,Not at all
1783,R_1nPNTpcjBiEdfos,b30,30,2,675,train car,1,Not at all
1784,R_1nPNTpcjBiEdfos,b32,32,1,700,chalice,5,Completely
1785,R_1nPNTpcjBiEdfos,b33,33,1,727,bell,4,A lot
1786,R_1nPNTpcjBiEdfos,b33,33,2,744,plunger,4,A lot
1787,R_1nPNTpcjBiEdfos,b36,36,1,801,crane,2,A little
1788,R_1nPNTpcjBiEdfos,b36,36,2,807,location marker,2,A little
1789,R_1nPNTpcjBiEdfos,b41,41,1,930,dog,2,A little
1790,R_1nPNTpcjBiEdfos,b47,47,1,1104,butterfly,1,Not at all
1791,R_1nPNTpcjBiEdfos,b47,47,2,1105,c clamp,1,Not at all
1792,R_1nPNTpcjBiEdfos,b48,48,1,1132,Drawn Bow,3,Moderately
1793,R_1nPNTpcjBiEdfos,b50,50,1,1191,stick figure,5,Completely
1794,R_1nPNTpcjBiEdfos,b52,52,1,1223,forklift,2,A little
1795,R_1nPNTpcjBiEdfos,b52,52,2,1236,Sword,1,Not at all
1796,R_1nPNTpcjBiEdfos,b53,53,1,1256,swing set,1,Not at all
1797,R_1nPNTpcjBiEdfos,b55,55,1,1282,arrowhead,2,A little
1798,R_1nPNTpcjBiEdfos,b57,57,1,1321,hashtag,1,Not at all
1799,R_1nPNTpcjBiEdfos,b60,60,1,1380,TV,2,A little
1800,R_1oM68VSqCgkQIEh,b3,3,1,26,Circles,2,A little
1801,R_1oM68VSqCgkQIEh,b3,3,2,27,cup,1,Not at all
1802,R_1oM68VSqCgkQIEh,b6,6,1,104,snail,1,Not at all
1803,R_1oM68VSqCgkQIEh,b6,6,2,105,snowman,1,Not at all
1804,R_1oM68VSqCgkQIEh,b10,10,1,144,Broken ladder,1,Not at all
1805,R_1oM68VSqCgkQIEh,b17,17,1,309,Head,1,Not at all
1806,R_1oM68VSqCgkQIEh,b18,18,1,332,flag,1,Not at all
1807,R_1oM68VSqCgkQIEh,b21,21,1,425,Crane,1,Not at all
1808,R_1oM68VSqCgkQIEh,b23,23,1,501,weathervane,1,Not at all
1809,R_1oM68VSqCgkQIEh,b27,27,1,580,book,4,A lot
1810,R_1oM68VSqCgkQIEh,b28,28,1,614,insect head,1,Not at all
1811,R_1oM68VSqCgkQIEh,b29,29,1,623,beach umbrella,1,Not at all
1812,R_1oM68VSqCgkQIEh,b29,29,2,646,trident,1,Not at all
1813,R_1oM68VSqCgkQIEh,b30,30,1,667,hinge,1,Not at all
1814,R_1oM68VSqCgkQIEh,b36,36,1,817,tree diagram,2,A little
1815,R_1oM68VSqCgkQIEh,b38,38,1,866,smiley face,1,Not at all
1816,R_1oM68VSqCgkQIEh,b39,39,1,881,glasses and nose,3,Moderately
1817,R_1oM68VSqCgkQIEh,b40,40,1,912,Lighter,4,A lot
1818,R_1oM68VSqCgkQIEh,b43,43,1,981,eighth note,1,Not at all
1819,R_1oM68VSqCgkQIEh,b45,45,1,1055,lobby button,3,Moderately
1820,R_1oM68VSqCgkQIEh,b47,47,1,1102,balloon,1,Not at all
1821,R_1oM68VSqCgkQIEh,b48,48,1,1152,Tent,1,Not at all
1822,R_1oM68VSqCgkQIEh,b50,50,1,1181,Electric tower,1,Not at all
1823,R_1oM68VSqCgkQIEh,b50,50,2,1188,person,4,A lot
1824,R_1oM68VSqCgkQIEh,b52,52,1,1222,flagpole,1,Not at all
1825,R_1oM68VSqCgkQIEh,b52,52,2,1235,step stool,2,A little
1826,R_1oM68VSqCgkQIEh,b53,53,1,1248,keyhole,1,Not at all
1827,R_1oM68VSqCgkQIEh,b56,56,1,1315,tabacco pipe,1,Not at all
1828,R_1oM68VSqCgkQIEh,b60,60,1,1369,box cone,5,Completely
1829,R_1oM68VSqCgkQIEh,b60,60,2,1375,hut,5,Completely
1830,R_1pDqsCKREvQPyco,b7,7,1,116,tent,1,Not at all
1831,R_1pDqsCKREvQPyco,b8,8,1,129,flower,1,Not at all
1832,R_1pDqsCKREvQPyco,b14,14,1,241,dior,1,Not at all
1833,R_1pDqsCKREvQPyco,b14,14,2,256,sunglasses,1,Not at all
1834,R_1pDqsCKREvQPyco,b17,17,1,302,cone,5,Completely
1835,R_1pDqsCKREvQPyco,b19,19,1,378,Sphere,1,Not at all
1836,R_1pDqsCKREvQPyco,b21,21,1,438,headphones,1,Not at all
1837,R_1pDqsCKREvQPyco,b23,23,1,485,circle,1,Not at all
1838,R_1pDqsCKREvQPyco,b23,23,2,491,Lollipop,5,Completely
1839,R_1pDqsCKREvQPyco,b24,24,1,533,windmill,1,Not at all
1840,R_1pDqsCKREvQPyco,b25,25,1,549,letter T,1,Not at all
1841,R_1pDqsCKREvQPyco,b29,29,1,627,chair,1,Not at all
1842,R_1pDqsCKREvQPyco,b29,29,2,634,hospital sign,1,Not at all
1843,R_1pDqsCKREvQPyco,b30,30,1,670,person,2,A little
1844,R_1pDqsCKREvQPyco,b31,31,1,682,birthday hat,2,A little
1845,R_1pDqsCKREvQPyco,b34,34,1,755,Binoculars,2,A little
1846,R_1pDqsCKREvQPyco,b34,34,2,767,Infinity pyramid,1,Not at all
1847,R_1pDqsCKREvQPyco,b37,37,1,826,bow tie,1,Not at all
1848,R_1pDqsCKREvQPyco,b40,40,1,911,letter R,1,Not at all
1849,R_1pDqsCKREvQPyco,b41,41,1,924,boat,1,Not at all
1850,R_1pDqsCKREvQPyco,b44,44,1,1034,question mrk,1,Not at all
1851,R_1pDqsCKREvQPyco,b44,44,2,1039,Stringray,2,A little
1852,R_1pDqsCKREvQPyco,b47,47,1,1112,key,1,Not at all
1853,R_1pDqsCKREvQPyco,b50,50,1,1176,arrow,1,Not at all
1854,R_1pDqsCKREvQPyco,b50,50,2,1179,cartoon image,4,A lot
1855,R_1pDqsCKREvQPyco,b52,52,1,1223,forklift,1,Not at all
1856,R_1pDqsCKREvQPyco,b54,54,1,1266,concave,1,Not at all
1857,R_1pDqsCKREvQPyco,b58,58,1,1344,Motor Boat,1,Not at all
1858,R_1pDqsCKREvQPyco,b59,59,1,1353,beach umbrella,4,A lot
1859,R_1pDqsCKREvQPyco,b59,59,2,1364,sailboat,2,A little
1860,R_1pSjZZj34aMqum0,b4,4,1,44,bed,1,Not at all
1861,R_1pSjZZj34aMqum0,b4,4,2,51,glasses,1,Not at all
1862,R_1pSjZZj34aMqum0,b4,4,3,55,hummer,1,Not at all
1863,R_1pSjZZj34aMqum0,b5,5,1,66,bra,1,Not at all
1864,R_1pSjZZj34aMqum0,b5,5,2,81,two chairs,1,Not at all
1865,R_1pSjZZj34aMqum0,b12,12,1,190,desk,1,Not at all
1866,R_1pSjZZj34aMqum0,b13,13,1,226,sign,1,Not at all
1867,R_1pSjZZj34aMqum0,b17,17,1,306,glass,1,Not at all
1868,R_1pSjZZj34aMqum0,b17,17,2,315,lantern,1,Not at all
1869,R_1pSjZZj34aMqum0,b20,20,1,415,speech bubble,3,Moderately
1870,R_1pSjZZj34aMqum0,b20,20,2,416,Sunrise,1,Not at all
1871,R_1pSjZZj34aMqum0,b21,21,1,421,Boat,1,Not at all
1872,R_1pSjZZj34aMqum0,b21,21,2,447,treble clef,2,A little
1873,R_1pSjZZj34aMqum0,b22,22,1,464,Icecream cone,1,Not at all
1874,R_1pSjZZj34aMqum0,b23,23,1,497,Stop sign,1,Not at all
1875,R_1pSjZZj34aMqum0,b24,24,1,504,axe,1,Not at all
1876,R_1pSjZZj34aMqum0,b27,27,1,581,bookshelf,1,Not at all
1877,R_1pSjZZj34aMqum0,b32,32,1,709,Hammer,1,Not at all
1878,R_1pSjZZj34aMqum0,b34,34,1,772,scissors,4,A lot
1879,R_1pSjZZj34aMqum0,b37,37,1,840,flower,4,A lot
1880,R_1pSjZZj34aMqum0,b40,40,1,908,key,1,Not at all
1881,R_1pSjZZj34aMqum0,b40,40,2,923,tuning fork,1,Not at all
1882,R_1pSjZZj34aMqum0,b41,41,1,938,luggage tag,1,Not at all
1883,R_1pSjZZj34aMqum0,b44,44,1,1042,swan,3,Moderately
1884,R_1pSjZZj34aMqum0,b46,46,1,1076,heart,1,Not at all
1885,R_1pSjZZj34aMqum0,b46,46,2,1098,yin yang,2,A little
1886,R_1pSjZZj34aMqum0,b49,49,1,1165,heart,5,Completely
1887,R_1pSjZZj34aMqum0,b54,54,1,1275,music note,5,Completely
1888,R_1pSjZZj34aMqum0,b56,56,1,1306,eyeball,1,Not at all
1889,R_1pSjZZj34aMqum0,b59,59,1,1359,gymnastics apparatus,3,Moderately
1890,R_1poOF1cVkpIKgnF,b3,3,1,1394,butterfly wings,1,Not at all
1891,R_1poOF1cVkpIKgnF,b5,5,1,1405,eyeglasses,2,A little
1892,R_1poOF1cVkpIKgnF,b5,5,2,1410,pregnant woman,1,Not at all
1893,R_1poOF1cVkpIKgnF,b7,7,1,1425,up arrow,4,A lot
1894,R_1poOF1cVkpIKgnF,b10,10,1,1448,Hair comb,1,Not at all
1895,R_1poOF1cVkpIKgnF,b12,12,1,1459,mushroom cap,1,Not at all
1896,R_1poOF1cVkpIKgnF,b12,12,2,1460,table lamp,3,Moderately
1897,R_1poOF1cVkpIKgnF,b13,13,1,1474,padlock,1,Not at all
1898,R_1poOF1cVkpIKgnF,b14,14,1,1480,butterfly cradle,1,Not at all
1899,R_1poOF1cVkpIKgnF,b18,18,1,1513,map pin,4,A lot
1900,R_1poOF1cVkpIKgnF,b21,21,1,1553,2 circles,1,Not at all
1901,R_1poOF1cVkpIKgnF,b21,21,2,1554,ice cream,1,Not at all
1902,R_1poOF1cVkpIKgnF,b22,22,1,1556,record player,1,Not at all
1903,R_1poOF1cVkpIKgnF,b23,23,1,1565,standing microphone,4,A lot
1904,R_1poOF1cVkpIKgnF,b27,27,1,1608,Capital E,1,Not at all
1905,R_1poOF1cVkpIKgnF,b29,29,1,1620,Letter B,1,Not at all
1906,R_1poOF1cVkpIKgnF,b30,30,1,1642,HD monogram,2,A little
1907,R_1poOF1cVkpIKgnF,b31,31,1,1648,push pin,3,Moderately
1908,R_1poOF1cVkpIKgnF,b32,32,1,1656,claw hammer,1,Not at all
1909,R_1poOF1cVkpIKgnF,b33,33,1,1665,Mushroom stem,1,Not at all
1910,R_1poOF1cVkpIKgnF,b38,38,1,1700,clover,1,Not at all
1911,R_1poOF1cVkpIKgnF,b49,49,1,1792,broken heart,2,A little
1912,R_1poOF1cVkpIKgnF,b52,52,1,1815,flagpole bracket,1,Not at all
1913,R_1poOF1cVkpIKgnF,b55,55,1,1842,letter T,2,A little
1914,R_1poOF1cVkpIKgnF,b55,55,2,1911,Capital T,3,Moderately
1915,R_1poOF1cVkpIKgnF,b56,56,1,1856,flag pole,1,Not at all
1916,R_1poOF1cVkpIKgnF,b56,56,2,1862,partial clock,4,A lot
1917,R_1poOF1cVkpIKgnF,b56,56,3,1863,Broken arrow,2,A little
1918,R_1poOF1cVkpIKgnF,b57,57,1,1871,capital z,2,A little
1919,R_1poOF1cVkpIKgnF,b57,57,2,1912,Rotated grid,1,Not at all
1920,R_1pv1rmphd0tEvIt,b2,2,1,14,train tracks,5,Completely
1921,R_1pv1rmphd0tEvIt,b4,4,1,46,bra,1,Not at all
1922,R_1pv1rmphd0tEvIt,b6,6,1,93,glasses,2,A little
1923,R_1pv1rmphd0tEvIt,b6,6,2,97,hourglass,1,Not at all
1924,R_1pv1rmphd0tEvIt,b7,7,1,116,tent,1,Not at all
1925,R_1pv1rmphd0tEvIt,b13,13,1,211,door hinge,1,Not at all
1926,R_1pv1rmphd0tEvIt,b13,13,2,226,sign,1,Not at all
1927,R_1pv1rmphd0tEvIt,b20,20,1,408,pedestal,3,Moderately
1928,R_1pv1rmphd0tEvIt,b23,23,1,500,traffic stop,2,A little
1929,R_1pv1rmphd0tEvIt,b24,24,1,508,comb,1,Not at all
1930,R_1pv1rmphd0tEvIt,b25,25,1,558,table,1,Not at all
1931,R_1pv1rmphd0tEvIt,b28,28,1,616,owl,1,Not at all
1932,R_1pv1rmphd0tEvIt,b30,30,1,655,box,1,Not at all
1933,R_1pv1rmphd0tEvIt,b30,30,2,656,bridge,1,Not at all
1934,R_1pv1rmphd0tEvIt,b31,31,1,685,fish,1,Not at all
1935,R_1pv1rmphd0tEvIt,b32,32,1,713,lollipop,1,Not at all
1936,R_1pv1rmphd0tEvIt,b34,34,1,755,Binoculars,1,Not at all
1937,R_1pv1rmphd0tEvIt,b37,37,1,845,key,3,Moderately
1938,R_1pv1rmphd0tEvIt,b37,37,2,846,magnifying glass,1,Not at all
1939,R_1pv1rmphd0tEvIt,b39,39,1,875,clubs suit,1,Not at all
1940,R_1pv1rmphd0tEvIt,b41,41,1,929,directional marker right,1,Not at all
1941,R_1pv1rmphd0tEvIt,b41,41,2,942,note,1,Not at all
1942,R_1pv1rmphd0tEvIt,b44,44,1,1012,coffee cup,1,Not at all
1943,R_1pv1rmphd0tEvIt,b45,45,1,1061,wheelchair,2,A little
1944,R_1pv1rmphd0tEvIt,b48,48,1,1152,Tent,3,Moderately
1945,R_1pv1rmphd0tEvIt,b49,49,1,1174,Triangle,1,Not at all
1946,R_1pv1rmphd0tEvIt,b51,51,1,1197,birdhouse,1,Not at all
1947,R_1pv1rmphd0tEvIt,b54,54,1,1265,coat hook,1,Not at all
1948,R_1pv1rmphd0tEvIt,b55,55,1,1290,spade,1,Not at all
1949,R_1pv1rmphd0tEvIt,b58,58,1,1348,Song,1,Not at all
1950,R_1qJDVWcx2NquvHr,b4,4,1,51,glasses,3,Moderately
1951,R_1qJDVWcx2NquvHr,b6,6,1,86,barbell,1,Not at all
1952,R_1qJDVWcx2NquvHr,b9,9,1,140,candlestick,1,Not at all
1953,R_1qJDVWcx2NquvHr,b11,11,1,178,rake,4,A lot
1954,R_1qJDVWcx2NquvHr,b12,12,1,191,downward umbrella,1,Not at all
1955,R_1qJDVWcx2NquvHr,b14,14,1,253,owl,1,Not at all
1956,R_1qJDVWcx2NquvHr,b15,15,1,259,arrow,2,A little
1957,R_1qJDVWcx2NquvHr,b18,18,1,352,Speed Bump,1,Not at all
1958,R_1qJDVWcx2NquvHr,b25,25,1,535,backwards L,1,Not at all
1959,R_1qJDVWcx2NquvHr,b28,28,1,605,cherries,1,Not at all
1960,R_1qJDVWcx2NquvHr,b28,28,2,612,handcuffs,2,A little
1961,R_1qJDVWcx2NquvHr,b28,28,3,613,hydrogen peroxide,1,Not at all
1962,R_1qJDVWcx2NquvHr,b31,31,1,687,lollipop,5,Completely
1963,R_1qJDVWcx2NquvHr,b31,31,2,692,speaker,2,A little
1964,R_1qJDVWcx2NquvHr,b32,32,1,721,teeball,1,Not at all
1965,R_1qJDVWcx2NquvHr,b32,32,2,724,wine glass,5,Completely
1966,R_1qJDVWcx2NquvHr,b36,36,1,813,slingshot handle,2,A little
1967,R_1qJDVWcx2NquvHr,b37,37,1,830,Cherries,1,Not at all
1968,R_1qJDVWcx2NquvHr,b43,43,1,998,stethoscope,1,Not at all
1969,R_1qJDVWcx2NquvHr,b44,44,1,1015,Elephant ears,1,Not at all
1970,R_1qJDVWcx2NquvHr,b44,44,2,1032,pocketwatch,1,Not at all
1971,R_1qJDVWcx2NquvHr,b45,45,1,1058,magnifying glass,1,Not at all
1972,R_1qJDVWcx2NquvHr,b46,46,1,1082,lightbulb,3,Moderately
1973,R_1qJDVWcx2NquvHr,b47,47,1,1105,c clamp,1,Not at all
1974,R_1qJDVWcx2NquvHr,b47,47,2,1124,stethoscope,1,Not at all
1975,R_1qJDVWcx2NquvHr,b49,49,1,1172,Pizza,1,Not at all
1976,R_1qJDVWcx2NquvHr,b54,54,1,1275,music note,4,A lot
1977,R_1qJDVWcx2NquvHr,b57,57,1,1326,railroad crossing,1,Not at all
1978,R_1qJDVWcx2NquvHr,b59,59,1,1366,tree,4,A lot
1979,R_1qJDVWcx2NquvHr,b60,60,1,1379,trapezium,1,Not at all
1980,R_1qQkGLIqvUpyAcF,b1,1,1,5,train track,3,Moderately
1981,R_1qQkGLIqvUpyAcF,b3,3,1,33,female torso,2,A little
1982,R_1qQkGLIqvUpyAcF,b4,4,1,47,butterfly,1,Not at all
1983,R_1qQkGLIqvUpyAcF,b6,6,1,85,ant,1,Not at all
1984,R_1qQkGLIqvUpyAcF,b7,7,1,107,arrow,3,Moderately
1985,R_1qQkGLIqvUpyAcF,b13,13,1,231,umbrella,1,Not at all
1986,R_1qQkGLIqvUpyAcF,b14,14,1,237,bear face,1,Not at all
1987,R_1qQkGLIqvUpyAcF,b17,17,1,298,Balloon,1,Not at all
1988,R_1qQkGLIqvUpyAcF,b17,17,2,309,Head,1,Not at all
1989,R_1qQkGLIqvUpyAcF,b20,20,1,398,hanger,1,Not at all
1990,R_1qQkGLIqvUpyAcF,b21,21,1,427,Ear,1,Not at all
1991,R_1qQkGLIqvUpyAcF,b25,25,1,555,pickaxe,1,Not at all
1992,R_1qQkGLIqvUpyAcF,b26,26,1,565,carat stem,1,Not at all
1993,R_1qQkGLIqvUpyAcF,b27,27,1,601,Square,2,A little
1994,R_1qQkGLIqvUpyAcF,b31,31,1,696,tripod,2,A little
1995,R_1qQkGLIqvUpyAcF,b34,34,1,772,scissors,2,A little
1996,R_1qQkGLIqvUpyAcF,b36,36,1,803,fishing rod,1,Not at all
1997,R_1qQkGLIqvUpyAcF,b38,38,1,854,clubs symbol,2,A little
1998,R_1qQkGLIqvUpyAcF,b39,39,1,881,glasses and nose,1,Not at all
1999,R_1qQkGLIqvUpyAcF,b42,42,1,965,present,5,Completely
2000,R_1qQkGLIqvUpyAcF,b43,43,1,997,spoon,1,Not at all
2001,R_1qQkGLIqvUpyAcF,b44,44,1,1029,necklace,1,Not at all
2002,R_1qQkGLIqvUpyAcF,b44,44,2,1039,Stringray,2,A little
2003,R_1qQkGLIqvUpyAcF,b45,45,1,1046,Circle,3,Moderately
2004,R_1qQkGLIqvUpyAcF,b50,50,1,1185,Key,1,Not at all
2005,R_1qQkGLIqvUpyAcF,b56,56,1,1305,eye,2,A little
2006,R_1qQkGLIqvUpyAcF,b56,56,2,1313,sign,1,Not at all
2007,R_1qQkGLIqvUpyAcF,b57,57,1,1318,concave quadrilateral,2,A little
2008,R_1qQkGLIqvUpyAcF,b60,60,1,1371,cube,2,A little
2009,R_1qQkGLIqvUpyAcF,b60,60,2,1375,hut,3,Moderately
2010,R_1riR4QVZVv2AA0x,b2,2,1,8,H,3,Moderately
2011,R_1riR4QVZVv2AA0x,b3,3,1,39,spade,1,Not at all
2012,R_1riR4QVZVv2AA0x,b5,5,1,71,dumbbell,2,A little
2013,R_1riR4QVZVv2AA0x,b5,5,2,80,tongs,2,A little
2014,R_1riR4QVZVv2AA0x,b11,11,1,173,goal post,3,Moderately
2015,R_1riR4QVZVv2AA0x,b13,13,1,207,c clamp,1,Not at all
2016,R_1riR4QVZVv2AA0x,b13,13,2,210,cup,5,Completely
2017,R_1riR4QVZVv2AA0x,b16,16,1,279,guitar pick,3,Moderately
2018,R_1riR4QVZVv2AA0x,b18,18,1,346,Pencil,3,Moderately
2019,R_1riR4QVZVv2AA0x,b19,19,1,358,cat,1,Not at all
2020,R_1riR4QVZVv2AA0x,b22,22,1,452,Boat,1,Not at all
2021,R_1riR4QVZVv2AA0x,b22,22,2,455,dart,3,Moderately
2022,R_1riR4QVZVv2AA0x,b23,23,1,493,microphone,3,Moderately
2023,R_1riR4QVZVv2AA0x,b24,24,1,529,Straight line,1,Not at all
2024,R_1riR4QVZVv2AA0x,b25,25,1,545,lamp,1,Not at all
2025,R_1riR4QVZVv2AA0x,b28,28,1,608,eyeglasses,4,A lot
2026,R_1riR4QVZVv2AA0x,b28,28,2,610,face,3,Moderately
2027,R_1riR4QVZVv2AA0x,b29,29,1,634,hospital sign,1,Not at all
2028,R_1riR4QVZVv2AA0x,b29,29,2,641,road,1,Not at all
2029,R_1riR4QVZVv2AA0x,b30,30,1,662,fish,2,A little
2030,R_1riR4QVZVv2AA0x,b33,33,1,751,Stick,1,Not at all
2031,R_1riR4QVZVv2AA0x,b37,37,1,824,animal,1,Not at all
2032,R_1riR4QVZVv2AA0x,b39,39,1,886,love knot,4,A lot
2033,R_1riR4QVZVv2AA0x,b40,40,1,905,flagpole,2,A little
2034,R_1riR4QVZVv2AA0x,b43,43,1,994,snake,2,A little
2035,R_1riR4QVZVv2AA0x,b47,47,1,1114,Kite,2,A little
2036,R_1riR4QVZVv2AA0x,b49,49,1,1165,heart,4,A lot
2037,R_1riR4QVZVv2AA0x,b51,51,1,1212,Square,3,Moderately
2038,R_1riR4QVZVv2AA0x,b54,54,1,1267,dumbbell,1,Not at all
2039,R_1riR4QVZVv2AA0x,b59,59,1,1363,rocket,2,A little
2040,R_1t4COF61bfmm1kL,b3,3,1,40,spectacles,2,A little
2041,R_1t4COF61bfmm1kL,b4,4,1,47,butterfly,1,Not at all
2042,R_1t4COF61bfmm1kL,b10,10,1,144,Broken ladder,1,Not at all
2043,R_1t4COF61bfmm1kL,b15,15,1,265,house,3,Moderately
2044,R_1t4COF61bfmm1kL,b15,15,2,266,hut,3,Moderately
2045,R_1t4COF61bfmm1kL,b18,18,1,348,revolver,1,Not at all
2046,R_1t4COF61bfmm1kL,b19,19,1,380,Steam,1,Not at all
2047,R_1t4COF61bfmm1kL,b20,20,1,394,eight,2,A little
2048,R_1t4COF61bfmm1kL,b20,20,2,404,keyhole,4,A lot
2049,R_1t4COF61bfmm1kL,b22,22,1,457,duck beak,1,Not at all
2050,R_1t4COF61bfmm1kL,b25,25,1,542,flagpole,2,A little
2051,R_1t4COF61bfmm1kL,b25,25,2,557,stick,1,Not at all
2052,R_1t4COF61bfmm1kL,b27,27,1,593,ladder,1,Not at all
2053,R_1t4COF61bfmm1kL,b31,31,1,680,arrow,3,Moderately
2054,R_1t4COF61bfmm1kL,b35,35,1,788,glasses,2,A little
2055,R_1t4COF61bfmm1kL,b35,35,2,791,nose/eyes,2,A little
2056,R_1t4COF61bfmm1kL,b36,36,1,810,rake,3,Moderately
2057,R_1t4COF61bfmm1kL,b39,39,1,893,stick figure,1,Not at all
2058,R_1t4COF61bfmm1kL,b40,40,1,906,goal post,1,Not at all
2059,R_1t4COF61bfmm1kL,b41,41,1,941,mug,4,A lot
2060,R_1t4COF61bfmm1kL,b44,44,1,1011,christmas ornament,2,A little
2061,R_1t4COF61bfmm1kL,b44,44,2,1024,ladybug,1,Not at all
2062,R_1t4COF61bfmm1kL,b44,44,3,1029,necklace,1,Not at all
2063,R_1t4COF61bfmm1kL,b45,45,1,1049,face,1,Not at all
2064,R_1t4COF61bfmm1kL,b47,47,1,1104,butterfly,1,Not at all
2065,R_1t4COF61bfmm1kL,b49,49,1,1157,beach,1,Not at all
2066,R_1t4COF61bfmm1kL,b50,50,1,1186,martini glass,1,Not at all
2067,R_1t4COF61bfmm1kL,b51,51,1,1213,television,4,A lot
2068,R_1t4COF61bfmm1kL,b55,55,1,1286,glass,3,Moderately
2069,R_1t4COF61bfmm1kL,b59,59,1,1360,hat,1,Not at all
2070,R_1v1BIEBQ2AgpwGG,b2,2,1,1385,sideways ladder,2,A little
2071,R_1v1BIEBQ2AgpwGG,b3,3,1,1397,cherries,1,Not at all
2072,R_1v1BIEBQ2AgpwGG,b4,4,1,1399,binoculars,2,A little
2073,R_1v1BIEBQ2AgpwGG,b8,8,1,1431,butterfly head,3,Moderately
2074,R_1v1BIEBQ2AgpwGG,b9,9,1,1438,inverted comb,1,Not at all
2075,R_1v1BIEBQ2AgpwGG,b10,10,1,1447,Fork and trident,5,Completely
2076,R_1v1BIEBQ2AgpwGG,b10,10,2,1895,inverted comb,2,A little
2077,R_1v1BIEBQ2AgpwGG,b12,12,1,1466,Dried,1,Not at all
2078,R_1v1BIEBQ2AgpwGG,b13,13,1,1472,mushroom cloud,1,Not at all
2079,R_1v1BIEBQ2AgpwGG,b16,16,1,1496,teardrop,1,Not at all
2080,R_1v1BIEBQ2AgpwGG,b16,16,2,1897,map pin,2,A little
2081,R_1v1BIEBQ2AgpwGG,b17,17,1,1502,bell,1,Not at all
2082,R_1v1BIEBQ2AgpwGG,b18,18,1,1514,Trumpet mouthpiece,1,Not at all
2083,R_1v1BIEBQ2AgpwGG,b20,20,1,1536,teapot lid,1,Not at all
2084,R_1v1BIEBQ2AgpwGG,b22,22,1,1560,arrow,1,Not at all
2085,R_1v1BIEBQ2AgpwGG,b25,25,1,1576,shelf bracket,2,A little
2086,R_1v1BIEBQ2AgpwGG,b26,26,1,1595,Flagpole arrow,5,Completely
2087,R_1v1BIEBQ2AgpwGG,b28,28,1,1614,bicycle handlebars,1,Not at all
2088,R_1v1BIEBQ2AgpwGG,b30,30,1,1639,clock,1,Not at all
2089,R_1v1BIEBQ2AgpwGG,b30,30,2,1643,HD icon,2,A little
2090,R_1v1BIEBQ2AgpwGG,b36,36,1,1685,utility pole,4,A lot
2091,R_1v1BIEBQ2AgpwGG,b38,38,1,1698,snowman face,1,Not at all
2092,R_1v1BIEBQ2AgpwGG,b39,39,1,1710,club,1,Not at all
2093,R_1v1BIEBQ2AgpwGG,b41,41,1,1729,flag,1,Not at all
2094,R_1v1BIEBQ2AgpwGG,b50,50,1,1798,inverted trident,1,Not at all
2095,R_1v1BIEBQ2AgpwGG,b51,51,1,1809,weighing balance,3,Moderately
2096,R_1v1BIEBQ2AgpwGG,b52,52,1,1818,flagpole sign,1,Not at all
2097,R_1v1BIEBQ2AgpwGG,b56,56,1,1864,Circled K,1,Not at all
2098,R_1v1BIEBQ2AgpwGG,b57,57,1,1874,letter Z,1,Not at all
2099,R_1v1BIEBQ2AgpwGG,b57,57,2,1876,two triangles,4,A lot
2100,R_1v2iuv9yRk6v9y9,b3,3,1,30,dumbbell,2,A little
2101,R_1v2iuv9yRk6v9y9,b4,4,1,56,music notes,2,A little
2102,R_1v2iuv9yRk6v9y9,b5,5,1,68,chair,1,Not at all
2103,R_1v2iuv9yRk6v9y9,b6,6,1,99,infinity sign,2,A little
2104,R_1v2iuv9yRk6v9y9,b8,8,1,130,hourglass,2,A little
2105,R_1v2iuv9yRk6v9y9,b10,10,1,146,cyrillic letter,2,A little
2106,R_1v2iuv9yRk6v9y9,b13,13,1,207,c clamp,1,Not at all
2107,R_1v2iuv9yRk6v9y9,b13,13,2,229,tear drop,1,Not at all
2108,R_1v2iuv9yRk6v9y9,b19,19,1,383,teapot,2,A little
2109,R_1v2iuv9yRk6v9y9,b20,20,1,402,Human Profile,2,A little
2110,R_1v2iuv9yRk6v9y9,b21,21,1,446,bowler hat,2,A little
2111,R_1v2iuv9yRk6v9y9,b22,22,1,463,horn,2,A little
2112,R_1v2iuv9yRk6v9y9,b25,25,1,539,chair,2,A little
2113,R_1v2iuv9yRk6v9y9,b30,30,1,663,fish bone,2,A little
2114,R_1v2iuv9yRk6v9y9,b31,31,1,694,stick person,3,Moderately
2115,R_1v2iuv9yRk6v9y9,b33,33,1,731,dustpan,1,Not at all
2116,R_1v2iuv9yRk6v9y9,b33,33,2,746,power button,3,Moderately
2117,R_1v2iuv9yRk6v9y9,b34,34,1,760,camcorder,2,A little
2118,R_1v2iuv9yRk6v9y9,b38,38,1,863,Mickey Mouse,1,Not at all
2119,R_1v2iuv9yRk6v9y9,b39,39,1,877,flower,1,Not at all
2120,R_1v2iuv9yRk6v9y9,b39,39,2,878,football player,1,Not at all
2121,R_1v2iuv9yRk6v9y9,b40,40,1,916,pitcher,2,A little
2122,R_1v2iuv9yRk6v9y9,b43,43,1,974,Balloon,2,A little
2123,R_1v2iuv9yRk6v9y9,b43,43,2,986,musical symbol,2,A little
2124,R_1v2iuv9yRk6v9y9,b49,49,1,1159,Bird Beak,1,Not at all
2125,R_1v2iuv9yRk6v9y9,b50,50,1,1194,tree,1,Not at all
2126,R_1v2iuv9yRk6v9y9,b51,51,1,1209,Robot,2,A little
2127,R_1v2iuv9yRk6v9y9,b52,52,1,1224,letter E,1,Not at all
2128,R_1v2iuv9yRk6v9y9,b54,54,1,1264,butterfly,1,Not at all
2129,R_1v2iuv9yRk6v9y9,b59,59,1,1351,arrow,2,A little
2130,R_1wWd6zSCqBfhJvj,b3,3,1,1393,two cherries,1,Not at all
2131,R_1wWd6zSCqBfhJvj,b5,5,1,1408,binoculars,2,A little
2132,R_1wWd6zSCqBfhJvj,b6,6,1,1418,fallen hourglass,2,A little
2133,R_1wWd6zSCqBfhJvj,b10,10,1,1441,A T with two small bars on the side,2,A little
2134,R_1wWd6zSCqBfhJvj,b10,10,2,1448,Hair comb,2,A little
2135,R_1wWd6zSCqBfhJvj,b13,13,1,1475,table lamp,3,Moderately
2136,R_1wWd6zSCqBfhJvj,b14,14,1,1481,Contained Ds,3,Moderately
2137,R_1wWd6zSCqBfhJvj,b16,16,1,1496,teardrop,1,Not at all
2138,R_1wWd6zSCqBfhJvj,b16,16,2,1497,ice-cream cone,5,Completely
2139,R_1wWd6zSCqBfhJvj,b18,18,1,1509,speech balloon,1,Not at all
2140,R_1wWd6zSCqBfhJvj,b18,18,2,1515,butterfly wings,1,Not at all
2141,R_1wWd6zSCqBfhJvj,b21,21,1,1553,2 circles,1,Not at all
2142,R_1wWd6zSCqBfhJvj,b25,25,1,1577,Boot heel,2,A little
2143,R_1wWd6zSCqBfhJvj,b25,25,2,1581,pipe wrench,1,Not at all
2144,R_1wWd6zSCqBfhJvj,b26,26,1,1588,Letter F,1,Not at all
2145,R_1wWd6zSCqBfhJvj,b29,29,1,1626,hand,1,Not at all
2146,R_1wWd6zSCqBfhJvj,b29,29,2,1905,mushroom,1,Not at all
2147,R_1wWd6zSCqBfhJvj,b30,30,1,1633,comb,1,Not at all
2148,R_1wWd6zSCqBfhJvj,b33,33,1,1662,bell clapper,3,Moderately
2149,R_1wWd6zSCqBfhJvj,b34,34,1,1674,eyeglasses,2,A little
2150,R_1wWd6zSCqBfhJvj,b36,36,1,1685,utility pole,1,Not at all
2151,R_1wWd6zSCqBfhJvj,b38,38,1,1695,owl face,2,A little
2152,R_1wWd6zSCqBfhJvj,b41,41,1,1728,Flag sign,1,Not at all
2153,R_1wWd6zSCqBfhJvj,b42,42,1,1732,tic-tac-toe board,2,A little
2154,R_1wWd6zSCqBfhJvj,b45,45,1,1761,padlock,1,Not at all
2155,R_1wWd6zSCqBfhJvj,b48,48,1,1783,table lamp,1,Not at all
2156,R_1wWd6zSCqBfhJvj,b52,52,1,1815,flagpole bracket,1,Not at all
2157,R_1wWd6zSCqBfhJvj,b57,57,1,1872,barn door,1,Not at all
2158,R_1wWd6zSCqBfhJvj,b59,59,1,1888,Arrowhead ladder,2,A little
2159,R_1wWd6zSCqBfhJvj,b60,60,1,1892,wireframe cube,1,Not at all
2160,R_1zrZGpupYQtYXYJ,b2,2,1,7,comb,1,Not at all
2161,R_1zrZGpupYQtYXYJ,b3,3,1,36,key,2,A little
2162,R_1zrZGpupYQtYXYJ,b5,5,1,68,chair,1,Not at all
2163,R_1zrZGpupYQtYXYJ,b7,7,1,116,tent,1,Not at all
2164,R_1zrZGpupYQtYXYJ,b11,11,1,181,trident,5,Completely
2165,R_1zrZGpupYQtYXYJ,b12,12,1,196,magnifying glass,1,Not at all
2166,R_1zrZGpupYQtYXYJ,b17,17,1,321,slingshot frame,3,Moderately
2167,R_1zrZGpupYQtYXYJ,b20,20,1,401,Hourglass,3,Moderately
2168,R_1zrZGpupYQtYXYJ,b22,22,1,462,heart,1,Not at all
2169,R_1zrZGpupYQtYXYJ,b23,23,1,487,flower,2,A little
2170,R_1zrZGpupYQtYXYJ,b24,24,1,506,chair,3,Moderately
2171,R_1zrZGpupYQtYXYJ,b24,24,2,511,flag,1,Not at all
2172,R_1zrZGpupYQtYXYJ,b24,24,3,524,plus sign,1,Not at all
2173,R_1zrZGpupYQtYXYJ,b29,29,1,631,Fish,3,Moderately
2174,R_1zrZGpupYQtYXYJ,b30,30,1,651,bed,1,Not at all
2175,R_1zrZGpupYQtYXYJ,b31,31,1,684,female symbol,1,Not at all
2176,R_1zrZGpupYQtYXYJ,b33,33,1,732,eye,1,Not at all
2177,R_1zrZGpupYQtYXYJ,b36,36,1,799,Bird feet,4,A lot
2178,R_1zrZGpupYQtYXYJ,b36,36,2,805,Inverted peace symbol,1,Not at all
2179,R_1zrZGpupYQtYXYJ,b36,36,3,814,spearhead,1,Not at all
2180,R_1zrZGpupYQtYXYJ,b37,37,1,829,butterfly,1,Not at all
2181,R_1zrZGpupYQtYXYJ,b40,40,1,905,flagpole,1,Not at all
2182,R_1zrZGpupYQtYXYJ,b41,41,1,937,letter R,1,Not at all
2183,R_1zrZGpupYQtYXYJ,b42,42,1,963,Lined square,5,Completely
2184,R_1zrZGpupYQtYXYJ,b46,46,1,1083,medal,4,A lot
2185,R_1zrZGpupYQtYXYJ,b47,47,1,1103,bridge,1,Not at all
2186,R_1zrZGpupYQtYXYJ,b47,47,2,1121,scissors,1,Not at all
2187,R_1zrZGpupYQtYXYJ,b48,48,1,1151,tee,1,Not at all
2188,R_1zrZGpupYQtYXYJ,b53,53,1,1250,microscope,1,Not at all
2189,R_1zrZGpupYQtYXYJ,b59,59,1,1353,beach umbrella,3,Moderately
2190,R_30ZpxoIvoY9hqgS,b3,3,1,18,ballet shoes,1,Not at all
2191,R_30ZpxoIvoY9hqgS,b3,3,2,34,glasses,2,A little
2192,R_30ZpxoIvoY9hqgS,b5,5,1,74,joined letters,5,Completely
2193,R_30ZpxoIvoY9hqgS,b5,5,2,82,two lungs,1,Not at all
2194,R_30ZpxoIvoY9hqgS,b7,7,1,110,rocket exhaust,1,Not at all
2195,R_30ZpxoIvoY9hqgS,b10,10,1,155,pitchfork,5,Completely
2196,R_30ZpxoIvoY9hqgS,b10,10,2,157,Sideways E,2,A little
2197,R_30ZpxoIvoY9hqgS,b11,11,1,174,harmer,1,Not at all
2198,R_30ZpxoIvoY9hqgS,b12,12,1,195,lamp,2,A little
2199,R_30ZpxoIvoY9hqgS,b13,13,1,231,umbrella,1,Not at all
2200,R_30ZpxoIvoY9hqgS,b17,17,1,301,chalice,1,Not at all
2201,R_30ZpxoIvoY9hqgS,b18,18,1,344,music symbol,2,A little
2202,R_30ZpxoIvoY9hqgS,b21,21,1,424,circles,1,Not at all
2203,R_30ZpxoIvoY9hqgS,b22,22,1,472,play button,2,A little
2204,R_30ZpxoIvoY9hqgS,b22,22,2,475,rewind button,1,Not at all
2205,R_30ZpxoIvoY9hqgS,b22,22,3,479,triangle circle,5,Completely
2206,R_30ZpxoIvoY9hqgS,b28,28,1,619,sunglasses,4,A lot
2207,R_30ZpxoIvoY9hqgS,b32,32,1,721,teeball,1,Not at all
2208,R_30ZpxoIvoY9hqgS,b33,33,1,739,magnifying glass,1,Not at all
2209,R_30ZpxoIvoY9hqgS,b36,36,1,801,crane,1,Not at all
2210,R_30ZpxoIvoY9hqgS,b40,40,1,895,bar clamp,1,Not at all
2211,R_30ZpxoIvoY9hqgS,b41,41,1,947,Point,1,Not at all
2212,R_30ZpxoIvoY9hqgS,b43,43,1,985,lollipop,1,Not at all
2213,R_30ZpxoIvoY9hqgS,b46,46,1,1093,spade,1,Not at all
2214,R_30ZpxoIvoY9hqgS,b47,47,1,1107,computer mouse,5,Completely
2215,R_30ZpxoIvoY9hqgS,b48,48,1,1154,uppercase pi,1,Not at all
2216,R_30ZpxoIvoY9hqgS,b55,55,1,1293,Tulip,2,A little
2217,R_30ZpxoIvoY9hqgS,b56,56,1,1299,beats symbol,1,Not at all
2218,R_30ZpxoIvoY9hqgS,b56,56,2,1311,power button,1,Not at all
2219,R_30ZpxoIvoY9hqgS,b58,58,1,1342,hanging scale,2,A little
2220,R_30jfXUA4zhzUxs1,b3,3,1,38,pulley,2,A little
2221,R_30jfXUA4zhzUxs1,b10,10,1,148,Forklift Icon,1,Not at all
2222,R_30jfXUA4zhzUxs1,b10,10,2,149,Greek Pi,3,Moderately
2223,R_30jfXUA4zhzUxs1,b11,11,1,167,Candelabra,4,A lot
2224,R_30jfXUA4zhzUxs1,b11,11,2,168,comb,2,A little
2225,R_30jfXUA4zhzUxs1,b12,12,1,190,desk,1,Not at all
2226,R_30jfXUA4zhzUxs1,b16,16,1,293,Triangular diamond,3,Moderately
2227,R_30jfXUA4zhzUxs1,b17,17,1,316,necklace,2,A little
2228,R_30jfXUA4zhzUxs1,b18,18,1,338,icecream cone,4,A lot
2229,R_30jfXUA4zhzUxs1,b18,18,2,339,Incomplete heart,2,A little
2230,R_30jfXUA4zhzUxs1,b18,18,3,341,magnifying glass,1,Not at all
2231,R_30jfXUA4zhzUxs1,b19,19,1,360,circle,1,Not at all
2232,R_30jfXUA4zhzUxs1,b19,19,2,369,key,1,Not at all
2233,R_30jfXUA4zhzUxs1,b19,19,3,377,Sd,3,Moderately
2234,R_30jfXUA4zhzUxs1,b19,19,4,381,tape dispenser,2,A little
2235,R_30jfXUA4zhzUxs1,b24,24,1,512,goal post,2,A little
2236,R_30jfXUA4zhzUxs1,b27,27,1,599,rectangle,4,A lot
2237,R_30jfXUA4zhzUxs1,b29,29,1,639,potted plant,3,Moderately
2238,R_30jfXUA4zhzUxs1,b30,30,1,649,barrier gate,2,A little
2239,R_30jfXUA4zhzUxs1,b31,31,1,683,Circle,2,A little
2240,R_30jfXUA4zhzUxs1,b32,32,1,712,lamp,2,A little
2241,R_30jfXUA4zhzUxs1,b36,36,1,806,letter M,1,Not at all
2242,R_30jfXUA4zhzUxs1,b37,37,1,847,person,1,Not at all
2243,R_30jfXUA4zhzUxs1,b40,40,1,903,dog,2,A little
2244,R_30jfXUA4zhzUxs1,b42,42,1,964,pound sign,1,Not at all
2245,R_30jfXUA4zhzUxs1,b48,48,1,1154,uppercase pi,1,Not at all
2246,R_30jfXUA4zhzUxs1,b49,49,1,1155,Antennae,1,Not at all
2247,R_30jfXUA4zhzUxs1,b53,53,1,1240,aircraft,1,Not at all
2248,R_30jfXUA4zhzUxs1,b54,54,1,1264,butterfly,1,Not at all
2249,R_30jfXUA4zhzUxs1,b57,57,1,1332,tape dispenser,1,Not at all
2250,R_31jNX3WvRXI2vkJ,b4,4,1,1398,Figure eight,1,Not at all
2251,R_31jNX3WvRXI2vkJ,b8,8,1,1430,human figure,1,Not at all
2252,R_31jNX3WvRXI2vkJ,b11,11,1,1452,dinner fork,2,A little
2253,R_31jNX3WvRXI2vkJ,b12,12,1,1467,D on stilts,1,Not at all
2254,R_31jNX3WvRXI2vkJ,b13,13,1,1471,mushroom cap,1,Not at all
2255,R_31jNX3WvRXI2vkJ,b13,13,2,1473,arched window,1,Not at all
2256,R_31jNX3WvRXI2vkJ,b16,16,1,1897,map pin,1,Not at all
2257,R_31jNX3WvRXI2vkJ,b18,18,1,1509,speech balloon,1,Not at all
2258,R_31jNX3WvRXI2vkJ,b18,18,2,1900,wine glass,1,Not at all
2259,R_31jNX3WvRXI2vkJ,b21,21,1,1544,american football,1,Not at all
2260,R_31jNX3WvRXI2vkJ,b22,22,1,1558,PacMan,1,Not at all
2261,R_31jNX3WvRXI2vkJ,b23,23,1,1565,standing microphone,2,A little
2262,R_31jNX3WvRXI2vkJ,b23,23,2,1567,head on shoulders,1,Not at all
2263,R_31jNX3WvRXI2vkJ,b24,24,1,1573,block H,2,A little
2264,R_31jNX3WvRXI2vkJ,b25,25,1,1583,Flagpole signpost,2,A little
2265,R_31jNX3WvRXI2vkJ,b26,26,1,1586,signpost,1,Not at all
2266,R_31jNX3WvRXI2vkJ,b26,26,2,1588,Letter F,1,Not at all
2267,R_31jNX3WvRXI2vkJ,b26,26,3,1590,Capital K,1,Not at all
2268,R_31jNX3WvRXI2vkJ,b30,30,1,1634,grand piano,1,Not at all
2269,R_31jNX3WvRXI2vkJ,b42,42,1,1736,Lined square,2,A little
2270,R_31jNX3WvRXI2vkJ,b43,43,1,1742,Apple stem,1,Not at all
2271,R_31jNX3WvRXI2vkJ,b45,45,1,1758,hanging target,1,Not at all
2272,R_31jNX3WvRXI2vkJ,b48,48,1,1780,T-junction,5,Completely
2273,R_31jNX3WvRXI2vkJ,b54,54,1,1831,skeleton key,3,Moderately
2274,R_31jNX3WvRXI2vkJ,b55,55,1,1843,pushpin,2,A little
2275,R_31jNX3WvRXI2vkJ,b55,55,2,1913,Planted sword,1,Not at all
2276,R_31jNX3WvRXI2vkJ,b56,56,1,1855,tobacco pipe,1,Not at all
2277,R_31jNX3WvRXI2vkJ,b56,56,2,1859,kite emblem,1,Not at all
2278,R_31jNX3WvRXI2vkJ,b56,56,3,1861,balloon string,1,Not at all
2279,R_31jNX3WvRXI2vkJ,b56,56,4,1867,Half 'k' in circle,2,A little
2280,R_324nWoeD0puoizY,b2,2,1,8,H,1,Not at all
2281,R_324nWoeD0puoizY,b2,2,2,13,stairs,3,Moderately
2282,R_324nWoeD0puoizY,b6,6,1,104,snail,1,Not at all
2283,R_324nWoeD0puoizY,b6,6,2,105,snowman,1,Not at all
2284,R_324nWoeD0puoizY,b13,13,1,212,dustpan,1,Not at all
2285,R_324nWoeD0puoizY,b13,13,2,228,stapler,1,Not at all
2286,R_324nWoeD0puoizY,b14,14,1,246,half circle,1,Not at all
2287,R_324nWoeD0puoizY,b14,14,2,255,semi-circle,1,Not at all
2288,R_324nWoeD0puoizY,b16,16,1,292,Trapezoid,1,Not at all
2289,R_324nWoeD0puoizY,b17,17,1,304,flower,1,Not at all
2290,R_324nWoeD0puoizY,b20,20,1,396,glasses,1,Not at all
2291,R_324nWoeD0puoizY,b33,33,1,742,pan cover,1,Not at all
2292,R_324nWoeD0puoizY,b38,38,1,861,ice cream,2,A little
2293,R_324nWoeD0puoizY,b44,44,1,1016,fan,1,Not at all
2294,R_324nWoeD0puoizY,b44,44,2,1020,hot soup,1,Not at all
2295,R_324nWoeD0puoizY,b44,44,3,1028,musical note,1,Not at all
2296,R_324nWoeD0puoizY,b44,44,4,1033,pumpkin,1,Not at all
2297,R_324nWoeD0puoizY,b46,46,1,1095,treble clef,1,Not at all
2298,R_324nWoeD0puoizY,b49,49,1,1160,bird head,1,Not at all
2299,R_324nWoeD0puoizY,b50,50,1,1188,person,2,A little
2300,R_324nWoeD0puoizY,b51,51,1,1215,TV,2,A little
2301,R_324nWoeD0puoizY,b51,51,2,1218,wheelbarrow,1,Not at all
2302,R_324nWoeD0puoizY,b52,52,1,1235,step stool,1,Not at all
2303,R_324nWoeD0puoizY,b53,53,1,1245,flag bracket,1,Not at all
2304,R_324nWoeD0puoizY,b53,53,2,1248,keyhole,1,Not at all
2305,R_324nWoeD0puoizY,b53,53,3,1254,sailboat,5,Completely
2306,R_324nWoeD0puoizY,b54,54,1,1267,dumbbell,1,Not at all
2307,R_324nWoeD0puoizY,b56,56,1,1307,Large circle,2,A little
2308,R_324nWoeD0puoizY,b57,57,1,1323,hourglass,4,A lot
2309,R_324nWoeD0puoizY,b57,57,2,1330,stacked triangles,5,Completely
2310,R_33XVjimWtTHBJsJ,b1,1,1,1,door knob,1,Not at all
2311,R_33XVjimWtTHBJsJ,b2,2,1,9,hash,1,Not at all
2312,R_33XVjimWtTHBJsJ,b6,6,1,98,house,1,Not at all
2313,R_33XVjimWtTHBJsJ,b7,7,1,119,umbrella,2,A little
2314,R_33XVjimWtTHBJsJ,b13,13,1,213,goblet,5,Completely
2315,R_33XVjimWtTHBJsJ,b17,17,1,322,snowcone,5,Completely
2316,R_33XVjimWtTHBJsJ,b18,18,1,340,keyhole,2,A little
2317,R_33XVjimWtTHBJsJ,b19,19,1,386,wang jangle,1,Not at all
2318,R_33XVjimWtTHBJsJ,b20,20,1,419,woman,1,Not at all
2319,R_33XVjimWtTHBJsJ,b27,27,1,600,Ruler,2,A little
2320,R_33XVjimWtTHBJsJ,b30,30,1,657,c-clamp,2,A little
2321,R_33XVjimWtTHBJsJ,b30,30,2,673,shovel,2,A little
2322,R_33XVjimWtTHBJsJ,b30,30,3,674,train,1,Not at all
2323,R_33XVjimWtTHBJsJ,b31,31,1,690,Rocket ship,1,Not at all
2324,R_33XVjimWtTHBJsJ,b31,31,2,693,stick figure,1,Not at all
2325,R_33XVjimWtTHBJsJ,b32,32,1,714,martini glass,5,Completely
2326,R_33XVjimWtTHBJsJ,b32,32,2,723,umbrella,1,Not at all
2327,R_33XVjimWtTHBJsJ,b33,33,1,731,dustpan,3,Moderately
2328,R_33XVjimWtTHBJsJ,b35,35,1,792,owl face,1,Not at all
2329,R_33XVjimWtTHBJsJ,b38,38,1,862,ice cream cone,4,A lot
2330,R_33XVjimWtTHBJsJ,b40,40,1,907,House,1,Not at all
2331,R_33XVjimWtTHBJsJ,b40,40,2,910,letter B,1,Not at all
2332,R_33XVjimWtTHBJsJ,b40,40,3,916,pitcher,5,Completely
2333,R_33XVjimWtTHBJsJ,b41,41,1,940,Mailbox,2,A little
2334,R_33XVjimWtTHBJsJ,b43,43,1,1002,unicycle,1,Not at all
2335,R_33XVjimWtTHBJsJ,b48,48,1,1146,plus sign,1,Not at all
2336,R_33XVjimWtTHBJsJ,b48,48,2,1149,T-square,5,Completely
2337,R_33XVjimWtTHBJsJ,b50,50,1,1183,hourglass,1,Not at all
2338,R_33XVjimWtTHBJsJ,b53,53,1,1244,desk lamp,1,Not at all
2339,R_33XVjimWtTHBJsJ,b53,53,2,1253,pitching wedge,1,Not at all
2340,R_33f3wMX5Z0oyHUB,b1,1,1,1382,ladder rungs,5,Completely
2341,R_33f3wMX5Z0oyHUB,b3,3,1,1392,Bunny ears,1,Not at all
2342,R_33f3wMX5Z0oyHUB,b3,3,2,1395,playing spade,1,Not at all
2343,R_33f3wMX5Z0oyHUB,b4,4,1,1399,binoculars,1,Not at all
2344,R_33f3wMX5Z0oyHUB,b8,8,1,1428,cheerleader,1,Not at all
2345,R_33f3wMX5Z0oyHUB,b9,9,1,1435,cactus,1,Not at all
2346,R_33f3wMX5Z0oyHUB,b10,10,1,1441,A T with two small bars on the side,4,A lot
2347,R_33f3wMX5Z0oyHUB,b15,15,1,1485,dog house,4,A lot
2348,R_33f3wMX5Z0oyHUB,b15,15,2,1490,Honeycomb cell,1,Not at all
2349,R_33f3wMX5Z0oyHUB,b16,16,1,1493,funnel,1,Not at all
2350,R_33f3wMX5Z0oyHUB,b20,20,1,1540,toilet,3,Moderately
2351,R_33f3wMX5Z0oyHUB,b24,24,1,1575,Pistol,1,Not at all
2352,R_33f3wMX5Z0oyHUB,b26,26,1,1587,stick figure,1,Not at all
2353,R_33f3wMX5Z0oyHUB,b27,27,1,1602,battery symbol,2,A little
2354,R_33f3wMX5Z0oyHUB,b29,29,1,1621,C note,1,Not at all
2355,R_33f3wMX5Z0oyHUB,b30,30,1,1632,Bridge support,1,Not at all
2356,R_33f3wMX5Z0oyHUB,b33,33,1,1657,hammer,1,Not at all
2357,R_33f3wMX5Z0oyHUB,b33,33,2,1658,horseshoe magnet,1,Not at all
2358,R_33f3wMX5Z0oyHUB,b37,37,1,1690,snowman,1,Not at all
2359,R_33f3wMX5Z0oyHUB,b38,38,1,1701,triple scoop ice cream cone,4,A lot
2360,R_33f3wMX5Z0oyHUB,b42,42,1,1733,hash symbol,1,Not at all
2361,R_33f3wMX5Z0oyHUB,b45,45,1,1754,target,1,Not at all
2362,R_33f3wMX5Z0oyHUB,b46,46,1,1770,Figure eight,1,Not at all
2363,R_33f3wMX5Z0oyHUB,b46,46,2,1771,Handlebar mustache,1,Not at all
2364,R_33f3wMX5Z0oyHUB,b50,50,1,1802,slingshot upside down,1,Not at all
2365,R_33f3wMX5Z0oyHUB,b54,54,1,1838,fishing hook,1,Not at all
2366,R_33f3wMX5Z0oyHUB,b56,56,1,1868,circle with a V towards the top,5,Completely
2367,R_33f3wMX5Z0oyHUB,b57,57,1,1871,capital z,1,Not at all
2368,R_33f3wMX5Z0oyHUB,b59,59,1,1881,triangular signpost,2,A little
2369,R_33f3wMX5Z0oyHUB,b59,59,2,1889,Bridge arch,1,Not at all
2370,R_33vQ3CJUNllr3sm,b6,6,1,88,bed,1,Not at all
2371,R_33vQ3CJUNllr3sm,b6,6,2,94,goal post,2,A little
2372,R_33vQ3CJUNllr3sm,b9,9,1,139,coat rack,2,A little
2373,R_33vQ3CJUNllr3sm,b9,9,2,140,candlestick,1,Not at all
2374,R_33vQ3CJUNllr3sm,b18,18,1,355,water glass,1,Not at all
2375,R_33vQ3CJUNllr3sm,b20,20,1,406,magnifying glass,1,Not at all
2376,R_33vQ3CJUNllr3sm,b21,21,1,422,Bulb,1,Not at all
2377,R_33vQ3CJUNllr3sm,b23,23,1,499,superman logo,1,Not at all
2378,R_33vQ3CJUNllr3sm,b23,23,2,502,Yinyang Medallion,2,A little
2379,R_33vQ3CJUNllr3sm,b24,24,1,519,letter N,1,Not at all
2380,R_33vQ3CJUNllr3sm,b24,24,2,530,Thread holder,1,Not at all
2381,R_33vQ3CJUNllr3sm,b24,24,3,533,windmill,1,Not at all
2382,R_33vQ3CJUNllr3sm,b26,26,1,566,check mark,1,Not at all
2383,R_33vQ3CJUNllr3sm,b36,36,1,815,Teepee,4,A lot
2384,R_33vQ3CJUNllr3sm,b37,37,1,852,weightlifter,2,A little
2385,R_33vQ3CJUNllr3sm,b39,39,1,886,love knot,1,Not at all
2386,R_33vQ3CJUNllr3sm,b40,40,1,915,PC,1,Not at all
2387,R_33vQ3CJUNllr3sm,b42,42,1,960,hash sign,1,Not at all
2388,R_33vQ3CJUNllr3sm,b43,43,1,982,Hook,1,Not at all
2389,R_33vQ3CJUNllr3sm,b44,44,1,1016,fan,1,Not at all
2390,R_33vQ3CJUNllr3sm,b44,44,2,1026,lollipop,1,Not at all
2391,R_33vQ3CJUNllr3sm,b45,45,1,1050,fishing pole,1,Not at all
2392,R_33vQ3CJUNllr3sm,b46,46,1,1088,number 8,1,Not at all
2393,R_33vQ3CJUNllr3sm,b51,51,1,1202,key,1,Not at all
2394,R_33vQ3CJUNllr3sm,b52,52,1,1223,forklift,2,A little
2395,R_33vQ3CJUNllr3sm,b52,52,2,1233,Square rotated,1,Not at all
2396,R_33vQ3CJUNllr3sm,b53,53,1,1247,Key,1,Not at all
2397,R_33vQ3CJUNllr3sm,b57,57,1,1317,bow tie,3,Moderately
2398,R_33vQ3CJUNllr3sm,b59,59,1,1359,gymnastics apparatus,1,Not at all
2399,R_33vQ3CJUNllr3sm,b60,60,1,1373,envelope,2,A little
2400,R_3405GIsbJ5AcKbL,b5,5,1,72,glasses,4,A lot
2401,R_3405GIsbJ5AcKbL,b11,11,1,170,dining chair,1,Not at all
2402,R_3405GIsbJ5AcKbL,b12,12,1,202,skeleton key,1,Not at all
2403,R_3405GIsbJ5AcKbL,b15,15,1,272,square,1,Not at all
2404,R_3405GIsbJ5AcKbL,b18,18,1,337,ice cream,5,Completely
2405,R_3405GIsbJ5AcKbL,b18,18,2,350,shield,1,Not at all
2406,R_3405GIsbJ5AcKbL,b20,20,1,416,Sunrise,1,Not at all
2407,R_3405GIsbJ5AcKbL,b24,24,1,522,Pie symbol,1,Not at all
2408,R_3405GIsbJ5AcKbL,b24,24,2,529,Straight line,1,Not at all
2409,R_3405GIsbJ5AcKbL,b30,30,1,660,door key,2,A little
2410,R_3405GIsbJ5AcKbL,b30,30,2,662,fish,3,Moderately
2411,R_3405GIsbJ5AcKbL,b30,30,3,664,fish skeleton,5,Completely
2412,R_3405GIsbJ5AcKbL,b30,30,4,672,prison bars,1,Not at all
2413,R_3405GIsbJ5AcKbL,b34,34,1,756,bird,1,Not at all
2414,R_3405GIsbJ5AcKbL,b35,35,1,790,heart,1,Not at all
2415,R_3405GIsbJ5AcKbL,b37,37,1,838,flower,4,A lot
2416,R_3405GIsbJ5AcKbL,b37,37,2,852,weightlifter,1,Not at all
2417,R_3405GIsbJ5AcKbL,b39,39,1,887,owl,1,Not at all
2418,R_3405GIsbJ5AcKbL,b40,40,1,905,flagpole,1,Not at all
2419,R_3405GIsbJ5AcKbL,b40,40,2,917,point right,1,Not at all
2420,R_3405GIsbJ5AcKbL,b41,41,1,947,Point,1,Not at all
2421,R_3405GIsbJ5AcKbL,b44,44,1,1028,musical note,1,Not at all
2422,R_3405GIsbJ5AcKbL,b46,46,1,1072,eight,1,Not at all
2423,R_3405GIsbJ5AcKbL,b48,48,1,1141,letter T,5,Completely
2424,R_3405GIsbJ5AcKbL,b48,48,2,1142,letter x,1,Not at all
2425,R_3405GIsbJ5AcKbL,b52,52,1,1222,flagpole,1,Not at all
2426,R_3405GIsbJ5AcKbL,b54,54,1,1269,gas pump,1,Not at all
2427,R_3405GIsbJ5AcKbL,b54,54,2,1275,music note,5,Completely
2428,R_3405GIsbJ5AcKbL,b57,57,1,1331,table,1,Not at all
2429,R_3405GIsbJ5AcKbL,b60,60,1,1378,television,1,Not at all
2430,R_34b1P5rtziqnk5z,b2,2,1,12,sideways H,1,Not at all
2431,R_34b1P5rtziqnk5z,b3,3,1,23,broom,1,Not at all
2432,R_34b1P5rtziqnk5z,b5,5,1,83,vase,1,Not at all
2433,R_34b1P5rtziqnk5z,b7,7,1,116,tent,1,Not at all
2434,R_34b1P5rtziqnk5z,b11,11,1,164,brush,2,A little
2435,R_34b1P5rtziqnk5z,b13,13,1,214,Half circle,1,Not at all
2436,R_34b1P5rtziqnk5z,b14,14,1,242,elephant head,2,A little
2437,R_34b1P5rtziqnk5z,b14,14,2,257,tent,1,Not at all
2438,R_34b1P5rtziqnk5z,b15,15,1,266,hut,3,Moderately
2439,R_34b1P5rtziqnk5z,b16,16,1,276,diamond,1,Not at all
2440,R_34b1P5rtziqnk5z,b17,17,1,311,hot air balloon,2,A little
2441,R_34b1P5rtziqnk5z,b22,22,1,477,speech bubble,2,A little
2442,R_34b1P5rtziqnk5z,b23,23,1,498,streetlamp,3,Moderately
2443,R_34b1P5rtziqnk5z,b26,26,1,564,baseball pendant,3,Moderately
2444,R_34b1P5rtziqnk5z,b30,30,1,656,bridge,1,Not at all
2445,R_34b1P5rtziqnk5z,b36,36,1,810,rake,2,A little
2446,R_34b1P5rtziqnk5z,b36,36,2,817,tree diagram,3,Moderately
2447,R_34b1P5rtziqnk5z,b37,37,1,823,angel,1,Not at all
2448,R_34b1P5rtziqnk5z,b40,40,1,904,ear,2,A little
2449,R_34b1P5rtziqnk5z,b40,40,2,912,Lighter,2,A little
2450,R_34b1P5rtziqnk5z,b41,41,1,931,door,1,Not at all
2451,R_34b1P5rtziqnk5z,b41,41,2,935,heart,1,Not at all
2452,R_34b1P5rtziqnk5z,b44,44,1,1020,hot soup,3,Moderately
2453,R_34b1P5rtziqnk5z,b47,47,1,1111,dollar sign,1,Not at all
2454,R_34b1P5rtziqnk5z,b48,48,1,1138,knife,1,Not at all
2455,R_34b1P5rtziqnk5z,b49,49,1,1162,butterfly,1,Not at all
2456,R_34b1P5rtziqnk5z,b52,52,1,1224,letter E,1,Not at all
2457,R_34b1P5rtziqnk5z,b55,55,1,1283,Cat snout,3,Moderately
2458,R_34b1P5rtziqnk5z,b55,55,2,1293,Tulip,2,A little
2459,R_34b1P5rtziqnk5z,b59,59,1,1362,rhombus,1,Not at all
2460,R_34zLtPtdNGVLHsf,b8,8,1,121,abstract glyph,1,Not at all
2461,R_34zLtPtdNGVLHsf,b9,9,1,134,butterfly,4,A lot
2462,R_34zLtPtdNGVLHsf,b10,10,1,149,Greek Pi,3,Moderately
2463,R_34zLtPtdNGVLHsf,b16,16,1,275,cube,1,Not at all
2464,R_34zLtPtdNGVLHsf,b18,18,1,340,keyhole,2,A little
2465,R_34zLtPtdNGVLHsf,b20,20,1,392,Bun,1,Not at all
2466,R_34zLtPtdNGVLHsf,b20,20,2,400,hot air balloon,1,Not at all
2467,R_34zLtPtdNGVLHsf,b20,20,3,403,ice cream,1,Not at all
2468,R_34zLtPtdNGVLHsf,b20,20,4,417,Trophy,1,Not at all
2469,R_34zLtPtdNGVLHsf,b22,22,1,454,cone,2,A little
2470,R_34zLtPtdNGVLHsf,b24,24,1,532,tuning fork,1,Not at all
2471,R_34zLtPtdNGVLHsf,b26,26,1,573,pickaxe,2,A little
2472,R_34zLtPtdNGVLHsf,b28,28,1,613,hydrogen peroxide,1,Not at all
2473,R_34zLtPtdNGVLHsf,b28,28,2,616,owl,2,A little
2474,R_34zLtPtdNGVLHsf,b39,39,1,870,balloons,3,Moderately
2475,R_34zLtPtdNGVLHsf,b39,39,2,873,bucket,1,Not at all
2476,R_34zLtPtdNGVLHsf,b40,40,1,903,dog,2,A little
2477,R_34zLtPtdNGVLHsf,b40,40,2,907,House,1,Not at all
2478,R_34zLtPtdNGVLHsf,b40,40,3,910,letter B,1,Not at all
2479,R_34zLtPtdNGVLHsf,b41,41,1,952,square bulge,2,A little
2480,R_34zLtPtdNGVLHsf,b42,42,1,963,Lined square,3,Moderately
2481,R_34zLtPtdNGVLHsf,b42,42,2,971,vertical rectangles,1,Not at all
2482,R_34zLtPtdNGVLHsf,b46,46,1,1077,heart,1,Not at all
2483,R_34zLtPtdNGVLHsf,b46,46,2,1092,snowman,1,Not at all
2484,R_34zLtPtdNGVLHsf,b47,47,1,1120,pulley,2,A little
2485,R_34zLtPtdNGVLHsf,b52,52,1,1231,plus sign,1,Not at all
2486,R_34zLtPtdNGVLHsf,b52,52,2,1233,Square rotated,1,Not at all
2487,R_34zLtPtdNGVLHsf,b53,53,1,1241,arrow,1,Not at all
2488,R_34zLtPtdNGVLHsf,b58,58,1,1339,anchor,2,A little
2489,R_34zLtPtdNGVLHsf,b60,60,1,1374,house,4,A lot
2490,R_370Yy8mYGUdilcD,b6,6,1,103,shades,1,Not at all
2491,R_370Yy8mYGUdilcD,b8,8,1,121,abstract glyph,1,Not at all
2492,R_370Yy8mYGUdilcD,b9,9,1,139,coat rack,2,A little
2493,R_370Yy8mYGUdilcD,b10,10,1,149,Greek Pi,2,A little
2494,R_370Yy8mYGUdilcD,b12,12,1,194,House,1,Not at all
2495,R_370Yy8mYGUdilcD,b18,18,1,330,drop hook,2,A little
2496,R_370Yy8mYGUdilcD,b21,21,1,432,person's torso,4,A lot
2497,R_370Yy8mYGUdilcD,b24,24,1,503,anchor,1,Not at all
2498,R_370Yy8mYGUdilcD,b24,24,2,520,lowercase h,4,A lot
2499,R_370Yy8mYGUdilcD,b24,24,3,531,trident,1,Not at all
2500,R_370Yy8mYGUdilcD,b26,26,1,571,letter P,3,Moderately
2501,R_370Yy8mYGUdilcD,b27,27,1,589,fork,1,Not at all
2502,R_370Yy8mYGUdilcD,b27,27,2,598,rail tracks,1,Not at all
2503,R_370Yy8mYGUdilcD,b27,27,3,599,rectangle,5,Completely
2504,R_370Yy8mYGUdilcD,b30,30,1,657,c-clamp,1,Not at all
2505,R_370Yy8mYGUdilcD,b36,36,1,798,arrow,2,A little
2506,R_370Yy8mYGUdilcD,b38,38,1,866,smiley face,1,Not at all
2507,R_370Yy8mYGUdilcD,b39,39,1,869,abstract person,3,Moderately
2508,R_370Yy8mYGUdilcD,b39,39,2,892,snowman,2,A little
2509,R_370Yy8mYGUdilcD,b40,40,1,907,House,1,Not at all
2510,R_370Yy8mYGUdilcD,b40,40,2,922,traffic light,2,A little
2511,R_370Yy8mYGUdilcD,b42,42,1,971,vertical rectangles,1,Not at all
2512,R_370Yy8mYGUdilcD,b44,44,1,1014,dollar sign,1,Not at all
2513,R_370Yy8mYGUdilcD,b46,46,1,1066,butterfly,1,Not at all
2514,R_370Yy8mYGUdilcD,b47,47,1,1103,bridge,1,Not at all
2515,R_370Yy8mYGUdilcD,b48,48,1,1139,lamp,1,Not at all
2516,R_370Yy8mYGUdilcD,b53,53,1,1247,Key,1,Not at all
2517,R_370Yy8mYGUdilcD,b58,58,1,1345,musical clef,1,Not at all
2518,R_370Yy8mYGUdilcD,b59,59,1,1353,beach umbrella,3,Moderately
2519,R_370Yy8mYGUdilcD,b59,59,2,1365,ship sail,2,A little
2520,R_37K9t2hoLvlzwH8,b3,3,1,35,hook,1,Not at all
2521,R_37K9t2hoLvlzwH8,b4,4,1,52,goal posts,1,Not at all
2522,R_37K9t2hoLvlzwH8,b5,5,1,70,db,2,A little
2523,R_37K9t2hoLvlzwH8,b5,5,2,71,dumbbell,1,Not at all
2524,R_37K9t2hoLvlzwH8,b6,6,1,88,bed,1,Not at all
2525,R_37K9t2hoLvlzwH8,b6,6,2,106,spetacle,3,Moderately
2526,R_37K9t2hoLvlzwH8,b7,7,1,111,skewered chevron,3,Moderately
2527,R_37K9t2hoLvlzwH8,b7,7,2,120,wine glass,1,Not at all
2528,R_37K9t2hoLvlzwH8,b8,8,1,130,hourglass,1,Not at all
2529,R_37K9t2hoLvlzwH8,b18,18,1,336,heart,1,Not at all
2530,R_37K9t2hoLvlzwH8,b21,21,1,428,head and shoulders,4,A lot
2531,R_37K9t2hoLvlzwH8,b22,22,1,471,ping pong,1,Not at all
2532,R_37K9t2hoLvlzwH8,b22,22,2,475,rewind button,1,Not at all
2533,R_37K9t2hoLvlzwH8,b25,25,1,554,open box,1,Not at all
2534,R_37K9t2hoLvlzwH8,b26,26,1,565,carat stem,1,Not at all
2535,R_37K9t2hoLvlzwH8,b29,29,1,620,Anchor,1,Not at all
2536,R_37K9t2hoLvlzwH8,b30,30,1,659,cross,1,Not at all
2537,R_37K9t2hoLvlzwH8,b31,31,1,687,lollipop,4,A lot
2538,R_37K9t2hoLvlzwH8,b31,31,2,694,stick person,2,A little
2539,R_37K9t2hoLvlzwH8,b33,33,1,741,mushroom,1,Not at all
2540,R_37K9t2hoLvlzwH8,b34,34,1,773,spade,1,Not at all
2541,R_37K9t2hoLvlzwH8,b35,35,1,780,bow tie,4,A lot
2542,R_37K9t2hoLvlzwH8,b43,43,1,1005,yo-yo,1,Not at all
2543,R_37K9t2hoLvlzwH8,b44,44,1,1037,smoking pipe,1,Not at all
2544,R_37K9t2hoLvlzwH8,b45,45,1,1049,face,4,A lot
2545,R_37K9t2hoLvlzwH8,b46,46,1,1089,pop-up toaster,1,Not at all
2546,R_37K9t2hoLvlzwH8,b47,47,1,1108,cross circle,1,Not at all
2547,R_37K9t2hoLvlzwH8,b52,52,1,1229,pattern,2,A little
2548,R_37K9t2hoLvlzwH8,b54,54,1,1277,smoking pipe,1,Not at all
2549,R_37K9t2hoLvlzwH8,b57,57,1,1318,concave quadrilateral,1,Not at all
2550,R_37asV6BFC7inhac,b4,4,1,51,glasses,1,Not at all
2551,R_37asV6BFC7inhac,b6,6,1,95,goggles,3,Moderately
2552,R_37asV6BFC7inhac,b8,8,1,124,butterfly,3,Moderately
2553,R_37asV6BFC7inhac,b11,11,1,175,interval graph,1,Not at all
2554,R_37asV6BFC7inhac,b14,14,1,241,dior,1,Not at all
2555,R_37asV6BFC7inhac,b16,16,1,283,ice cream,5,Completely
2556,R_37asV6BFC7inhac,b17,17,1,313,ice cream,5,Completely
2557,R_37asV6BFC7inhac,b19,19,1,383,teapot,1,Not at all
2558,R_37asV6BFC7inhac,b20,20,1,408,pedestal,2,A little
2559,R_37asV6BFC7inhac,b24,24,1,523,pipe fitting,1,Not at all
2560,R_37asV6BFC7inhac,b25,25,1,538,chair,3,Moderately
2561,R_37asV6BFC7inhac,b25,25,2,539,chair,4,A lot
2562,R_37asV6BFC7inhac,b26,26,1,568,flag,5,Completely
2563,R_37asV6BFC7inhac,b27,27,1,595,parallel lines,2,A little
2564,R_37asV6BFC7inhac,b27,27,2,602,staple remover,1,Not at all
2565,R_37asV6BFC7inhac,b28,28,1,611,glasses,4,A lot
2566,R_37asV6BFC7inhac,b29,29,1,621,arch,1,Not at all
2567,R_37asV6BFC7inhac,b29,29,2,633,hanger,1,Not at all
2568,R_37asV6BFC7inhac,b32,32,1,704,coat hook,1,Not at all
2569,R_37asV6BFC7inhac,b39,39,1,888,person's torso,1,Not at all
2570,R_37asV6BFC7inhac,b40,40,1,909,keyhole,1,Not at all
2571,R_37asV6BFC7inhac,b41,41,1,939,magnifying glass,1,Not at all
2572,R_37asV6BFC7inhac,b42,42,1,965,present,2,A little
2573,R_37asV6BFC7inhac,b43,43,1,1001,theta,1,Not at all
2574,R_37asV6BFC7inhac,b50,50,1,1177,Broom,1,Not at all
2575,R_37asV6BFC7inhac,b53,53,1,1239,Abstract umbrella,1,Not at all
2576,R_37asV6BFC7inhac,b53,53,2,1255,spade,1,Not at all
2577,R_37asV6BFC7inhac,b53,53,3,1257,tulip,1,Not at all
2578,R_37asV6BFC7inhac,b55,55,1,1282,arrowhead,1,Not at all
2579,R_37asV6BFC7inhac,b60,60,1,1370,cake,1,Not at all
2580,R_389g0zGbQsgoCUF,b5,5,1,69,cherry,2,A little
2581,R_389g0zGbQsgoCUF,b5,5,2,71,dumbbell,1,Not at all
2582,R_389g0zGbQsgoCUF,b6,6,1,85,ant,3,Moderately
2583,R_389g0zGbQsgoCUF,b11,11,1,176,milking stool,2,A little
2584,R_389g0zGbQsgoCUF,b12,12,1,199,question mark,1,Not at all
2585,R_389g0zGbQsgoCUF,b14,14,1,254,owl face,1,Not at all
2586,R_389g0zGbQsgoCUF,b16,16,1,287,paper airplane,1,Not at all
2587,R_389g0zGbQsgoCUF,b17,17,1,304,flower,2,A little
2588,R_389g0zGbQsgoCUF,b17,17,2,316,necklace,2,A little
2589,R_389g0zGbQsgoCUF,b19,19,1,362,computer mouse,5,Completely
2590,R_389g0zGbQsgoCUF,b20,20,1,405,lightbulb,2,A little
2591,R_389g0zGbQsgoCUF,b22,22,1,456,duck,3,Moderately
2592,R_389g0zGbQsgoCUF,b25,25,1,537,broken hurdle,3,Moderately
2593,R_389g0zGbQsgoCUF,b25,25,2,544,key,2,A little
2594,R_389g0zGbQsgoCUF,b29,29,1,635,House,1,Not at all
2595,R_389g0zGbQsgoCUF,b30,30,1,647,anchor,2,A little
2596,R_389g0zGbQsgoCUF,b32,32,1,707,Glass,5,Completely
2597,R_389g0zGbQsgoCUF,b35,35,1,777,berry,1,Not at all
2598,R_389g0zGbQsgoCUF,b36,36,1,813,slingshot handle,2,A little
2599,R_389g0zGbQsgoCUF,b38,38,1,862,ice cream cone,4,A lot
2600,R_389g0zGbQsgoCUF,b40,40,1,922,traffic light,2,A little
2601,R_389g0zGbQsgoCUF,b41,41,1,943,paper clip,1,Not at all
2602,R_389g0zGbQsgoCUF,b41,41,2,944,paperclip holder,3,Moderately
2603,R_389g0zGbQsgoCUF,b44,44,1,1022,ink pencil,1,Not at all
2604,R_389g0zGbQsgoCUF,b45,45,1,1047,clock,5,Completely
2605,R_389g0zGbQsgoCUF,b46,46,1,1092,snowman,2,A little
2606,R_389g0zGbQsgoCUF,b51,51,1,1215,TV,4,A lot
2607,R_389g0zGbQsgoCUF,b57,57,1,1329,Spring,1,Not at all
2608,R_389g0zGbQsgoCUF,b59,59,1,1357,canopy,2,A little
2609,R_389g0zGbQsgoCUF,b59,59,2,1366,tree,4,A lot
2610,R_39uGJl1p26vxjo8,b2,2,1,15,two attached triangles,1,Not at all
2611,R_39uGJl1p26vxjo8,b3,3,1,25,cherry,1,Not at all
2612,R_39uGJl1p26vxjo8,b4,4,1,62,two ds,1,Not at all
2613,R_39uGJl1p26vxjo8,b6,6,1,105,snowman,1,Not at all
2614,R_39uGJl1p26vxjo8,b10,10,1,160,Trident,5,Completely
2615,R_39uGJl1p26vxjo8,b11,11,1,180,table,1,Not at all
2616,R_39uGJl1p26vxjo8,b11,11,2,181,trident,5,Completely
2617,R_39uGJl1p26vxjo8,b13,13,1,215,hammer,1,Not at all
2618,R_39uGJl1p26vxjo8,b16,16,1,277,download icon,1,Not at all
2619,R_39uGJl1p26vxjo8,b18,18,1,332,flag,1,Not at all
2620,R_39uGJl1p26vxjo8,b18,18,2,344,music symbol,1,Not at all
2621,R_39uGJl1p26vxjo8,b18,18,3,347,Pie,1,Not at all
2622,R_39uGJl1p26vxjo8,b19,19,1,380,Steam,1,Not at all
2623,R_39uGJl1p26vxjo8,b23,23,1,482,balloon,3,Moderately
2624,R_39uGJl1p26vxjo8,b24,24,1,532,tuning fork,4,A lot
2625,R_39uGJl1p26vxjo8,b25,25,1,545,lamp,1,Not at all
2626,R_39uGJl1p26vxjo8,b27,27,1,586,door,5,Completely
2627,R_39uGJl1p26vxjo8,b27,27,2,590,gate latch,2,A little
2628,R_39uGJl1p26vxjo8,b27,27,3,603,table chair,1,Not at all
2629,R_39uGJl1p26vxjo8,b29,29,1,636,keyhole,2,A little
2630,R_39uGJl1p26vxjo8,b30,30,1,647,anchor,4,A lot
2631,R_39uGJl1p26vxjo8,b36,36,1,798,arrow,3,Moderately
2632,R_39uGJl1p26vxjo8,b36,36,2,818,triangle,1,Not at all
2633,R_39uGJl1p26vxjo8,b41,41,1,931,door,1,Not at all
2634,R_39uGJl1p26vxjo8,b42,42,1,970,two boxes,2,A little
2635,R_39uGJl1p26vxjo8,b45,45,1,1059,person,1,Not at all
2636,R_39uGJl1p26vxjo8,b47,47,1,1122,snail,1,Not at all
2637,R_39uGJl1p26vxjo8,b51,51,1,1199,figure,1,Not at all
2638,R_39uGJl1p26vxjo8,b52,52,1,1224,letter E,1,Not at all
2639,R_39uGJl1p26vxjo8,b54,54,1,1264,butterfly,1,Not at all
2640,R_3BaieD4XHw7eAlk,b2,2,1,13,stairs,1,Not at all
2641,R_3BaieD4XHw7eAlk,b8,8,1,121,abstract glyph,3,Moderately
2642,R_3BaieD4XHw7eAlk,b8,8,2,128,diamond,1,Not at all
2643,R_3BaieD4XHw7eAlk,b15,15,1,260,bucket,1,Not at all
2644,R_3BaieD4XHw7eAlk,b15,15,2,271,square,1,Not at all
2645,R_3BaieD4XHw7eAlk,b18,18,1,330,drop hook,1,Not at all
2646,R_3BaieD4XHw7eAlk,b19,19,1,374,purse,1,Not at all
2647,R_3BaieD4XHw7eAlk,b20,20,1,412,ring,1,Not at all
2648,R_3BaieD4XHw7eAlk,b21,21,1,428,head and shoulders,5,Completely
2649,R_3BaieD4XHw7eAlk,b24,24,1,505,Baketball hoop,1,Not at all
2650,R_3BaieD4XHw7eAlk,b28,28,1,610,face,2,A little
2651,R_3BaieD4XHw7eAlk,b29,29,1,624,bed,1,Not at all
2652,R_3BaieD4XHw7eAlk,b30,30,1,654,bow and arrow,2,A little
2653,R_3BaieD4XHw7eAlk,b37,37,1,846,magnifying glass,2,A little
2654,R_3BaieD4XHw7eAlk,b37,37,2,850,stick figure,1,Not at all
2655,R_3BaieD4XHw7eAlk,b40,40,1,904,ear,2,A little
2656,R_3BaieD4XHw7eAlk,b40,40,2,918,pouch,1,Not at all
2657,R_3BaieD4XHw7eAlk,b41,41,1,936,key,1,Not at all
2658,R_3BaieD4XHw7eAlk,b41,41,2,941,mug,5,Completely
2659,R_3BaieD4XHw7eAlk,b42,42,1,964,pound sign,1,Not at all
2660,R_3BaieD4XHw7eAlk,b44,44,1,1018,head,1,Not at all
2661,R_3BaieD4XHw7eAlk,b45,45,1,1048,cup,1,Not at all
2662,R_3BaieD4XHw7eAlk,b46,46,1,1067,chalice,1,Not at all
2663,R_3BaieD4XHw7eAlk,b47,47,1,1107,computer mouse,5,Completely
2664,R_3BaieD4XHw7eAlk,b47,47,2,1113,keychain,2,A little
2665,R_3BaieD4XHw7eAlk,b51,51,1,1203,keyhole,1,Not at all
2666,R_3BaieD4XHw7eAlk,b54,54,1,1267,dumbbell,1,Not at all
2667,R_3BaieD4XHw7eAlk,b54,54,2,1276,paperclip,1,Not at all
2668,R_3BaieD4XHw7eAlk,b57,57,1,1326,railroad crossing,3,Moderately
2669,R_3BaieD4XHw7eAlk,b58,58,1,1347,Radius,1,Not at all
2670,R_3CHZNp4nIVtQZgT,b3,3,1,1389,heart,1,Not at all
2671,R_3CHZNp4nIVtQZgT,b13,13,1,1475,table lamp,3,Moderately
2672,R_3CHZNp4nIVtQZgT,b19,19,1,1529,euro symbol,2,A little
2673,R_3CHZNp4nIVtQZgT,b21,21,1,1544,american football,1,Not at all
2674,R_3CHZNp4nIVtQZgT,b21,21,2,1551,snail,1,Not at all
2675,R_3CHZNp4nIVtQZgT,b22,22,1,1558,PacMan,1,Not at all
2676,R_3CHZNp4nIVtQZgT,b22,22,2,1561,cone and face,2,A little
2677,R_3CHZNp4nIVtQZgT,b24,24,1,1573,block H,4,A lot
2678,R_3CHZNp4nIVtQZgT,b26,26,1,1588,Letter F,1,Not at all
2679,R_3CHZNp4nIVtQZgT,b27,27,1,1609,2 square stacked into each other,1,Not at all
2680,R_3CHZNp4nIVtQZgT,b28,28,1,1904,face with eyes,2,A little
2681,R_3CHZNp4nIVtQZgT,b29,29,1,1617,coat hook,2,A little
2682,R_3CHZNp4nIVtQZgT,b29,29,2,1629,Jib crane,1,Not at all
2683,R_3CHZNp4nIVtQZgT,b30,30,1,1633,comb,1,Not at all
2684,R_3CHZNp4nIVtQZgT,b30,30,2,1637,comb,1,Not at all
2685,R_3CHZNp4nIVtQZgT,b30,30,3,1639,clock,1,Not at all
2686,R_3CHZNp4nIVtQZgT,b33,33,1,1657,hammer,1,Not at all
2687,R_3CHZNp4nIVtQZgT,b33,33,2,1665,Mushroom stem,1,Not at all
2688,R_3CHZNp4nIVtQZgT,b38,38,1,1699,club,1,Not at all
2689,R_3CHZNp4nIVtQZgT,b39,39,1,1713,ice cream scoops in a cone,5,Completely
2690,R_3CHZNp4nIVtQZgT,b40,40,1,1716,side chair,1,Not at all
2691,R_3CHZNp4nIVtQZgT,b40,40,2,1718,shopping cart,1,Not at all
2692,R_3CHZNp4nIVtQZgT,b40,40,3,1720,EP,2,A little
2693,R_3CHZNp4nIVtQZgT,b41,41,1,1726,padlock hasp,2,A little
2694,R_3CHZNp4nIVtQZgT,b43,43,1,1746,question mark,1,Not at all
2695,R_3CHZNp4nIVtQZgT,b45,45,1,1756,golf club,1,Not at all
2696,R_3CHZNp4nIVtQZgT,b46,46,1,1910,arch bridge,2,A little
2697,R_3CHZNp4nIVtQZgT,b48,48,1,1784,Right angle,1,Not at all
2698,R_3CHZNp4nIVtQZgT,b51,51,1,1809,weighing balance,2,A little
2699,R_3CHZNp4nIVtQZgT,b52,52,1,1818,flagpole sign,3,Moderately
2700,R_3CKerElU4dUvqYO,b2,2,1,10,ladder,5,Completely
2701,R_3CKerElU4dUvqYO,b5,5,1,74,joined letters,5,Completely
2702,R_3CKerElU4dUvqYO,b6,6,1,103,shades,3,Moderately
2703,R_3CKerElU4dUvqYO,b7,7,1,112,spear,2,A little
2704,R_3CKerElU4dUvqYO,b10,10,1,146,cyrillic letter,2,A little
2705,R_3CKerElU4dUvqYO,b11,11,1,177,pitchfork,4,A lot
2706,R_3CKerElU4dUvqYO,b12,12,1,184,buoy,1,Not at all
2707,R_3CKerElU4dUvqYO,b12,12,2,200,semicircle,2,A little
2708,R_3CKerElU4dUvqYO,b13,13,1,224,Scale,2,A little
2709,R_3CKerElU4dUvqYO,b13,13,2,229,tear drop,1,Not at all
2710,R_3CKerElU4dUvqYO,b13,13,3,232,upended umbrella,1,Not at all
2711,R_3CKerElU4dUvqYO,b14,14,1,253,owl,1,Not at all
2712,R_3CKerElU4dUvqYO,b16,16,1,285,lightbulb,1,Not at all
2713,R_3CKerElU4dUvqYO,b17,17,1,303,cupcake,1,Not at all
2714,R_3CKerElU4dUvqYO,b20,20,1,413,Snowglobe,2,A little
2715,R_3CKerElU4dUvqYO,b22,22,1,466,lowercase a,1,Not at all
2716,R_3CKerElU4dUvqYO,b23,23,1,491,Lollipop,4,A lot
2717,R_3CKerElU4dUvqYO,b23,23,2,501,weathervane,1,Not at all
2718,R_3CKerElU4dUvqYO,b25,25,1,548,letter J,4,A lot
2719,R_3CKerElU4dUvqYO,b28,28,1,611,glasses,2,A little
2720,R_3CKerElU4dUvqYO,b30,30,1,650,basket,1,Not at all
2721,R_3CKerElU4dUvqYO,b32,32,1,718,spatula,1,Not at all
2722,R_3CKerElU4dUvqYO,b37,37,1,822,anchor,1,Not at all
2723,R_3CKerElU4dUvqYO,b42,42,1,973,window,5,Completely
2724,R_3CKerElU4dUvqYO,b47,47,1,1120,pulley,1,Not at all
2725,R_3CKerElU4dUvqYO,b49,49,1,1163,Cherries,1,Not at all
2726,R_3CKerElU4dUvqYO,b52,52,1,1235,step stool,1,Not at all
2727,R_3CKerElU4dUvqYO,b57,57,1,1324,kite,1,Not at all
2728,R_3CKerElU4dUvqYO,b58,58,1,1349,umbrella,5,Completely
2729,R_3CKerElU4dUvqYO,b59,59,1,1362,rhombus,1,Not at all
2730,R_3CN209Tuuyv68ty,b2,2,1,1385,sideways ladder,5,Completely
2731,R_3CN209Tuuyv68ty,b6,6,1,1415,eyeglasses,4,A lot
2732,R_3CN209Tuuyv68ty,b8,8,1,1432,caduceus,1,Not at all
2733,R_3CN209Tuuyv68ty,b10,10,1,1449,table,1,Not at all
2734,R_3CN209Tuuyv68ty,b14,14,1,1478,pig snout,1,Not at all
2735,R_3CN209Tuuyv68ty,b19,19,1,1518,southeast direction,2,A little
2736,R_3CN209Tuuyv68ty,b19,19,2,1519,smoking face,1,Not at all
2737,R_3CN209Tuuyv68ty,b19,19,3,1527,skeleton key,1,Not at all
2738,R_3CN209Tuuyv68ty,b21,21,1,1546,theta symbol,2,A little
2739,R_3CN209Tuuyv68ty,b21,21,2,1548,coffee cup,1,Not at all
2740,R_3CN209Tuuyv68ty,b23,23,1,1566,Swirl lollipop,4,A lot
2741,R_3CN209Tuuyv68ty,b24,24,1,1574,pipe wrench,1,Not at all
2742,R_3CN209Tuuyv68ty,b25,25,1,1584,Street lamp,1,Not at all
2743,R_3CN209Tuuyv68ty,b26,26,1,1589,pennant flag,5,Completely
2744,R_3CN209Tuuyv68ty,b27,27,1,1603,broken ladder,1,Not at all
2745,R_3CN209Tuuyv68ty,b30,30,1,1632,Bridge support,1,Not at all
2746,R_3CN209Tuuyv68ty,b30,30,2,1634,grand piano,1,Not at all
2747,R_3CN209Tuuyv68ty,b36,36,1,1686,forked staff,3,Moderately
2748,R_3CN209Tuuyv68ty,b39,39,1,1709,Snowman sideways,2,A little
2749,R_3CN209Tuuyv68ty,b40,40,1,1716,side chair,2,A little
2750,R_3CN209Tuuyv68ty,b44,44,1,1749,power button,1,Not at all
2751,R_3CN209Tuuyv68ty,b46,46,1,1764,handlebars,2,A little
2752,R_3CN209Tuuyv68ty,b48,48,1,1783,table lamp,1,Not at all
2753,R_3CN209Tuuyv68ty,b50,50,1,1803,stickfigure person,5,Completely
2754,R_3CN209Tuuyv68ty,b52,52,1,1815,flagpole bracket,3,Moderately
2755,R_3CN209Tuuyv68ty,b54,54,1,1829,planted sword,1,Not at all
2756,R_3CN209Tuuyv68ty,b55,55,1,1851,Direction toward a T junction,2,A little
2757,R_3CN209Tuuyv68ty,b56,56,1,1857,registered symbol,1,Not at all
2758,R_3CN209Tuuyv68ty,b57,57,1,1873,windmill blades,1,Not at all
2759,R_3CN209Tuuyv68ty,b59,59,1,1887,Campfire tripod,1,Not at all
2760,R_3CONPiUZrTv7IMC,b2,2,1,4,roman numeral,1,Not at all
2761,R_3CONPiUZrTv7IMC,b3,3,1,6,eyeglasses bridge,1,Not at all
2762,R_3CONPiUZrTv7IMC,b4,4,1,9,bow tie,1,Not at all
2763,R_3CONPiUZrTv7IMC,b6,6,1,12,spectacles frame,1,Not at all
2764,R_3CONPiUZrTv7IMC,b7,7,1,19,h,1,Not at all
2765,R_3CONPiUZrTv7IMC,b11,11,1,32,keyhole slot,2,A little
2766,R_3CONPiUZrTv7IMC,b12,12,1,35,hot air balloon,1,Not at all
2767,R_3CONPiUZrTv7IMC,b12,12,2,38,fishing hook,1,Not at all
2768,R_3CONPiUZrTv7IMC,b12,12,3,39,flagpole,1,Not at all
2769,R_3CONPiUZrTv7IMC,b18,18,1,52,bow tie,1,Not at all
2770,R_3CONPiUZrTv7IMC,b20,20,1,64,goblet stand,1,Not at all
2771,R_3CONPiUZrTv7IMC,b21,21,1,68,golf club,1,Not at all
2772,R_3CONPiUZrTv7IMC,b22,22,1,70,hourglass,1,Not at all
2773,R_3CONPiUZrTv7IMC,b22,22,2,72,subset symbol,1,Not at all
2774,R_3CONPiUZrTv7IMC,b26,26,1,82,javelin,1,Not at all
2775,R_3CONPiUZrTv7IMC,b28,28,1,89,bed,1,Not at all
2776,R_3CONPiUZrTv7IMC,b28,28,2,90,male symbol,1,Not at all
2777,R_3CONPiUZrTv7IMC,b29,29,1,92,sailboat,1,Not at all
2778,R_3CONPiUZrTv7IMC,b32,32,1,106,skeleton key,1,Not at all
2779,R_3CONPiUZrTv7IMC,b33,33,1,111,golf tee,1,Not at all
2780,R_3CONPiUZrTv7IMC,b34,34,1,113,hourglass infinity,1,Not at all
2781,R_3CONPiUZrTv7IMC,b36,36,1,121,harpoon,1,Not at all
2782,R_3CONPiUZrTv7IMC,b46,46,1,159,dual torus,1,Not at all
2783,R_3CONPiUZrTv7IMC,b46,46,2,165,winged arch,1,Not at all
2784,R_3CONPiUZrTv7IMC,b47,47,1,167,capital b,1,Not at all
2785,R_3CONPiUZrTv7IMC,b48,48,1,170,sledgehammer,1,Not at all
2786,R_3CONPiUZrTv7IMC,b50,50,1,177,balloon man,2,A little
2787,R_3CONPiUZrTv7IMC,b50,50,2,178,drain cover,1,Not at all
2788,R_3CONPiUZrTv7IMC,b52,52,1,183,parking meter,1,Not at all
2789,R_3CONPiUZrTv7IMC,b58,58,1,200,grapnel anchor,1,Not at all
2790,R_3CfYGAfGjKfVjxv,b4,4,1,45,belly button,1,Not at all
2791,R_3CfYGAfGjKfVjxv,b10,10,1,156,Rake,5,Completely
2792,R_3CfYGAfGjKfVjxv,b11,11,1,162,Basket,1,Not at all
2793,R_3CfYGAfGjKfVjxv,b11,11,2,167,Candelabra,5,Completely
2794,R_3CfYGAfGjKfVjxv,b12,12,1,197,mushroom,1,Not at all
2795,R_3CfYGAfGjKfVjxv,b13,13,1,232,upended umbrella,3,Moderately
2796,R_3CfYGAfGjKfVjxv,b14,14,1,256,sunglasses,5,Completely
2797,R_3CfYGAfGjKfVjxv,b16,16,1,274,Cone,5,Completely
2798,R_3CfYGAfGjKfVjxv,b19,19,1,357,butterfly,1,Not at all
2799,R_3CfYGAfGjKfVjxv,b19,19,2,377,Sd,1,Not at all
2800,R_3CfYGAfGjKfVjxv,b21,21,1,439,keyhole,5,Completely
2801,R_3CfYGAfGjKfVjxv,b22,22,1,464,Icecream cone,1,Not at all
2802,R_3CfYGAfGjKfVjxv,b23,23,1,490,Kite,3,Moderately
2803,R_3CfYGAfGjKfVjxv,b27,27,1,596,parking lot,4,A lot
2804,R_3CfYGAfGjKfVjxv,b31,31,1,686,flower,3,Moderately
2805,R_3CfYGAfGjKfVjxv,b31,31,2,691,snowman,1,Not at all
2806,R_3CfYGAfGjKfVjxv,b37,37,1,838,flower,5,Completely
2807,R_3CfYGAfGjKfVjxv,b40,40,1,901,coffee mug,5,Completely
2808,R_3CfYGAfGjKfVjxv,b43,43,1,1000,Swing,1,Not at all
2809,R_3CfYGAfGjKfVjxv,b44,44,1,1011,christmas ornament,4,A lot
2810,R_3CfYGAfGjKfVjxv,b44,44,2,1036,small kite,3,Moderately
2811,R_3CfYGAfGjKfVjxv,b44,44,3,1044,tadpole,4,A lot
2812,R_3CfYGAfGjKfVjxv,b45,45,1,1055,lobby button,5,Completely
2813,R_3CfYGAfGjKfVjxv,b46,46,1,1076,heart,1,Not at all
2814,R_3CfYGAfGjKfVjxv,b51,51,1,1206,plant,1,Not at all
2815,R_3CfYGAfGjKfVjxv,b56,56,1,1296,arm,1,Not at all
2816,R_3CfYGAfGjKfVjxv,b56,56,2,1315,tabacco pipe,1,Not at all
2817,R_3CfYGAfGjKfVjxv,b58,58,1,1340,elephant trunk,4,A lot
2818,R_3CfYGAfGjKfVjxv,b58,58,2,1349,umbrella,5,Completely
2819,R_3CfYGAfGjKfVjxv,b59,59,1,1354,bird feeder,4,A lot
2820,R_3Cy4XPm75XDHwdG,b3,3,1,1392,Bunny ears,1,Not at all
2821,R_3Cy4XPm75XDHwdG,b4,4,1,1403,eyeglass,3,Moderately
2822,R_3Cy4XPm75XDHwdG,b5,5,1,1409,barbell weight,1,Not at all
2823,R_3Cy4XPm75XDHwdG,b10,10,1,1444,Cyrillic letter,1,Not at all
2824,R_3Cy4XPm75XDHwdG,b13,13,1,1475,table lamp,2,A little
2825,R_3Cy4XPm75XDHwdG,b15,15,1,1485,dog house,4,A lot
2826,R_3Cy4XPm75XDHwdG,b17,17,1,1504,manta ray,1,Not at all
2827,R_3Cy4XPm75XDHwdG,b18,18,1,1514,Trumpet mouthpiece,1,Not at all
2828,R_3Cy4XPm75XDHwdG,b19,19,1,1519,smoking face,2,A little
2829,R_3Cy4XPm75XDHwdG,b21,21,1,1542,mushroom,1,Not at all
2830,R_3Cy4XPm75XDHwdG,b22,22,1,1562,cartoon image,1,Not at all
2831,R_3Cy4XPm75XDHwdG,b24,24,1,1575,Pistol,1,Not at all
2832,R_3Cy4XPm75XDHwdG,b25,25,1,1585,Tower crane,1,Not at all
2833,R_3Cy4XPm75XDHwdG,b26,26,1,1588,Letter F,1,Not at all
2834,R_3Cy4XPm75XDHwdG,b27,27,1,1600,picture frame,2,A little
2835,R_3Cy4XPm75XDHwdG,b29,29,1,1624,exclamation mark,1,Not at all
2836,R_3Cy4XPm75XDHwdG,b29,29,2,1625,stethoscope symbol,1,Not at all
2837,R_3Cy4XPm75XDHwdG,b29,29,3,1627,wine glass,2,A little
2838,R_3Cy4XPm75XDHwdG,b30,30,1,1631,Rail bridge,1,Not at all
2839,R_3Cy4XPm75XDHwdG,b37,37,1,1692,Bowtie person,2,A little
2840,R_3Cy4XPm75XDHwdG,b40,40,1,1719,Flagpole sign,1,Not at all
2841,R_3Cy4XPm75XDHwdG,b40,40,2,1721,rectangle,1,Not at all
2842,R_3Cy4XPm75XDHwdG,b47,47,1,1775,glasses,1,Not at all
2843,R_3Cy4XPm75XDHwdG,b48,48,1,1782,Flagpole sign,1,Not at all
2844,R_3Cy4XPm75XDHwdG,b49,49,1,1790,butterfly knife,1,Not at all
2845,R_3Cy4XPm75XDHwdG,b54,54,1,1830,hockey stick,1,Not at all
2846,R_3Cy4XPm75XDHwdG,b54,54,2,1833,magnifying glass,1,Not at all
2847,R_3Cy4XPm75XDHwdG,b54,54,3,1835,pound sign,1,Not at all
2848,R_3Cy4XPm75XDHwdG,b56,56,1,1859,kite emblem,1,Not at all
2849,R_3Cy4XPm75XDHwdG,b59,59,1,1881,triangular signpost,5,Completely
2850,R_3DSQrAlYkFzObwB,b4,4,1,7,hourglass,1,Not at all
2851,R_3DSQrAlYkFzObwB,b7,7,1,18,arrowhead,2,A little
2852,R_3DSQrAlYkFzObwB,b10,10,1,30,eject button,1,Not at all
2853,R_3DSQrAlYkFzObwB,b11,11,1,33,trident fork,4,A lot
2854,R_3DSQrAlYkFzObwB,b15,15,1,44,hourglass,1,Not at all
2855,R_3DSQrAlYkFzObwB,b19,19,1,55,violin scroll,1,Not at all
2856,R_3DSQrAlYkFzObwB,b19,19,2,61,compact disc,1,Not at all
2857,R_3DSQrAlYkFzObwB,b20,20,1,64,goblet stand,1,Not at all
2858,R_3DSQrAlYkFzObwB,b21,21,1,66,chess pawn,5,Completely
2859,R_3DSQrAlYkFzObwB,b21,21,2,68,golf club,1,Not at all
2860,R_3DSQrAlYkFzObwB,b22,22,1,70,hourglass,1,Not at all
2861,R_3DSQrAlYkFzObwB,b28,28,1,89,bed,1,Not at all
2862,R_3DSQrAlYkFzObwB,b29,29,1,93,tie fighter,2,A little
2863,R_3DSQrAlYkFzObwB,b30,30,1,102,gate,2,A little
2864,R_3DSQrAlYkFzObwB,b32,32,1,106,skeleton key,1,Not at all
2865,R_3DSQrAlYkFzObwB,b32,32,2,108,hanging lantern,1,Not at all
2866,R_3DSQrAlYkFzObwB,b37,37,1,122,street lamp,1,Not at all
2867,R_3DSQrAlYkFzObwB,b39,39,1,129,angel,1,Not at all
2868,R_3DSQrAlYkFzObwB,b41,41,1,137,stapler head,1,Not at all
2869,R_3DSQrAlYkFzObwB,b42,42,1,140,windowpane,5,Completely
2870,R_3DSQrAlYkFzObwB,b42,42,2,141,h-beam,2,A little
2871,R_3DSQrAlYkFzObwB,b43,43,1,143,curled ribbon,2,A little
2872,R_3DSQrAlYkFzObwB,b45,45,1,152,lollipop,1,Not at all
2873,R_3DSQrAlYkFzObwB,b46,46,1,161,mailbox,1,Not at all
2874,R_3DSQrAlYkFzObwB,b49,49,1,173,rocket ship,1,Not at all
2875,R_3DSQrAlYkFzObwB,b49,49,2,175,flying buttress,2,A little
2876,R_3DSQrAlYkFzObwB,b50,50,1,180,lamp post,1,Not at all
2877,R_3DSQrAlYkFzObwB,b53,53,1,187,flag pole,1,Not at all
2878,R_3DSQrAlYkFzObwB,b56,56,1,193,roof gable,2,A little
2879,R_3DSQrAlYkFzObwB,b56,56,2,194,circular pointer,3,Moderately
2880,R_3DumRQu6sgBhTjv,b2,2,1,8,H,1,Not at all
2881,R_3DumRQu6sgBhTjv,b2,2,2,17,zibracrossing,2,A little
2882,R_3DumRQu6sgBhTjv,b5,5,1,74,joined letters,1,Not at all
2883,R_3DumRQu6sgBhTjv,b7,7,1,112,spear,2,A little
2884,R_3DumRQu6sgBhTjv,b7,7,2,116,tent,3,Moderately
2885,R_3DumRQu6sgBhTjv,b9,9,1,132,ant,1,Not at all
2886,R_3DumRQu6sgBhTjv,b10,10,1,146,cyrillic letter,4,A lot
2887,R_3DumRQu6sgBhTjv,b11,11,1,164,brush,1,Not at all
2888,R_3DumRQu6sgBhTjv,b11,11,2,177,pitchfork,5,Completely
2889,R_3DumRQu6sgBhTjv,b12,12,1,184,buoy,1,Not at all
2890,R_3DumRQu6sgBhTjv,b12,12,2,185,Butter Churner,1,Not at all
2891,R_3DumRQu6sgBhTjv,b12,12,3,196,magnifying glass,1,Not at all
2892,R_3DumRQu6sgBhTjv,b13,13,1,229,tear drop,1,Not at all
2893,R_3DumRQu6sgBhTjv,b13,13,2,232,upended umbrella,4,A lot
2894,R_3DumRQu6sgBhTjv,b16,16,1,285,lightbulb,4,A lot
2895,R_3DumRQu6sgBhTjv,b23,23,1,501,weathervane,1,Not at all
2896,R_3DumRQu6sgBhTjv,b25,25,1,548,letter J,1,Not at all
2897,R_3DumRQu6sgBhTjv,b28,28,1,611,glasses,5,Completely
2898,R_3DumRQu6sgBhTjv,b30,30,1,650,basket,1,Not at all
2899,R_3DumRQu6sgBhTjv,b32,32,1,702,chandelier,1,Not at all
2900,R_3DumRQu6sgBhTjv,b32,32,2,718,spatula,1,Not at all
2901,R_3DumRQu6sgBhTjv,b37,37,1,840,flower,4,A lot
2902,R_3DumRQu6sgBhTjv,b37,37,2,847,person,1,Not at all
2903,R_3DumRQu6sgBhTjv,b41,41,1,955,turtle,1,Not at all
2904,R_3DumRQu6sgBhTjv,b44,44,1,1011,christmas ornament,1,Not at all
2905,R_3DumRQu6sgBhTjv,b46,46,1,1065,bridge,1,Not at all
2906,R_3DumRQu6sgBhTjv,b46,46,2,1085,mushroom,4,A lot
2907,R_3DumRQu6sgBhTjv,b47,47,1,1109,Crosshair,1,Not at all
2908,R_3DumRQu6sgBhTjv,b49,49,1,1160,bird head,1,Not at all
2909,R_3DumRQu6sgBhTjv,b59,59,1,1363,rocket,3,Moderately
2910,R_3E6FmeXetrFJyjq,b1,1,1,2,ladder section,5,Completely
2911,R_3E6FmeXetrFJyjq,b1,1,2,3,scaffolding tower,2,A little
2912,R_3E6FmeXetrFJyjq,b3,3,1,5,scale hourglass,1,Not at all
2913,R_3E6FmeXetrFJyjq,b5,5,1,10,greek beta,2,A little
2914,R_3E6FmeXetrFJyjq,b7,7,1,18,arrowhead,3,Moderately
2915,R_3E6FmeXetrFJyjq,b7,7,2,19,h,1,Not at all
2916,R_3E6FmeXetrFJyjq,b7,7,3,20,double‑headed arrow,5,Completely
2917,R_3E6FmeXetrFJyjq,b8,8,1,22,scarab beetle,3,Moderately
2918,R_3E6FmeXetrFJyjq,b12,12,1,38,fishing hook,1,Not at all
2919,R_3E6FmeXetrFJyjq,b16,16,1,47,stone arch,2,A little
2920,R_3E6FmeXetrFJyjq,b24,24,1,76,fishing hook,1,Not at all
2921,R_3E6FmeXetrFJyjq,b28,28,1,90,male symbol,2,A little
2922,R_3E6FmeXetrFJyjq,b30,30,1,100,capital b,1,Not at all
2923,R_3E6FmeXetrFJyjq,b31,31,1,103,hourglass,2,A little
2924,R_3E6FmeXetrFJyjq,b36,36,1,121,harpoon,2,A little
2925,R_3E6FmeXetrFJyjq,b39,39,1,130,grounded infinity,2,A little
2926,R_3E6FmeXetrFJyjq,b41,41,1,136,door handle,3,Moderately
2927,R_3E6FmeXetrFJyjq,b42,42,1,140,windowpane,4,A lot
2928,R_3E6FmeXetrFJyjq,b43,43,1,143,curled ribbon,3,Moderately
2929,R_3E6FmeXetrFJyjq,b43,43,2,145,swing hook,2,A little
2930,R_3E6FmeXetrFJyjq,b44,44,1,149,cartoon bomb,3,Moderately
2931,R_3E6FmeXetrFJyjq,b44,44,2,150,golden doubloon,1,Not at all
2932,R_3E6FmeXetrFJyjq,b45,45,1,153,lexus logo,2,A little
2933,R_3E6FmeXetrFJyjq,b45,45,2,156,floating lid,2,A little
2934,R_3E6FmeXetrFJyjq,b45,45,3,157,life buoy,2,A little
2935,R_3E6FmeXetrFJyjq,b46,46,1,165,winged arch,1,Not at all
2936,R_3E6FmeXetrFJyjq,b50,50,1,178,drain cover,2,A little
2937,R_3E6FmeXetrFJyjq,b51,51,1,182,compass dial,2,A little
2938,R_3E6FmeXetrFJyjq,b53,53,1,185,cradle snapped,2,A little
2939,R_3E6FmeXetrFJyjq,b58,58,1,201,hanger,3,Moderately
2940,R_3EAXz9LXCGPaz9T,b4,4,1,59,spectacles,2,A little
2941,R_3EAXz9LXCGPaz9T,b12,12,1,201,shovel,2,A little
2942,R_3EAXz9LXCGPaz9T,b13,13,1,228,stapler,1,Not at all
2943,R_3EAXz9LXCGPaz9T,b14,14,1,236,baby carriage,1,Not at all
2944,R_3EAXz9LXCGPaz9T,b16,16,1,278,fish hook,1,Not at all
2945,R_3EAXz9LXCGPaz9T,b18,18,1,327,butterfly,1,Not at all
2946,R_3EAXz9LXCGPaz9T,b19,19,1,359,chess,1,Not at all
2947,R_3EAXz9LXCGPaz9T,b20,20,1,413,Snowglobe,2,A little
2948,R_3EAXz9LXCGPaz9T,b21,21,1,431,person,4,A lot
2949,R_3EAXz9LXCGPaz9T,b27,27,1,579,belt buckle,3,Moderately
2950,R_3EAXz9LXCGPaz9T,b29,29,1,625,boat,1,Not at all
2951,R_3EAXz9LXCGPaz9T,b29,29,2,631,Fish,2,A little
2952,R_3EAXz9LXCGPaz9T,b30,30,1,660,door key,1,Not at all
2953,R_3EAXz9LXCGPaz9T,b30,30,2,677,window,1,Not at all
2954,R_3EAXz9LXCGPaz9T,b33,33,1,737,lamp,2,A little
2955,R_3EAXz9LXCGPaz9T,b34,34,1,761,diving mask,2,A little
2956,R_3EAXz9LXCGPaz9T,b35,35,1,794,scissors,3,Moderately
2957,R_3EAXz9LXCGPaz9T,b36,36,1,820,tuning fork,4,A lot
2958,R_3EAXz9LXCGPaz9T,b44,44,1,1009,Butterfly,1,Not at all
2959,R_3EAXz9LXCGPaz9T,b45,45,1,1057,lottery ball,1,Not at all
2960,R_3EAXz9LXCGPaz9T,b46,46,1,1097,window,1,Not at all
2961,R_3EAXz9LXCGPaz9T,b47,47,1,1101,ball,1,Not at all
2962,R_3EAXz9LXCGPaz9T,b48,48,1,1140,letter E,1,Not at all
2963,R_3EAXz9LXCGPaz9T,b50,50,1,1183,hourglass,1,Not at all
2964,R_3EAXz9LXCGPaz9T,b53,53,1,1244,desk lamp,1,Not at all
2965,R_3EAXz9LXCGPaz9T,b53,53,2,1251,musical note,1,Not at all
2966,R_3EAXz9LXCGPaz9T,b54,54,1,1277,smoking pipe,1,Not at all
2967,R_3EAXz9LXCGPaz9T,b55,55,1,1290,spade,1,Not at all
2968,R_3EAXz9LXCGPaz9T,b56,56,1,1307,Large circle,2,A little
2969,R_3EAXz9LXCGPaz9T,b59,59,1,1357,canopy,2,A little
2970,R_3FLnREWs6y9thK4,b11,11,1,162,Basket,1,Not at all
2971,R_3FLnREWs6y9thK4,b12,12,1,189,cup,4,A lot
2972,R_3FLnREWs6y9thK4,b17,17,1,317,parachute,4,A lot
2973,R_3FLnREWs6y9thK4,b17,17,2,324,tulip,1,Not at all
2974,R_3FLnREWs6y9thK4,b19,19,1,377,Sd,1,Not at all
2975,R_3FLnREWs6y9thK4,b19,19,2,385,USD symbol,1,Not at all
2976,R_3FLnREWs6y9thK4,b20,20,1,389,balloon animal,1,Not at all
2977,R_3FLnREWs6y9thK4,b20,20,2,413,Snowglobe,5,Completely
2978,R_3FLnREWs6y9thK4,b23,23,1,490,Kite,1,Not at all
2979,R_3FLnREWs6y9thK4,b25,25,1,556,pole,1,Not at all
2980,R_3FLnREWs6y9thK4,b26,26,1,571,letter P,3,Moderately
2981,R_3FLnREWs6y9thK4,b28,28,1,615,Lollipops,1,Not at all
2982,R_3FLnREWs6y9thK4,b29,29,1,630,door hinge,1,Not at all
2983,R_3FLnREWs6y9thK4,b29,29,2,636,keyhole,1,Not at all
2984,R_3FLnREWs6y9thK4,b30,30,1,650,basket,1,Not at all
2985,R_3FLnREWs6y9thK4,b30,30,2,677,window,1,Not at all
2986,R_3FLnREWs6y9thK4,b33,33,1,735,key,1,Not at all
2987,R_3FLnREWs6y9thK4,b34,34,1,756,bird,1,Not at all
2988,R_3FLnREWs6y9thK4,b34,34,2,765,hourglass,1,Not at all
2989,R_3FLnREWs6y9thK4,b35,35,1,782,cherries,1,Not at all
2990,R_3FLnREWs6y9thK4,b36,36,1,808,peace sign,5,Completely
2991,R_3FLnREWs6y9thK4,b39,39,1,883,ice cream,5,Completely
2992,R_3FLnREWs6y9thK4,b40,40,1,922,traffic light,1,Not at all
2993,R_3FLnREWs6y9thK4,b41,41,1,933,gate,1,Not at all
2994,R_3FLnREWs6y9thK4,b41,41,2,951,shopping cart,1,Not at all
2995,R_3FLnREWs6y9thK4,b44,44,1,1035,Semicircle,1,Not at all
2996,R_3FLnREWs6y9thK4,b45,45,1,1048,cup,1,Not at all
2997,R_3FLnREWs6y9thK4,b54,54,1,1270,golf club,1,Not at all
2998,R_3FLnREWs6y9thK4,b55,55,1,1282,arrowhead,1,Not at all
2999,R_3FLnREWs6y9thK4,b60,60,1,1372,diamond,1,Not at all
3000,R_3FfdVZIgyfpsmMS,b5,5,1,71,dumbbell,1,Not at all
3001,R_3FfdVZIgyfpsmMS,b10,10,1,149,Greek Pi,1,Not at all
3002,R_3FfdVZIgyfpsmMS,b14,14,1,257,tent,2,A little
3003,R_3FfdVZIgyfpsmMS,b17,17,1,311,hot air balloon,3,Moderately
3004,R_3FfdVZIgyfpsmMS,b18,18,1,351,speech bubble,1,Not at all
3005,R_3FfdVZIgyfpsmMS,b19,19,1,363,dollar sign,1,Not at all
3006,R_3FfdVZIgyfpsmMS,b24,24,1,525,rake,1,Not at all
3007,R_3FfdVZIgyfpsmMS,b27,27,1,591,goal post,1,Not at all
3008,R_3FfdVZIgyfpsmMS,b27,27,2,595,parallel lines,2,A little
3009,R_3FfdVZIgyfpsmMS,b31,31,1,680,arrow,2,A little
3010,R_3FfdVZIgyfpsmMS,b32,32,1,704,coat hook,1,Not at all
3011,R_3FfdVZIgyfpsmMS,b32,32,2,711,keyhole,1,Not at all
3012,R_3FfdVZIgyfpsmMS,b32,32,3,717,scarecrow,1,Not at all
3013,R_3FfdVZIgyfpsmMS,b34,34,1,774,Volcano,1,Not at all
3014,R_3FfdVZIgyfpsmMS,b36,36,1,809,pitchfork,4,A lot
3015,R_3FfdVZIgyfpsmMS,b37,37,1,844,information icon,1,Not at all
3016,R_3FfdVZIgyfpsmMS,b37,37,2,848,Race track,2,A little
3017,R_3FfdVZIgyfpsmMS,b39,39,1,877,flower,2,A little
3018,R_3FfdVZIgyfpsmMS,b41,41,1,953,staple gun,2,A little
3019,R_3FfdVZIgyfpsmMS,b43,43,1,977,cat,1,Not at all
3020,R_3FfdVZIgyfpsmMS,b43,43,2,980,earring,3,Moderately
3021,R_3FfdVZIgyfpsmMS,b45,45,1,1052,key,1,Not at all
3022,R_3FfdVZIgyfpsmMS,b46,46,1,1089,pop-up toaster,1,Not at all
3023,R_3FfdVZIgyfpsmMS,b46,46,2,1097,window,2,A little
3024,R_3FfdVZIgyfpsmMS,b49,49,1,1155,Antennae,1,Not at all
3025,R_3FfdVZIgyfpsmMS,b53,53,1,1256,swing set,1,Not at all
3026,R_3FfdVZIgyfpsmMS,b55,55,1,1290,spade,1,Not at all
3027,R_3FfdVZIgyfpsmMS,b56,56,1,1296,arm,1,Not at all
3028,R_3FfdVZIgyfpsmMS,b59,59,1,1351,arrow,2,A little
3029,R_3FfdVZIgyfpsmMS,b60,60,1,1377,roof,3,Moderately
3030,R_3G9t2VCRUDRExIu,b3,3,1,32,fancy binoculars,1,Not at all
3031,R_3G9t2VCRUDRExIu,b3,3,2,37,poll,1,Not at all
3032,R_3G9t2VCRUDRExIu,b8,8,1,128,diamond,1,Not at all
3033,R_3G9t2VCRUDRExIu,b9,9,1,136,heart,1,Not at all
3034,R_3G9t2VCRUDRExIu,b14,14,1,246,half circle,1,Not at all
3035,R_3G9t2VCRUDRExIu,b16,16,1,291,sno-cone,5,Completely
3036,R_3G9t2VCRUDRExIu,b17,17,1,313,ice cream,5,Completely
3037,R_3G9t2VCRUDRExIu,b18,18,1,328,Catapult,1,Not at all
3038,R_3G9t2VCRUDRExIu,b19,19,1,363,dollar sign,1,Not at all
3039,R_3G9t2VCRUDRExIu,b19,19,2,367,hanger,1,Not at all
3040,R_3G9t2VCRUDRExIu,b22,22,1,463,horn,2,A little
3041,R_3G9t2VCRUDRExIu,b28,28,1,609,eyes,3,Moderately
3042,R_3G9t2VCRUDRExIu,b29,29,1,642,shovel,2,A little
3043,R_3G9t2VCRUDRExIu,b33,33,1,730,cupcake,1,Not at all
3044,R_3G9t2VCRUDRExIu,b33,33,2,733,golf club,1,Not at all
3045,R_3G9t2VCRUDRExIu,b33,33,3,752,tank turret,4,A lot
3046,R_3G9t2VCRUDRExIu,b35,35,1,783,cloudy mountain,1,Not at all
3047,R_3G9t2VCRUDRExIu,b36,36,1,810,rake,2,A little
3048,R_3G9t2VCRUDRExIu,b37,37,1,843,Hammer,1,Not at all
3049,R_3G9t2VCRUDRExIu,b39,39,1,871,bee,1,Not at all
3050,R_3G9t2VCRUDRExIu,b39,39,2,879,gift bow,1,Not at all
3051,R_3G9t2VCRUDRExIu,b42,42,1,960,hash sign,1,Not at all
3052,R_3G9t2VCRUDRExIu,b43,43,1,976,cartoon bomb,4,A lot
3053,R_3G9t2VCRUDRExIu,b44,44,1,1017,hanger,1,Not at all
3054,R_3G9t2VCRUDRExIu,b45,45,1,1058,magnifying glass,1,Not at all
3055,R_3G9t2VCRUDRExIu,b51,51,1,1210,robot arm,1,Not at all
3056,R_3G9t2VCRUDRExIu,b52,52,1,1230,picket fence,1,Not at all
3057,R_3G9t2VCRUDRExIu,b55,55,1,1284,coat rack,2,A little
3058,R_3G9t2VCRUDRExIu,b57,57,1,1320,Electric symbol,1,Not at all
3059,R_3G9t2VCRUDRExIu,b59,59,1,1366,tree,4,A lot
3060,R_3Gj5YVVywFscOci,b5,5,1,79,scissors,2,A little
3061,R_3Gj5YVVywFscOci,b6,6,1,87,batman mask,4,A lot
3062,R_3Gj5YVVywFscOci,b9,9,1,135,Mountain,1,Not at all
3063,R_3Gj5YVVywFscOci,b9,9,2,142,owl,1,Not at all
3064,R_3Gj5YVVywFscOci,b11,11,1,169,cubes,2,A little
3065,R_3Gj5YVVywFscOci,b13,13,1,232,upended umbrella,1,Not at all
3066,R_3Gj5YVVywFscOci,b16,16,1,296,whale tail,3,Moderately
3067,R_3Gj5YVVywFscOci,b17,17,1,313,ice cream,5,Completely
3068,R_3Gj5YVVywFscOci,b17,17,2,322,snowcone,5,Completely
3069,R_3Gj5YVVywFscOci,b18,18,1,334,guitar pick,3,Moderately
3070,R_3Gj5YVVywFscOci,b18,18,2,336,heart,1,Not at all
3071,R_3Gj5YVVywFscOci,b21,21,1,445,magnifying glass,3,Moderately
3072,R_3Gj5YVVywFscOci,b22,22,1,468,Math symbol,2,A little
3073,R_3Gj5YVVywFscOci,b23,23,1,487,flower,4,A lot
3074,R_3Gj5YVVywFscOci,b24,24,1,522,Pie symbol,3,Moderately
3075,R_3Gj5YVVywFscOci,b25,25,1,541,Fallen tree,1,Not at all
3076,R_3Gj5YVVywFscOci,b27,27,1,603,table chair,2,A little
3077,R_3Gj5YVVywFscOci,b30,30,1,667,hinge,4,A lot
3078,R_3Gj5YVVywFscOci,b34,34,1,764,heart,2,A little
3079,R_3Gj5YVVywFscOci,b37,37,1,829,butterfly,1,Not at all
3080,R_3Gj5YVVywFscOci,b39,39,1,880,glasses,2,A little
3081,R_3Gj5YVVywFscOci,b44,44,1,1025,lit match,2,A little
3082,R_3Gj5YVVywFscOci,b51,51,1,1202,key,1,Not at all
3083,R_3Gj5YVVywFscOci,b51,51,2,1205,person,1,Not at all
3084,R_3Gj5YVVywFscOci,b53,53,1,1247,Key,2,A little
3085,R_3Gj5YVVywFscOci,b54,54,1,1277,smoking pipe,1,Not at all
3086,R_3Gj5YVVywFscOci,b55,55,1,1295,yield sign,5,Completely
3087,R_3Gj5YVVywFscOci,b57,57,1,1318,concave quadrilateral,4,A lot
3088,R_3Gj5YVVywFscOci,b57,57,2,1322,heavy lift,3,Moderately
3089,R_3Gj5YVVywFscOci,b60,60,1,1369,box cone,4,A lot
3090,R_3Iwoq6uailNl1lL,b1,1,1,1,door knob,1,Not at all
3091,R_3Iwoq6uailNl1lL,b5,5,1,63,bd,5,Completely
3092,R_3Iwoq6uailNl1lL,b6,6,1,88,bed,1,Not at all
3093,R_3Iwoq6uailNl1lL,b12,12,1,187,church bell,1,Not at all
3094,R_3Iwoq6uailNl1lL,b17,17,1,319,shelf bracket,4,A lot
3095,R_3Iwoq6uailNl1lL,b20,20,1,402,Human Profile,5,Completely
3096,R_3Iwoq6uailNl1lL,b20,20,2,409,person,5,Completely
3097,R_3Iwoq6uailNl1lL,b22,22,1,467,magnifying glass,3,Moderately
3098,R_3Iwoq6uailNl1lL,b25,25,1,538,chair,4,A lot
3099,R_3Iwoq6uailNl1lL,b26,26,1,567,Cone,1,Not at all
3100,R_3Iwoq6uailNl1lL,b26,26,2,570,letter K,1,Not at all
3101,R_3Iwoq6uailNl1lL,b28,28,1,607,cylinder,1,Not at all
3102,R_3Iwoq6uailNl1lL,b29,29,1,627,chair,2,A little
3103,R_3Iwoq6uailNl1lL,b30,30,1,675,train car,1,Not at all
3104,R_3Iwoq6uailNl1lL,b31,31,1,685,fish,1,Not at all
3105,R_3Iwoq6uailNl1lL,b33,33,1,748,shovel,4,A lot
3106,R_3Iwoq6uailNl1lL,b34,34,1,755,Binoculars,2,A little
3107,R_3Iwoq6uailNl1lL,b34,34,2,760,camcorder,3,Moderately
3108,R_3Iwoq6uailNl1lL,b37,37,1,832,clover,5,Completely
3109,R_3Iwoq6uailNl1lL,b37,37,2,837,eyeglasses,1,Not at all
3110,R_3Iwoq6uailNl1lL,b41,41,1,927,coffee mug,5,Completely
3111,R_3Iwoq6uailNl1lL,b41,41,2,949,road,1,Not at all
3112,R_3Iwoq6uailNl1lL,b43,43,1,1003,watch,1,Not at all
3113,R_3Iwoq6uailNl1lL,b47,47,1,1120,pulley,1,Not at all
3114,R_3Iwoq6uailNl1lL,b49,49,1,1170,owl,1,Not at all
3115,R_3Iwoq6uailNl1lL,b52,52,1,1221,crosshair,1,Not at all
3116,R_3Iwoq6uailNl1lL,b53,53,1,1246,golf club,1,Not at all
3117,R_3Iwoq6uailNl1lL,b55,55,1,1295,yield sign,5,Completely
3118,R_3Iwoq6uailNl1lL,b58,58,1,1340,elephant trunk,1,Not at all
3119,R_3Iwoq6uailNl1lL,b58,58,2,1341,fishing hook,1,Not at all
3120,R_3Iyl9X8ONC995nz,b3,3,1,38,pulley,2,A little
3121,R_3Iyl9X8ONC995nz,b4,4,1,60,stingray,1,Not at all
3122,R_3Iyl9X8ONC995nz,b5,5,1,65,belly button,1,Not at all
3123,R_3Iyl9X8ONC995nz,b5,5,2,82,two lungs,2,A little
3124,R_3Iyl9X8ONC995nz,b7,7,1,117,tetrahedron,1,Not at all
3125,R_3Iyl9X8ONC995nz,b8,8,1,128,diamond,1,Not at all
3126,R_3Iyl9X8ONC995nz,b11,11,1,162,Basket,1,Not at all
3127,R_3Iyl9X8ONC995nz,b11,11,2,163,broom,2,A little
3128,R_3Iyl9X8ONC995nz,b16,16,1,274,Cone,4,A lot
3129,R_3Iyl9X8ONC995nz,b18,18,1,352,Speed Bump,1,Not at all
3130,R_3Iyl9X8ONC995nz,b19,19,1,372,music note,1,Not at all
3131,R_3Iyl9X8ONC995nz,b20,20,1,398,hanger,3,Moderately
3132,R_3Iyl9X8ONC995nz,b24,24,1,506,chair,5,Completely
3133,R_3Iyl9X8ONC995nz,b32,32,1,699,anchor,1,Not at all
3134,R_3Iyl9X8ONC995nz,b34,34,1,755,Binoculars,2,A little
3135,R_3Iyl9X8ONC995nz,b34,34,2,761,diving mask,1,Not at all
3136,R_3Iyl9X8ONC995nz,b36,36,1,814,spearhead,2,A little
3137,R_3Iyl9X8ONC995nz,b37,37,1,851,Tree,4,A lot
3138,R_3Iyl9X8ONC995nz,b39,39,1,892,snowman,1,Not at all
3139,R_3Iyl9X8ONC995nz,b40,40,1,914,padlock,2,A little
3140,R_3Iyl9X8ONC995nz,b42,42,1,970,two boxes,2,A little
3141,R_3Iyl9X8ONC995nz,b43,43,1,983,hospital sign,1,Not at all
3142,R_3Iyl9X8ONC995nz,b44,44,1,1009,Butterfly,1,Not at all
3143,R_3Iyl9X8ONC995nz,b47,47,1,1126,treble clef,1,Not at all
3144,R_3Iyl9X8ONC995nz,b48,48,1,1153,tetris block,5,Completely
3145,R_3Iyl9X8ONC995nz,b51,51,1,1209,Robot,2,A little
3146,R_3Iyl9X8ONC995nz,b52,52,1,1226,letter T,1,Not at all
3147,R_3Iyl9X8ONC995nz,b53,53,1,1258,turtle,1,Not at all
3148,R_3Iyl9X8ONC995nz,b54,54,1,1270,golf club,1,Not at all
3149,R_3Iyl9X8ONC995nz,b59,59,1,1353,beach umbrella,4,A lot
3150,R_3JEq7PnMxwS1c20,b6,6,1,97,hourglass,1,Not at all
3151,R_3JEq7PnMxwS1c20,b9,9,1,139,coat rack,1,Not at all
3152,R_3JEq7PnMxwS1c20,b14,14,1,250,mushroom,1,Not at all
3153,R_3JEq7PnMxwS1c20,b15,15,1,273,trapezium,1,Not at all
3154,R_3JEq7PnMxwS1c20,b17,17,1,301,chalice,5,Completely
3155,R_3JEq7PnMxwS1c20,b17,17,2,325,wine glass,1,Not at all
3156,R_3JEq7PnMxwS1c20,b19,19,1,362,computer mouse,2,A little
3157,R_3JEq7PnMxwS1c20,b22,22,1,466,lowercase a,1,Not at all
3158,R_3JEq7PnMxwS1c20,b24,24,1,514,hammer,1,Not at all
3159,R_3JEq7PnMxwS1c20,b24,24,2,525,rake,1,Not at all
3160,R_3JEq7PnMxwS1c20,b25,25,1,547,letter F,1,Not at all
3161,R_3JEq7PnMxwS1c20,b26,26,1,563,arrowhead,1,Not at all
3162,R_3JEq7PnMxwS1c20,b27,27,1,593,ladder,1,Not at all
3163,R_3JEq7PnMxwS1c20,b27,27,2,595,parallel lines,1,Not at all
3164,R_3JEq7PnMxwS1c20,b28,28,1,617,plus sign,1,Not at all
3165,R_3JEq7PnMxwS1c20,b33,33,1,735,key,1,Not at all
3166,R_3JEq7PnMxwS1c20,b34,34,1,758,bow tie,1,Not at all
3167,R_3JEq7PnMxwS1c20,b34,34,2,771,Owl face,2,A little
3168,R_3JEq7PnMxwS1c20,b40,40,1,915,PC,1,Not at all
3169,R_3JEq7PnMxwS1c20,b41,41,1,932,flag pole,1,Not at all
3170,R_3JEq7PnMxwS1c20,b43,43,1,996,snake donut,1,Not at all
3171,R_3JEq7PnMxwS1c20,b44,44,1,1030,OVAL,1,Not at all
3172,R_3JEq7PnMxwS1c20,b44,44,2,1042,swan,2,A little
3173,R_3JEq7PnMxwS1c20,b47,47,1,1119,Pill,1,Not at all
3174,R_3JEq7PnMxwS1c20,b50,50,1,1189,slingshot,1,Not at all
3175,R_3JEq7PnMxwS1c20,b53,53,1,1247,Key,1,Not at all
3176,R_3JEq7PnMxwS1c20,b58,58,1,1339,anchor,1,Not at all
3177,R_3JEq7PnMxwS1c20,b59,59,1,1359,gymnastics apparatus,1,Not at all
3178,R_3JEq7PnMxwS1c20,b59,59,2,1368,vortex,1,Not at all
3179,R_3JEq7PnMxwS1c20,b60,60,1,1373,envelope,1,Not at all
3180,R_3JFti2BLkD09k1A,b2,2,1,9,hash,1,Not at all
3181,R_3JFti2BLkD09k1A,b2,2,2,11,number 10,1,Not at all
3182,R_3JFti2BLkD09k1A,b5,5,1,77,minor note,1,Not at all
3183,R_3JFti2BLkD09k1A,b5,5,2,78,pulley,1,Not at all
3184,R_3JFti2BLkD09k1A,b6,6,1,89,binoculars,3,Moderately
3185,R_3JFti2BLkD09k1A,b9,9,1,140,candlestick,1,Not at all
3186,R_3JFti2BLkD09k1A,b12,12,1,190,desk,1,Not at all
3187,R_3JFti2BLkD09k1A,b12,12,2,204,Umbrella,1,Not at all
3188,R_3JFti2BLkD09k1A,b13,13,1,230,toilet,1,Not at all
3189,R_3JFti2BLkD09k1A,b17,17,1,313,ice cream,5,Completely
3190,R_3JFti2BLkD09k1A,b20,20,1,408,pedestal,1,Not at all
3191,R_3JFti2BLkD09k1A,b20,20,2,415,speech bubble,1,Not at all
3192,R_3JFti2BLkD09k1A,b20,20,3,418,Vessel,1,Not at all
3193,R_3JFti2BLkD09k1A,b22,22,1,469,padlock,2,A little
3194,R_3JFti2BLkD09k1A,b22,22,2,476,speaker sign,2,A little
3195,R_3JFti2BLkD09k1A,b24,24,1,511,flag,1,Not at all
3196,R_3JFti2BLkD09k1A,b29,29,1,646,trident,1,Not at all
3197,R_3JFti2BLkD09k1A,b32,32,1,723,umbrella,1,Not at all
3198,R_3JFti2BLkD09k1A,b41,41,1,952,square bulge,5,Completely
3199,R_3JFti2BLkD09k1A,b45,45,1,1047,clock,4,A lot
3200,R_3JFti2BLkD09k1A,b46,46,1,1077,heart,1,Not at all
3201,R_3JFti2BLkD09k1A,b47,47,1,1116,mountain,1,Not at all
3202,R_3JFti2BLkD09k1A,b47,47,2,1117,Mouse,4,A lot
3203,R_3JFti2BLkD09k1A,b50,50,1,1181,Electric tower,1,Not at all
3204,R_3JFti2BLkD09k1A,b50,50,2,1190,Standing lamp,1,Not at all
3205,R_3JFti2BLkD09k1A,b52,52,1,1237,toothbrush,1,Not at all
3206,R_3JFti2BLkD09k1A,b57,57,1,1320,Electric symbol,1,Not at all
3207,R_3JFti2BLkD09k1A,b57,57,2,1330,stacked triangles,2,A little
3208,R_3JFti2BLkD09k1A,b59,59,1,1363,rocket,1,Not at all
3209,R_3JFti2BLkD09k1A,b60,60,1,1371,cube,1,Not at all
3210,R_3L1IWsEiW0m3SUV,b4,4,1,1400,infinity symbol,1,Not at all
3211,R_3L1IWsEiW0m3SUV,b5,5,1,1405,eyeglasses,2,A little
3212,R_3L1IWsEiW0m3SUV,b5,5,2,1411,spectacles,2,A little
3213,R_3L1IWsEiW0m3SUV,b6,6,1,1416,headphones,2,A little
3214,R_3L1IWsEiW0m3SUV,b10,10,1,1445,fir tree,1,Not at all
3215,R_3L1IWsEiW0m3SUV,b10,10,2,1447,Fork and trident,4,A lot
3216,R_3L1IWsEiW0m3SUV,b10,10,3,1895,inverted comb,2,A little
3217,R_3L1IWsEiW0m3SUV,b12,12,1,1465,Floor lamp,2,A little
3218,R_3L1IWsEiW0m3SUV,b15,15,1,1482,Yield sign,1,Not at all
3219,R_3L1IWsEiW0m3SUV,b15,15,2,1483,Skull,5,Completely
3220,R_3L1IWsEiW0m3SUV,b18,18,1,1508,ship flag,1,Not at all
3221,R_3L1IWsEiW0m3SUV,b18,18,2,1517,Arch bridge,2,A little
3222,R_3L1IWsEiW0m3SUV,b26,26,1,1598,triangle attached to a straight line,5,Completely
3223,R_3L1IWsEiW0m3SUV,b27,27,1,1608,Capital E,2,A little
3224,R_3L1IWsEiW0m3SUV,b27,27,2,1903,X,1,Not at all
3225,R_3L1IWsEiW0m3SUV,b38,38,1,1698,snowman face,1,Not at all
3226,R_3L1IWsEiW0m3SUV,b39,39,1,1712,football player with shoulder pads,2,A little
3227,R_3L1IWsEiW0m3SUV,b41,41,1,1724,padlock,2,A little
3228,R_3L1IWsEiW0m3SUV,b42,42,1,1732,tic-tac-toe board,2,A little
3229,R_3L1IWsEiW0m3SUV,b42,42,2,1735,window frame,5,Completely
3230,R_3L1IWsEiW0m3SUV,b44,44,1,1753,Snake eye,2,A little
3231,R_3L1IWsEiW0m3SUV,b47,47,1,1773,snake eye,2,A little
3232,R_3L1IWsEiW0m3SUV,b49,49,1,1789,spade,2,A little
3233,R_3L1IWsEiW0m3SUV,b49,49,2,1793,Owl face,1,Not at all
3234,R_3L1IWsEiW0m3SUV,b52,52,1,1815,flagpole bracket,1,Not at all
3235,R_3L1IWsEiW0m3SUV,b52,52,2,1816,inverted T,2,A little
3236,R_3L1IWsEiW0m3SUV,b54,54,1,1834,flag key,4,A lot
3237,R_3L1IWsEiW0m3SUV,b57,57,1,1875,window pane,1,Not at all
3238,R_3L1IWsEiW0m3SUV,b59,59,1,1884,Greek temple,2,A little
3239,R_3L1IWsEiW0m3SUV,b60,60,1,1892,wireframe cube,1,Not at all
3240,R_3NfYHDNTjIop4n9,b5,5,1,69,cherry,1,Not at all
3241,R_3NfYHDNTjIop4n9,b9,9,1,132,ant,1,Not at all
3242,R_3NfYHDNTjIop4n9,b9,9,2,136,heart,1,Not at all
3243,R_3NfYHDNTjIop4n9,b13,13,1,221,mortar & pestle,1,Not at all
3244,R_3NfYHDNTjIop4n9,b14,14,1,243,eyes,1,Not at all
3245,R_3NfYHDNTjIop4n9,b17,17,1,308,guitar pick,2,A little
3246,R_3NfYHDNTjIop4n9,b20,20,1,403,ice cream,1,Not at all
3247,R_3NfYHDNTjIop4n9,b23,23,1,482,balloon,2,A little
3248,R_3NfYHDNTjIop4n9,b27,27,1,585,Cubes,1,Not at all
3249,R_3NfYHDNTjIop4n9,b28,28,1,610,face,1,Not at all
3250,R_3NfYHDNTjIop4n9,b30,30,1,677,window,2,A little
3251,R_3NfYHDNTjIop4n9,b36,36,1,800,broadcast tower,1,Not at all
3252,R_3NfYHDNTjIop4n9,b36,36,2,819,tripod,5,Completely
3253,R_3NfYHDNTjIop4n9,b37,37,1,826,bow tie,1,Not at all
3254,R_3NfYHDNTjIop4n9,b37,37,2,836,dumbbell,1,Not at all
3255,R_3NfYHDNTjIop4n9,b37,37,3,845,key,3,Moderately
3256,R_3NfYHDNTjIop4n9,b39,39,1,873,bucket,1,Not at all
3257,R_3NfYHDNTjIop4n9,b42,42,1,958,four squares,5,Completely
3258,R_3NfYHDNTjIop4n9,b42,42,2,969,tic-tac-toe,3,Moderately
3259,R_3NfYHDNTjIop4n9,b43,43,1,978,corkscrew,1,Not at all
3260,R_3NfYHDNTjIop4n9,b44,44,1,1043,sword,1,Not at all
3261,R_3NfYHDNTjIop4n9,b47,47,1,1106,circular shrug,1,Not at all
3262,R_3NfYHDNTjIop4n9,b49,49,1,1162,butterfly,1,Not at all
3263,R_3NfYHDNTjIop4n9,b50,50,1,1186,martini glass,1,Not at all
3264,R_3NfYHDNTjIop4n9,b50,50,2,1190,Standing lamp,1,Not at all
3265,R_3NfYHDNTjIop4n9,b51,51,1,1214,transistor radio,4,A lot
3266,R_3NfYHDNTjIop4n9,b51,51,2,1215,TV,4,A lot
3267,R_3NfYHDNTjIop4n9,b52,52,1,1224,letter E,1,Not at all
3268,R_3NfYHDNTjIop4n9,b54,54,1,1261,Basketball hoop,1,Not at all
3269,R_3NfYHDNTjIop4n9,b58,58,1,1342,hanging scale,1,Not at all
3270,R_3OHNXN4hLTZwVJ8,b11,11,1,171,door key,1,Not at all
3271,R_3OHNXN4hLTZwVJ8,b15,15,1,273,trapezium,1,Not at all
3272,R_3OHNXN4hLTZwVJ8,b19,19,1,376,scissors,1,Not at all
3273,R_3OHNXN4hLTZwVJ8,b21,21,1,448,guitar silhouette,1,Not at all
3274,R_3OHNXN4hLTZwVJ8,b24,24,1,526,rectangle,1,Not at all
3275,R_3OHNXN4hLTZwVJ8,b25,25,1,541,Fallen tree,1,Not at all
3276,R_3OHNXN4hLTZwVJ8,b25,25,2,557,stick,1,Not at all
3277,R_3OHNXN4hLTZwVJ8,b25,25,3,559,triangle,1,Not at all
3278,R_3OHNXN4hLTZwVJ8,b33,33,1,727,bell,5,Completely
3279,R_3OHNXN4hLTZwVJ8,b34,34,1,763,glasses on nose,1,Not at all
3280,R_3OHNXN4hLTZwVJ8,b35,35,1,795,spade,1,Not at all
3281,R_3OHNXN4hLTZwVJ8,b36,36,1,809,pitchfork,3,Moderately
3282,R_3OHNXN4hLTZwVJ8,b37,37,1,829,butterfly,1,Not at all
3283,R_3OHNXN4hLTZwVJ8,b39,39,1,877,flower,1,Not at all
3284,R_3OHNXN4hLTZwVJ8,b39,39,2,883,ice cream,5,Completely
3285,R_3OHNXN4hLTZwVJ8,b40,40,1,922,traffic light,1,Not at all
3286,R_3OHNXN4hLTZwVJ8,b41,41,1,925,chair,1,Not at all
3287,R_3OHNXN4hLTZwVJ8,b41,41,2,944,paperclip holder,1,Not at all
3288,R_3OHNXN4hLTZwVJ8,b41,41,3,952,square bulge,1,Not at all
3289,R_3OHNXN4hLTZwVJ8,b45,45,1,1052,key,1,Not at all
3290,R_3OHNXN4hLTZwVJ8,b47,47,1,1107,computer mouse,5,Completely
3291,R_3OHNXN4hLTZwVJ8,b52,52,1,1226,letter T,1,Not at all
3292,R_3OHNXN4hLTZwVJ8,b53,53,1,1248,keyhole,1,Not at all
3293,R_3OHNXN4hLTZwVJ8,b55,55,1,1291,stand,1,Not at all
3294,R_3OHNXN4hLTZwVJ8,b56,56,1,1296,arm,1,Not at all
3295,R_3OHNXN4hLTZwVJ8,b57,57,1,1317,bow tie,1,Not at all
3296,R_3OHNXN4hLTZwVJ8,b57,57,2,1319,cross brace,2,A little
3297,R_3OHNXN4hLTZwVJ8,b58,58,1,1340,elephant trunk,1,Not at all
3298,R_3OHNXN4hLTZwVJ8,b60,60,1,1377,roof,1,Not at all
3299,R_3OHNXN4hLTZwVJ8,b60,60,2,1379,trapezium,3,Moderately
3300,R_3OqoKqH7WF2Fw5s,b2,2,1,1386,Eiffel tower,1,Not at all
3301,R_3OqoKqH7WF2Fw5s,b7,7,1,1424,pair of arrows,4,A lot
3302,R_3OqoKqH7WF2Fw5s,b10,10,1,1441,A T with two small bars on the side,3,Moderately
3303,R_3OqoKqH7WF2Fw5s,b12,12,1,1467,D on stilts,2,A little
3304,R_3OqoKqH7WF2Fw5s,b15,15,1,1484,hexagon,1,Not at all
3305,R_3OqoKqH7WF2Fw5s,b16,16,1,1497,ice-cream cone,4,A lot
3306,R_3OqoKqH7WF2Fw5s,b16,16,2,1498,church bell,1,Not at all
3307,R_3OqoKqH7WF2Fw5s,b18,18,1,1514,Trumpet mouthpiece,1,Not at all
3308,R_3OqoKqH7WF2Fw5s,b21,21,1,1545,light bulb,2,A little
3309,R_3OqoKqH7WF2Fw5s,b25,25,1,1576,shelf bracket,3,Moderately
3310,R_3OqoKqH7WF2Fw5s,b25,25,2,1580,Skeleton key,1,Not at all
3311,R_3OqoKqH7WF2Fw5s,b25,25,3,1585,Tower crane,1,Not at all
3312,R_3OqoKqH7WF2Fw5s,b27,27,1,1600,picture frame,1,Not at all
3313,R_3OqoKqH7WF2Fw5s,b27,27,2,1601,backwards F,1,Not at all
3314,R_3OqoKqH7WF2Fw5s,b29,29,1,1620,Letter B,1,Not at all
3315,R_3OqoKqH7WF2Fw5s,b30,30,1,1634,grand piano,1,Not at all
3316,R_3OqoKqH7WF2Fw5s,b31,31,1,1650,Arrow through a cricle,2,A little
3317,R_3OqoKqH7WF2Fw5s,b38,38,1,1700,clover,1,Not at all
3318,R_3OqoKqH7WF2Fw5s,b40,40,1,1717,table frame,2,A little
3319,R_3OqoKqH7WF2Fw5s,b43,43,1,1908,key,1,Not at all
3320,R_3OqoKqH7WF2Fw5s,b44,44,1,1751,saxophone key,1,Not at all
3321,R_3OqoKqH7WF2Fw5s,b44,44,2,1909,question mark,1,Not at all
3322,R_3OqoKqH7WF2Fw5s,b45,45,1,1759,sitting person,1,Not at all
3323,R_3OqoKqH7WF2Fw5s,b46,46,1,1766,eye,1,Not at all
3324,R_3OqoKqH7WF2Fw5s,b47,47,1,1775,glasses,1,Not at all
3325,R_3OqoKqH7WF2Fw5s,b52,52,1,1819,Uppercase F,5,Completely
3326,R_3OqoKqH7WF2Fw5s,b54,54,1,1835,pound sign,1,Not at all
3327,R_3OqoKqH7WF2Fw5s,b57,57,1,1871,capital z,1,Not at all
3328,R_3OqoKqH7WF2Fw5s,b59,59,1,1887,Campfire tripod,1,Not at all
3329,R_3OqoKqH7WF2Fw5s,b59,59,2,1890,Christmas tree,3,Moderately
3330,R_3P1FMXPVV17HBGp,b2,2,1,12,sideways H,1,Not at all
3331,R_3P1FMXPVV17HBGp,b5,5,1,76,letter D,2,A little
3332,R_3P1FMXPVV17HBGp,b6,6,1,85,ant,1,Not at all
3333,R_3P1FMXPVV17HBGp,b10,10,1,156,Rake,3,Moderately
3334,R_3P1FMXPVV17HBGp,b11,11,1,169,cubes,1,Not at all
3335,R_3P1FMXPVV17HBGp,b11,11,2,172,fork,5,Completely
3336,R_3P1FMXPVV17HBGp,b12,12,1,186,chalice,5,Completely
3337,R_3P1FMXPVV17HBGp,b12,12,2,191,downward umbrella,3,Moderately
3338,R_3P1FMXPVV17HBGp,b13,13,1,223,pentgon,1,Not at all
3339,R_3P1FMXPVV17HBGp,b21,21,1,421,Boat,1,Not at all
3340,R_3P1FMXPVV17HBGp,b21,21,2,446,bowler hat,2,A little
3341,R_3P1FMXPVV17HBGp,b22,22,1,474,rectangle,1,Not at all
3342,R_3P1FMXPVV17HBGp,b23,23,1,498,streetlamp,4,A lot
3343,R_3P1FMXPVV17HBGp,b23,23,2,499,superman logo,2,A little
3344,R_3P1FMXPVV17HBGp,b23,23,3,500,traffic stop,3,Moderately
3345,R_3P1FMXPVV17HBGp,b24,24,1,508,comb,1,Not at all
3346,R_3P1FMXPVV17HBGp,b24,24,2,531,trident,1,Not at all
3347,R_3P1FMXPVV17HBGp,b27,27,1,589,fork,1,Not at all
3348,R_3P1FMXPVV17HBGp,b27,27,2,602,staple remover,1,Not at all
3349,R_3P1FMXPVV17HBGp,b30,30,1,666,helicopter,1,Not at all
3350,R_3P1FMXPVV17HBGp,b32,32,1,699,anchor,2,A little
3351,R_3P1FMXPVV17HBGp,b34,34,1,765,hourglass,1,Not at all
3352,R_3P1FMXPVV17HBGp,b36,36,1,816,tree branch,3,Moderately
3353,R_3P1FMXPVV17HBGp,b37,37,1,832,clover,3,Moderately
3354,R_3P1FMXPVV17HBGp,b40,40,1,914,padlock,2,A little
3355,R_3P1FMXPVV17HBGp,b41,41,1,941,mug,5,Completely
3356,R_3P1FMXPVV17HBGp,b42,42,1,973,window,5,Completely
3357,R_3P1FMXPVV17HBGp,b44,44,1,1022,ink pencil,1,Not at all
3358,R_3P1FMXPVV17HBGp,b46,46,1,1086,mustache,4,A lot
3359,R_3P1FMXPVV17HBGp,b54,54,1,1271,key,3,Moderately
3360,R_3PIfZ3z0k62Qf6a,b5,5,1,1405,eyeglasses,1,Not at all
3361,R_3PIfZ3z0k62Qf6a,b6,6,1,1413,bow tie,1,Not at all
3362,R_3PIfZ3z0k62Qf6a,b10,10,1,1445,fir tree,1,Not at all
3363,R_3PIfZ3z0k62Qf6a,b13,13,1,1469,bulb,1,Not at all
3364,R_3PIfZ3z0k62Qf6a,b13,13,2,1473,arched window,1,Not at all
3365,R_3PIfZ3z0k62Qf6a,b13,13,3,1474,padlock,1,Not at all
3366,R_3PIfZ3z0k62Qf6a,b14,14,1,1478,pig snout,1,Not at all
3367,R_3PIfZ3z0k62Qf6a,b15,15,1,1483,Skull,1,Not at all
3368,R_3PIfZ3z0k62Qf6a,b19,19,1,1531,Currency symbol,1,Not at all
3369,R_3PIfZ3z0k62Qf6a,b24,24,1,1573,block H,3,Moderately
3370,R_3PIfZ3z0k62Qf6a,b25,25,1,1576,shelf bracket,1,Not at all
3371,R_3PIfZ3z0k62Qf6a,b29,29,1,1621,C note,1,Not at all
3372,R_3PIfZ3z0k62Qf6a,b30,30,1,1636,park bench,1,Not at all
3373,R_3PIfZ3z0k62Qf6a,b36,36,1,1688,Slingshot pole,1,Not at all
3374,R_3PIfZ3z0k62Qf6a,b40,40,1,1719,Flagpole sign,1,Not at all
3375,R_3PIfZ3z0k62Qf6a,b41,41,1,1726,padlock hasp,1,Not at all
3376,R_3PIfZ3z0k62Qf6a,b44,44,1,1749,power button,1,Not at all
3377,R_3PIfZ3z0k62Qf6a,b45,45,1,1763,face with a nose,2,A little
3378,R_3PIfZ3z0k62Qf6a,b46,46,1,1770,Figure eight,1,Not at all
3379,R_3PIfZ3z0k62Qf6a,b47,47,1,1773,snake eye,1,Not at all
3380,R_3PIfZ3z0k62Qf6a,b50,50,1,1800,Candelabra stand,1,Not at all
3381,R_3PIfZ3z0k62Qf6a,b51,51,1,1804,stick figure,1,Not at all
3382,R_3PIfZ3z0k62Qf6a,b52,52,1,1812,sideways T,1,Not at all
3383,R_3PIfZ3z0k62Qf6a,b53,53,1,1826,teapot,1,Not at all
3384,R_3PIfZ3z0k62Qf6a,b54,54,1,1834,flag key,2,A little
3385,R_3PIfZ3z0k62Qf6a,b55,55,1,1849,Down arrow,1,Not at all
3386,R_3PIfZ3z0k62Qf6a,b56,56,1,1856,flag pole,1,Not at all
3387,R_3PIfZ3z0k62Qf6a,b56,56,2,1859,kite emblem,1,Not at all
3388,R_3PIfZ3z0k62Qf6a,b56,56,3,1864,Circled K,1,Not at all
3389,R_3PIfZ3z0k62Qf6a,b59,59,1,1889,Bridge arch,1,Not at all
3390,R_3PhF4cXDWoPrDro,b3,3,1,42,wine glass,2,A little
3391,R_3PhF4cXDWoPrDro,b4,4,1,50,eyeglasses,5,Completely
3392,R_3PhF4cXDWoPrDro,b4,4,2,53,goggles,4,A lot
3393,R_3PhF4cXDWoPrDro,b7,7,1,120,wine glass,2,A little
3394,R_3PhF4cXDWoPrDro,b9,9,1,133,bag,2,A little
3395,R_3PhF4cXDWoPrDro,b9,9,2,136,heart,1,Not at all
3396,R_3PhF4cXDWoPrDro,b13,13,1,210,cup,5,Completely
3397,R_3PhF4cXDWoPrDro,b15,15,1,265,house,5,Completely
3398,R_3PhF4cXDWoPrDro,b16,16,1,275,cube,1,Not at all
3399,R_3PhF4cXDWoPrDro,b18,18,1,338,icecream cone,5,Completely
3400,R_3PhF4cXDWoPrDro,b20,20,1,410,propeller hat,2,A little
3401,R_3PhF4cXDWoPrDro,b22,22,1,454,cone,4,A lot
3402,R_3PhF4cXDWoPrDro,b29,29,1,642,shovel,5,Completely
3403,R_3PhF4cXDWoPrDro,b30,30,1,650,basket,2,A little
3404,R_3PhF4cXDWoPrDro,b30,30,2,668,key,3,Moderately
3405,R_3PhF4cXDWoPrDro,b30,30,3,672,prison bars,4,A lot
3406,R_3PhF4cXDWoPrDro,b33,33,1,734,hanging lamp,5,Completely
3407,R_3PhF4cXDWoPrDro,b33,33,2,742,pan cover,4,A lot
3408,R_3PhF4cXDWoPrDro,b35,35,1,781,cat face,4,A lot
3409,R_3PhF4cXDWoPrDro,b37,37,1,850,stick figure,1,Not at all
3410,R_3PhF4cXDWoPrDro,b41,41,1,927,coffee mug,5,Completely
3411,R_3PhF4cXDWoPrDro,b41,41,2,954,trapezium,1,Not at all
3412,R_3PhF4cXDWoPrDro,b43,43,1,980,earring,5,Completely
3413,R_3PhF4cXDWoPrDro,b43,43,2,992,royal scepter,2,A little
3414,R_3PhF4cXDWoPrDro,b44,44,1,1030,OVAL,3,Moderately
3415,R_3PhF4cXDWoPrDro,b47,47,1,1117,Mouse,5,Completely
3416,R_3PhF4cXDWoPrDro,b55,55,1,1290,spade,3,Moderately
3417,R_3PhF4cXDWoPrDro,b56,56,1,1298,balloon,4,A lot
3418,R_3PhF4cXDWoPrDro,b57,57,1,1324,kite,3,Moderately
3419,R_3PhF4cXDWoPrDro,b59,59,1,1360,hat,4,A lot
3420,R_3PjlkNZBuPD4jl2,b3,3,1,42,wine glass,1,Not at all
3421,R_3PjlkNZBuPD4jl2,b4,4,1,50,eyeglasses,4,A lot
3422,R_3PjlkNZBuPD4jl2,b5,5,1,63,bd,5,Completely
3423,R_3PjlkNZBuPD4jl2,b6,6,1,106,spetacle,5,Completely
3424,R_3PjlkNZBuPD4jl2,b7,7,1,118,tree,3,Moderately
3425,R_3PjlkNZBuPD4jl2,b8,8,1,127,coat rack,2,A little
3426,R_3PjlkNZBuPD4jl2,b11,11,1,167,Candelabra,4,A lot
3427,R_3PjlkNZBuPD4jl2,b12,12,1,191,downward umbrella,1,Not at all
3428,R_3PjlkNZBuPD4jl2,b12,12,2,204,Umbrella,1,Not at all
3429,R_3PjlkNZBuPD4jl2,b15,15,1,269,plant pot,1,Not at all
3430,R_3PjlkNZBuPD4jl2,b19,19,1,383,teapot,1,Not at all
3431,R_3PjlkNZBuPD4jl2,b21,21,1,433,pictogram,1,Not at all
3432,R_3PjlkNZBuPD4jl2,b22,22,1,470,padlock,3,Moderately
3433,R_3PjlkNZBuPD4jl2,b23,23,1,487,flower,1,Not at all
3434,R_3PjlkNZBuPD4jl2,b26,26,1,569,flag pole,5,Completely
3435,R_3PjlkNZBuPD4jl2,b29,29,1,640,power button,1,Not at all
3436,R_3PjlkNZBuPD4jl2,b30,30,1,657,c-clamp,1,Not at all
3437,R_3PjlkNZBuPD4jl2,b31,31,1,682,birthday hat,1,Not at all
3438,R_3PjlkNZBuPD4jl2,b36,36,1,798,arrow,4,A lot
3439,R_3PjlkNZBuPD4jl2,b36,36,2,800,broadcast tower,2,A little
3440,R_3PjlkNZBuPD4jl2,b36,36,3,808,peace sign,2,A little
3441,R_3PjlkNZBuPD4jl2,b36,36,4,819,tripod,4,A lot
3442,R_3PjlkNZBuPD4jl2,b39,39,1,887,owl,1,Not at all
3443,R_3PjlkNZBuPD4jl2,b41,41,1,937,letter R,2,A little
3444,R_3PjlkNZBuPD4jl2,b41,41,2,950,semi circle,1,Not at all
3445,R_3PjlkNZBuPD4jl2,b44,44,1,1042,swan,2,A little
3446,R_3PjlkNZBuPD4jl2,b47,47,1,1122,snail,1,Not at all
3447,R_3PjlkNZBuPD4jl2,b48,48,1,1145,pedestal table,3,Moderately
3448,R_3PjlkNZBuPD4jl2,b54,54,1,1263,Brush,2,A little
3449,R_3PjlkNZBuPD4jl2,b57,57,1,1338,Zorro symbol,1,Not at all
3450,R_3Q3Ffru6REkyFEB,b4,4,1,62,two ds,2,A little
3451,R_3Q3Ffru6REkyFEB,b13,13,1,208,chalice,3,Moderately
3452,R_3Q3Ffru6REkyFEB,b13,13,2,216,keyhole,1,Not at all
3453,R_3Q3Ffru6REkyFEB,b13,13,3,226,sign,1,Not at all
3454,R_3Q3Ffru6REkyFEB,b17,17,1,297,Abstract Eyeball,2,A little
3455,R_3Q3Ffru6REkyFEB,b26,26,1,564,baseball pendant,4,A lot
3456,R_3Q3Ffru6REkyFEB,b27,27,1,583,candy bar,2,A little
3457,R_3Q3Ffru6REkyFEB,b28,28,1,619,sunglasses,4,A lot
3458,R_3Q3Ffru6REkyFEB,b30,30,1,648,arrow,1,Not at all
3459,R_3Q3Ffru6REkyFEB,b30,30,2,678,wing ding,1,Not at all
3460,R_3Q3Ffru6REkyFEB,b33,33,1,726,Antenna,2,A little
3461,R_3Q3Ffru6REkyFEB,b35,35,1,780,bow tie,1,Not at all
3462,R_3Q3Ffru6REkyFEB,b36,36,1,797,anchor,1,Not at all
3463,R_3Q3Ffru6REkyFEB,b36,36,2,801,crane,1,Not at all
3464,R_3Q3Ffru6REkyFEB,b37,37,1,825,balloons,2,A little
3465,R_3Q3Ffru6REkyFEB,b37,37,2,849,snow man,1,Not at all
3466,R_3Q3Ffru6REkyFEB,b40,40,1,901,coffee mug,3,Moderately
3467,R_3Q3Ffru6REkyFEB,b40,40,2,918,pouch,1,Not at all
3468,R_3Q3Ffru6REkyFEB,b42,42,1,966,Small Rectangles,2,A little
3469,R_3Q3Ffru6REkyFEB,b43,43,1,1006,zooming ball,1,Not at all
3470,R_3Q3Ffru6REkyFEB,b44,44,1,1025,lit match,2,A little
3471,R_3Q3Ffru6REkyFEB,b46,46,1,1073,face,2,A little
3472,R_3Q3Ffru6REkyFEB,b47,47,1,1100,asclepius rod,1,Not at all
3473,R_3Q3Ffru6REkyFEB,b47,47,2,1127,Vase,1,Not at all
3474,R_3Q3Ffru6REkyFEB,b48,48,1,1150,table,3,Moderately
3475,R_3Q3Ffru6REkyFEB,b49,49,1,1174,Triangle,1,Not at all
3476,R_3Q3Ffru6REkyFEB,b54,54,1,1278,wrench,1,Not at all
3477,R_3Q3Ffru6REkyFEB,b57,57,1,1333,tie,3,Moderately
3478,R_3Q3Ffru6REkyFEB,b58,58,1,1345,musical clef,1,Not at all
3479,R_3Q3Ffru6REkyFEB,b59,59,1,1365,ship sail,1,Not at all
3480,R_3QDAsyMxSOkNKTc,b3,3,1,35,hook,1,Not at all
3481,R_3QDAsyMxSOkNKTc,b5,5,1,64,bed,2,A little
3482,R_3QDAsyMxSOkNKTc,b11,11,1,177,pitchfork,4,A lot
3483,R_3QDAsyMxSOkNKTc,b14,14,1,239,car,1,Not at all
3484,R_3QDAsyMxSOkNKTc,b20,20,1,395,flower pot,1,Not at all
3485,R_3QDAsyMxSOkNKTc,b20,20,2,410,propeller hat,1,Not at all
3486,R_3QDAsyMxSOkNKTc,b23,23,1,480,anchor,2,A little
3487,R_3QDAsyMxSOkNKTc,b25,25,1,537,broken hurdle,3,Moderately
3488,R_3QDAsyMxSOkNKTc,b28,28,1,617,plus sign,2,A little
3489,R_3QDAsyMxSOkNKTc,b30,30,1,654,bow and arrow,4,A lot
3490,R_3QDAsyMxSOkNKTc,b32,32,1,713,lollipop,2,A little
3491,R_3QDAsyMxSOkNKTc,b33,33,1,740,mop,3,Moderately
3492,R_3QDAsyMxSOkNKTc,b35,35,1,792,owl face,2,A little
3493,R_3QDAsyMxSOkNKTc,b36,36,1,819,tripod,3,Moderately
3494,R_3QDAsyMxSOkNKTc,b37,37,1,849,snow man,2,A little
3495,R_3QDAsyMxSOkNKTc,b40,40,1,900,coffee cup,4,A lot
3496,R_3QDAsyMxSOkNKTc,b42,42,1,969,tic-tac-toe,2,A little
3497,R_3QDAsyMxSOkNKTc,b45,45,1,1045,balloon,2,A little
3498,R_3QDAsyMxSOkNKTc,b45,45,2,1058,magnifying glass,1,Not at all
3499,R_3QDAsyMxSOkNKTc,b46,46,1,1086,mustache,3,Moderately
3500,R_3QDAsyMxSOkNKTc,b47,47,1,1124,stethoscope,1,Not at all
3501,R_3QDAsyMxSOkNKTc,b51,51,1,1211,Satellite dish,2,A little
3502,R_3QDAsyMxSOkNKTc,b55,55,1,1283,Cat snout,1,Not at all
3503,R_3QDAsyMxSOkNKTc,b56,56,1,1300,checkmark,1,Not at all
3504,R_3QDAsyMxSOkNKTc,b56,56,2,1302,clock,5,Completely
3505,R_3QDAsyMxSOkNKTc,b57,57,1,1317,bow tie,3,Moderately
3506,R_3QDAsyMxSOkNKTc,b57,57,2,1325,not equal,3,Moderately
3507,R_3QDAsyMxSOkNKTc,b57,57,3,1331,table,2,A little
3508,R_3QDAsyMxSOkNKTc,b58,58,1,1343,letter G,1,Not at all
3509,R_3QDAsyMxSOkNKTc,b59,59,1,1363,rocket,4,A lot
3510,R_3QtF213Roangy3c,b6,6,1,85,ant,1,Not at all
3511,R_3QtF213Roangy3c,b6,6,2,96,handcuffs,2,A little
3512,R_3QtF213Roangy3c,b9,9,1,133,bag,1,Not at all
3513,R_3QtF213Roangy3c,b11,11,1,182,two squares,1,Not at all
3514,R_3QtF213Roangy3c,b12,12,1,202,skeleton key,1,Not at all
3515,R_3QtF213Roangy3c,b14,14,1,242,elephant head,2,A little
3516,R_3QtF213Roangy3c,b16,16,1,282,house,1,Not at all
3517,R_3QtF213Roangy3c,b16,16,2,286,magnifying glass,1,Not at all
3518,R_3QtF213Roangy3c,b18,18,1,342,Martini,1,Not at all
3519,R_3QtF213Roangy3c,b18,18,2,343,medal,1,Not at all
3520,R_3QtF213Roangy3c,b18,18,3,353,trophy,1,Not at all
3521,R_3QtF213Roangy3c,b25,25,1,560,wrench,1,Not at all
3522,R_3QtF213Roangy3c,b26,26,1,572,lightning bolt,1,Not at all
3523,R_3QtF213Roangy3c,b27,27,1,576,2 squares,1,Not at all
3524,R_3QtF213Roangy3c,b27,27,2,595,parallel lines,1,Not at all
3525,R_3QtF213Roangy3c,b33,33,1,739,magnifying glass,1,Not at all
3526,R_3QtF213Roangy3c,b39,39,1,870,balloons,2,A little
3527,R_3QtF213Roangy3c,b39,39,2,882,Hourglass,1,Not at all
3528,R_3QtF213Roangy3c,b40,40,1,899,Clock,1,Not at all
3529,R_3QtF213Roangy3c,b43,43,1,983,hospital sign,1,Not at all
3530,R_3QtF213Roangy3c,b46,46,1,1062,anchor,1,Not at all
3531,R_3QtF213Roangy3c,b46,46,2,1089,pop-up toaster,1,Not at all
3532,R_3QtF213Roangy3c,b47,47,1,1115,lamp,1,Not at all
3533,R_3QtF213Roangy3c,b49,49,1,1159,Bird Beak,1,Not at all
3534,R_3QtF213Roangy3c,b49,49,2,1173,scissors,2,A little
3535,R_3QtF213Roangy3c,b51,51,1,1208,RADIO,2,A little
3536,R_3QtF213Roangy3c,b52,52,1,1238,triangle,1,Not at all
3537,R_3QtF213Roangy3c,b54,54,1,1260,Ant,1,Not at all
3538,R_3QtF213Roangy3c,b57,57,1,1338,Zorro symbol,1,Not at all
3539,R_3QtF213Roangy3c,b60,60,1,1380,TV,1,Not at all
3540,R_3RKLMutWA39XrMJ,b4,4,1,1400,infinity symbol,2,A little
3541,R_3RKLMutWA39XrMJ,b10,10,1,1445,fir tree,2,A little
3542,R_3RKLMutWA39XrMJ,b10,10,2,1450,two open attached triangles,1,Not at all
3543,R_3RKLMutWA39XrMJ,b11,11,1,1451,picket fence,1,Not at all
3544,R_3RKLMutWA39XrMJ,b11,11,2,1453,Stapler silhouette,2,A little
3545,R_3RKLMutWA39XrMJ,b15,15,1,1490,Honeycomb cell,1,Not at all
3546,R_3RKLMutWA39XrMJ,b21,21,1,1542,mushroom,2,A little
3547,R_3RKLMutWA39XrMJ,b24,24,1,1571,jib crane,1,Not at all
3548,R_3RKLMutWA39XrMJ,b27,27,1,1608,Capital E,1,Not at all
3549,R_3RKLMutWA39XrMJ,b28,28,1,1612,bra,2,A little
3550,R_3RKLMutWA39XrMJ,b29,29,1,1624,exclamation mark,1,Not at all
3551,R_3RKLMutWA39XrMJ,b30,30,1,1641,Church window,2,A little
3552,R_3RKLMutWA39XrMJ,b31,31,1,1646,balloon,3,Moderately
3553,R_3RKLMutWA39XrMJ,b33,33,1,1666,spoon,1,Not at all
3554,R_3RKLMutWA39XrMJ,b35,35,1,1679,spade symbol,2,A little
3555,R_3RKLMutWA39XrMJ,b37,37,1,1691,barbell lollipop,2,A little
3556,R_3RKLMutWA39XrMJ,b37,37,2,1693,club symbol,2,A little
3557,R_3RKLMutWA39XrMJ,b40,40,1,1721,rectangle,3,Moderately
3558,R_3RKLMutWA39XrMJ,b43,43,1,1739,question mark,2,A little
3559,R_3RKLMutWA39XrMJ,b43,43,2,1743,snake charmer,3,Moderately
3560,R_3RKLMutWA39XrMJ,b43,43,3,1744,saxophone key,1,Not at all
3561,R_3RKLMutWA39XrMJ,b47,47,1,1772,snail shell,2,A little
3562,R_3RKLMutWA39XrMJ,b52,52,1,1813,coat rack,1,Not at all
3563,R_3RKLMutWA39XrMJ,b52,52,2,1816,inverted T,1,Not at all
3564,R_3RKLMutWA39XrMJ,b53,53,1,1822,golf hole,4,A lot
3565,R_3RKLMutWA39XrMJ,b55,55,1,1851,Direction toward a T junction,2,A little
3566,R_3RKLMutWA39XrMJ,b55,55,2,1913,Planted sword,2,A little
3567,R_3RKLMutWA39XrMJ,b56,56,1,1864,Circled K,1,Not at all
3568,R_3RKLMutWA39XrMJ,b59,59,1,1885,up arrow,4,A lot
3569,R_3RKLMutWA39XrMJ,b59,59,2,1889,Bridge arch,3,Moderately
3570,R_3SdPfdCAdhgPuLL,b1,1,1,1383,ladder structure,5,Completely
3571,R_3SdPfdCAdhgPuLL,b2,2,1,1384,fence,2,A little
3572,R_3SdPfdCAdhgPuLL,b6,6,1,1417,eyeglasses with antennas,3,Moderately
3573,R_3SdPfdCAdhgPuLL,b8,8,1,1427,winged scepter,2,A little
3574,R_3SdPfdCAdhgPuLL,b8,8,2,1430,human figure,1,Not at all
3575,R_3SdPfdCAdhgPuLL,b15,15,1,1487,cut diamond,1,Not at all
3576,R_3SdPfdCAdhgPuLL,b16,16,1,1897,map pin,2,A little
3577,R_3SdPfdCAdhgPuLL,b17,17,1,1503,umbrella,2,A little
3578,R_3SdPfdCAdhgPuLL,b18,18,1,1509,speech balloon,1,Not at all
3579,R_3SdPfdCAdhgPuLL,b19,19,1,1524,CD slot,1,Not at all
3580,R_3SdPfdCAdhgPuLL,b19,19,2,1528,hot coffee,1,Not at all
3581,R_3SdPfdCAdhgPuLL,b20,20,1,1541,pulley hook,1,Not at all
3582,R_3SdPfdCAdhgPuLL,b21,21,1,1553,2 circles,1,Not at all
3583,R_3SdPfdCAdhgPuLL,b22,22,1,1555,ice cream,1,Not at all
3584,R_3SdPfdCAdhgPuLL,b23,23,1,1567,head on shoulders,1,Not at all
3585,R_3SdPfdCAdhgPuLL,b26,26,1,1596,axe,2,A little
3586,R_3SdPfdCAdhgPuLL,b30,30,1,1637,comb,1,Not at all
3587,R_3SdPfdCAdhgPuLL,b30,30,2,1642,HD monogram,1,Not at all
3588,R_3SdPfdCAdhgPuLL,b31,31,1,1647,thumbtack,2,A little
3589,R_3SdPfdCAdhgPuLL,b33,33,1,1663,umbrella handle,2,A little
3590,R_3SdPfdCAdhgPuLL,b34,34,1,1674,eyeglasses,2,A little
3591,R_3SdPfdCAdhgPuLL,b37,37,1,1907,3 leaf clover,2,A little
3592,R_3SdPfdCAdhgPuLL,b38,38,1,1698,snowman face,1,Not at all
3593,R_3SdPfdCAdhgPuLL,b42,42,1,1736,Lined square,5,Completely
3594,R_3SdPfdCAdhgPuLL,b44,44,1,1751,saxophone key,1,Not at all
3595,R_3SdPfdCAdhgPuLL,b49,49,1,1786,sad face,1,Not at all
3596,R_3SdPfdCAdhgPuLL,b50,50,1,1799,Upside-down tree,1,Not at all
3597,R_3SdPfdCAdhgPuLL,b52,52,1,1816,inverted T,1,Not at all
3598,R_3SdPfdCAdhgPuLL,b53,53,1,1822,golf hole,1,Not at all
3599,R_3SdPfdCAdhgPuLL,b59,59,1,1888,Arrowhead ladder,2,A little
3600,R_3Sjhgawv5lVspzy,b10,10,1,151,kanji,1,Not at all
3601,R_3Sjhgawv5lVspzy,b15,15,1,271,square,1,Not at all
3602,R_3Sjhgawv5lVspzy,b16,16,1,279,guitar pick,1,Not at all
3603,R_3Sjhgawv5lVspzy,b18,18,1,355,water glass,1,Not at all
3604,R_3Sjhgawv5lVspzy,b20,20,1,388,Ant,1,Not at all
3605,R_3Sjhgawv5lVspzy,b21,21,1,428,head and shoulders,5,Completely
3606,R_3Sjhgawv5lVspzy,b28,28,1,605,cherries,2,A little
3607,R_3Sjhgawv5lVspzy,b29,29,1,641,road,1,Not at all
3608,R_3Sjhgawv5lVspzy,b34,34,1,769,man,1,Not at all
3609,R_3Sjhgawv5lVspzy,b35,35,1,776,beak,1,Not at all
3610,R_3Sjhgawv5lVspzy,b37,37,1,837,eyeglasses,1,Not at all
3611,R_3Sjhgawv5lVspzy,b37,37,2,841,flower bud,3,Moderately
3612,R_3Sjhgawv5lVspzy,b38,38,1,865,shamrock,1,Not at all
3613,R_3Sjhgawv5lVspzy,b41,41,1,942,note,1,Not at all
3614,R_3Sjhgawv5lVspzy,b44,44,1,1008,bike,1,Not at all
3615,R_3Sjhgawv5lVspzy,b44,44,2,1023,keychain,1,Not at all
3616,R_3Sjhgawv5lVspzy,b46,46,1,1082,lightbulb,2,A little
3617,R_3Sjhgawv5lVspzy,b46,46,2,1088,number 8,1,Not at all
3618,R_3Sjhgawv5lVspzy,b47,47,1,1102,balloon,1,Not at all
3619,R_3Sjhgawv5lVspzy,b47,47,2,1119,Pill,1,Not at all
3620,R_3Sjhgawv5lVspzy,b47,47,3,1129,Yo-yo,1,Not at all
3621,R_3Sjhgawv5lVspzy,b50,50,1,1187,mirror,1,Not at all
3622,R_3Sjhgawv5lVspzy,b50,50,2,1190,Standing lamp,1,Not at all
3623,R_3Sjhgawv5lVspzy,b51,51,1,1217,weight balance,1,Not at all
3624,R_3Sjhgawv5lVspzy,b52,52,1,1220,Cross,1,Not at all
3625,R_3Sjhgawv5lVspzy,b52,52,2,1234,star,1,Not at all
3626,R_3Sjhgawv5lVspzy,b54,54,1,1260,Ant,1,Not at all
3627,R_3Sjhgawv5lVspzy,b56,56,1,1309,pie chart,1,Not at all
3628,R_3Sjhgawv5lVspzy,b57,57,1,1335,windmill,1,Not at all
3629,R_3Sjhgawv5lVspzy,b58,58,1,1349,umbrella,4,A lot
3630,R_3TaBks0sj7wDAm5,b3,3,1,1395,playing spade,1,Not at all
3631,R_3TaBks0sj7wDAm5,b5,5,1,1411,spectacles,5,Completely
3632,R_3TaBks0sj7wDAm5,b11,11,1,1456,bug crawling,1,Not at all
3633,R_3TaBks0sj7wDAm5,b12,12,1,1462,Desk lamp,3,Moderately
3634,R_3TaBks0sj7wDAm5,b17,17,1,1504,manta ray,2,A little
3635,R_3TaBks0sj7wDAm5,b19,19,1,1522,asclepius rod,1,Not at all
3636,R_3TaBks0sj7wDAm5,b21,21,1,1548,coffee cup,1,Not at all
3637,R_3TaBks0sj7wDAm5,b24,24,1,1573,block H,1,Not at all
3638,R_3TaBks0sj7wDAm5,b25,25,1,1582,flag sign,4,A lot
3639,R_3TaBks0sj7wDAm5,b25,25,2,1585,Tower crane,1,Not at all
3640,R_3TaBks0sj7wDAm5,b26,26,1,1596,axe,5,Completely
3641,R_3TaBks0sj7wDAm5,b29,29,1,1623,plunger,3,Moderately
3642,R_3TaBks0sj7wDAm5,b30,30,1,1637,comb,1,Not at all
3643,R_3TaBks0sj7wDAm5,b30,30,2,1645,Hinge pin,1,Not at all
3644,R_3TaBks0sj7wDAm5,b34,34,1,1671,owl,2,A little
3645,R_3TaBks0sj7wDAm5,b34,34,2,1675,bowbow,4,A lot
3646,R_3TaBks0sj7wDAm5,b37,37,1,1693,club symbol,5,Completely
3647,R_3TaBks0sj7wDAm5,b43,43,1,1740,computer mouse,5,Completely
3648,R_3TaBks0sj7wDAm5,b43,43,2,1741,musical note,3,Moderately
3649,R_3TaBks0sj7wDAm5,b46,46,1,1769,Playing spade,1,Not at all
3650,R_3TaBks0sj7wDAm5,b47,47,1,1775,glasses,1,Not at all
3651,R_3TaBks0sj7wDAm5,b48,48,1,1784,Right angle,4,A lot
3652,R_3TaBks0sj7wDAm5,b50,50,1,1797,radio tower,3,Moderately
3653,R_3TaBks0sj7wDAm5,b52,52,1,1810,Hammer,1,Not at all
3654,R_3TaBks0sj7wDAm5,b53,53,1,1822,golf hole,5,Completely
3655,R_3TaBks0sj7wDAm5,b55,55,1,1845,anchor spear,1,Not at all
3656,R_3TaBks0sj7wDAm5,b55,55,2,1913,Planted sword,5,Completely
3657,R_3TaBks0sj7wDAm5,b56,56,1,1856,flag pole,1,Not at all
3658,R_3TaBks0sj7wDAm5,b56,56,2,1860,circled R,1,Not at all
3659,R_3TaBks0sj7wDAm5,b56,56,3,1869,V in circle,5,Completely
3660,R_3TcUXhhC1ucmYtb,b8,8,1,22,scarab beetle,2,A little
3661,R_3TcUXhhC1ucmYtb,b9,9,1,27,rabbit,1,Not at all
3662,R_3TcUXhhC1ucmYtb,b9,9,2,29,crown symbol,1,Not at all
3663,R_3TcUXhhC1ucmYtb,b12,12,1,35,hot air balloon,1,Not at all
3664,R_3TcUXhhC1ucmYtb,b12,12,2,36,martini glass,5,Completely
3665,R_3TcUXhhC1ucmYtb,b12,12,3,37,serif y,1,Not at all
3666,R_3TcUXhhC1ucmYtb,b14,14,1,41,anchor,1,Not at all
3667,R_3TcUXhhC1ucmYtb,b17,17,1,50,fishing hook,1,Not at all
3668,R_3TcUXhhC1ucmYtb,b25,25,1,78,paint roller,1,Not at all
3669,R_3TcUXhhC1ucmYtb,b25,25,2,79,l bracket,1,Not at all
3670,R_3TcUXhhC1ucmYtb,b26,26,1,83,plumb line,1,Not at all
3671,R_3TcUXhhC1ucmYtb,b30,30,1,97,door jamb,1,Not at all
3672,R_3TcUXhhC1ucmYtb,b30,30,2,99,belt buckle,1,Not at all
3673,R_3TcUXhhC1ucmYtb,b31,31,1,103,hourglass,1,Not at all
3674,R_3TcUXhhC1ucmYtb,b36,36,1,121,harpoon,1,Not at all
3675,R_3TcUXhhC1ucmYtb,b39,39,1,130,grounded infinity,1,Not at all
3676,R_3TcUXhhC1ucmYtb,b40,40,1,132,door window,1,Not at all
3677,R_3TcUXhhC1ucmYtb,b44,44,1,149,cartoon bomb,3,Moderately
3678,R_3TcUXhhC1ucmYtb,b44,44,2,150,golden doubloon,1,Not at all
3679,R_3TcUXhhC1ucmYtb,b46,46,1,160,ionic capital,2,A little
3680,R_3TcUXhhC1ucmYtb,b46,46,2,162,ionic column,1,Not at all
3681,R_3TcUXhhC1ucmYtb,b47,47,1,167,capital b,1,Not at all
3682,R_3TcUXhhC1ucmYtb,b48,48,1,169,t,5,Completely
3683,R_3TcUXhhC1ucmYtb,b48,48,2,172,t shape,5,Completely
3684,R_3TcUXhhC1ucmYtb,b51,51,1,182,compass dial,1,Not at all
3685,R_3TcUXhhC1ucmYtb,b53,53,1,186,cave entrance,1,Not at all
3686,R_3TcUXhhC1ucmYtb,b54,54,1,189,anchor symbol,1,Not at all
3687,R_3TcUXhhC1ucmYtb,b58,58,1,199,key,2,A little
3688,R_3TcUXhhC1ucmYtb,b58,58,2,201,hanger,2,A little
3689,R_3TcUXhhC1ucmYtb,b60,60,1,205,arrowhead,2,A little
3690,R_3V73IyT0ZoRpCdb,b3,3,1,5,scale hourglass,2,A little
3691,R_3V73IyT0ZoRpCdb,b5,5,1,11,handshake,2,A little
3692,R_3V73IyT0ZoRpCdb,b8,8,1,21,binder clip,2,A little
3693,R_3V73IyT0ZoRpCdb,b8,8,2,24,crown hourglass,3,Moderately
3694,R_3V73IyT0ZoRpCdb,b9,9,1,28,hourglass seal,2,A little
3695,R_3V73IyT0ZoRpCdb,b13,13,1,40,watering can,1,Not at all
3696,R_3V73IyT0ZoRpCdb,b14,14,1,43,scoop handle,1,Not at all
3697,R_3V73IyT0ZoRpCdb,b17,17,1,51,teardrop,2,A little
3698,R_3V73IyT0ZoRpCdb,b18,18,1,53,bluetooth logo,2,A little
3699,R_3V73IyT0ZoRpCdb,b19,19,1,56,fish,2,A little
3700,R_3V73IyT0ZoRpCdb,b20,20,1,64,goblet stand,3,Moderately
3701,R_3V73IyT0ZoRpCdb,b22,22,1,72,subset symbol,1,Not at all
3702,R_3V73IyT0ZoRpCdb,b26,26,1,84,arrow shaft,1,Not at all
3703,R_3V73IyT0ZoRpCdb,b27,27,1,87,stapler frame,2,A little
3704,R_3V73IyT0ZoRpCdb,b30,30,1,98,beer mug,1,Not at all
3705,R_3V73IyT0ZoRpCdb,b30,30,2,101,capital r,1,Not at all
3706,R_3V73IyT0ZoRpCdb,b32,32,1,106,skeleton key,3,Moderately
3707,R_3V73IyT0ZoRpCdb,b34,34,1,114,bicycle,2,A little
3708,R_3V73IyT0ZoRpCdb,b37,37,1,122,street lamp,2,A little
3709,R_3V73IyT0ZoRpCdb,b42,42,1,139,plus sign,1,Not at all
3710,R_3V73IyT0ZoRpCdb,b44,44,1,150,golden doubloon,1,Not at all
3711,R_3V73IyT0ZoRpCdb,b45,45,1,155,analog clock,4,A lot
3712,R_3V73IyT0ZoRpCdb,b46,46,1,163,shattered pact,1,Not at all
3713,R_3V73IyT0ZoRpCdb,b48,48,1,169,t,5,Completely
3714,R_3V73IyT0ZoRpCdb,b48,48,2,172,t shape,5,Completely
3715,R_3V73IyT0ZoRpCdb,b50,50,1,178,drain cover,1,Not at all
3716,R_3V73IyT0ZoRpCdb,b52,52,1,184,electric plug,2,A little
3717,R_3V73IyT0ZoRpCdb,b56,56,1,193,roof gable,1,Not at all
3718,R_3V73IyT0ZoRpCdb,b59,59,1,203,tent pole,4,A lot
3719,R_3V73IyT0ZoRpCdb,b59,59,2,204,shelf bracket,2,A little
3720,R_3VPiMSVa4FHZuSF,b3,3,1,18,ballet shoes,2,A little
3721,R_3VPiMSVa4FHZuSF,b3,3,2,27,cup,1,Not at all
3722,R_3VPiMSVa4FHZuSF,b6,6,1,90,bra,5,Completely
3723,R_3VPiMSVa4FHZuSF,b14,14,1,254,owl face,1,Not at all
3724,R_3VPiMSVa4FHZuSF,b16,16,1,290,shield,2,A little
3725,R_3VPiMSVa4FHZuSF,b16,16,2,291,sno-cone,5,Completely
3726,R_3VPiMSVa4FHZuSF,b17,17,1,324,tulip,1,Not at all
3727,R_3VPiMSVa4FHZuSF,b18,18,1,328,Catapult,1,Not at all
3728,R_3VPiMSVa4FHZuSF,b20,20,1,417,Trophy,1,Not at all
3729,R_3VPiMSVa4FHZuSF,b22,22,1,463,horn,4,A lot
3730,R_3VPiMSVa4FHZuSF,b24,24,1,515,Horse,2,A little
3731,R_3VPiMSVa4FHZuSF,b25,25,1,535,backwards L,1,Not at all
3732,R_3VPiMSVa4FHZuSF,b25,25,2,549,letter T,1,Not at all
3733,R_3VPiMSVa4FHZuSF,b29,29,1,640,power button,2,A little
3734,R_3VPiMSVa4FHZuSF,b29,29,2,646,trident,1,Not at all
3735,R_3VPiMSVa4FHZuSF,b31,31,1,697,tuning fork,1,Not at all
3736,R_3VPiMSVa4FHZuSF,b33,33,1,730,cupcake,2,A little
3737,R_3VPiMSVa4FHZuSF,b33,33,2,752,tank turret,1,Not at all
3738,R_3VPiMSVa4FHZuSF,b35,35,1,783,cloudy mountain,1,Not at all
3739,R_3VPiMSVa4FHZuSF,b37,37,1,827,boy,1,Not at all
3740,R_3VPiMSVa4FHZuSF,b37,37,2,839,flower,2,A little
3741,R_3VPiMSVa4FHZuSF,b38,38,1,856,face,1,Not at all
3742,R_3VPiMSVa4FHZuSF,b39,39,1,879,gift bow,1,Not at all
3743,R_3VPiMSVa4FHZuSF,b43,43,1,995,Snake,2,A little
3744,R_3VPiMSVa4FHZuSF,b44,44,1,1017,hanger,1,Not at all
3745,R_3VPiMSVa4FHZuSF,b46,46,1,1089,pop-up toaster,1,Not at all
3746,R_3VPiMSVa4FHZuSF,b49,49,1,1164,evil face,1,Not at all
3747,R_3VPiMSVa4FHZuSF,b49,49,2,1170,owl,1,Not at all
3748,R_3VPiMSVa4FHZuSF,b56,56,1,1307,Large circle,4,A lot
3749,R_3VPiMSVa4FHZuSF,b59,59,1,1356,campfire,1,Not at all
3750,R_3WHDxNNqNDigTal,b5,5,1,11,handshake,1,Not at all
3751,R_3WHDxNNqNDigTal,b6,6,1,16,infinity antenna,4,A lot
3752,R_3WHDxNNqNDigTal,b7,7,1,18,arrowhead,2,A little
3753,R_3WHDxNNqNDigTal,b7,7,2,20,double‑headed arrow,4,A lot
3754,R_3WHDxNNqNDigTal,b12,12,1,35,hot air balloon,1,Not at all
3755,R_3WHDxNNqNDigTal,b12,12,2,38,fishing hook,1,Not at all
3756,R_3WHDxNNqNDigTal,b15,15,1,45,pencil tip,4,A lot
3757,R_3WHDxNNqNDigTal,b18,18,1,54,arrowhead,2,A little
3758,R_3WHDxNNqNDigTal,b19,19,1,59,spacer bar,1,Not at all
3759,R_3WHDxNNqNDigTal,b21,21,1,69,paperclip,2,A little
3760,R_3WHDxNNqNDigTal,b22,22,1,70,hourglass,1,Not at all
3761,R_3WHDxNNqNDigTal,b23,23,1,74,world pillar,2,A little
3762,R_3WHDxNNqNDigTal,b24,24,1,77,enter key,1,Not at all
3763,R_3WHDxNNqNDigTal,b25,25,1,79,l bracket,1,Not at all
3764,R_3WHDxNNqNDigTal,b25,25,2,80,greek gamma,1,Not at all
3765,R_3WHDxNNqNDigTal,b33,33,1,110,spoon cup,2,A little
3766,R_3WHDxNNqNDigTal,b38,38,1,127,flower emblem,1,Not at all
3767,R_3WHDxNNqNDigTal,b39,39,1,128,hot-air balloon,1,Not at all
3768,R_3WHDxNNqNDigTal,b42,42,1,142,letter glyph,1,Not at all
3769,R_3WHDxNNqNDigTal,b43,43,1,143,curled ribbon,1,Not at all
3770,R_3WHDxNNqNDigTal,b44,44,1,148,keyhole,1,Not at all
3771,R_3WHDxNNqNDigTal,b45,45,1,158,doughnut stand,1,Not at all
3772,R_3WHDxNNqNDigTal,b46,46,1,159,dual torus,1,Not at all
3773,R_3WHDxNNqNDigTal,b46,46,2,164,arrowhead,1,Not at all
3774,R_3WHDxNNqNDigTal,b47,47,1,168,key lock,1,Not at all
3775,R_3WHDxNNqNDigTal,b49,49,1,173,rocket ship,1,Not at all
3776,R_3WHDxNNqNDigTal,b53,53,1,186,cave entrance,1,Not at all
3777,R_3WHDxNNqNDigTal,b53,53,2,187,flag pole,1,Not at all
3778,R_3WHDxNNqNDigTal,b55,55,1,191,perpendicular arrow,1,Not at all
3779,R_3WHDxNNqNDigTal,b60,60,1,207,tiny house,3,Moderately
3780,R_3ZdLmGPLwXoEUdH,b3,3,1,25,cherry,1,Not at all
3781,R_3ZdLmGPLwXoEUdH,b4,4,1,43,ant,1,Not at all
3782,R_3ZdLmGPLwXoEUdH,b5,5,1,77,minor note,1,Not at all
3783,R_3ZdLmGPLwXoEUdH,b10,10,1,149,Greek Pi,1,Not at all
3784,R_3ZdLmGPLwXoEUdH,b12,12,1,199,question mark,1,Not at all
3785,R_3ZdLmGPLwXoEUdH,b15,15,1,261,cat,1,Not at all
3786,R_3ZdLmGPLwXoEUdH,b15,15,2,270,shield,2,A little
3787,R_3ZdLmGPLwXoEUdH,b16,16,1,283,ice cream,5,Completely
3788,R_3ZdLmGPLwXoEUdH,b18,18,1,333,flower,2,A little
3789,R_3ZdLmGPLwXoEUdH,b20,20,1,390,bird,1,Not at all
3790,R_3ZdLmGPLwXoEUdH,b20,20,2,397,golf ball,2,A little
3791,R_3ZdLmGPLwXoEUdH,b26,26,1,575,triangle,3,Moderately
3792,R_3ZdLmGPLwXoEUdH,b29,29,1,621,arch,1,Not at all
3793,R_3ZdLmGPLwXoEUdH,b32,32,1,699,anchor,1,Not at all
3794,R_3ZdLmGPLwXoEUdH,b34,34,1,757,bow,5,Completely
3795,R_3ZdLmGPLwXoEUdH,b35,35,1,777,berry,1,Not at all
3796,R_3ZdLmGPLwXoEUdH,b35,35,2,782,cherries,4,A lot
3797,R_3ZdLmGPLwXoEUdH,b36,36,1,817,tree diagram,4,A lot
3798,R_3ZdLmGPLwXoEUdH,b37,37,1,826,bow tie,1,Not at all
3799,R_3ZdLmGPLwXoEUdH,b37,37,2,831,circled triangle,3,Moderately
3800,R_3ZdLmGPLwXoEUdH,b38,38,1,853,butterfly,1,Not at all
3801,R_3ZdLmGPLwXoEUdH,b42,42,1,969,tic-tac-toe,4,A lot
3802,R_3ZdLmGPLwXoEUdH,b45,45,1,1045,balloon,1,Not at all
3803,R_3ZdLmGPLwXoEUdH,b45,45,2,1049,face,1,Not at all
3804,R_3ZdLmGPLwXoEUdH,b48,48,1,1134,goal post,2,A little
3805,R_3ZdLmGPLwXoEUdH,b51,51,1,1198,crest,1,Not at all
3806,R_3ZdLmGPLwXoEUdH,b53,53,1,1252,number 6,1,Not at all
3807,R_3ZdLmGPLwXoEUdH,b54,54,1,1272,key,3,Moderately
3808,R_3ZdLmGPLwXoEUdH,b55,55,1,1288,peace sign,1,Not at all
3809,R_3ZdLmGPLwXoEUdH,b59,59,1,1358,chimney,1,Not at all
3810,R_3coUfwbJNDCv38J,b6,6,1,1893,Digit 8,1,Not at all
3811,R_3coUfwbJNDCv38J,b7,7,1,1424,pair of arrows,5,Completely
3812,R_3coUfwbJNDCv38J,b13,13,1,1469,bulb,1,Not at all
3813,R_3coUfwbJNDCv38J,b13,13,2,1472,mushroom cloud,1,Not at all
3814,R_3coUfwbJNDCv38J,b15,15,1,1491,square with a diamond in the middle,1,Not at all
3815,R_3coUfwbJNDCv38J,b17,17,1,1503,umbrella,1,Not at all
3816,R_3coUfwbJNDCv38J,b21,21,1,1554,ice cream,1,Not at all
3817,R_3coUfwbJNDCv38J,b22,22,1,1556,record player,1,Not at all
3818,R_3coUfwbJNDCv38J,b25,25,1,1585,Tower crane,1,Not at all
3819,R_3coUfwbJNDCv38J,b26,26,1,1901,slingshot,1,Not at all
3820,R_3coUfwbJNDCv38J,b29,29,1,1618,table,1,Not at all
3821,R_3coUfwbJNDCv38J,b30,30,1,1639,clock,1,Not at all
3822,R_3coUfwbJNDCv38J,b30,30,2,1644,fence,2,A little
3823,R_3coUfwbJNDCv38J,b33,33,1,1660,spiked helmet,2,A little
3824,R_3coUfwbJNDCv38J,b36,36,1,1681,Trident,4,A lot
3825,R_3coUfwbJNDCv38J,b36,36,2,1686,forked staff,2,A little
3826,R_3coUfwbJNDCv38J,b37,37,1,1692,Bowtie person,1,Not at all
3827,R_3coUfwbJNDCv38J,b39,39,1,1713,ice cream scoops in a cone,4,A lot
3828,R_3coUfwbJNDCv38J,b41,41,1,1729,flag,1,Not at all
3829,R_3coUfwbJNDCv38J,b42,42,1,1734,window pane,5,Completely
3830,R_3coUfwbJNDCv38J,b44,44,1,1749,power button,1,Not at all
3831,R_3coUfwbJNDCv38J,b45,45,1,1756,golf club,1,Not at all
3832,R_3coUfwbJNDCv38J,b46,46,1,1765,spade symbol,1,Not at all
3833,R_3coUfwbJNDCv38J,b46,46,2,1769,Playing spade,1,Not at all
3834,R_3coUfwbJNDCv38J,b48,48,1,1782,Flagpole sign,1,Not at all
3835,R_3coUfwbJNDCv38J,b49,49,1,1792,broken heart,1,Not at all
3836,R_3coUfwbJNDCv38J,b52,52,1,1819,Uppercase F,5,Completely
3837,R_3coUfwbJNDCv38J,b53,53,1,1820,hammer,1,Not at all
3838,R_3coUfwbJNDCv38J,b55,55,1,1844,Downward arrow,1,Not at all
3839,R_3coUfwbJNDCv38J,b58,58,1,1877,umbrella hook,5,Completely
3840,R_3d5CQCt5csGjqm4,b4,4,1,45,belly button,1,Not at all
3841,R_3d5CQCt5csGjqm4,b10,10,1,143,barcode,1,Not at all
3842,R_3d5CQCt5csGjqm4,b10,10,2,161,two triangles,1,Not at all
3843,R_3d5CQCt5csGjqm4,b12,12,1,197,mushroom,1,Not at all
3844,R_3d5CQCt5csGjqm4,b13,13,1,218,magnifying glass,1,Not at all
3845,R_3d5CQCt5csGjqm4,b14,14,1,253,owl,1,Not at all
3846,R_3d5CQCt5csGjqm4,b15,15,1,264,honeycomb,1,Not at all
3847,R_3d5CQCt5csGjqm4,b15,15,2,269,plant pot,1,Not at all
3848,R_3d5CQCt5csGjqm4,b17,17,1,298,Balloon,1,Not at all
3849,R_3d5CQCt5csGjqm4,b19,19,1,382,teapot,1,Not at all
3850,R_3d5CQCt5csGjqm4,b20,20,1,399,hill,1,Not at all
3851,R_3d5CQCt5csGjqm4,b21,21,1,448,guitar silhouette,1,Not at all
3852,R_3d5CQCt5csGjqm4,b23,23,1,497,Stop sign,2,A little
3853,R_3d5CQCt5csGjqm4,b29,29,1,638,lamp,1,Not at all
3854,R_3d5CQCt5csGjqm4,b30,30,1,678,wing ding,1,Not at all
3855,R_3d5CQCt5csGjqm4,b32,32,1,715,mushroom,1,Not at all
3856,R_3d5CQCt5csGjqm4,b34,34,1,759,butterfly,1,Not at all
3857,R_3d5CQCt5csGjqm4,b38,38,1,868,Venn diagram,1,Not at all
3858,R_3d5CQCt5csGjqm4,b40,40,1,897,box ear,1,Not at all
3859,R_3d5CQCt5csGjqm4,b43,43,1,998,stethoscope,1,Not at all
3860,R_3d5CQCt5csGjqm4,b44,44,1,1020,hot soup,1,Not at all
3861,R_3d5CQCt5csGjqm4,b44,44,2,1032,pocketwatch,1,Not at all
3862,R_3d5CQCt5csGjqm4,b46,46,1,1087,number 3,1,Not at all
3863,R_3d5CQCt5csGjqm4,b47,47,1,1099,anchor,1,Not at all
3864,R_3d5CQCt5csGjqm4,b50,50,1,1185,Key,1,Not at all
3865,R_3d5CQCt5csGjqm4,b51,51,1,1217,weight balance,1,Not at all
3866,R_3d5CQCt5csGjqm4,b52,52,1,1221,crosshair,2,A little
3867,R_3d5CQCt5csGjqm4,b55,55,1,1283,Cat snout,2,A little
3868,R_3d5CQCt5csGjqm4,b55,55,2,1292,Tree,1,Not at all
3869,R_3d5CQCt5csGjqm4,b60,60,1,1370,cake,1,Not at all
3870,R_3dHooZeE8ixKE36,b3,3,1,36,key,1,Not at all
3871,R_3dHooZeE8ixKE36,b9,9,1,141,clover,4,A lot
3872,R_3dHooZeE8ixKE36,b11,11,1,165,buck teeth,3,Moderately
3873,R_3dHooZeE8ixKE36,b18,18,1,348,revolver,1,Not at all
3874,R_3dHooZeE8ixKE36,b20,20,1,396,glasses,2,A little
3875,R_3dHooZeE8ixKE36,b20,20,2,403,ice cream,3,Moderately
3876,R_3dHooZeE8ixKE36,b20,20,3,416,Sunrise,3,Moderately
3877,R_3dHooZeE8ixKE36,b21,21,1,441,hot air balloon,4,A lot
3878,R_3dHooZeE8ixKE36,b25,25,1,541,Fallen tree,3,Moderately
3879,R_3dHooZeE8ixKE36,b28,28,1,605,cherries,4,A lot
3880,R_3dHooZeE8ixKE36,b33,33,1,750,Stake,1,Not at all
3881,R_3dHooZeE8ixKE36,b36,36,1,820,tuning fork,4,A lot
3882,R_3dHooZeE8ixKE36,b36,36,2,821,volcano,3,Moderately
3883,R_3dHooZeE8ixKE36,b37,37,1,826,bow tie,1,Not at all
3884,R_3dHooZeE8ixKE36,b38,38,1,865,shamrock,3,Moderately
3885,R_3dHooZeE8ixKE36,b40,40,1,913,mug,5,Completely
3886,R_3dHooZeE8ixKE36,b41,41,1,934,gift box,2,A little
3887,R_3dHooZeE8ixKE36,b41,41,2,940,Mailbox,3,Moderately
3888,R_3dHooZeE8ixKE36,b41,41,3,952,square bulge,3,Moderately
3889,R_3dHooZeE8ixKE36,b44,44,1,1027,magnifying glass,1,Not at all
3890,R_3dHooZeE8ixKE36,b46,46,1,1066,butterfly,1,Not at all
3891,R_3dHooZeE8ixKE36,b47,47,1,1128,Wings,2,A little
3892,R_3dHooZeE8ixKE36,b49,49,1,1173,scissors,2,A little
3893,R_3dHooZeE8ixKE36,b51,51,1,1203,keyhole,3,Moderately
3894,R_3dHooZeE8ixKE36,b51,51,2,1207,present,4,A lot
3895,R_3dHooZeE8ixKE36,b52,52,1,1220,Cross,1,Not at all
3896,R_3dHooZeE8ixKE36,b55,55,1,1283,Cat snout,5,Completely
3897,R_3dHooZeE8ixKE36,b56,56,1,1299,beats symbol,1,Not at all
3898,R_3dHooZeE8ixKE36,b59,59,1,1358,chimney,3,Moderately
3899,R_3dHooZeE8ixKE36,b60,60,1,1369,box cone,3,Moderately
3900,R_3dMuCQNpvoRr8Te,b3,3,1,1396,Eyeglasses,2,A little
3901,R_3dMuCQNpvoRr8Te,b9,9,1,1436,Ship anchor,1,Not at all
3902,R_3dMuCQNpvoRr8Te,b10,10,1,1441,A T with two small bars on the side,4,A lot
3903,R_3dMuCQNpvoRr8Te,b11,11,1,1452,dinner fork,2,A little
3904,R_3dMuCQNpvoRr8Te,b12,12,1,1457,hammer,1,Not at all
3905,R_3dMuCQNpvoRr8Te,b13,13,1,1468,boat,1,Not at all
3906,R_3dMuCQNpvoRr8Te,b17,17,1,1506,hanging lantern,1,Not at all
3907,R_3dMuCQNpvoRr8Te,b19,19,1,1525,sled,1,Not at all
3908,R_3dMuCQNpvoRr8Te,b19,19,2,1526,clothesline,1,Not at all
3909,R_3dMuCQNpvoRr8Te,b19,19,3,1529,euro symbol,1,Not at all
3910,R_3dMuCQNpvoRr8Te,b21,21,1,1545,light bulb,1,Not at all
3911,R_3dMuCQNpvoRr8Te,b22,22,1,1558,PacMan,1,Not at all
3912,R_3dMuCQNpvoRr8Te,b22,22,2,1561,cone and face,3,Moderately
3913,R_3dMuCQNpvoRr8Te,b29,29,1,1621,C note,1,Not at all
3914,R_3dMuCQNpvoRr8Te,b30,30,1,1640,skeleton key,2,A little
3915,R_3dMuCQNpvoRr8Te,b30,30,2,1641,Church window,1,Not at all
3916,R_3dMuCQNpvoRr8Te,b34,34,1,1671,owl,1,Not at all
3917,R_3dMuCQNpvoRr8Te,b36,36,1,1682,telephone pole,1,Not at all
3918,R_3dMuCQNpvoRr8Te,b38,38,1,1702,ice cream scoops on a cone,5,Completely
3919,R_3dMuCQNpvoRr8Te,b41,41,1,1727,parking sign,1,Not at all
3920,R_3dMuCQNpvoRr8Te,b41,41,2,1729,flag,1,Not at all
3921,R_3dMuCQNpvoRr8Te,b43,43,1,1908,key,1,Not at all
3922,R_3dMuCQNpvoRr8Te,b45,45,1,1759,sitting person,1,Not at all
3923,R_3dMuCQNpvoRr8Te,b46,46,1,1910,arch bridge,1,Not at all
3924,R_3dMuCQNpvoRr8Te,b48,48,1,1785,corner bracket,2,A little
3925,R_3dMuCQNpvoRr8Te,b51,51,1,1806,tripod camera,1,Not at all
3926,R_3dMuCQNpvoRr8Te,b53,53,1,1825,anchor,1,Not at all
3927,R_3dMuCQNpvoRr8Te,b58,58,1,1877,umbrella hook,4,A lot
3928,R_3dMuCQNpvoRr8Te,b59,59,1,1879,road sign,2,A little
3929,R_3dMuCQNpvoRr8Te,b59,59,2,1883,Sword,1,Not at all
3930,R_3eLxZvgdKnqS9hr,b2,2,1,14,train tracks,2,A little
3931,R_3eLxZvgdKnqS9hr,b4,4,1,44,bed,1,Not at all
3932,R_3eLxZvgdKnqS9hr,b4,4,2,49,dumbbell,1,Not at all
3933,R_3eLxZvgdKnqS9hr,b4,4,3,59,spectacles,1,Not at all
3934,R_3eLxZvgdKnqS9hr,b7,7,1,114,star,1,Not at all
3935,R_3eLxZvgdKnqS9hr,b11,11,1,169,cubes,1,Not at all
3936,R_3eLxZvgdKnqS9hr,b19,19,1,364,faucet,1,Not at all
3937,R_3eLxZvgdKnqS9hr,b21,21,1,421,Boat,1,Not at all
3938,R_3eLxZvgdKnqS9hr,b22,22,1,471,ping pong,1,Not at all
3939,R_3eLxZvgdKnqS9hr,b23,23,1,500,traffic stop,2,A little
3940,R_3eLxZvgdKnqS9hr,b24,24,1,513,gun barrel,1,Not at all
3941,R_3eLxZvgdKnqS9hr,b27,27,1,591,goal post,1,Not at all
3942,R_3eLxZvgdKnqS9hr,b30,30,1,660,door key,1,Not at all
3943,R_3eLxZvgdKnqS9hr,b33,33,1,746,power button,1,Not at all
3944,R_3eLxZvgdKnqS9hr,b34,34,1,760,camcorder,1,Not at all
3945,R_3eLxZvgdKnqS9hr,b35,35,1,777,berry,1,Not at all
3946,R_3eLxZvgdKnqS9hr,b38,38,1,859,fruit bowl,1,Not at all
3947,R_3eLxZvgdKnqS9hr,b39,39,1,884,Ice cream cone,5,Completely
3948,R_3eLxZvgdKnqS9hr,b41,41,1,952,square bulge,2,A little
3949,R_3eLxZvgdKnqS9hr,b43,43,1,989,pie chain,1,Not at all
3950,R_3eLxZvgdKnqS9hr,b44,44,1,1013,Computer Mouse,2,A little
3951,R_3eLxZvgdKnqS9hr,b45,45,1,1050,fishing pole,1,Not at all
3952,R_3eLxZvgdKnqS9hr,b46,46,1,1065,bridge,1,Not at all
3953,R_3eLxZvgdKnqS9hr,b46,46,2,1092,snowman,1,Not at all
3954,R_3eLxZvgdKnqS9hr,b47,47,1,1119,Pill,1,Not at all
3955,R_3eLxZvgdKnqS9hr,b50,50,1,1189,slingshot,1,Not at all
3956,R_3eLxZvgdKnqS9hr,b54,54,1,1264,butterfly,1,Not at all
3957,R_3eLxZvgdKnqS9hr,b54,54,2,1278,wrench,1,Not at all
3958,R_3eLxZvgdKnqS9hr,b58,58,1,1344,Motor Boat,1,Not at all
3959,R_3eLxZvgdKnqS9hr,b59,59,1,1361,house,1,Not at all
3960,R_3et6m1LNvzLyP05,b1,1,1,1382,ladder rungs,5,Completely
3961,R_3et6m1LNvzLyP05,b2,2,1,1387,ladder rungs,5,Completely
3962,R_3et6m1LNvzLyP05,b3,3,1,1393,two cherries,1,Not at all
3963,R_3et6m1LNvzLyP05,b4,4,1,1398,Figure eight,1,Not at all
3964,R_3et6m1LNvzLyP05,b9,9,1,1436,Ship anchor,1,Not at all
3965,R_3et6m1LNvzLyP05,b10,10,1,1449,table,1,Not at all
3966,R_3et6m1LNvzLyP05,b15,15,1,1485,dog house,5,Completely
3967,R_3et6m1LNvzLyP05,b15,15,2,1487,cut diamond,2,A little
3968,R_3et6m1LNvzLyP05,b20,20,1,1534,ice cream,1,Not at all
3969,R_3et6m1LNvzLyP05,b22,22,1,1562,cartoon image,1,Not at all
3970,R_3et6m1LNvzLyP05,b23,23,1,1567,head on shoulders,1,Not at all
3971,R_3et6m1LNvzLyP05,b24,24,1,1575,Pistol,1,Not at all
3972,R_3et6m1LNvzLyP05,b25,25,1,1579,hammer head,1,Not at all
3973,R_3et6m1LNvzLyP05,b26,26,1,1902,broken arrow,1,Not at all
3974,R_3et6m1LNvzLyP05,b28,28,1,1615,headphones,4,A lot
3975,R_3et6m1LNvzLyP05,b29,29,1,1625,stethoscope symbol,1,Not at all
3976,R_3et6m1LNvzLyP05,b32,32,1,1655,Umbrella handle,1,Not at all
3977,R_3et6m1LNvzLyP05,b33,33,1,1658,horseshoe magnet,1,Not at all
3978,R_3et6m1LNvzLyP05,b33,33,2,1660,spiked helmet,2,A little
3979,R_3et6m1LNvzLyP05,b33,33,3,1663,umbrella handle,3,Moderately
3980,R_3et6m1LNvzLyP05,b34,34,1,1674,eyeglasses,2,A little
3981,R_3et6m1LNvzLyP05,b36,36,1,1686,forked staff,2,A little
3982,R_3et6m1LNvzLyP05,b36,36,2,1687,slingshot frame,2,A little
3983,R_3et6m1LNvzLyP05,b37,37,1,1692,Bowtie person,1,Not at all
3984,R_3et6m1LNvzLyP05,b48,48,1,1780,T-junction,5,Completely
3985,R_3et6m1LNvzLyP05,b48,48,2,1785,corner bracket,3,Moderately
3986,R_3et6m1LNvzLyP05,b49,49,1,1795,ice-cream cone,2,A little
3987,R_3et6m1LNvzLyP05,b52,52,1,1810,Hammer,1,Not at all
3988,R_3et6m1LNvzLyP05,b56,56,1,1865,half k,1,Not at all
3989,R_3et6m1LNvzLyP05,b57,57,1,1873,windmill blades,1,Not at all
3990,R_3f8a3E3TuGir8LK,b4,4,1,61,tongs,1,Not at all
3991,R_3f8a3E3TuGir8LK,b6,6,1,92,controller,3,Moderately
3992,R_3f8a3E3TuGir8LK,b9,9,1,134,butterfly,1,Not at all
3993,R_3f8a3E3TuGir8LK,b10,10,1,143,barcode,1,Not at all
3994,R_3f8a3E3TuGir8LK,b10,10,2,156,Rake,3,Moderately
3995,R_3f8a3E3TuGir8LK,b11,11,1,163,broom,1,Not at all
3996,R_3f8a3E3TuGir8LK,b13,13,1,216,keyhole,1,Not at all
3997,R_3f8a3E3TuGir8LK,b16,16,1,282,house,1,Not at all
3998,R_3f8a3E3TuGir8LK,b17,17,1,306,glass,1,Not at all
3999,R_3f8a3E3TuGir8LK,b18,18,1,343,medal,2,A little
4000,R_3f8a3E3TuGir8LK,b19,19,1,385,USD symbol,1,Not at all
4001,R_3f8a3E3TuGir8LK,b22,22,1,458,face,1,Not at all
4002,R_3f8a3E3TuGir8LK,b23,23,1,485,circle,1,Not at all
4003,R_3f8a3E3TuGir8LK,b24,24,1,518,letter H,4,A lot
4004,R_3f8a3E3TuGir8LK,b25,25,1,547,letter F,1,Not at all
4005,R_3f8a3E3TuGir8LK,b27,27,1,590,gate latch,4,A lot
4006,R_3f8a3E3TuGir8LK,b28,28,1,617,plus sign,1,Not at all
4007,R_3f8a3E3TuGir8LK,b30,30,1,659,cross,1,Not at all
4008,R_3f8a3E3TuGir8LK,b41,41,1,937,letter R,1,Not at all
4009,R_3f8a3E3TuGir8LK,b41,41,2,943,paper clip,2,A little
4010,R_3f8a3E3TuGir8LK,b41,41,3,956,Water Pitcher,2,A little
4011,R_3f8a3E3TuGir8LK,b43,43,1,978,corkscrew,2,A little
4012,R_3f8a3E3TuGir8LK,b46,46,1,1085,mushroom,4,A lot
4013,R_3f8a3E3TuGir8LK,b47,47,1,1100,asclepius rod,1,Not at all
4014,R_3f8a3E3TuGir8LK,b47,47,2,1117,Mouse,5,Completely
4015,R_3f8a3E3TuGir8LK,b52,52,1,1227,line,2,A little
4016,R_3f8a3E3TuGir8LK,b54,54,1,1274,music note,2,A little
4017,R_3f8a3E3TuGir8LK,b55,55,1,1287,martini glass,4,A lot
4018,R_3f8a3E3TuGir8LK,b58,58,1,1343,letter G,1,Not at all
4019,R_3f8a3E3TuGir8LK,b60,60,1,1374,house,4,A lot
4020,R_3g3ZwwVaDYVVucF,b3,3,1,33,female torso,1,Not at all
4021,R_3g3ZwwVaDYVVucF,b3,3,2,42,wine glass,1,Not at all
4022,R_3g3ZwwVaDYVVucF,b4,4,1,58,pulley,1,Not at all
4023,R_3g3ZwwVaDYVVucF,b11,11,1,162,Basket,1,Not at all
4024,R_3g3ZwwVaDYVVucF,b12,12,1,205,wine glass,5,Completely
4025,R_3g3ZwwVaDYVVucF,b13,13,1,209,church,2,A little
4026,R_3g3ZwwVaDYVVucF,b13,13,2,212,dustpan,1,Not at all
4027,R_3g3ZwwVaDYVVucF,b14,14,1,241,dior,1,Not at all
4028,R_3g3ZwwVaDYVVucF,b15,15,1,262,diamond,1,Not at all
4029,R_3g3ZwwVaDYVVucF,b16,16,1,289,shelf bracket,1,Not at all
4030,R_3g3ZwwVaDYVVucF,b20,20,1,416,Sunrise,1,Not at all
4031,R_3g3ZwwVaDYVVucF,b21,21,1,423,Capital B,1,Not at all
4032,R_3g3ZwwVaDYVVucF,b21,21,2,442,crystal ball,1,Not at all
4033,R_3g3ZwwVaDYVVucF,b22,22,1,452,Boat,1,Not at all
4034,R_3g3ZwwVaDYVVucF,b25,25,1,552,number 4,1,Not at all
4035,R_3g3ZwwVaDYVVucF,b28,28,1,619,sunglasses,4,A lot
4036,R_3g3ZwwVaDYVVucF,b37,37,1,827,boy,1,Not at all
4037,R_3g3ZwwVaDYVVucF,b37,37,2,828,bubble pipe,1,Not at all
4038,R_3g3ZwwVaDYVVucF,b37,37,3,846,magnifying glass,1,Not at all
4039,R_3g3ZwwVaDYVVucF,b38,38,1,867,snowman,1,Not at all
4040,R_3g3ZwwVaDYVVucF,b39,39,1,869,abstract person,1,Not at all
4041,R_3g3ZwwVaDYVVucF,b40,40,1,895,bar clamp,1,Not at all
4042,R_3g3ZwwVaDYVVucF,b41,41,1,931,door,1,Not at all
4043,R_3g3ZwwVaDYVVucF,b41,41,2,936,key,1,Not at all
4044,R_3g3ZwwVaDYVVucF,b42,42,1,966,Small Rectangles,3,Moderately
4045,R_3g3ZwwVaDYVVucF,b44,44,1,1040,sun glasses,1,Not at all
4046,R_3g3ZwwVaDYVVucF,b52,52,1,1228,lowercase r,1,Not at all
4047,R_3g3ZwwVaDYVVucF,b53,53,1,1246,golf club,1,Not at all
4048,R_3g3ZwwVaDYVVucF,b53,53,2,1259,wall sconce,1,Not at all
4049,R_3g3ZwwVaDYVVucF,b60,60,1,1377,roof,2,A little
4050,R_3gwhM9Es5PBWrof,b3,3,1,1396,Eyeglasses,2,A little
4051,R_3gwhM9Es5PBWrof,b7,7,1,1420,christmas tree,3,Moderately
4052,R_3gwhM9Es5PBWrof,b9,9,1,1439,butterfly antennae,4,A lot
4053,R_3gwhM9Es5PBWrof,b10,10,1,1443,comb teeth,2,A little
4054,R_3gwhM9Es5PBWrof,b13,13,1,1896,greek phi,3,Moderately
4055,R_3gwhM9Es5PBWrof,b15,15,1,1487,cut diamond,1,Not at all
4056,R_3gwhM9Es5PBWrof,b16,16,1,1501,location pin,2,A little
4057,R_3gwhM9Es5PBWrof,b18,18,1,1510,ribbon award,1,Not at all
4058,R_3gwhM9Es5PBWrof,b20,20,1,1533,key,3,Moderately
4059,R_3gwhM9Es5PBWrof,b20,20,2,1534,ice cream,2,A little
4060,R_3gwhM9Es5PBWrof,b20,20,3,1535,lollipop,1,Not at all
4061,R_3gwhM9Es5PBWrof,b20,20,4,1538,person icon,2,A little
4062,R_3gwhM9Es5PBWrof,b21,21,1,1552,padlock,2,A little
4063,R_3gwhM9Es5PBWrof,b27,27,1,1604,door frame,3,Moderately
4064,R_3gwhM9Es5PBWrof,b27,27,2,1607,door handle,4,A lot
4065,R_3gwhM9Es5PBWrof,b28,28,1,1614,bicycle handlebars,2,A little
4066,R_3gwhM9Es5PBWrof,b29,29,1,1627,wine glass,1,Not at all
4067,R_3gwhM9Es5PBWrof,b29,29,2,1905,mushroom,1,Not at all
4068,R_3gwhM9Es5PBWrof,b30,30,1,1630,keyhole,2,A little
4069,R_3gwhM9Es5PBWrof,b32,32,1,1906,table lamp,2,A little
4070,R_3gwhM9Es5PBWrof,b33,33,1,1663,umbrella handle,2,A little
4071,R_3gwhM9Es5PBWrof,b37,37,1,1691,barbell lollipop,3,Moderately
4072,R_3gwhM9Es5PBWrof,b39,39,1,1707,ouroboros symbol,2,A little
4073,R_3gwhM9Es5PBWrof,b41,41,1,1727,parking sign,1,Not at all
4074,R_3gwhM9Es5PBWrof,b43,43,1,1908,key,2,A little
4075,R_3gwhM9Es5PBWrof,b45,45,1,1762,power button,2,A little
4076,R_3gwhM9Es5PBWrof,b49,49,1,1788,spade symbol,1,Not at all
4077,R_3gwhM9Es5PBWrof,b53,53,1,1826,teapot,1,Not at all
4078,R_3gwhM9Es5PBWrof,b54,54,1,1840,g clef,3,Moderately
4079,R_3gwhM9Es5PBWrof,b55,55,1,1846,christmas tree,1,Not at all
4080,R_3j0tEC2BnwcTIc9,b4,4,1,43,ant,1,Not at all
4081,R_3j0tEC2BnwcTIc9,b4,4,2,44,bed,2,A little
4082,R_3j0tEC2BnwcTIc9,b4,4,3,60,stingray,1,Not at all
4083,R_3j0tEC2BnwcTIc9,b9,9,1,135,Mountain,1,Not at all
4084,R_3j0tEC2BnwcTIc9,b14,14,1,248,horseshoe,1,Not at all
4085,R_3j0tEC2BnwcTIc9,b15,15,1,272,square,1,Not at all
4086,R_3j0tEC2BnwcTIc9,b17,17,1,302,cone,2,A little
4087,R_3j0tEC2BnwcTIc9,b19,19,1,381,tape dispenser,1,Not at all
4088,R_3j0tEC2BnwcTIc9,b21,21,1,426,cup,1,Not at all
4089,R_3j0tEC2BnwcTIc9,b21,21,2,433,pictogram,4,A lot
4090,R_3j0tEC2BnwcTIc9,b22,22,1,455,dart,1,Not at all
4091,R_3j0tEC2BnwcTIc9,b22,22,2,466,lowercase a,1,Not at all
4092,R_3j0tEC2BnwcTIc9,b22,22,3,475,rewind button,1,Not at all
4093,R_3j0tEC2BnwcTIc9,b29,29,1,638,lamp,1,Not at all
4094,R_3j0tEC2BnwcTIc9,b31,31,1,696,tripod,1,Not at all
4095,R_3j0tEC2BnwcTIc9,b32,32,1,700,chalice,5,Completely
4096,R_3j0tEC2BnwcTIc9,b32,32,2,711,keyhole,1,Not at all
4097,R_3j0tEC2BnwcTIc9,b32,32,3,712,lamp,1,Not at all
4098,R_3j0tEC2BnwcTIc9,b33,33,1,741,mushroom,1,Not at all
4099,R_3j0tEC2BnwcTIc9,b37,37,1,841,flower bud,2,A little
4100,R_3j0tEC2BnwcTIc9,b40,40,1,923,tuning fork,1,Not at all
4101,R_3j0tEC2BnwcTIc9,b41,41,1,950,semi circle,1,Not at all
4102,R_3j0tEC2BnwcTIc9,b42,42,1,968,table frame,1,Not at all
4103,R_3j0tEC2BnwcTIc9,b43,43,1,997,spoon,1,Not at all
4104,R_3j0tEC2BnwcTIc9,b44,44,1,1014,dollar sign,1,Not at all
4105,R_3j0tEC2BnwcTIc9,b50,50,1,1177,Broom,1,Not at all
4106,R_3j0tEC2BnwcTIc9,b52,52,1,1233,Square rotated,1,Not at all
4107,R_3j0tEC2BnwcTIc9,b53,53,1,1257,tulip,1,Not at all
4108,R_3j0tEC2BnwcTIc9,b59,59,1,1358,chimney,1,Not at all
4109,R_3j0tEC2BnwcTIc9,b59,59,2,1359,gymnastics apparatus,1,Not at all
4110,R_3jOZdIxYaLke4ug,b5,5,1,1411,spectacles,2,A little
4111,R_3jOZdIxYaLke4ug,b7,7,1,1420,christmas tree,1,Not at all
4112,R_3jOZdIxYaLke4ug,b10,10,1,1895,inverted comb,2,A little
4113,R_3jOZdIxYaLke4ug,b11,11,1,1456,bug crawling,1,Not at all
4114,R_3jOZdIxYaLke4ug,b13,13,1,1468,boat,1,Not at all
4115,R_3jOZdIxYaLke4ug,b15,15,1,1486,pennant flag,1,Not at all
4116,R_3jOZdIxYaLke4ug,b15,15,2,1488,Pentagon house,2,A little
4117,R_3jOZdIxYaLke4ug,b17,17,1,1899,arch bridge,1,Not at all
4118,R_3jOZdIxYaLke4ug,b20,20,1,1541,pulley hook,1,Not at all
4119,R_3jOZdIxYaLke4ug,b21,21,1,1549,pregnant woman,1,Not at all
4120,R_3jOZdIxYaLke4ug,b21,21,2,1552,padlock,2,A little
4121,R_3jOZdIxYaLke4ug,b23,23,1,1567,head on shoulders,1,Not at all
4122,R_3jOZdIxYaLke4ug,b26,26,1,1593,pennant,4,A lot
4123,R_3jOZdIxYaLke4ug,b26,26,2,1901,slingshot,1,Not at all
4124,R_3jOZdIxYaLke4ug,b27,27,1,1603,broken ladder,2,A little
4125,R_3jOZdIxYaLke4ug,b27,27,2,1608,Capital E,2,A little
4126,R_3jOZdIxYaLke4ug,b30,30,1,1638,trident fork,1,Not at all
4127,R_3jOZdIxYaLke4ug,b31,31,1,1649,martini glass,1,Not at all
4128,R_3jOZdIxYaLke4ug,b39,39,1,1712,football player with shoulder pads,1,Not at all
4129,R_3jOZdIxYaLke4ug,b40,40,1,1718,shopping cart,1,Not at all
4130,R_3jOZdIxYaLke4ug,b42,42,1,1733,hash symbol,1,Not at all
4131,R_3jOZdIxYaLke4ug,b42,42,2,1737,H shape,2,A little
4132,R_3jOZdIxYaLke4ug,b43,43,1,1743,snake charmer,1,Not at all
4133,R_3jOZdIxYaLke4ug,b44,44,1,1753,Snake eye,1,Not at all
4134,R_3jOZdIxYaLke4ug,b48,48,1,1784,Right angle,2,A little
4135,R_3jOZdIxYaLke4ug,b51,51,1,1808,running man,1,Not at all
4136,R_3jOZdIxYaLke4ug,b53,53,1,1827,pistol,1,Not at all
4137,R_3jOZdIxYaLke4ug,b56,56,1,1852,lowercase r,1,Not at all
4138,R_3jOZdIxYaLke4ug,b58,58,1,1878,Umbrella handle,4,A lot
4139,R_3jOZdIxYaLke4ug,b59,59,1,1881,triangular signpost,4,A lot
4140,R_3jUHSX7eCClAik2,b5,5,1,78,pulley,1,Not at all
4141,R_3jUHSX7eCClAik2,b6,6,1,106,spetacle,3,Moderately
4142,R_3jUHSX7eCClAik2,b7,7,1,119,umbrella,2,A little
4143,R_3jUHSX7eCClAik2,b11,11,1,176,milking stool,1,Not at all
4144,R_3jUHSX7eCClAik2,b12,12,1,198,person,1,Not at all
4145,R_3jUHSX7eCClAik2,b13,13,1,209,church,1,Not at all
4146,R_3jUHSX7eCClAik2,b15,15,1,259,arrow,2,A little
4147,R_3jUHSX7eCClAik2,b24,24,1,516,inverted chair,3,Moderately
4148,R_3jUHSX7eCClAik2,b24,24,2,521,pickaxe,2,A little
4149,R_3jUHSX7eCClAik2,b26,26,1,569,flag pole,1,Not at all
4150,R_3jUHSX7eCClAik2,b28,28,1,607,cylinder,1,Not at all
4151,R_3jUHSX7eCClAik2,b28,28,2,608,eyeglasses,2,A little
4152,R_3jUHSX7eCClAik2,b30,30,1,652,bench,1,Not at all
4153,R_3jUHSX7eCClAik2,b31,31,1,689,person,2,A little
4154,R_3jUHSX7eCClAik2,b31,31,2,697,tuning fork,1,Not at all
4155,R_3jUHSX7eCClAik2,b32,32,1,724,wine glass,5,Completely
4156,R_3jUHSX7eCClAik2,b33,33,1,726,Antenna,2,A little
4157,R_3jUHSX7eCClAik2,b35,35,1,785,eyes nose,3,Moderately
4158,R_3jUHSX7eCClAik2,b39,39,1,871,bee,1,Not at all
4159,R_3jUHSX7eCClAik2,b39,39,2,886,love knot,1,Not at all
4160,R_3jUHSX7eCClAik2,b39,39,3,890,scissors,1,Not at all
4161,R_3jUHSX7eCClAik2,b42,42,1,959,grid,4,A lot
4162,R_3jUHSX7eCClAik2,b43,43,1,992,royal scepter,1,Not at all
4163,R_3jUHSX7eCClAik2,b44,44,1,1009,Butterfly,1,Not at all
4164,R_3jUHSX7eCClAik2,b52,52,1,1230,picket fence,1,Not at all
4165,R_3jUHSX7eCClAik2,b53,53,1,1243,Boat,5,Completely
4166,R_3jUHSX7eCClAik2,b55,55,1,1284,coat rack,1,Not at all
4167,R_3jUHSX7eCClAik2,b56,56,1,1314,sliced pie,2,A little
4168,R_3jUHSX7eCClAik2,b57,57,1,1329,Spring,1,Not at all
4169,R_3jUHSX7eCClAik2,b57,57,2,1337,zipper,1,Not at all
4170,R_3jZ1B5pAuPBnE0S,b4,4,1,54,heart,1,Not at all
4171,R_3jZ1B5pAuPBnE0S,b11,11,1,179,stairs,1,Not at all
4172,R_3jZ1B5pAuPBnE0S,b13,13,1,211,door hinge,1,Not at all
4173,R_3jZ1B5pAuPBnE0S,b14,14,1,237,bear face,1,Not at all
4174,R_3jZ1B5pAuPBnE0S,b14,14,2,254,owl face,1,Not at all
4175,R_3jZ1B5pAuPBnE0S,b15,15,1,265,house,4,A lot
4176,R_3jZ1B5pAuPBnE0S,b16,16,1,287,paper airplane,1,Not at all
4177,R_3jZ1B5pAuPBnE0S,b21,21,1,440,snowman,2,A little
4178,R_3jZ1B5pAuPBnE0S,b22,22,1,468,Math symbol,1,Not at all
4179,R_3jZ1B5pAuPBnE0S,b25,25,1,542,flagpole,1,Not at all
4180,R_3jZ1B5pAuPBnE0S,b27,27,1,576,2 squares,1,Not at all
4181,R_3jZ1B5pAuPBnE0S,b28,28,1,611,glasses,4,A lot
4182,R_3jZ1B5pAuPBnE0S,b30,30,1,664,fish skeleton,2,A little
4183,R_3jZ1B5pAuPBnE0S,b30,30,2,665,goal post,1,Not at all
4184,R_3jZ1B5pAuPBnE0S,b32,32,1,719,stick figure,1,Not at all
4185,R_3jZ1B5pAuPBnE0S,b37,37,1,840,flower,3,Moderately
4186,R_3jZ1B5pAuPBnE0S,b40,40,1,900,coffee cup,4,A lot
4187,R_3jZ1B5pAuPBnE0S,b40,40,2,901,coffee mug,5,Completely
4188,R_3jZ1B5pAuPBnE0S,b41,41,1,925,chair,1,Not at all
4189,R_3jZ1B5pAuPBnE0S,b41,41,2,938,luggage tag,1,Not at all
4190,R_3jZ1B5pAuPBnE0S,b43,43,1,982,Hook,2,A little
4191,R_3jZ1B5pAuPBnE0S,b46,46,1,1084,muffin,2,A little
4192,R_3jZ1B5pAuPBnE0S,b47,47,1,1122,snail,1,Not at all
4193,R_3jZ1B5pAuPBnE0S,b49,49,1,1158,bikini set,2,A little
4194,R_3jZ1B5pAuPBnE0S,b50,50,1,1175,anchor,1,Not at all
4195,R_3jZ1B5pAuPBnE0S,b50,50,2,1177,Broom,1,Not at all
4196,R_3jZ1B5pAuPBnE0S,b51,51,1,1202,key,1,Not at all
4197,R_3jZ1B5pAuPBnE0S,b53,53,1,1239,Abstract umbrella,1,Not at all
4198,R_3jZ1B5pAuPBnE0S,b54,54,1,1266,concave,1,Not at all
4199,R_3jZ1B5pAuPBnE0S,b55,55,1,1281,arrow,2,A little
4200,R_3jsafPuKRaay9Kh,b3,3,1,38,pulley,1,Not at all
4201,R_3jsafPuKRaay9Kh,b6,6,1,91,circle,1,Not at all
4202,R_3jsafPuKRaay9Kh,b11,11,1,170,dining chair,2,A little
4203,R_3jsafPuKRaay9Kh,b11,11,2,178,rake,5,Completely
4204,R_3jsafPuKRaay9Kh,b12,12,1,202,skeleton key,1,Not at all
4205,R_3jsafPuKRaay9Kh,b12,12,2,204,Umbrella,1,Not at all
4206,R_3jsafPuKRaay9Kh,b14,14,1,245,Flower,1,Not at all
4207,R_3jsafPuKRaay9Kh,b17,17,1,326,wishbone,3,Moderately
4208,R_3jsafPuKRaay9Kh,b18,18,1,353,trophy,2,A little
4209,R_3jsafPuKRaay9Kh,b19,19,1,380,Steam,2,A little
4210,R_3jsafPuKRaay9Kh,b19,19,2,384,USB connector,5,Completely
4211,R_3jsafPuKRaay9Kh,b22,22,1,452,Boat,1,Not at all
4212,R_3jsafPuKRaay9Kh,b22,22,2,453,closed eye,3,Moderately
4213,R_3jsafPuKRaay9Kh,b23,23,1,502,Yinyang Medallion,4,A lot
4214,R_3jsafPuKRaay9Kh,b25,25,1,548,letter J,1,Not at all
4215,R_3jsafPuKRaay9Kh,b27,27,1,577,barcode,3,Moderately
4216,R_3jsafPuKRaay9Kh,b27,27,2,590,gate latch,5,Completely
4217,R_3jsafPuKRaay9Kh,b27,27,3,603,table chair,1,Not at all
4218,R_3jsafPuKRaay9Kh,b29,29,1,620,Anchor,2,A little
4219,R_3jsafPuKRaay9Kh,b29,29,2,645,top,1,Not at all
4220,R_3jsafPuKRaay9Kh,b30,30,1,678,wing ding,1,Not at all
4221,R_3jsafPuKRaay9Kh,b35,35,1,782,cherries,2,A little
4222,R_3jsafPuKRaay9Kh,b43,43,1,998,stethoscope,4,A lot
4223,R_3jsafPuKRaay9Kh,b44,44,1,1035,Semicircle,2,A little
4224,R_3jsafPuKRaay9Kh,b45,45,1,1054,LG symbol,2,A little
4225,R_3jsafPuKRaay9Kh,b46,46,1,1084,muffin,2,A little
4226,R_3jsafPuKRaay9Kh,b47,47,1,1102,balloon,2,A little
4227,R_3jsafPuKRaay9Kh,b54,54,1,1276,paperclip,2,A little
4228,R_3jsafPuKRaay9Kh,b55,55,1,1295,yield sign,3,Moderately
4229,R_3jsafPuKRaay9Kh,b57,57,1,1334,truss bridge,2,A little
4230,R_3jwETHz96ch9Drz,b1,1,1,4,tower,1,Not at all
4231,R_3jwETHz96ch9Drz,b10,10,1,151,kanji,3,Moderately
4232,R_3jwETHz96ch9Drz,b11,11,1,170,dining chair,1,Not at all
4233,R_3jwETHz96ch9Drz,b14,14,1,243,eyes,2,A little
4234,R_3jwETHz96ch9Drz,b17,17,1,312,house roof,1,Not at all
4235,R_3jwETHz96ch9Drz,b17,17,2,317,parachute,3,Moderately
4236,R_3jwETHz96ch9Drz,b21,21,1,443,coffee mug,1,Not at all
4237,R_3jwETHz96ch9Drz,b26,26,1,566,check mark,1,Not at all
4238,R_3jwETHz96ch9Drz,b27,27,1,596,parking lot,1,Not at all
4239,R_3jwETHz96ch9Drz,b28,28,1,608,eyeglasses,5,Completely
4240,R_3jwETHz96ch9Drz,b30,30,1,648,arrow,2,A little
4241,R_3jwETHz96ch9Drz,b30,30,2,673,shovel,2,A little
4242,R_3jwETHz96ch9Drz,b31,31,1,681,bird,1,Not at all
4243,R_3jwETHz96ch9Drz,b32,32,1,703,church bell,1,Not at all
4244,R_3jwETHz96ch9Drz,b32,32,2,722,tree,1,Not at all
4245,R_3jwETHz96ch9Drz,b35,35,1,785,eyes nose,2,A little
4246,R_3jwETHz96ch9Drz,b35,35,2,788,glasses,3,Moderately
4247,R_3jwETHz96ch9Drz,b38,38,1,854,clubs symbol,3,Moderately
4248,R_3jwETHz96ch9Drz,b38,38,2,865,shamrock,3,Moderately
4249,R_3jwETHz96ch9Drz,b41,41,1,925,chair,1,Not at all
4250,R_3jwETHz96ch9Drz,b42,42,1,959,grid,5,Completely
4251,R_3jwETHz96ch9Drz,b43,43,1,978,corkscrew,1,Not at all
4252,R_3jwETHz96ch9Drz,b44,44,1,1022,ink pencil,1,Not at all
4253,R_3jwETHz96ch9Drz,b44,44,2,1023,keychain,2,A little
4254,R_3jwETHz96ch9Drz,b46,46,1,1092,snowman,1,Not at all
4255,R_3jwETHz96ch9Drz,b48,48,1,1141,letter T,5,Completely
4256,R_3jwETHz96ch9Drz,b52,52,1,1234,star,1,Not at all
4257,R_3jwETHz96ch9Drz,b54,54,1,1263,Brush,1,Not at all
4258,R_3jwETHz96ch9Drz,b55,55,1,1292,Tree,2,A little
4259,R_3jwETHz96ch9Drz,b59,59,1,1364,sailboat,3,Moderately
4260,R_3l4PCUym6wO1uy0,b2,2,1,10,ladder,4,A lot
4261,R_3l4PCUym6wO1uy0,b5,5,1,71,dumbbell,1,Not at all
4262,R_3l4PCUym6wO1uy0,b7,7,1,112,spear,1,Not at all
4263,R_3l4PCUym6wO1uy0,b8,8,1,128,diamond,1,Not at all
4264,R_3l4PCUym6wO1uy0,b9,9,1,136,heart,1,Not at all
4265,R_3l4PCUym6wO1uy0,b10,10,1,150,horse barn,1,Not at all
4266,R_3l4PCUym6wO1uy0,b10,10,2,158,square,1,Not at all
4267,R_3l4PCUym6wO1uy0,b12,12,1,202,skeleton key,1,Not at all
4268,R_3l4PCUym6wO1uy0,b14,14,1,238,butterfly,1,Not at all
4269,R_3l4PCUym6wO1uy0,b15,15,1,260,bucket,1,Not at all
4270,R_3l4PCUym6wO1uy0,b19,19,1,376,scissors,1,Not at all
4271,R_3l4PCUym6wO1uy0,b20,20,1,390,bird,1,Not at all
4272,R_3l4PCUym6wO1uy0,b20,20,2,398,hanger,1,Not at all
4273,R_3l4PCUym6wO1uy0,b20,20,3,405,lightbulb,1,Not at all
4274,R_3l4PCUym6wO1uy0,b22,22,1,456,duck,2,A little
4275,R_3l4PCUym6wO1uy0,b23,23,1,498,streetlamp,2,A little
4276,R_3l4PCUym6wO1uy0,b26,26,1,567,Cone,1,Not at all
4277,R_3l4PCUym6wO1uy0,b29,29,1,628,chalice,1,Not at all
4278,R_3l4PCUym6wO1uy0,b31,31,1,684,female symbol,3,Moderately
4279,R_3l4PCUym6wO1uy0,b32,32,1,711,keyhole,1,Not at all
4280,R_3l4PCUym6wO1uy0,b36,36,1,804,fork,2,A little
4281,R_3l4PCUym6wO1uy0,b37,37,1,822,anchor,1,Not at all
4282,R_3l4PCUym6wO1uy0,b38,38,1,866,smiley face,1,Not at all
4283,R_3l4PCUym6wO1uy0,b40,40,1,914,padlock,1,Not at all
4284,R_3l4PCUym6wO1uy0,b41,41,1,928,cup,2,A little
4285,R_3l4PCUym6wO1uy0,b41,41,2,940,Mailbox,1,Not at all
4286,R_3l4PCUym6wO1uy0,b43,43,1,979,dollar sign,1,Not at all
4287,R_3l4PCUym6wO1uy0,b46,46,1,1062,anchor,1,Not at all
4288,R_3l4PCUym6wO1uy0,b48,48,1,1142,letter x,1,Not at all
4289,R_3l4PCUym6wO1uy0,b52,52,1,1227,line,1,Not at all
4290,R_3ly4Mci0dng0Z4W,b2,2,1,11,number 10,1,Not at all
4291,R_3ly4Mci0dng0Z4W,b3,3,1,40,spectacles,2,A little
4292,R_3ly4Mci0dng0Z4W,b8,8,1,130,hourglass,1,Not at all
4293,R_3ly4Mci0dng0Z4W,b11,11,1,169,cubes,1,Not at all
4294,R_3ly4Mci0dng0Z4W,b17,17,1,321,slingshot frame,1,Not at all
4295,R_3ly4Mci0dng0Z4W,b19,19,1,358,cat,1,Not at all
4296,R_3ly4Mci0dng0Z4W,b19,19,2,380,Steam,1,Not at all
4297,R_3ly4Mci0dng0Z4W,b20,20,1,396,glasses,1,Not at all
4298,R_3ly4Mci0dng0Z4W,b21,21,1,436,lollipop stand,1,Not at all
4299,R_3ly4Mci0dng0Z4W,b22,22,1,470,padlock,2,A little
4300,R_3ly4Mci0dng0Z4W,b25,25,1,539,chair,4,A lot
4301,R_3ly4Mci0dng0Z4W,b25,25,2,556,pole,1,Not at all
4302,R_3ly4Mci0dng0Z4W,b27,27,1,576,2 squares,1,Not at all
4303,R_3ly4Mci0dng0Z4W,b30,30,1,658,chair,1,Not at all
4304,R_3ly4Mci0dng0Z4W,b31,31,1,684,female symbol,1,Not at all
4305,R_3ly4Mci0dng0Z4W,b34,34,1,764,heart,1,Not at all
4306,R_3ly4Mci0dng0Z4W,b36,36,1,806,letter M,1,Not at all
4307,R_3ly4Mci0dng0Z4W,b37,37,1,851,Tree,4,A lot
4308,R_3ly4Mci0dng0Z4W,b41,41,1,946,pistol,1,Not at all
4309,R_3ly4Mci0dng0Z4W,b45,45,1,1053,lefty,1,Not at all
4310,R_3ly4Mci0dng0Z4W,b46,46,1,1073,face,1,Not at all
4311,R_3ly4Mci0dng0Z4W,b48,48,1,1143,letter Y,1,Not at all
4312,R_3ly4Mci0dng0Z4W,b48,48,2,1147,signpost,4,A lot
4313,R_3ly4Mci0dng0Z4W,b50,50,1,1187,mirror,1,Not at all
4314,R_3ly4Mci0dng0Z4W,b50,50,2,1190,Standing lamp,1,Not at all
4315,R_3ly4Mci0dng0Z4W,b51,51,1,1213,television,5,Completely
4316,R_3ly4Mci0dng0Z4W,b52,52,1,1219,comb,1,Not at all
4317,R_3ly4Mci0dng0Z4W,b53,53,1,1258,turtle,1,Not at all
4318,R_3ly4Mci0dng0Z4W,b54,54,1,1273,music clef,1,Not at all
4319,R_3ly4Mci0dng0Z4W,b57,57,1,1323,hourglass,5,Completely
4320,R_3mEPpbO6bFqaENz,b1,1,1,2,ladder section,5,Completely
4321,R_3mEPpbO6bFqaENz,b1,1,2,3,scaffolding tower,2,A little
4322,R_3mEPpbO6bFqaENz,b7,7,1,19,h,1,Not at all
4323,R_3mEPpbO6bFqaENz,b9,9,1,26,stone archway,1,Not at all
4324,R_3mEPpbO6bFqaENz,b11,11,1,34,power plug,2,A little
4325,R_3mEPpbO6bFqaENz,b12,12,1,38,fishing hook,1,Not at all
4326,R_3mEPpbO6bFqaENz,b17,17,1,49,snake tongue,1,Not at all
4327,R_3mEPpbO6bFqaENz,b20,20,1,63,chess pawn,1,Not at all
4328,R_3mEPpbO6bFqaENz,b22,22,1,71,letter a,1,Not at all
4329,R_3mEPpbO6bFqaENz,b24,24,1,76,fishing hook,1,Not at all
4330,R_3mEPpbO6bFqaENz,b28,28,1,90,male symbol,1,Not at all
4331,R_3mEPpbO6bFqaENz,b29,29,1,92,sailboat,1,Not at all
4332,R_3mEPpbO6bFqaENz,b29,29,2,94,turnstile gate,2,A little
4333,R_3mEPpbO6bFqaENz,b31,31,1,104,lollipop stick,1,Not at all
4334,R_3mEPpbO6bFqaENz,b34,34,1,115,open scissors,3,Moderately
4335,R_3mEPpbO6bFqaENz,b38,38,1,127,flower emblem,3,Moderately
4336,R_3mEPpbO6bFqaENz,b40,40,1,132,door window,1,Not at all
4337,R_3mEPpbO6bFqaENz,b40,40,2,134,hook gate,1,Not at all
4338,R_3mEPpbO6bFqaENz,b40,40,3,135,mail box,2,A little
4339,R_3mEPpbO6bFqaENz,b43,43,1,145,swing hook,1,Not at all
4340,R_3mEPpbO6bFqaENz,b44,44,1,148,keyhole,1,Not at all
4341,R_3mEPpbO6bFqaENz,b44,44,2,151,ps ligature,1,Not at all
4342,R_3mEPpbO6bFqaENz,b45,45,1,157,life buoy,1,Not at all
4343,R_3mEPpbO6bFqaENz,b46,46,1,159,dual torus,1,Not at all
4344,R_3mEPpbO6bFqaENz,b48,48,1,170,sledgehammer,1,Not at all
4345,R_3mEPpbO6bFqaENz,b50,50,1,178,drain cover,1,Not at all
4346,R_3mEPpbO6bFqaENz,b52,52,1,183,parking meter,1,Not at all
4347,R_3mEPpbO6bFqaENz,b56,56,1,195,keyhole,2,A little
4348,R_3mEPpbO6bFqaENz,b59,59,1,202,ground rod,1,Not at all
4349,R_3mEPpbO6bFqaENz,b59,59,2,203,tent pole,1,Not at all
4350,R_3mwPsK26FNsZrDj,b3,3,1,25,cherry,1,Not at all
4351,R_3mwPsK26FNsZrDj,b6,6,1,91,circle,2,A little
4352,R_3mwPsK26FNsZrDj,b8,8,1,126,circle,1,Not at all
4353,R_3mwPsK26FNsZrDj,b10,10,1,159,Tree,2,A little
4354,R_3mwPsK26FNsZrDj,b11,11,1,165,buck teeth,3,Moderately
4355,R_3mwPsK26FNsZrDj,b13,13,1,234,wine glass,5,Completely
4356,R_3mwPsK26FNsZrDj,b14,14,1,252,oval,1,Not at all
4357,R_3mwPsK26FNsZrDj,b14,14,2,256,sunglasses,1,Not at all
4358,R_3mwPsK26FNsZrDj,b18,18,1,344,music symbol,1,Not at all
4359,R_3mwPsK26FNsZrDj,b19,19,1,358,cat,1,Not at all
4360,R_3mwPsK26FNsZrDj,b20,20,1,398,hanger,1,Not at all
4361,R_3mwPsK26FNsZrDj,b21,21,1,444,power button,1,Not at all
4362,R_3mwPsK26FNsZrDj,b22,22,1,457,duck beak,4,A lot
4363,R_3mwPsK26FNsZrDj,b24,24,1,509,comb,1,Not at all
4364,R_3mwPsK26FNsZrDj,b32,32,1,709,Hammer,1,Not at all
4365,R_3mwPsK26FNsZrDj,b32,32,2,721,teeball,1,Not at all
4366,R_3mwPsK26FNsZrDj,b33,33,1,738,lollipop,2,A little
4367,R_3mwPsK26FNsZrDj,b36,36,1,820,tuning fork,2,A little
4368,R_3mwPsK26FNsZrDj,b37,37,1,852,weightlifter,1,Not at all
4369,R_3mwPsK26FNsZrDj,b41,41,1,943,paper clip,1,Not at all
4370,R_3mwPsK26FNsZrDj,b43,43,1,999,sucker,1,Not at all
4371,R_3mwPsK26FNsZrDj,b43,43,2,1000,Swing,1,Not at all
4372,R_3mwPsK26FNsZrDj,b47,47,1,1107,computer mouse,5,Completely
4373,R_3mwPsK26FNsZrDj,b47,47,2,1113,keychain,1,Not at all
4374,R_3mwPsK26FNsZrDj,b48,48,1,1133,flagpole,1,Not at all
4375,R_3mwPsK26FNsZrDj,b49,49,1,1159,Bird Beak,1,Not at all
4376,R_3mwPsK26FNsZrDj,b49,49,2,1169,mountain,1,Not at all
4377,R_3mwPsK26FNsZrDj,b51,51,1,1208,RADIO,5,Completely
4378,R_3mwPsK26FNsZrDj,b54,54,1,1260,Ant,1,Not at all
4379,R_3mwPsK26FNsZrDj,b55,55,1,1280,arm,1,Not at all
4380,R_3nHFaIYwY6gnyEx,b3,3,1,37,poll,1,Not at all
4381,R_3nHFaIYwY6gnyEx,b11,11,1,171,door key,2,A little
4382,R_3nHFaIYwY6gnyEx,b12,12,1,186,chalice,5,Completely
4383,R_3nHFaIYwY6gnyEx,b12,12,2,195,lamp,2,A little
4384,R_3nHFaIYwY6gnyEx,b14,14,1,247,headphones,5,Completely
4385,R_3nHFaIYwY6gnyEx,b18,18,1,336,heart,1,Not at all
4386,R_3nHFaIYwY6gnyEx,b19,19,1,379,start line,2,A little
4387,R_3nHFaIYwY6gnyEx,b20,20,1,419,woman,1,Not at all
4388,R_3nHFaIYwY6gnyEx,b23,23,1,480,anchor,1,Not at all
4389,R_3nHFaIYwY6gnyEx,b23,23,2,492,magnifying glass,2,A little
4390,R_3nHFaIYwY6gnyEx,b25,25,1,535,backwards L,1,Not at all
4391,R_3nHFaIYwY6gnyEx,b26,26,1,563,arrowhead,4,A lot
4392,R_3nHFaIYwY6gnyEx,b30,30,1,669,letters id,4,A lot
4393,R_3nHFaIYwY6gnyEx,b34,34,1,757,bow,5,Completely
4394,R_3nHFaIYwY6gnyEx,b35,35,1,795,spade,1,Not at all
4395,R_3nHFaIYwY6gnyEx,b36,36,1,818,triangle,1,Not at all
4396,R_3nHFaIYwY6gnyEx,b38,38,1,857,flower bouquet,4,A lot
4397,R_3nHFaIYwY6gnyEx,b39,39,1,891,small circles,2,A little
4398,R_3nHFaIYwY6gnyEx,b41,41,1,933,gate,2,A little
4399,R_3nHFaIYwY6gnyEx,b42,42,1,961,hashtag,1,Not at all
4400,R_3nHFaIYwY6gnyEx,b45,45,1,1048,cup,1,Not at all
4401,R_3nHFaIYwY6gnyEx,b46,46,1,1067,chalice,1,Not at all
4402,R_3nHFaIYwY6gnyEx,b47,47,1,1124,stethoscope,4,A lot
4403,R_3nHFaIYwY6gnyEx,b49,49,1,1155,Antennae,1,Not at all
4404,R_3nHFaIYwY6gnyEx,b49,49,2,1159,Bird Beak,1,Not at all
4405,R_3nHFaIYwY6gnyEx,b49,49,3,1172,Pizza,1,Not at all
4406,R_3nHFaIYwY6gnyEx,b50,50,1,1181,Electric tower,1,Not at all
4407,R_3nHFaIYwY6gnyEx,b51,51,1,1211,Satellite dish,4,A lot
4408,R_3nHFaIYwY6gnyEx,b53,53,1,1254,sailboat,5,Completely
4409,R_3nHFaIYwY6gnyEx,b54,54,1,1270,golf club,4,A lot
4410,R_3nUcj5kMUwGKhO6,b5,5,1,68,chair,1,Not at all
4411,R_3nUcj5kMUwGKhO6,b5,5,2,69,cherry,1,Not at all
4412,R_3nUcj5kMUwGKhO6,b13,13,1,224,Scale,1,Not at all
4413,R_3nUcj5kMUwGKhO6,b14,14,1,239,car,1,Not at all
4414,R_3nUcj5kMUwGKhO6,b14,14,2,246,half circle,1,Not at all
4415,R_3nUcj5kMUwGKhO6,b15,15,1,273,trapezium,2,A little
4416,R_3nUcj5kMUwGKhO6,b17,17,1,298,Balloon,1,Not at all
4417,R_3nUcj5kMUwGKhO6,b17,17,2,315,lantern,1,Not at all
4418,R_3nUcj5kMUwGKhO6,b18,18,1,349,sailboat,1,Not at all
4419,R_3nUcj5kMUwGKhO6,b18,18,2,352,Speed Bump,1,Not at all
4420,R_3nUcj5kMUwGKhO6,b18,18,3,355,water glass,2,A little
4421,R_3nUcj5kMUwGKhO6,b20,20,1,406,magnifying glass,1,Not at all
4422,R_3nUcj5kMUwGKhO6,b20,20,2,409,person,4,A lot
4423,R_3nUcj5kMUwGKhO6,b24,24,1,530,Thread holder,1,Not at all
4424,R_3nUcj5kMUwGKhO6,b25,25,1,541,Fallen tree,1,Not at all
4425,R_3nUcj5kMUwGKhO6,b27,27,1,593,ladder,1,Not at all
4426,R_3nUcj5kMUwGKhO6,b29,29,1,630,door hinge,1,Not at all
4427,R_3nUcj5kMUwGKhO6,b33,33,1,728,car,1,Not at all
4428,R_3nUcj5kMUwGKhO6,b34,34,1,766,ice cream,1,Not at all
4429,R_3nUcj5kMUwGKhO6,b37,37,1,832,clover,5,Completely
4430,R_3nUcj5kMUwGKhO6,b38,38,1,863,Mickey Mouse,1,Not at all
4431,R_3nUcj5kMUwGKhO6,b39,39,1,885,infinity symbol,2,A little
4432,R_3nUcj5kMUwGKhO6,b40,40,1,895,bar clamp,1,Not at all
4433,R_3nUcj5kMUwGKhO6,b40,40,2,897,box ear,2,A little
4434,R_3nUcj5kMUwGKhO6,b43,43,1,983,hospital sign,1,Not at all
4435,R_3nUcj5kMUwGKhO6,b44,44,1,1009,Butterfly,1,Not at all
4436,R_3nUcj5kMUwGKhO6,b46,46,1,1062,anchor,2,A little
4437,R_3nUcj5kMUwGKhO6,b46,46,2,1095,treble clef,2,A little
4438,R_3nUcj5kMUwGKhO6,b50,50,1,1193,stickman,5,Completely
4439,R_3nUcj5kMUwGKhO6,b52,52,1,1221,crosshair,1,Not at all
4440,R_3nVELSjw22kGm0U,b3,3,1,18,ballet shoes,1,Not at all
4441,R_3nVELSjw22kGm0U,b3,3,2,21,bed,1,Not at all
4442,R_3nVELSjw22kGm0U,b6,6,1,95,goggles,3,Moderately
4443,R_3nVELSjw22kGm0U,b10,10,1,159,Tree,1,Not at all
4444,R_3nVELSjw22kGm0U,b12,12,1,194,House,1,Not at all
4445,R_3nVELSjw22kGm0U,b20,20,1,395,flower pot,1,Not at all
4446,R_3nVELSjw22kGm0U,b20,20,2,396,glasses,1,Not at all
4447,R_3nVELSjw22kGm0U,b24,24,1,521,pickaxe,2,A little
4448,R_3nVELSjw22kGm0U,b25,25,1,536,bed,2,A little
4449,R_3nVELSjw22kGm0U,b25,25,2,551,lowercase h,4,A lot
4450,R_3nVELSjw22kGm0U,b25,25,3,557,stick,1,Not at all
4451,R_3nVELSjw22kGm0U,b27,27,1,581,bookshelf,1,Not at all
4452,R_3nVELSjw22kGm0U,b30,30,1,663,fish bone,2,A little
4453,R_3nVELSjw22kGm0U,b30,30,2,671,plug,1,Not at all
4454,R_3nVELSjw22kGm0U,b32,32,1,702,chandelier,1,Not at all
4455,R_3nVELSjw22kGm0U,b33,33,1,737,lamp,1,Not at all
4456,R_3nVELSjw22kGm0U,b37,37,1,825,balloons,3,Moderately
4457,R_3nVELSjw22kGm0U,b38,38,1,863,Mickey Mouse,1,Not at all
4458,R_3nVELSjw22kGm0U,b39,39,1,870,balloons,4,A lot
4459,R_3nVELSjw22kGm0U,b39,39,2,872,bow tie,1,Not at all
4460,R_3nVELSjw22kGm0U,b45,45,1,1061,wheelchair,2,A little
4461,R_3nVELSjw22kGm0U,b46,46,1,1079,human face,1,Not at all
4462,R_3nVELSjw22kGm0U,b47,47,1,1115,lamp,1,Not at all
4463,R_3nVELSjw22kGm0U,b49,49,1,1170,owl,1,Not at all
4464,R_3nVELSjw22kGm0U,b50,50,1,1192,stick person,5,Completely
4465,R_3nVELSjw22kGm0U,b51,51,1,1205,person,1,Not at all
4466,R_3nVELSjw22kGm0U,b55,55,1,1295,yield sign,2,A little
4467,R_3nVELSjw22kGm0U,b56,56,1,1307,Large circle,2,A little
4468,R_3nVELSjw22kGm0U,b57,57,1,1325,not equal,1,Not at all
4469,R_3nVELSjw22kGm0U,b57,57,2,1333,tie,2,A little
4470,R_3p3kIiVB6XvZJzQ,b4,4,1,9,bow tie,1,Not at all
4471,R_3p3kIiVB6XvZJzQ,b14,14,1,41,anchor,1,Not at all
4472,R_3p3kIiVB6XvZJzQ,b15,15,1,45,pencil tip,5,Completely
4473,R_3p3kIiVB6XvZJzQ,b17,17,1,49,snake tongue,1,Not at all
4474,R_3p3kIiVB6XvZJzQ,b18,18,1,53,bluetooth logo,1,Not at all
4475,R_3p3kIiVB6XvZJzQ,b21,21,1,66,chess pawn,4,A lot
4476,R_3p3kIiVB6XvZJzQ,b22,22,1,72,subset symbol,1,Not at all
4477,R_3p3kIiVB6XvZJzQ,b23,23,1,74,world pillar,2,A little
4478,R_3p3kIiVB6XvZJzQ,b24,24,1,75,water tap,1,Not at all
4479,R_3p3kIiVB6XvZJzQ,b29,29,1,93,tie fighter,1,Not at all
4480,R_3p3kIiVB6XvZJzQ,b31,31,1,103,hourglass,1,Not at all
4481,R_3p3kIiVB6XvZJzQ,b33,33,1,109,bumper car,2,A little
4482,R_3p3kIiVB6XvZJzQ,b34,34,1,113,hourglass infinity,1,Not at all
4483,R_3p3kIiVB6XvZJzQ,b34,34,2,117,phi symbol,1,Not at all
4484,R_3p3kIiVB6XvZJzQ,b39,39,1,129,angel,1,Not at all
4485,R_3p3kIiVB6XvZJzQ,b39,39,2,130,grounded infinity,1,Not at all
4486,R_3p3kIiVB6XvZJzQ,b39,39,3,131,infinity frame,1,Not at all
4487,R_3p3kIiVB6XvZJzQ,b41,41,1,138,keyhole,1,Not at all
4488,R_3p3kIiVB6XvZJzQ,b42,42,1,141,h-beam,1,Not at all
4489,R_3p3kIiVB6XvZJzQ,b46,46,1,162,ionic column,2,A little
4490,R_3p3kIiVB6XvZJzQ,b47,47,1,166,cartoon bomb,1,Not at all
4491,R_3p3kIiVB6XvZJzQ,b48,48,1,171,crosshairs,1,Not at all
4492,R_3p3kIiVB6XvZJzQ,b50,50,1,178,drain cover,1,Not at all
4493,R_3p3kIiVB6XvZJzQ,b54,54,1,188,sixteenth note,5,Completely
4494,R_3p3kIiVB6XvZJzQ,b56,56,1,195,keyhole,1,Not at all
4495,R_3p3kIiVB6XvZJzQ,b57,57,1,196,ski jump,1,Not at all
4496,R_3p3kIiVB6XvZJzQ,b58,58,1,199,key,1,Not at all
4497,R_3p3kIiVB6XvZJzQ,b58,58,2,201,hanger,2,A little
4498,R_3p3kIiVB6XvZJzQ,b60,60,1,205,arrowhead,2,A little
4499,R_3p3kIiVB6XvZJzQ,b60,60,2,206,square pyramid,1,Not at all
4500,R_3qqLBvBLxRaouWd,b6,6,1,1415,eyeglasses,2,A little
4501,R_3qqLBvBLxRaouWd,b7,7,1,1422,pine tree,3,Moderately
4502,R_3qqLBvBLxRaouWd,b10,10,1,1449,table,1,Not at all
4503,R_3qqLBvBLxRaouWd,b12,12,1,1458,UFO,1,Not at all
4504,R_3qqLBvBLxRaouWd,b13,13,1,1470,table,1,Not at all
4505,R_3qqLBvBLxRaouWd,b14,14,1,1479,toilet seat,1,Not at all
4506,R_3qqLBvBLxRaouWd,b14,14,2,1481,Contained Ds,2,A little
4507,R_3qqLBvBLxRaouWd,b22,22,1,1557,play icon,1,Not at all
4508,R_3qqLBvBLxRaouWd,b23,23,1,1564,hand mirror,3,Moderately
4509,R_3qqLBvBLxRaouWd,b24,24,1,1570,staple,2,A little
4510,R_3qqLBvBLxRaouWd,b25,25,1,1579,hammer head,1,Not at all
4511,R_3qqLBvBLxRaouWd,b25,25,2,1584,Street lamp,1,Not at all
4512,R_3qqLBvBLxRaouWd,b26,26,1,1592,less-than sign,1,Not at all
4513,R_3qqLBvBLxRaouWd,b26,26,2,1593,pennant,5,Completely
4514,R_3qqLBvBLxRaouWd,b30,30,1,1637,comb,1,Not at all
4515,R_3qqLBvBLxRaouWd,b31,31,1,1646,balloon,2,A little
4516,R_3qqLBvBLxRaouWd,b34,34,1,1673,butterfly mask,1,Not at all
4517,R_3qqLBvBLxRaouWd,b36,36,1,1687,slingshot frame,2,A little
4518,R_3qqLBvBLxRaouWd,b39,39,1,1707,ouroboros symbol,1,Not at all
4519,R_3qqLBvBLxRaouWd,b39,39,2,1709,Snowman sideways,1,Not at all
4520,R_3qqLBvBLxRaouWd,b40,40,1,1723,lock standing sideways,4,A lot
4521,R_3qqLBvBLxRaouWd,b43,43,1,1744,saxophone key,3,Moderately
4522,R_3qqLBvBLxRaouWd,b43,43,2,1746,question mark,1,Not at all
4523,R_3qqLBvBLxRaouWd,b46,46,1,1766,eye,1,Not at all
4524,R_3qqLBvBLxRaouWd,b46,46,2,1768,Butterfly wings,1,Not at all
4525,R_3qqLBvBLxRaouWd,b50,50,1,1800,Candelabra stand,1,Not at all
4526,R_3qqLBvBLxRaouWd,b52,52,1,1818,flagpole sign,1,Not at all
4527,R_3qqLBvBLxRaouWd,b54,54,1,1830,hockey stick,1,Not at all
4528,R_3qqLBvBLxRaouWd,b55,55,1,1848,spade symbol,1,Not at all
4529,R_3qqLBvBLxRaouWd,b56,56,1,1866,down Arrow button,1,Not at all
4530,R_3rO2oi3ZTCttGxl,b1,1,1,6,two squares,2,A little
4531,R_3rO2oi3ZTCttGxl,b3,3,1,39,spade,1,Not at all
4532,R_3rO2oi3ZTCttGxl,b6,6,1,104,snail,1,Not at all
4533,R_3rO2oi3ZTCttGxl,b12,12,1,203,swimming,1,Not at all
4534,R_3rO2oi3ZTCttGxl,b18,18,1,350,shield,1,Not at all
4535,R_3rO2oi3ZTCttGxl,b19,19,1,376,scissors,1,Not at all
4536,R_3rO2oi3ZTCttGxl,b21,21,1,421,Boat,1,Not at all
4537,R_3rO2oi3ZTCttGxl,b21,21,2,427,Ear,1,Not at all
4538,R_3rO2oi3ZTCttGxl,b21,21,3,449,music note,1,Not at all
4539,R_3rO2oi3ZTCttGxl,b23,23,1,489,keyhole,1,Not at all
4540,R_3rO2oi3ZTCttGxl,b24,24,1,503,anchor,4,A lot
4541,R_3rO2oi3ZTCttGxl,b24,24,2,533,windmill,1,Not at all
4542,R_3rO2oi3ZTCttGxl,b25,25,1,547,letter F,1,Not at all
4543,R_3rO2oi3ZTCttGxl,b29,29,1,631,Fish,1,Not at all
4544,R_3rO2oi3ZTCttGxl,b30,30,1,651,bed,1,Not at all
4545,R_3rO2oi3ZTCttGxl,b30,30,2,661,Drill,1,Not at all
4546,R_3rO2oi3ZTCttGxl,b30,30,3,663,fish bone,3,Moderately
4547,R_3rO2oi3ZTCttGxl,b33,33,1,733,golf club,1,Not at all
4548,R_3rO2oi3ZTCttGxl,b34,34,1,768,infinity symbol,2,A little
4549,R_3rO2oi3ZTCttGxl,b38,38,1,855,cone,2,A little
4550,R_3rO2oi3ZTCttGxl,b40,40,1,906,goal post,1,Not at all
4551,R_3rO2oi3ZTCttGxl,b41,41,1,928,cup,5,Completely
4552,R_3rO2oi3ZTCttGxl,b43,43,1,995,Snake,2,A little
4553,R_3rO2oi3ZTCttGxl,b43,43,2,1001,theta,2,A little
4554,R_3rO2oi3ZTCttGxl,b44,44,1,1036,small kite,2,A little
4555,R_3rO2oi3ZTCttGxl,b46,46,1,1076,heart,1,Not at all
4556,R_3rO2oi3ZTCttGxl,b50,50,1,1187,mirror,3,Moderately
4557,R_3rO2oi3ZTCttGxl,b55,55,1,1286,glass,5,Completely
4558,R_3rO2oi3ZTCttGxl,b56,56,1,1310,Potato,1,Not at all
4559,R_3rO2oi3ZTCttGxl,b58,58,1,1345,musical clef,1,Not at all
4560,R_3rxwXWaCuYE0jBv,b8,8,1,121,abstract glyph,5,Completely
4561,R_3rxwXWaCuYE0jBv,b14,14,1,250,mushroom,1,Not at all
4562,R_3rxwXWaCuYE0jBv,b14,14,2,251,Music Note,2,A little
4563,R_3rxwXWaCuYE0jBv,b18,18,1,341,magnifying glass,2,A little
4564,R_3rxwXWaCuYE0jBv,b19,19,1,371,mechanical arm,2,A little
4565,R_3rxwXWaCuYE0jBv,b19,19,2,379,start line,3,Moderately
4566,R_3rxwXWaCuYE0jBv,b20,20,1,400,hot air balloon,2,A little
4567,R_3rxwXWaCuYE0jBv,b21,21,1,422,Bulb,1,Not at all
4568,R_3rxwXWaCuYE0jBv,b22,22,1,462,heart,1,Not at all
4569,R_3rxwXWaCuYE0jBv,b23,23,1,484,caduceus,2,A little
4570,R_3rxwXWaCuYE0jBv,b24,24,1,528,Square,1,Not at all
4571,R_3rxwXWaCuYE0jBv,b25,25,1,554,open box,1,Not at all
4572,R_3rxwXWaCuYE0jBv,b29,29,1,629,crane,1,Not at all
4573,R_3rxwXWaCuYE0jBv,b30,30,1,671,plug,2,A little
4574,R_3rxwXWaCuYE0jBv,b30,30,2,675,train car,2,A little
4575,R_3rxwXWaCuYE0jBv,b31,31,1,694,stick person,5,Completely
4576,R_3rxwXWaCuYE0jBv,b31,31,2,695,Sun Horizon,2,A little
4577,R_3rxwXWaCuYE0jBv,b32,32,1,705,door knocker,3,Moderately
4578,R_3rxwXWaCuYE0jBv,b34,34,1,771,Owl face,4,A lot
4579,R_3rxwXWaCuYE0jBv,b39,39,1,872,bow tie,1,Not at all
4580,R_3rxwXWaCuYE0jBv,b40,40,1,896,bed,1,Not at all
4581,R_3rxwXWaCuYE0jBv,b40,40,2,906,goal post,1,Not at all
4582,R_3rxwXWaCuYE0jBv,b41,41,1,939,magnifying glass,1,Not at all
4583,R_3rxwXWaCuYE0jBv,b44,44,1,1036,small kite,1,Not at all
4584,R_3rxwXWaCuYE0jBv,b46,46,1,1062,anchor,1,Not at all
4585,R_3rxwXWaCuYE0jBv,b46,46,2,1065,bridge,1,Not at all
4586,R_3rxwXWaCuYE0jBv,b46,46,3,1087,number 3,1,Not at all
4587,R_3rxwXWaCuYE0jBv,b47,47,1,1111,dollar sign,1,Not at all
4588,R_3rxwXWaCuYE0jBv,b48,48,1,1135,hammer,1,Not at all
4589,R_3rxwXWaCuYE0jBv,b58,58,1,1339,anchor,1,Not at all
4590,R_3s1hKrMrxEfPzFl,b1,1,1,3,scaffolding tower,1,Not at all
4591,R_3s1hKrMrxEfPzFl,b3,3,1,5,scale hourglass,3,Moderately
4592,R_3s1hKrMrxEfPzFl,b10,10,1,30,eject button,2,A little
4593,R_3s1hKrMrxEfPzFl,b14,14,1,41,anchor,1,Not at all
4594,R_3s1hKrMrxEfPzFl,b15,15,1,44,hourglass,1,Not at all
4595,R_3s1hKrMrxEfPzFl,b19,19,1,58,electric plug,3,Moderately
4596,R_3s1hKrMrxEfPzFl,b21,21,1,66,chess pawn,3,Moderately
4597,R_3s1hKrMrxEfPzFl,b22,22,1,71,letter a,1,Not at all
4598,R_3s1hKrMrxEfPzFl,b24,24,1,76,fishing hook,1,Not at all
4599,R_3s1hKrMrxEfPzFl,b25,25,1,78,paint roller,2,A little
4600,R_3s1hKrMrxEfPzFl,b26,26,1,81,diamond,1,Not at all
4601,R_3s1hKrMrxEfPzFl,b27,27,1,86,open frame,2,A little
4602,R_3s1hKrMrxEfPzFl,b28,28,1,88,spectacle temples,4,A lot
4603,R_3s1hKrMrxEfPzFl,b34,34,1,117,phi symbol,3,Moderately
4604,R_3s1hKrMrxEfPzFl,b37,37,1,124,pendulum bob,3,Moderately
4605,R_3s1hKrMrxEfPzFl,b38,38,1,126,crown jewel,2,A little
4606,R_3s1hKrMrxEfPzFl,b39,39,1,130,grounded infinity,2,A little
4607,R_3s1hKrMrxEfPzFl,b39,39,2,131,infinity frame,1,Not at all
4608,R_3s1hKrMrxEfPzFl,b40,40,1,134,hook gate,2,A little
4609,R_3s1hKrMrxEfPzFl,b41,41,1,136,door handle,3,Moderately
4610,R_3s1hKrMrxEfPzFl,b41,41,2,138,keyhole,3,Moderately
4611,R_3s1hKrMrxEfPzFl,b44,44,1,148,keyhole,1,Not at all
4612,R_3s1hKrMrxEfPzFl,b45,45,1,154,clock face,5,Completely
4613,R_3s1hKrMrxEfPzFl,b48,48,1,169,t,5,Completely
4614,R_3s1hKrMrxEfPzFl,b53,53,1,187,flag pole,2,A little
4615,R_3s1hKrMrxEfPzFl,b54,54,1,189,anchor symbol,2,A little
4616,R_3s1hKrMrxEfPzFl,b56,56,1,195,keyhole,1,Not at all
4617,R_3s1hKrMrxEfPzFl,b57,57,1,197,capped diamond,2,A little
4618,R_3s1hKrMrxEfPzFl,b57,57,2,198,rotated x,2,A little
4619,R_3s1hKrMrxEfPzFl,b60,60,1,206,square pyramid,4,A lot
4620,R_3s7QqfmBXRnjV80,b13,13,1,219,martini glass,4,A lot
4621,R_3s7QqfmBXRnjV80,b14,14,1,237,bear face,1,Not at all
4622,R_3s7QqfmBXRnjV80,b16,16,1,294,trophy,2,A little
4623,R_3s7QqfmBXRnjV80,b17,17,1,319,shelf bracket,1,Not at all
4624,R_3s7QqfmBXRnjV80,b18,18,1,349,sailboat,1,Not at all
4625,R_3s7QqfmBXRnjV80,b20,20,1,397,golf ball,2,A little
4626,R_3s7QqfmBXRnjV80,b20,20,2,414,snowman,3,Moderately
4627,R_3s7QqfmBXRnjV80,b26,26,1,568,flag,1,Not at all
4628,R_3s7QqfmBXRnjV80,b27,27,1,577,barcode,2,A little
4629,R_3s7QqfmBXRnjV80,b28,28,1,614,insect head,1,Not at all
4630,R_3s7QqfmBXRnjV80,b30,30,1,648,arrow,1,Not at all
4631,R_3s7QqfmBXRnjV80,b30,30,2,673,shovel,1,Not at all
4632,R_3s7QqfmBXRnjV80,b31,31,1,696,tripod,2,A little
4633,R_3s7QqfmBXRnjV80,b32,32,1,702,chandelier,1,Not at all
4634,R_3s7QqfmBXRnjV80,b33,33,1,743,planted sapling,3,Moderately
4635,R_3s7QqfmBXRnjV80,b33,33,2,744,plunger,1,Not at all
4636,R_3s7QqfmBXRnjV80,b35,35,1,775,balloon pair,3,Moderately
4637,R_3s7QqfmBXRnjV80,b36,36,1,807,location marker,3,Moderately
4638,R_3s7QqfmBXRnjV80,b36,36,2,818,triangle,3,Moderately
4639,R_3s7QqfmBXRnjV80,b43,43,1,976,cartoon bomb,2,A little
4640,R_3s7QqfmBXRnjV80,b43,43,2,994,snake,1,Not at all
4641,R_3s7QqfmBXRnjV80,b44,44,1,1022,ink pencil,1,Not at all
4642,R_3s7QqfmBXRnjV80,b44,44,2,1038,snake,1,Not at all
4643,R_3s7QqfmBXRnjV80,b47,47,1,1117,Mouse,5,Completely
4644,R_3s7QqfmBXRnjV80,b48,48,1,1130,a tree,2,A little
4645,R_3s7QqfmBXRnjV80,b51,51,1,1203,keyhole,2,A little
4646,R_3s7QqfmBXRnjV80,b51,51,2,1214,transistor radio,4,A lot
4647,R_3s7QqfmBXRnjV80,b54,54,1,1269,gas pump,3,Moderately
4648,R_3s7QqfmBXRnjV80,b56,56,1,1305,eye,1,Not at all
4649,R_3s7QqfmBXRnjV80,b60,60,1,1376,party hat,3,Moderately
4650,R_3tma2amMdBtK2iJ,b7,7,1,1421,double spear,4,A lot
4651,R_3tma2amMdBtK2iJ,b7,7,2,1423,fletched arrow,3,Moderately
4652,R_3tma2amMdBtK2iJ,b8,8,1,1433,Digit 8,2,A little
4653,R_3tma2amMdBtK2iJ,b9,9,1,1435,cactus,1,Not at all
4654,R_3tma2amMdBtK2iJ,b9,9,2,1440,Four-leaf clover,1,Not at all
4655,R_3tma2amMdBtK2iJ,b10,10,1,1442,broken comb,1,Not at all
4656,R_3tma2amMdBtK2iJ,b10,10,2,1446,fork and knife,2,A little
4657,R_3tma2amMdBtK2iJ,b15,15,1,1492,Equilateral hexagon,1,Not at all
4658,R_3tma2amMdBtK2iJ,b17,17,1,1898,martini glass,1,Not at all
4659,R_3tma2amMdBtK2iJ,b18,18,1,1512,Umbrella,1,Not at all
4660,R_3tma2amMdBtK2iJ,b19,19,1,1523,padlock key,1,Not at all
4661,R_3tma2amMdBtK2iJ,b24,24,1,1569,bucket,1,Not at all
4662,R_3tma2amMdBtK2iJ,b27,27,1,1599,window frame,1,Not at all
4663,R_3tma2amMdBtK2iJ,b29,29,1,1622,G-clamp,1,Not at all
4664,R_3tma2amMdBtK2iJ,b30,30,1,1643,HD icon,3,Moderately
4665,R_3tma2amMdBtK2iJ,b30,30,2,1644,fence,1,Not at all
4666,R_3tma2amMdBtK2iJ,b32,32,1,1656,claw hammer,1,Not at all
4667,R_3tma2amMdBtK2iJ,b34,34,1,1672,glasses,2,A little
4668,R_3tma2amMdBtK2iJ,b37,37,1,1907,3 leaf clover,3,Moderately
4669,R_3tma2amMdBtK2iJ,b38,38,1,1697,club symbol,2,A little
4670,R_3tma2amMdBtK2iJ,b39,39,1,1705,club symbol,2,A little
4671,R_3tma2amMdBtK2iJ,b40,40,1,1722,Skeleton key,1,Not at all
4672,R_3tma2amMdBtK2iJ,b44,44,1,1750,soup bowl,1,Not at all
4673,R_3tma2amMdBtK2iJ,b44,44,2,1753,Snake eye,1,Not at all
4674,R_3tma2amMdBtK2iJ,b45,45,1,1754,target,1,Not at all
4675,R_3tma2amMdBtK2iJ,b45,45,2,1757,seated person,1,Not at all
4676,R_3tma2amMdBtK2iJ,b49,49,1,1794,Arrow key,1,Not at all
4677,R_3tma2amMdBtK2iJ,b52,52,1,1814,capital F,5,Completely
4678,R_3tma2amMdBtK2iJ,b55,55,1,1849,Down arrow,1,Not at all
4679,R_3tma2amMdBtK2iJ,b57,57,1,1872,barn door,1,Not at all
4680,R_3trRwk94u14NAqH,b1,1,1,1382,ladder rungs,4,A lot
4681,R_3trRwk94u14NAqH,b7,7,1,1424,pair of arrows,4,A lot
4682,R_3trRwk94u14NAqH,b9,9,1,1438,inverted comb,1,Not at all
4683,R_3trRwk94u14NAqH,b13,13,1,1470,table,1,Not at all
4684,R_3trRwk94u14NAqH,b16,16,1,1496,teardrop,2,A little
4685,R_3trRwk94u14NAqH,b18,18,1,1513,map pin,3,Moderately
4686,R_3trRwk94u14NAqH,b21,21,1,1543,Letter B,1,Not at all
4687,R_3trRwk94u14NAqH,b22,22,1,1560,arrow,1,Not at all
4688,R_3trRwk94u14NAqH,b24,24,1,1570,staple,2,A little
4689,R_3trRwk94u14NAqH,b25,25,1,1577,Boot heel,1,Not at all
4690,R_3trRwk94u14NAqH,b25,25,2,1580,Skeleton key,1,Not at all
4691,R_3trRwk94u14NAqH,b26,26,1,1592,less-than sign,1,Not at all
4692,R_3trRwk94u14NAqH,b27,27,1,1599,window frame,1,Not at all
4693,R_3trRwk94u14NAqH,b27,27,2,1601,backwards F,1,Not at all
4694,R_3trRwk94u14NAqH,b32,32,1,1651,bell,1,Not at all
4695,R_3trRwk94u14NAqH,b32,32,2,1654,mushroom anchor,1,Not at all
4696,R_3trRwk94u14NAqH,b40,40,1,1722,Skeleton key,2,A little
4697,R_3trRwk94u14NAqH,b44,44,1,1752,swan neck,2,A little
4698,R_3trRwk94u14NAqH,b45,45,1,1761,padlock,1,Not at all
4699,R_3trRwk94u14NAqH,b45,45,2,1762,power button,1,Not at all
4700,R_3trRwk94u14NAqH,b46,46,1,1768,Butterfly wings,1,Not at all
4701,R_3trRwk94u14NAqH,b48,48,1,1780,T-junction,5,Completely
4702,R_3trRwk94u14NAqH,b49,49,1,1788,spade symbol,1,Not at all
4703,R_3trRwk94u14NAqH,b49,49,2,1793,Owl face,2,A little
4704,R_3trRwk94u14NAqH,b52,52,1,1813,coat rack,1,Not at all
4705,R_3trRwk94u14NAqH,b55,55,1,1848,spade symbol,1,Not at all
4706,R_3trRwk94u14NAqH,b56,56,1,1858,compass needle,1,Not at all
4707,R_3trRwk94u14NAqH,b56,56,2,1862,partial clock,4,A lot
4708,R_3trRwk94u14NAqH,b56,56,3,1864,Circled K,1,Not at all
4709,R_3trRwk94u14NAqH,b57,57,1,1876,two triangles,4,A lot
4710,R_3uTH4ENSfSUyorr,b3,3,1,35,hook,1,Not at all
4711,R_3uTH4ENSfSUyorr,b11,11,1,163,broom,1,Not at all
4712,R_3uTH4ENSfSUyorr,b11,11,2,173,goal post,2,A little
4713,R_3uTH4ENSfSUyorr,b13,13,1,233,window,1,Not at all
4714,R_3uTH4ENSfSUyorr,b15,15,1,267,kite,1,Not at all
4715,R_3uTH4ENSfSUyorr,b16,16,1,289,shelf bracket,1,Not at all
4716,R_3uTH4ENSfSUyorr,b17,17,1,324,tulip,1,Not at all
4717,R_3uTH4ENSfSUyorr,b18,18,1,341,magnifying glass,1,Not at all
4718,R_3uTH4ENSfSUyorr,b19,19,1,356,bee,1,Not at all
4719,R_3uTH4ENSfSUyorr,b20,20,1,389,balloon animal,1,Not at all
4720,R_3uTH4ENSfSUyorr,b21,21,1,434,pool,1,Not at all
4721,R_3uTH4ENSfSUyorr,b24,24,1,507,coat hook,2,A little
4722,R_3uTH4ENSfSUyorr,b25,25,1,536,bed,4,A lot
4723,R_3uTH4ENSfSUyorr,b25,25,2,540,crane,1,Not at all
4724,R_3uTH4ENSfSUyorr,b26,26,1,569,flag pole,5,Completely
4725,R_3uTH4ENSfSUyorr,b27,27,1,597,plug,1,Not at all
4726,R_3uTH4ENSfSUyorr,b29,29,1,643,spade,3,Moderately
4727,R_3uTH4ENSfSUyorr,b33,33,1,753,Triangle,1,Not at all
4728,R_3uTH4ENSfSUyorr,b34,34,1,772,scissors,5,Completely
4729,R_3uTH4ENSfSUyorr,b41,41,1,934,gift box,1,Not at all
4730,R_3uTH4ENSfSUyorr,b41,41,2,949,road,1,Not at all
4731,R_3uTH4ENSfSUyorr,b42,42,1,963,Lined square,5,Completely
4732,R_3uTH4ENSfSUyorr,b43,43,1,985,lollipop,1,Not at all
4733,R_3uTH4ENSfSUyorr,b44,44,1,1015,Elephant ears,1,Not at all
4734,R_3uTH4ENSfSUyorr,b44,44,2,1032,pocketwatch,2,A little
4735,R_3uTH4ENSfSUyorr,b46,46,1,1088,number 8,1,Not at all
4736,R_3uTH4ENSfSUyorr,b47,47,1,1126,treble clef,1,Not at all
4737,R_3uTH4ENSfSUyorr,b48,48,1,1134,goal post,2,A little
4738,R_3uTH4ENSfSUyorr,b54,54,1,1262,bottle opener,1,Not at all
4739,R_3uTH4ENSfSUyorr,b55,55,1,1291,stand,2,A little
4740,R_3viHkQAudbNtC7r,b1,1,1,1,iron bars,3,Moderately
4741,R_3viHkQAudbNtC7r,b1,1,2,2,ladder section,5,Completely
4742,R_3viHkQAudbNtC7r,b4,4,1,9,bow tie,2,A little
4743,R_3viHkQAudbNtC7r,b6,6,1,14,horse blinders,2,A little
4744,R_3viHkQAudbNtC7r,b6,6,2,15,sunglasses,3,Moderately
4745,R_3viHkQAudbNtC7r,b11,11,1,34,power plug,2,A little
4746,R_3viHkQAudbNtC7r,b19,19,1,55,violin scroll,1,Not at all
4747,R_3viHkQAudbNtC7r,b19,19,2,57,light bulb,1,Not at all
4748,R_3viHkQAudbNtC7r,b19,19,3,58,electric plug,1,Not at all
4749,R_3viHkQAudbNtC7r,b19,19,4,61,compact disc,2,A little
4750,R_3viHkQAudbNtC7r,b20,20,1,62,stop sign,1,Not at all
4751,R_3viHkQAudbNtC7r,b21,21,1,69,paperclip,1,Not at all
4752,R_3viHkQAudbNtC7r,b26,26,1,83,plumb line,2,A little
4753,R_3viHkQAudbNtC7r,b29,29,1,93,tie fighter,2,A little
4754,R_3viHkQAudbNtC7r,b30,30,1,97,door jamb,1,Not at all
4755,R_3viHkQAudbNtC7r,b30,30,2,102,gate,2,A little
4756,R_3viHkQAudbNtC7r,b34,34,1,116,quantum anchor,1,Not at all
4757,R_3viHkQAudbNtC7r,b34,34,2,118,double keyhole,2,A little
4758,R_3viHkQAudbNtC7r,b35,35,1,119,anvil,1,Not at all
4759,R_3viHkQAudbNtC7r,b39,39,1,131,infinity frame,2,A little
4760,R_3viHkQAudbNtC7r,b43,43,1,147,greek phi,1,Not at all
4761,R_3viHkQAudbNtC7r,b44,44,1,151,ps ligature,2,A little
4762,R_3viHkQAudbNtC7r,b45,45,1,156,floating lid,2,A little
4763,R_3viHkQAudbNtC7r,b47,47,1,167,capital b,1,Not at all
4764,R_3viHkQAudbNtC7r,b48,48,1,170,sledgehammer,1,Not at all
4765,R_3viHkQAudbNtC7r,b50,50,1,180,lamp post,1,Not at all
4766,R_3viHkQAudbNtC7r,b54,54,1,188,sixteenth note,4,A lot
4767,R_3viHkQAudbNtC7r,b57,57,1,198,rotated x,3,Moderately
4768,R_3viHkQAudbNtC7r,b60,60,1,205,arrowhead,2,A little
4769,R_3viHkQAudbNtC7r,b60,60,2,208,house roof,5,Completely
4770,R_3wmJlS0PMHpN3Vp,b2,2,1,9,hash,1,Not at all
4771,R_3wmJlS0PMHpN3Vp,b5,5,1,72,glasses,1,Not at all
4772,R_3wmJlS0PMHpN3Vp,b5,5,2,76,letter D,1,Not at all
4773,R_3wmJlS0PMHpN3Vp,b9,9,1,141,clover,5,Completely
4774,R_3wmJlS0PMHpN3Vp,b10,10,1,161,two triangles,1,Not at all
4775,R_3wmJlS0PMHpN3Vp,b11,11,1,175,interval graph,1,Not at all
4776,R_3wmJlS0PMHpN3Vp,b12,12,1,196,magnifying glass,1,Not at all
4777,R_3wmJlS0PMHpN3Vp,b14,14,1,245,Flower,1,Not at all
4778,R_3wmJlS0PMHpN3Vp,b17,17,1,309,Head,4,A lot
4779,R_3wmJlS0PMHpN3Vp,b18,18,1,332,flag,1,Not at all
4780,R_3wmJlS0PMHpN3Vp,b22,22,1,465,keyhole,5,Completely
4781,R_3wmJlS0PMHpN3Vp,b23,23,1,502,Yinyang Medallion,4,A lot
4782,R_3wmJlS0PMHpN3Vp,b27,27,1,590,gate latch,1,Not at all
4783,R_3wmJlS0PMHpN3Vp,b29,29,1,623,beach umbrella,4,A lot
4784,R_3wmJlS0PMHpN3Vp,b36,36,1,803,fishing rod,1,Not at all
4785,R_3wmJlS0PMHpN3Vp,b37,37,1,843,Hammer,1,Not at all
4786,R_3wmJlS0PMHpN3Vp,b40,40,1,899,Clock,1,Not at all
4787,R_3wmJlS0PMHpN3Vp,b41,41,1,945,pipe clamp,1,Not at all
4788,R_3wmJlS0PMHpN3Vp,b42,42,1,957,bookshelf,1,Not at all
4789,R_3wmJlS0PMHpN3Vp,b42,42,2,967,square,5,Completely
4790,R_3wmJlS0PMHpN3Vp,b45,45,1,1053,lefty,1,Not at all
4791,R_3wmJlS0PMHpN3Vp,b45,45,2,1060,power button,1,Not at all
4792,R_3wmJlS0PMHpN3Vp,b46,46,1,1070,circle square,1,Not at all
4793,R_3wmJlS0PMHpN3Vp,b46,46,2,1083,medal,4,A lot
4794,R_3wmJlS0PMHpN3Vp,b47,47,1,1108,cross circle,1,Not at all
4795,R_3wmJlS0PMHpN3Vp,b48,48,1,1134,goal post,1,Not at all
4796,R_3wmJlS0PMHpN3Vp,b55,55,1,1285,flagpole,3,Moderately
4797,R_3wmJlS0PMHpN3Vp,b57,57,1,1327,scissors,2,A little
4798,R_3wmJlS0PMHpN3Vp,b59,59,1,1362,rhombus,1,Not at all
4799,R_3wmJlS0PMHpN3Vp,b59,59,2,1365,ship sail,1,Not at all
4800,R_3xQMwwmyBaxRbAF,b5,5,1,78,pulley,1,Not at all
4801,R_3xQMwwmyBaxRbAF,b7,7,1,107,arrow,4,A lot
4802,R_3xQMwwmyBaxRbAF,b9,9,1,136,heart,1,Not at all
4803,R_3xQMwwmyBaxRbAF,b13,13,1,233,window,1,Not at all
4804,R_3xQMwwmyBaxRbAF,b14,14,1,242,elephant head,1,Not at all
4805,R_3xQMwwmyBaxRbAF,b16,16,1,279,guitar pick,2,A little
4806,R_3xQMwwmyBaxRbAF,b17,17,1,302,cone,2,A little
4807,R_3xQMwwmyBaxRbAF,b18,18,1,334,guitar pick,2,A little
4808,R_3xQMwwmyBaxRbAF,b19,19,1,368,jellyfish,1,Not at all
4809,R_3xQMwwmyBaxRbAF,b19,19,2,380,Steam,1,Not at all
4810,R_3xQMwwmyBaxRbAF,b27,27,1,588,euro symbol,1,Not at all
4811,R_3xQMwwmyBaxRbAF,b28,28,1,608,eyeglasses,3,Moderately
4812,R_3xQMwwmyBaxRbAF,b32,32,1,712,lamp,2,A little
4813,R_3xQMwwmyBaxRbAF,b34,34,1,759,butterfly,1,Not at all
4814,R_3xQMwwmyBaxRbAF,b34,34,2,766,ice cream,1,Not at all
4815,R_3xQMwwmyBaxRbAF,b35,35,1,790,heart,1,Not at all
4816,R_3xQMwwmyBaxRbAF,b36,36,1,799,Bird feet,2,A little
4817,R_3xQMwwmyBaxRbAF,b37,37,1,824,animal,1,Not at all
4818,R_3xQMwwmyBaxRbAF,b39,39,1,872,bow tie,2,A little
4819,R_3xQMwwmyBaxRbAF,b41,41,1,936,key,1,Not at all
4820,R_3xQMwwmyBaxRbAF,b43,43,1,981,eighth note,2,A little
4821,R_3xQMwwmyBaxRbAF,b44,44,1,1018,head,1,Not at all
4822,R_3xQMwwmyBaxRbAF,b44,44,2,1020,hot soup,1,Not at all
4823,R_3xQMwwmyBaxRbAF,b46,46,1,1075,handcuffs,1,Not at all
4824,R_3xQMwwmyBaxRbAF,b48,48,1,1130,a tree,2,A little
4825,R_3xQMwwmyBaxRbAF,b54,54,1,1275,music note,3,Moderately
4826,R_3xQMwwmyBaxRbAF,b55,55,1,1295,yield sign,3,Moderately
4827,R_3xQMwwmyBaxRbAF,b57,57,1,1335,windmill,1,Not at all
4828,R_3xQMwwmyBaxRbAF,b58,58,1,1342,hanging scale,2,A little
4829,R_3xQMwwmyBaxRbAF,b59,59,1,1352,arrowhead,2,A little
4830,R_3yrTWTwkImmvhjb,b3,3,1,1396,Eyeglasses,3,Moderately
4831,R_3yrTWTwkImmvhjb,b5,5,1,1406,butterfly wings,1,Not at all
4832,R_3yrTWTwkImmvhjb,b14,14,1,1477,Skull,3,Moderately
4833,R_3yrTWTwkImmvhjb,b14,14,2,1479,toilet seat,2,A little
4834,R_3yrTWTwkImmvhjb,b15,15,1,1482,Yield sign,2,A little
4835,R_3yrTWTwkImmvhjb,b15,15,2,1483,Skull,1,Not at all
4836,R_3yrTWTwkImmvhjb,b17,17,1,1503,umbrella,5,Completely
4837,R_3yrTWTwkImmvhjb,b19,19,1,1525,sled,1,Not at all
4838,R_3yrTWTwkImmvhjb,b21,21,1,1543,Letter B,4,A lot
4839,R_3yrTWTwkImmvhjb,b22,22,1,1557,play icon,4,A lot
4840,R_3yrTWTwkImmvhjb,b26,26,1,1594,arrow sign,4,A lot
4841,R_3yrTWTwkImmvhjb,b28,28,1,1614,bicycle handlebars,4,A lot
4842,R_3yrTWTwkImmvhjb,b30,30,1,1632,Bridge support,3,Moderately
4843,R_3yrTWTwkImmvhjb,b30,30,2,1635,bitcoin symbol,1,Not at all
4844,R_3yrTWTwkImmvhjb,b32,32,1,1652,mushroom cap,2,A little
4845,R_3yrTWTwkImmvhjb,b35,35,1,1677,butterfly,2,A little
4846,R_3yrTWTwkImmvhjb,b35,35,2,1678,bikini top,1,Not at all
4847,R_3yrTWTwkImmvhjb,b36,36,1,1685,utility pole,4,A lot
4848,R_3yrTWTwkImmvhjb,b41,41,1,1730,marker for going right,2,A little
4849,R_3yrTWTwkImmvhjb,b43,43,1,1741,musical note,3,Moderately
4850,R_3yrTWTwkImmvhjb,b45,45,1,1755,stick figure,2,A little
4851,R_3yrTWTwkImmvhjb,b46,46,1,1767,anchor chalice,5,Completely
4852,R_3yrTWTwkImmvhjb,b52,52,1,1817,Flagpole signpost,5,Completely
4853,R_3yrTWTwkImmvhjb,b53,53,1,1820,hammer,5,Completely
4854,R_3yrTWTwkImmvhjb,b55,55,1,1846,christmas tree,3,Moderately
4855,R_3yrTWTwkImmvhjb,b55,55,2,1850,table lamp,4,A lot
4856,R_3yrTWTwkImmvhjb,b56,56,1,1852,lowercase r,2,A little
4857,R_3yrTWTwkImmvhjb,b56,56,2,1855,tobacco pipe,3,Moderately
4858,R_3yrTWTwkImmvhjb,b56,56,3,1857,registered symbol,1,Not at all
4859,R_3yrTWTwkImmvhjb,b56,56,4,1867,Half 'k' in circle,4,A lot
4860,R_51dCK8M7RrumZsp,b3,3,1,27,cup,1,Not at all
4861,R_51dCK8M7RrumZsp,b5,5,1,79,scissors,2,A little
4862,R_51dCK8M7RrumZsp,b11,11,1,182,two squares,1,Not at all
4863,R_51dCK8M7RrumZsp,b15,15,1,259,arrow,3,Moderately
4864,R_51dCK8M7RrumZsp,b17,17,1,307,goblet,2,A little
4865,R_51dCK8M7RrumZsp,b18,18,1,337,ice cream,3,Moderately
4866,R_51dCK8M7RrumZsp,b18,18,2,344,music symbol,1,Not at all
4867,R_51dCK8M7RrumZsp,b20,20,1,405,lightbulb,2,A little
4868,R_51dCK8M7RrumZsp,b21,21,1,438,headphones,1,Not at all
4869,R_51dCK8M7RrumZsp,b23,23,1,489,keyhole,2,A little
4870,R_51dCK8M7RrumZsp,b24,24,1,505,Baketball hoop,1,Not at all
4871,R_51dCK8M7RrumZsp,b25,25,1,554,open box,1,Not at all
4872,R_51dCK8M7RrumZsp,b26,26,1,565,carat stem,2,A little
4873,R_51dCK8M7RrumZsp,b27,27,1,584,coconut,1,Not at all
4874,R_51dCK8M7RrumZsp,b28,28,1,615,Lollipops,2,A little
4875,R_51dCK8M7RrumZsp,b32,32,1,706,Fraction Symbol,1,Not at all
4876,R_51dCK8M7RrumZsp,b35,35,1,785,eyes nose,2,A little
4877,R_51dCK8M7RrumZsp,b36,36,1,808,peace sign,2,A little
4878,R_51dCK8M7RrumZsp,b37,37,1,843,Hammer,1,Not at all
4879,R_51dCK8M7RrumZsp,b38,38,1,868,Venn diagram,2,A little
4880,R_51dCK8M7RrumZsp,b41,41,1,940,Mailbox,2,A little
4881,R_51dCK8M7RrumZsp,b42,42,1,968,table frame,2,A little
4882,R_51dCK8M7RrumZsp,b42,42,2,969,tic-tac-toe,3,Moderately
4883,R_51dCK8M7RrumZsp,b43,43,1,1003,watch,3,Moderately
4884,R_51dCK8M7RrumZsp,b44,44,1,1022,ink pencil,1,Not at all
4885,R_51dCK8M7RrumZsp,b46,46,1,1077,heart,1,Not at all
4886,R_51dCK8M7RrumZsp,b46,46,2,1080,ice cream,2,A little
4887,R_51dCK8M7RrumZsp,b52,52,1,1223,forklift,2,A little
4888,R_51dCK8M7RrumZsp,b59,59,1,1367,tripod,2,A little
4889,R_51dCK8M7RrumZsp,b60,60,1,1379,trapezium,2,A little
4890,R_52xIwOHrtDNz3ZL,b4,4,1,49,dumbbell,1,Not at all
4891,R_52xIwOHrtDNz3ZL,b4,4,2,57,owl,1,Not at all
4892,R_52xIwOHrtDNz3ZL,b10,10,1,154,Numeral Three,1,Not at all
4893,R_52xIwOHrtDNz3ZL,b10,10,2,158,square,1,Not at all
4894,R_52xIwOHrtDNz3ZL,b12,12,1,183,bridge,1,Not at all
4895,R_52xIwOHrtDNz3ZL,b17,17,1,307,goblet,1,Not at all
4896,R_52xIwOHrtDNz3ZL,b17,17,2,319,shelf bracket,1,Not at all
4897,R_52xIwOHrtDNz3ZL,b20,20,1,391,Boat,1,Not at all
4898,R_52xIwOHrtDNz3ZL,b20,20,2,402,Human Profile,4,A lot
4899,R_52xIwOHrtDNz3ZL,b21,21,1,432,person's torso,3,Moderately
4900,R_52xIwOHrtDNz3ZL,b22,22,1,461,goggles,1,Not at all
4901,R_52xIwOHrtDNz3ZL,b22,22,2,474,rectangle,1,Not at all
4902,R_52xIwOHrtDNz3ZL,b24,24,1,527,robot claw,1,Not at all
4903,R_52xIwOHrtDNz3ZL,b26,26,1,570,letter K,1,Not at all
4904,R_52xIwOHrtDNz3ZL,b26,26,2,571,letter P,2,A little
4905,R_52xIwOHrtDNz3ZL,b27,27,1,582,Box,2,A little
4906,R_52xIwOHrtDNz3ZL,b27,27,2,592,handle,2,A little
4907,R_52xIwOHrtDNz3ZL,b28,28,1,613,hydrogen peroxide,1,Not at all
4908,R_52xIwOHrtDNz3ZL,b30,30,1,666,helicopter,1,Not at all
4909,R_52xIwOHrtDNz3ZL,b33,33,1,734,hanging lamp,4,A lot
4910,R_52xIwOHrtDNz3ZL,b39,39,1,869,abstract person,1,Not at all
4911,R_52xIwOHrtDNz3ZL,b41,41,1,927,coffee mug,5,Completely
4912,R_52xIwOHrtDNz3ZL,b47,47,1,1101,ball,1,Not at all
4913,R_52xIwOHrtDNz3ZL,b47,47,2,1115,lamp,1,Not at all
4914,R_52xIwOHrtDNz3ZL,b48,48,1,1152,Tent,1,Not at all
4915,R_52xIwOHrtDNz3ZL,b50,50,1,1193,stickman,5,Completely
4916,R_52xIwOHrtDNz3ZL,b50,50,2,1195,trident,1,Not at all
4917,R_52xIwOHrtDNz3ZL,b52,52,1,1225,letter F,5,Completely
4918,R_52xIwOHrtDNz3ZL,b54,54,1,1265,coat hook,1,Not at all
4919,R_52xIwOHrtDNz3ZL,b56,56,1,1313,sign,1,Not at all
4920,R_55dorrRhTYh8Q93,b1,1,1,4,tower,1,Not at all
4921,R_55dorrRhTYh8Q93,b11,11,1,180,table,2,A little
4922,R_55dorrRhTYh8Q93,b13,13,1,230,toilet,2,A little
4923,R_55dorrRhTYh8Q93,b16,16,1,284,Icecream cone,5,Completely
4924,R_55dorrRhTYh8Q93,b16,16,2,293,Triangular diamond,1,Not at all
4925,R_55dorrRhTYh8Q93,b18,18,1,341,magnifying glass,1,Not at all
4926,R_55dorrRhTYh8Q93,b19,19,1,357,butterfly,1,Not at all
4927,R_55dorrRhTYh8Q93,b19,19,2,361,coffee cup,1,Not at all
4928,R_55dorrRhTYh8Q93,b19,19,3,374,purse,1,Not at all
4929,R_55dorrRhTYh8Q93,b21,21,1,437,woman,2,A little
4930,R_55dorrRhTYh8Q93,b22,22,1,473,power button,1,Not at all
4931,R_55dorrRhTYh8Q93,b23,23,1,484,caduceus,1,Not at all
4932,R_55dorrRhTYh8Q93,b25,25,1,548,letter J,2,A little
4933,R_55dorrRhTYh8Q93,b27,27,1,578,bed,1,Not at all
4934,R_55dorrRhTYh8Q93,b29,29,1,640,power button,2,A little
4935,R_55dorrRhTYh8Q93,b33,33,1,753,Triangle,1,Not at all
4936,R_55dorrRhTYh8Q93,b33,33,2,754,umbrella,1,Not at all
4937,R_55dorrRhTYh8Q93,b34,34,1,759,butterfly,2,A little
4938,R_55dorrRhTYh8Q93,b37,37,1,823,angel,1,Not at all
4939,R_55dorrRhTYh8Q93,b37,37,2,834,cup and ball,1,Not at all
4940,R_55dorrRhTYh8Q93,b37,37,3,838,flower,5,Completely
4941,R_55dorrRhTYh8Q93,b38,38,1,860,gift bow,2,A little
4942,R_55dorrRhTYh8Q93,b44,44,1,1019,heart,1,Not at all
4943,R_55dorrRhTYh8Q93,b47,47,1,1118,musical clef,1,Not at all
4944,R_55dorrRhTYh8Q93,b47,47,2,1127,Vase,1,Not at all
4945,R_55dorrRhTYh8Q93,b49,49,1,1155,Antennae,1,Not at all
4946,R_55dorrRhTYh8Q93,b50,50,1,1181,Electric tower,1,Not at all
4947,R_55dorrRhTYh8Q93,b53,53,1,1251,musical note,1,Not at all
4948,R_55dorrRhTYh8Q93,b53,53,2,1259,wall sconce,1,Not at all
4949,R_55dorrRhTYh8Q93,b56,56,1,1313,sign,1,Not at all
4950,R_56IYW87EuF1nWgh,b3,3,1,24,butterfly,1,Not at all
4951,R_56IYW87EuF1nWgh,b6,6,1,100,insect head,1,Not at all
4952,R_56IYW87EuF1nWgh,b8,8,1,122,bow tie,2,A little
4953,R_56IYW87EuF1nWgh,b11,11,1,162,Basket,1,Not at all
4954,R_56IYW87EuF1nWgh,b11,11,2,173,goal post,2,A little
4955,R_56IYW87EuF1nWgh,b12,12,1,201,shovel,3,Moderately
4956,R_56IYW87EuF1nWgh,b13,13,1,210,cup,5,Completely
4957,R_56IYW87EuF1nWgh,b14,14,1,239,car,1,Not at all
4958,R_56IYW87EuF1nWgh,b17,17,1,311,hot air balloon,2,A little
4959,R_56IYW87EuF1nWgh,b19,19,1,368,jellyfish,1,Not at all
4960,R_56IYW87EuF1nWgh,b22,22,1,453,closed eye,3,Moderately
4961,R_56IYW87EuF1nWgh,b29,29,1,630,door hinge,1,Not at all
4962,R_56IYW87EuF1nWgh,b29,29,2,643,spade,4,A lot
4963,R_56IYW87EuF1nWgh,b31,31,1,687,lollipop,4,A lot
4964,R_56IYW87EuF1nWgh,b34,34,1,772,scissors,5,Completely
4965,R_56IYW87EuF1nWgh,b36,36,1,821,volcano,3,Moderately
4966,R_56IYW87EuF1nWgh,b41,41,1,941,mug,5,Completely
4967,R_56IYW87EuF1nWgh,b42,42,1,957,bookshelf,3,Moderately
4968,R_56IYW87EuF1nWgh,b43,43,1,991,question mark,1,Not at all
4969,R_56IYW87EuF1nWgh,b43,43,2,1005,yo-yo,2,A little
4970,R_56IYW87EuF1nWgh,b46,46,1,1063,arch,1,Not at all
4971,R_56IYW87EuF1nWgh,b46,46,2,1093,spade,1,Not at all
4972,R_56IYW87EuF1nWgh,b47,47,1,1118,musical clef,1,Not at all
4973,R_56IYW87EuF1nWgh,b48,48,1,1131,anchor,1,Not at all
4974,R_56IYW87EuF1nWgh,b48,48,2,1138,knife,1,Not at all
4975,R_56IYW87EuF1nWgh,b49,49,1,1172,Pizza,1,Not at all
4976,R_56IYW87EuF1nWgh,b50,50,1,1177,Broom,1,Not at all
4977,R_56IYW87EuF1nWgh,b51,51,1,1200,headstanding man,1,Not at all
4978,R_56IYW87EuF1nWgh,b53,53,1,1245,flag bracket,2,A little
4979,R_56IYW87EuF1nWgh,b60,60,1,1370,cake,4,A lot
4980,R_56vq8xRoGIKtZ2F,b4,4,1,1401,butterfly wings,2,A little
4981,R_56vq8xRoGIKtZ2F,b10,10,1,1443,comb teeth,1,Not at all
4982,R_56vq8xRoGIKtZ2F,b17,17,1,1506,hanging lantern,2,A little
4983,R_56vq8xRoGIKtZ2F,b17,17,2,1899,arch bridge,1,Not at all
4984,R_56vq8xRoGIKtZ2F,b18,18,1,1510,ribbon award,1,Not at all
4985,R_56vq8xRoGIKtZ2F,b18,18,2,1513,map pin,4,A lot
4986,R_56vq8xRoGIKtZ2F,b20,20,1,1535,lollipop,1,Not at all
4987,R_56vq8xRoGIKtZ2F,b21,21,1,1546,theta symbol,1,Not at all
4988,R_56vq8xRoGIKtZ2F,b26,26,1,1590,Capital K,1,Not at all
4989,R_56vq8xRoGIKtZ2F,b27,27,1,1606,shopping cart,1,Not at all
4990,R_56vq8xRoGIKtZ2F,b27,27,2,1607,door handle,2,A little
4991,R_56vq8xRoGIKtZ2F,b28,28,1,1611,Binoculars,3,Moderately
4992,R_56vq8xRoGIKtZ2F,b29,29,1,1618,table,3,Moderately
4993,R_56vq8xRoGIKtZ2F,b30,30,1,1631,Rail bridge,1,Not at all
4994,R_56vq8xRoGIKtZ2F,b31,31,1,1647,thumbtack,4,A lot
4995,R_56vq8xRoGIKtZ2F,b32,32,1,1654,mushroom anchor,1,Not at all
4996,R_56vq8xRoGIKtZ2F,b32,32,2,1906,table lamp,3,Moderately
4997,R_56vq8xRoGIKtZ2F,b34,34,1,1675,bowbow,4,A lot
4998,R_56vq8xRoGIKtZ2F,b36,36,1,1670,chickenfoot,3,Moderately
4999,R_56vq8xRoGIKtZ2F,b36,36,2,1682,telephone pole,1,Not at all
5000,R_56vq8xRoGIKtZ2F,b39,39,1,1706,club suit,3,Moderately
5001,R_56vq8xRoGIKtZ2F,b39,39,2,1709,Snowman sideways,1,Not at all
5002,R_56vq8xRoGIKtZ2F,b46,46,1,1769,Playing spade,1,Not at all
5003,R_56vq8xRoGIKtZ2F,b47,47,1,1774,egyptian eye,1,Not at all
5004,R_56vq8xRoGIKtZ2F,b51,51,1,1804,stick figure,1,Not at all
5005,R_56vq8xRoGIKtZ2F,b55,55,1,1844,Downward arrow,1,Not at all
5006,R_56vq8xRoGIKtZ2F,b55,55,2,1847,road sign,3,Moderately
5007,R_56vq8xRoGIKtZ2F,b56,56,1,1863,Broken arrow,1,Not at all
5008,R_56vq8xRoGIKtZ2F,b56,56,2,1866,down Arrow button,1,Not at all
5009,R_56vq8xRoGIKtZ2F,b59,59,1,1886,upward arrow,4,A lot
5010,R_578vmDQ9h34ESh7,b3,3,1,19,barbell,1,Not at all
5011,R_578vmDQ9h34ESh7,b9,9,1,138,stylized emblem,1,Not at all
5012,R_578vmDQ9h34ESh7,b14,14,1,241,dior,1,Not at all
5013,R_578vmDQ9h34ESh7,b16,16,1,274,Cone,4,A lot
5014,R_578vmDQ9h34ESh7,b18,18,1,353,trophy,1,Not at all
5015,R_578vmDQ9h34ESh7,b20,20,1,389,balloon animal,1,Not at all
5016,R_578vmDQ9h34ESh7,b20,20,2,406,magnifying glass,1,Not at all
5017,R_578vmDQ9h34ESh7,b21,21,1,423,Capital B,1,Not at all
5018,R_578vmDQ9h34ESh7,b21,21,2,447,treble clef,1,Not at all
5019,R_578vmDQ9h34ESh7,b25,25,1,543,hammer,1,Not at all
5020,R_578vmDQ9h34ESh7,b25,25,2,555,pickaxe,1,Not at all
5021,R_578vmDQ9h34ESh7,b27,27,1,578,bed,1,Not at all
5022,R_578vmDQ9h34ESh7,b27,27,2,603,table chair,1,Not at all
5023,R_578vmDQ9h34ESh7,b29,29,1,625,boat,1,Not at all
5024,R_578vmDQ9h34ESh7,b30,30,1,663,fish bone,3,Moderately
5025,R_578vmDQ9h34ESh7,b32,32,1,703,church bell,1,Not at all
5026,R_578vmDQ9h34ESh7,b35,35,1,779,bow,5,Completely
5027,R_578vmDQ9h34ESh7,b36,36,1,815,Teepee,3,Moderately
5028,R_578vmDQ9h34ESh7,b40,40,1,900,coffee cup,4,A lot
5029,R_578vmDQ9h34ESh7,b40,40,2,921,Toilet,2,A little
5030,R_578vmDQ9h34ESh7,b41,41,1,932,flag pole,1,Not at all
5031,R_578vmDQ9h34ESh7,b44,44,1,1030,OVAL,1,Not at all
5032,R_578vmDQ9h34ESh7,b45,45,1,1047,clock,5,Completely
5033,R_578vmDQ9h34ESh7,b45,45,2,1057,lottery ball,1,Not at all
5034,R_578vmDQ9h34ESh7,b51,51,1,1204,medal,2,A little
5035,R_578vmDQ9h34ESh7,b51,51,2,1216,upside-down person,2,A little
5036,R_578vmDQ9h34ESh7,b53,53,1,1240,aircraft,1,Not at all
5037,R_578vmDQ9h34ESh7,b53,53,2,1242,bell,1,Not at all
5038,R_578vmDQ9h34ESh7,b54,54,1,1277,smoking pipe,2,A little
5039,R_578vmDQ9h34ESh7,b57,57,1,1333,tie,3,Moderately
5040,R_57JpbQVfayqjjGc,b2,2,1,12,sideways H,2,A little
5041,R_57JpbQVfayqjjGc,b4,4,1,58,pulley,1,Not at all
5042,R_57JpbQVfayqjjGc,b5,5,1,70,db,1,Not at all
5043,R_57JpbQVfayqjjGc,b10,10,1,147,fork,2,A little
5044,R_57JpbQVfayqjjGc,b13,13,1,217,letter T,1,Not at all
5045,R_57JpbQVfayqjjGc,b16,16,1,277,download icon,1,Not at all
5046,R_57JpbQVfayqjjGc,b17,17,1,314,icecream cone,2,A little
5047,R_57JpbQVfayqjjGc,b23,23,1,483,brain,1,Not at all
5048,R_57JpbQVfayqjjGc,b23,23,2,488,head and shoulders,1,Not at all
5049,R_57JpbQVfayqjjGc,b24,24,1,511,flag,1,Not at all
5050,R_57JpbQVfayqjjGc,b25,25,1,558,table,1,Not at all
5051,R_57JpbQVfayqjjGc,b27,27,1,599,rectangle,2,A little
5052,R_57JpbQVfayqjjGc,b28,28,1,605,cherries,1,Not at all
5053,R_57JpbQVfayqjjGc,b29,29,1,638,lamp,1,Not at all
5054,R_57JpbQVfayqjjGc,b30,30,1,655,box,1,Not at all
5055,R_57JpbQVfayqjjGc,b33,33,1,743,planted sapling,1,Not at all
5056,R_57JpbQVfayqjjGc,b37,37,1,830,Cherries,1,Not at all
5057,R_57JpbQVfayqjjGc,b37,37,2,833,club suit,2,A little
5058,R_57JpbQVfayqjjGc,b39,39,1,875,clubs suit,1,Not at all
5059,R_57JpbQVfayqjjGc,b40,40,1,901,coffee mug,2,A little
5060,R_57JpbQVfayqjjGc,b41,41,1,929,directional marker right,1,Not at all
5061,R_57JpbQVfayqjjGc,b41,41,2,930,dog,1,Not at all
5062,R_57JpbQVfayqjjGc,b41,41,3,942,note,1,Not at all
5063,R_57JpbQVfayqjjGc,b43,43,1,975,bike handle,1,Not at all
5064,R_57JpbQVfayqjjGc,b43,43,2,979,dollar sign,1,Not at all
5065,R_57JpbQVfayqjjGc,b51,51,1,1197,birdhouse,1,Not at all
5066,R_57JpbQVfayqjjGc,b51,51,2,1206,plant,1,Not at all
5067,R_57JpbQVfayqjjGc,b52,52,1,1220,Cross,1,Not at all
5068,R_57JpbQVfayqjjGc,b53,53,1,1256,swing set,1,Not at all
5069,R_57JpbQVfayqjjGc,b56,56,1,1306,eyeball,1,Not at all
5070,R_59hrrhDsR3ZQ803,b4,4,1,54,heart,1,Not at all
5071,R_59hrrhDsR3ZQ803,b4,4,2,62,two ds,1,Not at all
5072,R_59hrrhDsR3ZQ803,b7,7,1,108,hourglass,1,Not at all
5073,R_59hrrhDsR3ZQ803,b8,8,1,130,hourglass,1,Not at all
5074,R_59hrrhDsR3ZQ803,b9,9,1,140,candlestick,1,Not at all
5075,R_59hrrhDsR3ZQ803,b10,10,1,161,two triangles,1,Not at all
5076,R_59hrrhDsR3ZQ803,b13,13,1,234,wine glass,5,Completely
5077,R_59hrrhDsR3ZQ803,b14,14,1,242,elephant head,2,A little
5078,R_59hrrhDsR3ZQ803,b14,14,2,247,headphones,4,A lot
5079,R_59hrrhDsR3ZQ803,b16,16,1,296,whale tail,1,Not at all
5080,R_59hrrhDsR3ZQ803,b19,19,1,362,computer mouse,5,Completely
5081,R_59hrrhDsR3ZQ803,b19,19,2,377,Sd,2,A little
5082,R_59hrrhDsR3ZQ803,b21,21,1,426,cup,1,Not at all
5083,R_59hrrhDsR3ZQ803,b24,24,1,506,chair,4,A lot
5084,R_59hrrhDsR3ZQ803,b27,27,1,581,bookshelf,2,A little
5085,R_59hrrhDsR3ZQ803,b27,27,2,591,goal post,1,Not at all
5086,R_59hrrhDsR3ZQ803,b30,30,1,678,wing ding,1,Not at all
5087,R_59hrrhDsR3ZQ803,b31,31,1,683,Circle,2,A little
5088,R_59hrrhDsR3ZQ803,b32,32,1,706,Fraction Symbol,1,Not at all
5089,R_59hrrhDsR3ZQ803,b34,34,1,769,man,1,Not at all
5090,R_59hrrhDsR3ZQ803,b34,34,2,773,spade,1,Not at all
5091,R_59hrrhDsR3ZQ803,b42,42,1,962,ladder,1,Not at all
5092,R_59hrrhDsR3ZQ803,b44,44,1,1009,Butterfly,1,Not at all
5093,R_59hrrhDsR3ZQ803,b44,44,2,1019,heart,1,Not at all
5094,R_59hrrhDsR3ZQ803,b44,44,3,1041,sunglasses,1,Not at all
5095,R_59hrrhDsR3ZQ803,b45,45,1,1056,logo,2,A little
5096,R_59hrrhDsR3ZQ803,b46,46,1,1070,circle square,2,A little
5097,R_59hrrhDsR3ZQ803,b51,51,1,1205,person,1,Not at all
5098,R_59hrrhDsR3ZQ803,b51,51,2,1209,Robot,3,Moderately
5099,R_59hrrhDsR3ZQ803,b52,52,1,1233,Square rotated,1,Not at all
5100,R_5AY9E64CtKryepE,b3,3,1,24,butterfly,1,Not at all
5101,R_5AY9E64CtKryepE,b4,4,1,44,bed,2,A little
5102,R_5AY9E64CtKryepE,b4,4,2,55,hummer,1,Not at all
5103,R_5AY9E64CtKryepE,b13,13,1,209,church,1,Not at all
5104,R_5AY9E64CtKryepE,b14,14,1,250,mushroom,1,Not at all
5105,R_5AY9E64CtKryepE,b14,14,2,252,oval,1,Not at all
5106,R_5AY9E64CtKryepE,b19,19,1,365,fruit,1,Not at all
5107,R_5AY9E64CtKryepE,b19,19,2,374,purse,1,Not at all
5108,R_5AY9E64CtKryepE,b20,20,1,410,propeller hat,1,Not at all
5109,R_5AY9E64CtKryepE,b24,24,1,515,Horse,1,Not at all
5110,R_5AY9E64CtKryepE,b24,24,2,518,letter H,3,Moderately
5111,R_5AY9E64CtKryepE,b24,24,3,522,Pie symbol,1,Not at all
5112,R_5AY9E64CtKryepE,b26,26,1,575,triangle,2,A little
5113,R_5AY9E64CtKryepE,b27,27,1,587,door,4,A lot
5114,R_5AY9E64CtKryepE,b28,28,1,604,bucket,1,Not at all
5115,R_5AY9E64CtKryepE,b29,29,1,633,hanger,2,A little
5116,R_5AY9E64CtKryepE,b30,30,1,649,barrier gate,1,Not at all
5117,R_5AY9E64CtKryepE,b31,31,1,679,anchor,1,Not at all
5118,R_5AY9E64CtKryepE,b39,39,1,893,stick figure,1,Not at all
5119,R_5AY9E64CtKryepE,b40,40,1,899,Clock,1,Not at all
5120,R_5AY9E64CtKryepE,b40,40,2,919,Race track,1,Not at all
5121,R_5AY9E64CtKryepE,b40,40,3,923,tuning fork,1,Not at all
5122,R_5AY9E64CtKryepE,b43,43,1,1001,theta,1,Not at all
5123,R_5AY9E64CtKryepE,b46,46,1,1084,muffin,2,A little
5124,R_5AY9E64CtKryepE,b46,46,2,1093,spade,1,Not at all
5125,R_5AY9E64CtKryepE,b48,48,1,1142,letter x,1,Not at all
5126,R_5AY9E64CtKryepE,b52,52,1,1230,picket fence,1,Not at all
5127,R_5AY9E64CtKryepE,b53,53,1,1245,flag bracket,3,Moderately
5128,R_5AY9E64CtKryepE,b54,54,1,1277,smoking pipe,1,Not at all
5129,R_5AY9E64CtKryepE,b58,58,1,1347,Radius,1,Not at all
5130,R_5AYK3DGykz4EdIL,b3,3,1,1390,handcuffs,1,Not at all
5131,R_5AYK3DGykz4EdIL,b3,3,2,1392,Bunny ears,1,Not at all
5132,R_5AYK3DGykz4EdIL,b3,3,3,1395,playing spade,1,Not at all
5133,R_5AYK3DGykz4EdIL,b4,4,1,1403,eyeglass,2,A little
5134,R_5AYK3DGykz4EdIL,b8,8,1,1431,butterfly head,2,A little
5135,R_5AYK3DGykz4EdIL,b8,8,2,1432,caduceus,1,Not at all
5136,R_5AYK3DGykz4EdIL,b8,8,3,1433,Digit 8,1,Not at all
5137,R_5AYK3DGykz4EdIL,b12,12,1,1465,Floor lamp,2,A little
5138,R_5AYK3DGykz4EdIL,b13,13,1,1896,greek phi,1,Not at all
5139,R_5AYK3DGykz4EdIL,b16,16,1,1494,bell,1,Not at all
5140,R_5AYK3DGykz4EdIL,b16,16,2,1499,Trophy cup,1,Not at all
5141,R_5AYK3DGykz4EdIL,b21,21,1,1542,mushroom,1,Not at all
5142,R_5AYK3DGykz4EdIL,b24,24,1,1569,bucket,1,Not at all
5143,R_5AYK3DGykz4EdIL,b25,25,1,1580,Skeleton key,1,Not at all
5144,R_5AYK3DGykz4EdIL,b27,27,1,1599,window frame,4,A lot
5145,R_5AYK3DGykz4EdIL,b28,28,1,1611,Binoculars,2,A little
5146,R_5AYK3DGykz4EdIL,b30,30,1,1641,Church window,3,Moderately
5147,R_5AYK3DGykz4EdIL,b31,31,1,1650,Arrow through a cricle,3,Moderately
5148,R_5AYK3DGykz4EdIL,b35,35,1,1679,spade symbol,1,Not at all
5149,R_5AYK3DGykz4EdIL,b41,41,1,1727,parking sign,2,A little
5150,R_5AYK3DGykz4EdIL,b41,41,2,1730,marker for going right,1,Not at all
5151,R_5AYK3DGykz4EdIL,b43,43,1,1741,musical note,1,Not at all
5152,R_5AYK3DGykz4EdIL,b48,48,1,1777,handgun,1,Not at all
5153,R_5AYK3DGykz4EdIL,b48,48,2,1785,corner bracket,4,A lot
5154,R_5AYK3DGykz4EdIL,b49,49,1,1794,Arrow key,1,Not at all
5155,R_5AYK3DGykz4EdIL,b49,49,2,1795,ice-cream cone,1,Not at all
5156,R_5AYK3DGykz4EdIL,b50,50,1,1802,slingshot upside down,1,Not at all
5157,R_5AYK3DGykz4EdIL,b54,54,1,1837,lowercase f,1,Not at all
5158,R_5AYK3DGykz4EdIL,b56,56,1,1861,balloon string,1,Not at all
5159,R_5AYK3DGykz4EdIL,b57,57,1,1912,Rotated grid,3,Moderately
5160,R_5BXefmPKu0t7sda,b1,1,1,2,ladder section,5,Completely
5161,R_5BXefmPKu0t7sda,b5,5,1,10,greek beta,2,A little
5162,R_5BXefmPKu0t7sda,b6,6,1,14,horse blinders,2,A little
5163,R_5BXefmPKu0t7sda,b6,6,2,15,sunglasses,2,A little
5164,R_5BXefmPKu0t7sda,b9,9,1,27,rabbit,1,Not at all
5165,R_5BXefmPKu0t7sda,b11,11,1,33,trident fork,5,Completely
5166,R_5BXefmPKu0t7sda,b18,18,1,53,bluetooth logo,1,Not at all
5167,R_5BXefmPKu0t7sda,b18,18,2,54,arrowhead,2,A little
5168,R_5BXefmPKu0t7sda,b19,19,1,55,violin scroll,1,Not at all
5169,R_5BXefmPKu0t7sda,b19,19,2,57,light bulb,1,Not at all
5170,R_5BXefmPKu0t7sda,b21,21,1,67,skeleton key,1,Not at all
5171,R_5BXefmPKu0t7sda,b23,23,1,74,world pillar,1,Not at all
5172,R_5BXefmPKu0t7sda,b27,27,1,85,mail slot,1,Not at all
5173,R_5BXefmPKu0t7sda,b27,27,2,87,stapler frame,1,Not at all
5174,R_5BXefmPKu0t7sda,b29,29,1,96,bridge,2,A little
5175,R_5BXefmPKu0t7sda,b31,31,1,105,ice cream,1,Not at all
5176,R_5BXefmPKu0t7sda,b33,33,1,109,bumper car,3,Moderately
5177,R_5BXefmPKu0t7sda,b35,35,1,119,anvil,1,Not at all
5178,R_5BXefmPKu0t7sda,b37,37,1,122,street lamp,2,A little
5179,R_5BXefmPKu0t7sda,b43,43,1,143,curled ribbon,1,Not at all
5180,R_5BXefmPKu0t7sda,b43,43,2,144,apple,1,Not at all
5181,R_5BXefmPKu0t7sda,b45,45,1,156,floating lid,1,Not at all
5182,R_5BXefmPKu0t7sda,b46,46,1,160,ionic capital,1,Not at all
5183,R_5BXefmPKu0t7sda,b49,49,1,174,steep curve,2,A little
5184,R_5BXefmPKu0t7sda,b49,49,2,176,candelabrum,1,Not at all
5185,R_5BXefmPKu0t7sda,b53,53,1,185,cradle snapped,1,Not at all
5186,R_5BXefmPKu0t7sda,b53,53,2,186,cave entrance,1,Not at all
5187,R_5BXefmPKu0t7sda,b55,55,1,190,radiation symbol,1,Not at all
5188,R_5BXefmPKu0t7sda,b56,56,1,192,drawer pull,1,Not at all
5189,R_5BXefmPKu0t7sda,b60,60,1,207,tiny house,4,A lot
5190,R_5CEpe3Ri9WT1WSq,b5,5,1,66,bra,2,A little
5191,R_5CEpe3Ri9WT1WSq,b5,5,2,72,glasses,2,A little
5192,R_5CEpe3Ri9WT1WSq,b7,7,1,109,railroad track,1,Not at all
5193,R_5CEpe3Ri9WT1WSq,b8,8,1,126,circle,1,Not at all
5194,R_5CEpe3Ri9WT1WSq,b11,11,1,166,bug,1,Not at all
5195,R_5CEpe3Ri9WT1WSq,b12,12,1,203,swimming,1,Not at all
5196,R_5CEpe3Ri9WT1WSq,b15,15,1,272,square,1,Not at all
5197,R_5CEpe3Ri9WT1WSq,b16,16,1,292,Trapezoid,1,Not at all
5198,R_5CEpe3Ri9WT1WSq,b20,20,1,404,keyhole,1,Not at all
5199,R_5CEpe3Ri9WT1WSq,b21,21,1,429,house,1,Not at all
5200,R_5CEpe3Ri9WT1WSq,b25,25,1,540,crane,1,Not at all
5201,R_5CEpe3Ri9WT1WSq,b28,28,1,612,handcuffs,1,Not at all
5202,R_5CEpe3Ri9WT1WSq,b29,29,1,626,bow and arrow,2,A little
5203,R_5CEpe3Ri9WT1WSq,b29,29,2,641,road,1,Not at all
5204,R_5CEpe3Ri9WT1WSq,b33,33,1,737,lamp,1,Not at all
5205,R_5CEpe3Ri9WT1WSq,b39,39,1,892,snowman,1,Not at all
5206,R_5CEpe3Ri9WT1WSq,b40,40,1,897,box ear,1,Not at all
5207,R_5CEpe3Ri9WT1WSq,b44,44,1,1025,lit match,1,Not at all
5208,R_5CEpe3Ri9WT1WSq,b45,45,1,1048,cup,1,Not at all
5209,R_5CEpe3Ri9WT1WSq,b46,46,1,1071,clover,1,Not at all
5210,R_5CEpe3Ri9WT1WSq,b46,46,2,1080,ice cream,2,A little
5211,R_5CEpe3Ri9WT1WSq,b47,47,1,1114,Kite,1,Not at all
5212,R_5CEpe3Ri9WT1WSq,b50,50,1,1188,person,5,Completely
5213,R_5CEpe3Ri9WT1WSq,b51,51,1,1201,house,1,Not at all
5214,R_5CEpe3Ri9WT1WSq,b52,52,1,1224,letter E,1,Not at all
5215,R_5CEpe3Ri9WT1WSq,b53,53,1,1241,arrow,1,Not at all
5216,R_5CEpe3Ri9WT1WSq,b53,53,2,1253,pitching wedge,1,Not at all
5217,R_5CEpe3Ri9WT1WSq,b55,55,1,1295,yield sign,4,A lot
5218,R_5CEpe3Ri9WT1WSq,b56,56,1,1303,diagram,1,Not at all
5219,R_5CEpe3Ri9WT1WSq,b56,56,2,1315,tabacco pipe,1,Not at all
5220,R_5CO3QTipntaJmBX,b3,3,1,1395,playing spade,1,Not at all
5221,R_5CO3QTipntaJmBX,b8,8,1,1428,cheerleader,1,Not at all
5222,R_5CO3QTipntaJmBX,b9,9,1,1435,cactus,1,Not at all
5223,R_5CO3QTipntaJmBX,b10,10,1,1450,two open attached triangles,1,Not at all
5224,R_5CO3QTipntaJmBX,b13,13,1,1468,boat,1,Not at all
5225,R_5CO3QTipntaJmBX,b15,15,1,1488,Pentagon house,3,Moderately
5226,R_5CO3QTipntaJmBX,b18,18,1,1516,Cup trophy,1,Not at all
5227,R_5CO3QTipntaJmBX,b19,19,1,1518,southeast direction,1,Not at all
5228,R_5CO3QTipntaJmBX,b24,24,1,1569,bucket,1,Not at all
5229,R_5CO3QTipntaJmBX,b25,25,1,1577,Boot heel,1,Not at all
5230,R_5CO3QTipntaJmBX,b25,25,2,1581,pipe wrench,1,Not at all
5231,R_5CO3QTipntaJmBX,b27,27,1,1600,picture frame,2,A little
5232,R_5CO3QTipntaJmBX,b27,27,2,1605,window,2,A little
5233,R_5CO3QTipntaJmBX,b28,28,1,1615,headphones,3,Moderately
5234,R_5CO3QTipntaJmBX,b29,29,1,1626,hand,1,Not at all
5235,R_5CO3QTipntaJmBX,b29,29,2,1629,Jib crane,1,Not at all
5236,R_5CO3QTipntaJmBX,b29,29,3,1905,mushroom,1,Not at all
5237,R_5CO3QTipntaJmBX,b30,30,1,1636,park bench,1,Not at all
5238,R_5CO3QTipntaJmBX,b35,35,1,1680,Heart glasses,1,Not at all
5239,R_5CO3QTipntaJmBX,b41,41,1,1730,marker for going right,1,Not at all
5240,R_5CO3QTipntaJmBX,b43,43,1,1908,key,1,Not at all
5241,R_5CO3QTipntaJmBX,b44,44,1,1909,question mark,1,Not at all
5242,R_5CO3QTipntaJmBX,b45,45,1,1755,stick figure,1,Not at all
5243,R_5CO3QTipntaJmBX,b45,45,2,1763,face with a nose,1,Not at all
5244,R_5CO3QTipntaJmBX,b49,49,1,1787,bikini top,1,Not at all
5245,R_5CO3QTipntaJmBX,b52,52,1,1817,Flagpole signpost,2,A little
5246,R_5CO3QTipntaJmBX,b53,53,1,1826,teapot,1,Not at all
5247,R_5CO3QTipntaJmBX,b55,55,1,1850,table lamp,3,Moderately
5248,R_5CO3QTipntaJmBX,b55,55,2,1913,Planted sword,1,Not at all
5249,R_5CO3QTipntaJmBX,b57,57,1,1870,scissor jack,4,A lot
5250,R_5E5ugPF7LggTLfo,b8,8,1,1429,Ship anchor,1,Not at all
5251,R_5E5ugPF7LggTLfo,b9,9,1,1435,cactus,1,Not at all
5252,R_5E5ugPF7LggTLfo,b11,11,1,1454,rotated table,1,Not at all
5253,R_5E5ugPF7LggTLfo,b12,12,1,1458,UFO,1,Not at all
5254,R_5E5ugPF7LggTLfo,b18,18,1,1512,Umbrella,1,Not at all
5255,R_5E5ugPF7LggTLfo,b18,18,2,1517,Arch bridge,1,Not at all
5256,R_5E5ugPF7LggTLfo,b19,19,1,1523,padlock key,1,Not at all
5257,R_5E5ugPF7LggTLfo,b26,26,1,1591,anchor symbol,1,Not at all
5258,R_5E5ugPF7LggTLfo,b26,26,2,1593,pennant,4,A lot
5259,R_5E5ugPF7LggTLfo,b26,26,3,1598,triangle attached to a straight line,3,Moderately
5260,R_5E5ugPF7LggTLfo,b28,28,1,1612,bra,4,A lot
5261,R_5E5ugPF7LggTLfo,b28,28,2,1614,bicycle handlebars,1,Not at all
5262,R_5E5ugPF7LggTLfo,b30,30,1,1638,trident fork,4,A lot
5263,R_5E5ugPF7LggTLfo,b30,30,2,1643,HD icon,5,Completely
5264,R_5E5ugPF7LggTLfo,b33,33,1,1666,spoon,2,A little
5265,R_5E5ugPF7LggTLfo,b36,36,1,1688,Slingshot pole,2,A little
5266,R_5E5ugPF7LggTLfo,b38,38,1,1697,club symbol,3,Moderately
5267,R_5E5ugPF7LggTLfo,b39,39,1,1713,ice cream scoops in a cone,5,Completely
5268,R_5E5ugPF7LggTLfo,b42,42,1,1731,3x3 grid,1,Not at all
5269,R_5E5ugPF7LggTLfo,b43,43,1,1738,Power symbol,1,Not at all
5270,R_5E5ugPF7LggTLfo,b46,46,1,1767,anchor chalice,3,Moderately
5271,R_5E5ugPF7LggTLfo,b48,48,1,1776,cross,2,A little
5272,R_5E5ugPF7LggTLfo,b49,49,1,1787,bikini top,2,A little
5273,R_5E5ugPF7LggTLfo,b50,50,1,1801,Boat anchor,1,Not at all
5274,R_5E5ugPF7LggTLfo,b53,53,1,1826,teapot,1,Not at all
5275,R_5E5ugPF7LggTLfo,b54,54,1,1839,Combination wrench,1,Not at all
5276,R_5E5ugPF7LggTLfo,b55,55,1,1849,Down arrow,1,Not at all
5277,R_5E5ugPF7LggTLfo,b56,56,1,1855,tobacco pipe,1,Not at all
5278,R_5E5ugPF7LggTLfo,b56,56,2,1867,Half 'k' in circle,3,Moderately
5279,R_5E5ugPF7LggTLfo,b59,59,1,1889,Bridge arch,1,Not at all
5280,R_5EELT5OWhHnt49X,b1,1,1,3,stacked H's,2,A little
5281,R_5EELT5OWhHnt49X,b2,2,1,14,train tracks,4,A lot
5282,R_5EELT5OWhHnt49X,b3,3,1,30,dumbbell,1,Not at all
5283,R_5EELT5OWhHnt49X,b4,4,1,48,cherries,1,Not at all
5284,R_5EELT5OWhHnt49X,b4,4,2,53,goggles,2,A little
5285,R_5EELT5OWhHnt49X,b6,6,1,86,barbell,1,Not at all
5286,R_5EELT5OWhHnt49X,b6,6,2,92,controller,1,Not at all
5287,R_5EELT5OWhHnt49X,b14,14,1,235,alien,1,Not at all
5288,R_5EELT5OWhHnt49X,b15,15,1,266,hut,3,Moderately
5289,R_5EELT5OWhHnt49X,b15,15,2,273,trapezium,4,A lot
5290,R_5EELT5OWhHnt49X,b20,20,1,390,bird,1,Not at all
5291,R_5EELT5OWhHnt49X,b22,22,1,454,cone,2,A little
5292,R_5EELT5OWhHnt49X,b22,22,2,460,Flag,1,Not at all
5293,R_5EELT5OWhHnt49X,b25,25,1,556,pole,1,Not at all
5294,R_5EELT5OWhHnt49X,b28,28,1,617,plus sign,1,Not at all
5295,R_5EELT5OWhHnt49X,b34,34,1,760,camcorder,1,Not at all
5296,R_5EELT5OWhHnt49X,b35,35,1,779,bow,4,A lot
5297,R_5EELT5OWhHnt49X,b37,37,1,838,flower,2,A little
5298,R_5EELT5OWhHnt49X,b39,39,1,876,dragon fly,1,Not at all
5299,R_5EELT5OWhHnt49X,b42,42,1,968,table frame,2,A little
5300,R_5EELT5OWhHnt49X,b42,42,2,969,tic-tac-toe,1,Not at all
5301,R_5EELT5OWhHnt49X,b43,43,1,986,musical symbol,1,Not at all
5302,R_5EELT5OWhHnt49X,b44,44,1,1008,bike,1,Not at all
5303,R_5EELT5OWhHnt49X,b46,46,1,1091,Prize Ribbon,1,Not at all
5304,R_5EELT5OWhHnt49X,b51,51,1,1206,plant,1,Not at all
5305,R_5EELT5OWhHnt49X,b51,51,2,1216,upside-down person,1,Not at all
5306,R_5EELT5OWhHnt49X,b53,53,1,1243,Boat,5,Completely
5307,R_5EELT5OWhHnt49X,b53,53,2,1253,pitching wedge,1,Not at all
5308,R_5EELT5OWhHnt49X,b53,53,3,1259,wall sconce,1,Not at all
5309,R_5EELT5OWhHnt49X,b56,56,1,1302,clock,5,Completely
5310,R_5EEVwPAGKC7UsSL,b2,2,1,12,sideways H,2,A little
5311,R_5EEVwPAGKC7UsSL,b3,3,1,39,spade,1,Not at all
5312,R_5EEVwPAGKC7UsSL,b4,4,1,43,ant,1,Not at all
5313,R_5EEVwPAGKC7UsSL,b4,4,2,52,goal posts,2,A little
5314,R_5EEVwPAGKC7UsSL,b11,11,1,168,comb,3,Moderately
5315,R_5EEVwPAGKC7UsSL,b12,12,1,199,question mark,1,Not at all
5316,R_5EEVwPAGKC7UsSL,b14,14,1,256,sunglasses,3,Moderately
5317,R_5EEVwPAGKC7UsSL,b16,16,1,286,magnifying glass,1,Not at all
5318,R_5EEVwPAGKC7UsSL,b22,22,1,452,Boat,1,Not at all
5319,R_5EEVwPAGKC7UsSL,b22,22,2,477,speech bubble,2,A little
5320,R_5EEVwPAGKC7UsSL,b27,27,1,579,belt buckle,2,A little
5321,R_5EEVwPAGKC7UsSL,b29,29,1,635,House,1,Not at all
5322,R_5EEVwPAGKC7UsSL,b30,30,1,650,basket,2,A little
5323,R_5EEVwPAGKC7UsSL,b31,31,1,682,birthday hat,2,A little
5324,R_5EEVwPAGKC7UsSL,b35,35,1,793,party hat,2,A little
5325,R_5EEVwPAGKC7UsSL,b36,36,1,814,spearhead,2,A little
5326,R_5EEVwPAGKC7UsSL,b37,37,1,824,animal,1,Not at all
5327,R_5EEVwPAGKC7UsSL,b37,37,2,827,boy,1,Not at all
5328,R_5EEVwPAGKC7UsSL,b37,37,3,840,flower,2,A little
5329,R_5EEVwPAGKC7UsSL,b38,38,1,864,owl,3,Moderately
5330,R_5EEVwPAGKC7UsSL,b39,39,1,879,gift bow,2,A little
5331,R_5EEVwPAGKC7UsSL,b40,40,1,906,goal post,2,A little
5332,R_5EEVwPAGKC7UsSL,b42,42,1,968,table frame,1,Not at all
5333,R_5EEVwPAGKC7UsSL,b44,44,1,1014,dollar sign,2,A little
5334,R_5EEVwPAGKC7UsSL,b44,44,2,1030,OVAL,2,A little
5335,R_5EEVwPAGKC7UsSL,b49,49,1,1163,Cherries,1,Not at all
5336,R_5EEVwPAGKC7UsSL,b52,52,1,1228,lowercase r,1,Not at all
5337,R_5EEVwPAGKC7UsSL,b54,54,1,1263,Brush,2,A little
5338,R_5EEVwPAGKC7UsSL,b55,55,1,1291,stand,2,A little
5339,R_5EEVwPAGKC7UsSL,b56,56,1,1297,arrow,2,A little
5340,R_5Fgoo4Bb6JYmGPJ,b3,3,1,34,glasses,2,A little
5341,R_5Fgoo4Bb6JYmGPJ,b4,4,1,54,heart,1,Not at all
5342,R_5Fgoo4Bb6JYmGPJ,b5,5,1,84,woman,1,Not at all
5343,R_5Fgoo4Bb6JYmGPJ,b6,6,1,99,infinity sign,4,A lot
5344,R_5Fgoo4Bb6JYmGPJ,b10,10,1,156,Rake,3,Moderately
5345,R_5Fgoo4Bb6JYmGPJ,b12,12,1,193,goblet,5,Completely
5346,R_5Fgoo4Bb6JYmGPJ,b12,12,2,197,mushroom,1,Not at all
5347,R_5Fgoo4Bb6JYmGPJ,b13,13,1,219,martini glass,5,Completely
5348,R_5Fgoo4Bb6JYmGPJ,b16,16,1,283,ice cream,4,A lot
5349,R_5Fgoo4Bb6JYmGPJ,b17,17,1,320,shield,1,Not at all
5350,R_5Fgoo4Bb6JYmGPJ,b20,20,1,417,Trophy,3,Moderately
5351,R_5Fgoo4Bb6JYmGPJ,b21,21,1,444,power button,1,Not at all
5352,R_5Fgoo4Bb6JYmGPJ,b24,24,1,521,pickaxe,2,A little
5353,R_5Fgoo4Bb6JYmGPJ,b24,24,2,531,trident,1,Not at all
5354,R_5Fgoo4Bb6JYmGPJ,b25,25,1,553,number 7,1,Not at all
5355,R_5Fgoo4Bb6JYmGPJ,b25,25,2,559,triangle,1,Not at all
5356,R_5Fgoo4Bb6JYmGPJ,b33,33,1,736,keyhole,2,A little
5357,R_5Fgoo4Bb6JYmGPJ,b33,33,2,751,Stick,1,Not at all
5358,R_5Fgoo4Bb6JYmGPJ,b36,36,1,805,Inverted peace symbol,4,A lot
5359,R_5Fgoo4Bb6JYmGPJ,b36,36,2,806,letter M,1,Not at all
5360,R_5Fgoo4Bb6JYmGPJ,b36,36,3,810,rake,1,Not at all
5361,R_5Fgoo4Bb6JYmGPJ,b38,38,1,868,Venn diagram,2,A little
5362,R_5Fgoo4Bb6JYmGPJ,b40,40,1,907,House,1,Not at all
5363,R_5Fgoo4Bb6JYmGPJ,b49,49,1,1171,pendant lights,1,Not at all
5364,R_5Fgoo4Bb6JYmGPJ,b50,50,1,1179,cartoon image,3,Moderately
5365,R_5Fgoo4Bb6JYmGPJ,b52,52,1,1228,lowercase r,1,Not at all
5366,R_5Fgoo4Bb6JYmGPJ,b52,52,2,1236,Sword,1,Not at all
5367,R_5Fgoo4Bb6JYmGPJ,b53,53,1,1250,microscope,1,Not at all
5368,R_5Fgoo4Bb6JYmGPJ,b56,56,1,1316,verified icon,3,Moderately
5369,R_5Fgoo4Bb6JYmGPJ,b60,60,1,1376,party hat,2,A little
5370,R_5G7h2oAkZi0l9u8,b7,7,1,20,double‑headed arrow,5,Completely
5371,R_5G7h2oAkZi0l9u8,b8,8,1,25,spectacle frame,1,Not at all
5372,R_5G7h2oAkZi0l9u8,b9,9,1,26,stone archway,1,Not at all
5373,R_5G7h2oAkZi0l9u8,b11,11,1,34,power plug,1,Not at all
5374,R_5G7h2oAkZi0l9u8,b15,15,1,45,pencil tip,3,Moderately
5375,R_5G7h2oAkZi0l9u8,b15,15,2,46,diamond shape,1,Not at all
5376,R_5G7h2oAkZi0l9u8,b16,16,1,47,stone arch,1,Not at all
5377,R_5G7h2oAkZi0l9u8,b19,19,1,56,fish,1,Not at all
5378,R_5G7h2oAkZi0l9u8,b19,19,2,61,compact disc,1,Not at all
5379,R_5G7h2oAkZi0l9u8,b26,26,1,84,arrow shaft,1,Not at all
5380,R_5G7h2oAkZi0l9u8,b31,31,1,103,hourglass,1,Not at all
5381,R_5G7h2oAkZi0l9u8,b33,33,1,112,teacup,1,Not at all
5382,R_5G7h2oAkZi0l9u8,b34,34,1,114,bicycle,1,Not at all
5383,R_5G7h2oAkZi0l9u8,b34,34,2,118,double keyhole,1,Not at all
5384,R_5G7h2oAkZi0l9u8,b39,39,1,129,angel,1,Not at all
5385,R_5G7h2oAkZi0l9u8,b40,40,1,133,capital b,1,Not at all
5386,R_5G7h2oAkZi0l9u8,b42,42,1,140,windowpane,5,Completely
5387,R_5G7h2oAkZi0l9u8,b43,43,1,147,greek phi,1,Not at all
5388,R_5G7h2oAkZi0l9u8,b44,44,1,150,golden doubloon,1,Not at all
5389,R_5G7h2oAkZi0l9u8,b46,46,1,162,ionic column,1,Not at all
5390,R_5G7h2oAkZi0l9u8,b46,46,2,164,arrowhead,1,Not at all
5391,R_5G7h2oAkZi0l9u8,b47,47,1,166,cartoon bomb,1,Not at all
5392,R_5G7h2oAkZi0l9u8,b47,47,2,168,key lock,1,Not at all
5393,R_5G7h2oAkZi0l9u8,b48,48,1,171,crosshairs,1,Not at all
5394,R_5G7h2oAkZi0l9u8,b49,49,1,173,rocket ship,1,Not at all
5395,R_5G7h2oAkZi0l9u8,b51,51,1,182,compass dial,1,Not at all
5396,R_5G7h2oAkZi0l9u8,b52,52,1,184,electric plug,1,Not at all
5397,R_5G7h2oAkZi0l9u8,b56,56,1,194,circular pointer,1,Not at all
5398,R_5G7h2oAkZi0l9u8,b59,59,1,203,tent pole,1,Not at all
5399,R_5G7h2oAkZi0l9u8,b60,60,1,205,arrowhead,3,Moderately
5400,R_5H753m1xkFruzte,b3,3,1,39,spade,1,Not at all
5401,R_5H753m1xkFruzte,b6,6,1,101,owl,2,A little
5402,R_5H753m1xkFruzte,b8,8,1,123,bread,1,Not at all
5403,R_5H753m1xkFruzte,b12,12,1,201,shovel,2,A little
5404,R_5H753m1xkFruzte,b13,13,1,207,c clamp,1,Not at all
5405,R_5H753m1xkFruzte,b13,13,2,212,dustpan,2,A little
5406,R_5H753m1xkFruzte,b14,14,1,243,eyes,1,Not at all
5407,R_5H753m1xkFruzte,b14,14,2,246,half circle,1,Not at all
5408,R_5H753m1xkFruzte,b17,17,1,323,Spade,2,A little
5409,R_5H753m1xkFruzte,b17,17,2,324,tulip,1,Not at all
5410,R_5H753m1xkFruzte,b19,19,1,367,hanger,2,A little
5411,R_5H753m1xkFruzte,b27,27,1,578,bed,1,Not at all
5412,R_5H753m1xkFruzte,b27,27,2,596,parking lot,1,Not at all
5413,R_5H753m1xkFruzte,b27,27,3,597,plug,2,A little
5414,R_5H753m1xkFruzte,b29,29,1,646,trident,2,A little
5415,R_5H753m1xkFruzte,b30,30,1,668,key,2,A little
5416,R_5H753m1xkFruzte,b30,30,2,672,prison bars,1,Not at all
5417,R_5H753m1xkFruzte,b33,33,1,740,mop,3,Moderately
5418,R_5H753m1xkFruzte,b36,36,1,812,roof shape,2,A little
5419,R_5H753m1xkFruzte,b37,37,1,846,magnifying glass,1,Not at all
5420,R_5H753m1xkFruzte,b38,38,1,861,ice cream,3,Moderately
5421,R_5H753m1xkFruzte,b41,41,1,939,magnifying glass,1,Not at all
5422,R_5H753m1xkFruzte,b44,44,1,1012,coffee cup,1,Not at all
5423,R_5H753m1xkFruzte,b45,45,1,1045,balloon,1,Not at all
5424,R_5H753m1xkFruzte,b49,49,1,1172,Pizza,1,Not at all
5425,R_5H753m1xkFruzte,b51,51,1,1214,transistor radio,2,A little
5426,R_5H753m1xkFruzte,b54,54,1,1273,music clef,3,Moderately
5427,R_5H753m1xkFruzte,b55,55,1,1292,Tree,1,Not at all
5428,R_5H753m1xkFruzte,b59,59,1,1360,hat,1,Not at all
5429,R_5H753m1xkFruzte,b60,60,1,1374,house,2,A little
5430,R_5IGgzdUcN2s90Pr,b7,7,1,1419,Arrow shaft,3,Moderately
5431,R_5IGgzdUcN2s90Pr,b7,7,2,1425,up arrow,4,A lot
5432,R_5IGgzdUcN2s90Pr,b9,9,1,1437,butterfly bow,3,Moderately
5433,R_5IGgzdUcN2s90Pr,b12,12,1,1458,UFO,1,Not at all
5434,R_5IGgzdUcN2s90Pr,b15,15,1,1482,Yield sign,1,Not at all
5435,R_5IGgzdUcN2s90Pr,b20,20,1,1534,ice cream,1,Not at all
5436,R_5IGgzdUcN2s90Pr,b22,22,1,1556,record player,1,Not at all
5437,R_5IGgzdUcN2s90Pr,b22,22,2,1558,PacMan,1,Not at all
5438,R_5IGgzdUcN2s90Pr,b22,22,3,1562,cartoon image,2,A little
5439,R_5IGgzdUcN2s90Pr,b26,26,1,1595,Flagpole arrow,4,A lot
5440,R_5IGgzdUcN2s90Pr,b26,26,2,1597,coat hanger,1,Not at all
5441,R_5IGgzdUcN2s90Pr,b27,27,1,1609,2 square stacked into each other,1,Not at all
5442,R_5IGgzdUcN2s90Pr,b28,28,1,1616,barbell weight,1,Not at all
5443,R_5IGgzdUcN2s90Pr,b29,29,1,1623,plunger,2,A little
5444,R_5IGgzdUcN2s90Pr,b30,30,1,1630,keyhole,1,Not at all
5445,R_5IGgzdUcN2s90Pr,b31,31,1,1647,thumbtack,1,Not at all
5446,R_5IGgzdUcN2s90Pr,b33,33,1,1661,capitol dome,3,Moderately
5447,R_5IGgzdUcN2s90Pr,b34,34,1,1675,bowbow,4,A lot
5448,R_5IGgzdUcN2s90Pr,b38,38,1,1699,club,1,Not at all
5449,R_5IGgzdUcN2s90Pr,b43,43,1,1738,Power symbol,2,A little
5450,R_5IGgzdUcN2s90Pr,b43,43,2,1745,Lollipop swirl,1,Not at all
5451,R_5IGgzdUcN2s90Pr,b45,45,1,1757,seated person,1,Not at all
5452,R_5IGgzdUcN2s90Pr,b46,46,1,1769,Playing spade,1,Not at all
5453,R_5IGgzdUcN2s90Pr,b50,50,1,1799,Upside-down tree,1,Not at all
5454,R_5IGgzdUcN2s90Pr,b51,51,1,1809,weighing balance,1,Not at all
5455,R_5IGgzdUcN2s90Pr,b53,53,1,1828,Fish hook,1,Not at all
5456,R_5IGgzdUcN2s90Pr,b54,54,1,1832,treble clef,3,Moderately
5457,R_5IGgzdUcN2s90Pr,b54,54,2,1835,pound sign,1,Not at all
5458,R_5IGgzdUcN2s90Pr,b59,59,1,1887,Campfire tripod,2,A little
5459,R_5IGgzdUcN2s90Pr,b59,59,2,1891,planted tree,4,A lot
5460,R_5IXlpgp7crCPqO1,b1,1,1,3,stacked H's,3,Moderately
5461,R_5IXlpgp7crCPqO1,b2,2,1,16,two boxes,1,Not at all
5462,R_5IXlpgp7crCPqO1,b2,2,2,17,zibracrossing,1,Not at all
5463,R_5IXlpgp7crCPqO1,b3,3,1,41,umbrella,1,Not at all
5464,R_5IXlpgp7crCPqO1,b4,4,1,43,ant,1,Not at all
5465,R_5IXlpgp7crCPqO1,b5,5,1,80,tongs,2,A little
5466,R_5IXlpgp7crCPqO1,b6,6,1,93,glasses,3,Moderately
5467,R_5IXlpgp7crCPqO1,b6,6,2,100,insect head,2,A little
5468,R_5IXlpgp7crCPqO1,b12,12,1,185,Butter Churner,1,Not at all
5469,R_5IXlpgp7crCPqO1,b13,13,1,207,c clamp,1,Not at all
5470,R_5IXlpgp7crCPqO1,b21,21,1,437,woman,2,A little
5471,R_5IXlpgp7crCPqO1,b22,22,1,450,Angle,2,A little
5472,R_5IXlpgp7crCPqO1,b22,22,2,469,padlock,2,A little
5473,R_5IXlpgp7crCPqO1,b25,25,1,556,pole,2,A little
5474,R_5IXlpgp7crCPqO1,b26,26,1,570,letter K,1,Not at all
5475,R_5IXlpgp7crCPqO1,b31,31,1,696,tripod,2,A little
5476,R_5IXlpgp7crCPqO1,b34,34,1,761,diving mask,1,Not at all
5477,R_5IXlpgp7crCPqO1,b36,36,1,797,anchor,2,A little
5478,R_5IXlpgp7crCPqO1,b36,36,2,820,tuning fork,3,Moderately
5479,R_5IXlpgp7crCPqO1,b38,38,1,855,cone,4,A lot
5480,R_5IXlpgp7crCPqO1,b43,43,1,991,question mark,1,Not at all
5481,R_5IXlpgp7crCPqO1,b43,43,2,1004,weather vane,1,Not at all
5482,R_5IXlpgp7crCPqO1,b46,46,1,1078,hourglass,1,Not at all
5483,R_5IXlpgp7crCPqO1,b47,47,1,1118,musical clef,1,Not at all
5484,R_5IXlpgp7crCPqO1,b48,48,1,1148,square,1,Not at all
5485,R_5IXlpgp7crCPqO1,b49,49,1,1169,mountain,2,A little
5486,R_5IXlpgp7crCPqO1,b52,52,1,1235,step stool,1,Not at all
5487,R_5IXlpgp7crCPqO1,b55,55,1,1285,flagpole,2,A little
5488,R_5IXlpgp7crCPqO1,b57,57,1,1317,bow tie,4,A lot
5489,R_5IXlpgp7crCPqO1,b57,57,2,1336,window,1,Not at all
5490,R_5IaXHi87lMDEcVR,b6,6,1,15,sunglasses,5,Completely
5491,R_5IaXHi87lMDEcVR,b8,8,1,21,binder clip,1,Not at all
5492,R_5IaXHi87lMDEcVR,b9,9,1,28,hourglass seal,1,Not at all
5493,R_5IaXHi87lMDEcVR,b11,11,1,33,trident fork,5,Completely
5494,R_5IaXHi87lMDEcVR,b14,14,1,42,fish hook,1,Not at all
5495,R_5IaXHi87lMDEcVR,b17,17,1,50,fishing hook,3,Moderately
5496,R_5IaXHi87lMDEcVR,b18,18,1,52,bow tie,2,A little
5497,R_5IaXHi87lMDEcVR,b19,19,1,55,violin scroll,1,Not at all
5498,R_5IaXHi87lMDEcVR,b19,19,2,59,spacer bar,1,Not at all
5499,R_5IaXHi87lMDEcVR,b19,19,3,61,compact disc,1,Not at all
5500,R_5IaXHi87lMDEcVR,b22,22,1,70,hourglass,1,Not at all
5501,R_5IaXHi87lMDEcVR,b24,24,1,77,enter key,1,Not at all
5502,R_5IaXHi87lMDEcVR,b26,26,1,83,plumb line,3,Moderately
5503,R_5IaXHi87lMDEcVR,b27,27,1,87,stapler frame,1,Not at all
5504,R_5IaXHi87lMDEcVR,b28,28,1,89,bed,2,A little
5505,R_5IaXHi87lMDEcVR,b30,30,1,99,belt buckle,4,A lot
5506,R_5IaXHi87lMDEcVR,b32,32,1,108,hanging lantern,1,Not at all
5507,R_5IaXHi87lMDEcVR,b33,33,1,109,bumper car,2,A little
5508,R_5IaXHi87lMDEcVR,b37,37,1,122,street lamp,3,Moderately
5509,R_5IaXHi87lMDEcVR,b38,38,1,127,flower emblem,5,Completely
5510,R_5IaXHi87lMDEcVR,b40,40,1,132,door window,1,Not at all
5511,R_5IaXHi87lMDEcVR,b41,41,1,137,stapler head,1,Not at all
5512,R_5IaXHi87lMDEcVR,b43,43,1,146,target satellite,1,Not at all
5513,R_5IaXHi87lMDEcVR,b46,46,1,162,ionic column,3,Moderately
5514,R_5IaXHi87lMDEcVR,b50,50,1,177,balloon man,3,Moderately
5515,R_5IaXHi87lMDEcVR,b52,52,1,184,electric plug,1,Not at all
5516,R_5IaXHi87lMDEcVR,b54,54,1,189,anchor symbol,1,Not at all
5517,R_5IaXHi87lMDEcVR,b56,56,1,195,keyhole,1,Not at all
5518,R_5IaXHi87lMDEcVR,b57,57,1,198,rotated x,2,A little
5519,R_5IaXHi87lMDEcVR,b59,59,1,204,shelf bracket,1,Not at all
5520,R_5IzLViBfQRhryHF,b1,1,1,2,ladder,5,Completely
5521,R_5IzLViBfQRhryHF,b2,2,1,14,train tracks,4,A lot
5522,R_5IzLViBfQRhryHF,b3,3,1,36,key,1,Not at all
5523,R_5IzLViBfQRhryHF,b4,4,1,45,belly button,1,Not at all
5524,R_5IzLViBfQRhryHF,b6,6,1,100,insect head,2,A little
5525,R_5IzLViBfQRhryHF,b13,13,1,220,monogram,1,Not at all
5526,R_5IzLViBfQRhryHF,b17,17,1,301,chalice,2,A little
5527,R_5IzLViBfQRhryHF,b17,17,2,303,cupcake,2,A little
5528,R_5IzLViBfQRhryHF,b18,18,1,355,water glass,1,Not at all
5529,R_5IzLViBfQRhryHF,b19,19,1,364,faucet,1,Not at all
5530,R_5IzLViBfQRhryHF,b19,19,2,384,USB connector,2,A little
5531,R_5IzLViBfQRhryHF,b29,29,1,628,chalice,3,Moderately
5532,R_5IzLViBfQRhryHF,b29,29,2,629,crane,3,Moderately
5533,R_5IzLViBfQRhryHF,b29,29,3,642,shovel,5,Completely
5534,R_5IzLViBfQRhryHF,b30,30,1,672,prison bars,2,A little
5535,R_5IzLViBfQRhryHF,b30,30,2,673,shovel,2,A little
5536,R_5IzLViBfQRhryHF,b33,33,1,738,lollipop,4,A lot
5537,R_5IzLViBfQRhryHF,b35,35,1,775,balloon pair,2,A little
5538,R_5IzLViBfQRhryHF,b36,36,1,799,Bird feet,5,Completely
5539,R_5IzLViBfQRhryHF,b36,36,2,801,crane,4,A lot
5540,R_5IzLViBfQRhryHF,b39,39,1,885,infinity symbol,2,A little
5541,R_5IzLViBfQRhryHF,b44,44,1,1041,sunglasses,1,Not at all
5542,R_5IzLViBfQRhryHF,b45,45,1,1060,power button,4,A lot
5543,R_5IzLViBfQRhryHF,b49,49,1,1165,heart,5,Completely
5544,R_5IzLViBfQRhryHF,b52,52,1,1238,triangle,1,Not at all
5545,R_5IzLViBfQRhryHF,b54,54,1,1263,Brush,1,Not at all
5546,R_5IzLViBfQRhryHF,b56,56,1,1301,circle,4,A lot
5547,R_5IzLViBfQRhryHF,b58,58,1,1339,anchor,3,Moderately
5548,R_5IzLViBfQRhryHF,b59,59,1,1368,vortex,3,Moderately
5549,R_5IzLViBfQRhryHF,b60,60,1,1380,TV,1,Not at all
5550,R_5Jf5FGGVFVzGmNX,b3,3,1,23,broom,1,Not at all
5551,R_5Jf5FGGVFVzGmNX,b3,3,2,35,hook,1,Not at all
5552,R_5Jf5FGGVFVzGmNX,b4,4,1,57,owl,1,Not at all
5553,R_5Jf5FGGVFVzGmNX,b6,6,1,88,bed,1,Not at all
5554,R_5Jf5FGGVFVzGmNX,b8,8,1,123,bread,1,Not at all
5555,R_5Jf5FGGVFVzGmNX,b8,8,2,129,flower,1,Not at all
5556,R_5Jf5FGGVFVzGmNX,b17,17,1,323,Spade,1,Not at all
5557,R_5Jf5FGGVFVzGmNX,b18,18,1,337,ice cream,5,Completely
5558,R_5Jf5FGGVFVzGmNX,b21,21,1,437,woman,2,A little
5559,R_5Jf5FGGVFVzGmNX,b21,21,2,439,keyhole,1,Not at all
5560,R_5Jf5FGGVFVzGmNX,b22,22,1,461,goggles,1,Not at all
5561,R_5Jf5FGGVFVzGmNX,b22,22,2,470,padlock,1,Not at all
5562,R_5Jf5FGGVFVzGmNX,b24,24,1,527,robot claw,3,Moderately
5563,R_5Jf5FGGVFVzGmNX,b31,31,1,680,arrow,4,A lot
5564,R_5Jf5FGGVFVzGmNX,b34,34,1,762,face,1,Not at all
5565,R_5Jf5FGGVFVzGmNX,b35,35,1,796,tree,1,Not at all
5566,R_5Jf5FGGVFVzGmNX,b37,37,1,850,stick figure,1,Not at all
5567,R_5Jf5FGGVFVzGmNX,b38,38,1,856,face,1,Not at all
5568,R_5Jf5FGGVFVzGmNX,b38,38,2,864,owl,1,Not at all
5569,R_5Jf5FGGVFVzGmNX,b41,41,1,949,road,1,Not at all
5570,R_5Jf5FGGVFVzGmNX,b44,44,1,1039,Stringray,2,A little
5571,R_5Jf5FGGVFVzGmNX,b45,45,1,1052,key,1,Not at all
5572,R_5Jf5FGGVFVzGmNX,b46,46,1,1065,bridge,1,Not at all
5573,R_5Jf5FGGVFVzGmNX,b46,46,2,1068,Chinese Character,1,Not at all
5574,R_5Jf5FGGVFVzGmNX,b46,46,3,1091,Prize Ribbon,1,Not at all
5575,R_5Jf5FGGVFVzGmNX,b48,48,1,1145,pedestal table,2,A little
5576,R_5Jf5FGGVFVzGmNX,b51,51,1,1213,television,4,A lot
5577,R_5Jf5FGGVFVzGmNX,b54,54,1,1273,music clef,3,Moderately
5578,R_5Jf5FGGVFVzGmNX,b58,58,1,1347,Radius,1,Not at all
5579,R_5Jf5FGGVFVzGmNX,b59,59,1,1358,chimney,1,Not at all
5580,R_5K14dhkmaFiGrZQ,b3,3,1,30,dumbbell,1,Not at all
5581,R_5K14dhkmaFiGrZQ,b5,5,1,63,bd,5,Completely
5582,R_5K14dhkmaFiGrZQ,b5,5,2,64,bed,2,A little
5583,R_5K14dhkmaFiGrZQ,b5,5,3,76,letter D,1,Not at all
5584,R_5K14dhkmaFiGrZQ,b6,6,1,96,handcuffs,2,A little
5585,R_5K14dhkmaFiGrZQ,b10,10,1,158,square,1,Not at all
5586,R_5K14dhkmaFiGrZQ,b12,12,1,187,church bell,1,Not at all
5587,R_5K14dhkmaFiGrZQ,b13,13,1,214,Half circle,1,Not at all
5588,R_5K14dhkmaFiGrZQ,b13,13,2,223,pentgon,1,Not at all
5589,R_5K14dhkmaFiGrZQ,b14,14,1,242,elephant head,1,Not at all
5590,R_5K14dhkmaFiGrZQ,b20,20,1,417,Trophy,1,Not at all
5591,R_5K14dhkmaFiGrZQ,b23,23,1,485,circle,1,Not at all
5592,R_5K14dhkmaFiGrZQ,b24,24,1,517,lamp post,1,Not at all
5593,R_5K14dhkmaFiGrZQ,b27,27,1,603,table chair,1,Not at all
5594,R_5K14dhkmaFiGrZQ,b29,29,1,643,spade,5,Completely
5595,R_5K14dhkmaFiGrZQ,b30,30,1,647,anchor,4,A lot
5596,R_5K14dhkmaFiGrZQ,b34,34,1,756,bird,1,Not at all
5597,R_5K14dhkmaFiGrZQ,b39,39,1,871,bee,1,Not at all
5598,R_5K14dhkmaFiGrZQ,b39,39,2,875,clubs suit,2,A little
5599,R_5K14dhkmaFiGrZQ,b39,39,3,884,Ice cream cone,5,Completely
5600,R_5K14dhkmaFiGrZQ,b41,41,1,927,coffee mug,5,Completely
5601,R_5K14dhkmaFiGrZQ,b44,44,1,1010,butterfly,1,Not at all
5602,R_5K14dhkmaFiGrZQ,b44,44,2,1014,dollar sign,1,Not at all
5603,R_5K14dhkmaFiGrZQ,b48,48,1,1134,goal post,2,A little
5604,R_5K14dhkmaFiGrZQ,b48,48,2,1150,table,2,A little
5605,R_5K14dhkmaFiGrZQ,b50,50,1,1194,tree,1,Not at all
5606,R_5K14dhkmaFiGrZQ,b54,54,1,1262,bottle opener,1,Not at all
5607,R_5K14dhkmaFiGrZQ,b55,55,1,1294,wine glass,5,Completely
5608,R_5K14dhkmaFiGrZQ,b57,57,1,1331,table,2,A little
5609,R_5K14dhkmaFiGrZQ,b59,59,1,1351,arrow,2,A little
5610,R_5Leth6R9pA5zJ2N,b3,3,1,27,cup,1,Not at all
5611,R_5Leth6R9pA5zJ2N,b5,5,1,81,two chairs,1,Not at all
5612,R_5Leth6R9pA5zJ2N,b6,6,1,95,goggles,2,A little
5613,R_5Leth6R9pA5zJ2N,b7,7,1,111,skewered chevron,4,A lot
5614,R_5Leth6R9pA5zJ2N,b10,10,1,147,fork,3,Moderately
5615,R_5Leth6R9pA5zJ2N,b11,11,1,179,stairs,1,Not at all
5616,R_5Leth6R9pA5zJ2N,b15,15,1,263,flag,1,Not at all
5617,R_5Leth6R9pA5zJ2N,b16,16,1,288,pizza slice,2,A little
5618,R_5Leth6R9pA5zJ2N,b17,17,1,308,guitar pick,3,Moderately
5619,R_5Leth6R9pA5zJ2N,b18,18,1,349,sailboat,1,Not at all
5620,R_5Leth6R9pA5zJ2N,b20,20,1,410,propeller hat,1,Not at all
5621,R_5Leth6R9pA5zJ2N,b22,22,1,458,face,1,Not at all
5622,R_5Leth6R9pA5zJ2N,b22,22,2,459,fish,1,Not at all
5623,R_5Leth6R9pA5zJ2N,b23,23,1,481,ball string,2,A little
5624,R_5Leth6R9pA5zJ2N,b24,24,1,510,crutch,1,Not at all
5625,R_5Leth6R9pA5zJ2N,b24,24,2,524,plus sign,1,Not at all
5626,R_5Leth6R9pA5zJ2N,b25,25,1,537,broken hurdle,3,Moderately
5627,R_5Leth6R9pA5zJ2N,b35,35,1,776,beak,1,Not at all
5628,R_5Leth6R9pA5zJ2N,b36,36,1,802,dowsing rod,1,Not at all
5629,R_5Leth6R9pA5zJ2N,b36,36,2,804,fork,2,A little
5630,R_5Leth6R9pA5zJ2N,b36,36,3,816,tree branch,3,Moderately
5631,R_5Leth6R9pA5zJ2N,b37,37,1,836,dumbbell,1,Not at all
5632,R_5Leth6R9pA5zJ2N,b37,37,2,845,key,4,A lot
5633,R_5Leth6R9pA5zJ2N,b40,40,1,921,Toilet,2,A little
5634,R_5Leth6R9pA5zJ2N,b44,44,1,1011,christmas ornament,2,A little
5635,R_5Leth6R9pA5zJ2N,b51,51,1,1204,medal,2,A little
5636,R_5Leth6R9pA5zJ2N,b55,55,1,1284,coat rack,3,Moderately
5637,R_5Leth6R9pA5zJ2N,b56,56,1,1296,arm,1,Not at all
5638,R_5Leth6R9pA5zJ2N,b59,59,1,1351,arrow,2,A little
5639,R_5Leth6R9pA5zJ2N,b59,59,2,1352,arrowhead,2,A little
5640,R_5LjdM51XHVi8ziu,b5,5,1,1405,eyeglasses,3,Moderately
5641,R_5LjdM51XHVi8ziu,b6,6,1,1418,fallen hourglass,3,Moderately
5642,R_5LjdM51XHVi8ziu,b10,10,1,1445,fir tree,2,A little
5643,R_5LjdM51XHVi8ziu,b11,11,1,1451,picket fence,3,Moderately
5644,R_5LjdM51XHVi8ziu,b12,12,1,1459,mushroom cap,3,Moderately
5645,R_5LjdM51XHVi8ziu,b15,15,1,1490,Honeycomb cell,1,Not at all
5646,R_5LjdM51XHVi8ziu,b16,16,1,1501,location pin,4,A lot
5647,R_5LjdM51XHVi8ziu,b18,18,1,1516,Cup trophy,2,A little
5648,R_5LjdM51XHVi8ziu,b19,19,1,1522,asclepius rod,1,Not at all
5649,R_5LjdM51XHVi8ziu,b21,21,1,1550,sideways headphones,1,Not at all
5650,R_5LjdM51XHVi8ziu,b23,23,1,1563,Stethoscope silhouette,4,A lot
5651,R_5LjdM51XHVi8ziu,b23,23,2,1564,hand mirror,5,Completely
5652,R_5LjdM51XHVi8ziu,b24,24,1,1573,block H,3,Moderately
5653,R_5LjdM51XHVi8ziu,b25,25,1,1582,flag sign,1,Not at all
5654,R_5LjdM51XHVi8ziu,b27,27,1,1604,door frame,5,Completely
5655,R_5LjdM51XHVi8ziu,b28,28,1,1616,barbell weight,4,A lot
5656,R_5LjdM51XHVi8ziu,b33,33,1,1658,horseshoe magnet,3,Moderately
5657,R_5LjdM51XHVi8ziu,b34,34,1,1673,butterfly mask,2,A little
5658,R_5LjdM51XHVi8ziu,b35,35,1,1680,Heart glasses,1,Not at all
5659,R_5LjdM51XHVi8ziu,b36,36,1,1683,downward arrow,2,A little
5660,R_5LjdM51XHVi8ziu,b36,36,2,1687,slingshot frame,3,Moderately
5661,R_5LjdM51XHVi8ziu,b42,42,1,1737,H shape,1,Not at all
5662,R_5LjdM51XHVi8ziu,b43,43,1,1743,snake charmer,3,Moderately
5663,R_5LjdM51XHVi8ziu,b43,43,2,1745,Lollipop swirl,1,Not at all
5664,R_5LjdM51XHVi8ziu,b46,46,1,1766,eye,1,Not at all
5665,R_5LjdM51XHVi8ziu,b51,51,1,1805,claw hammer,1,Not at all
5666,R_5LjdM51XHVi8ziu,b51,51,2,1809,weighing balance,1,Not at all
5667,R_5LjdM51XHVi8ziu,b55,55,1,1843,pushpin,1,Not at all
5668,R_5LjdM51XHVi8ziu,b55,55,2,1913,Planted sword,1,Not at all
5669,R_5LjdM51XHVi8ziu,b56,56,1,1866,down Arrow button,1,Not at all
5670,R_5MoDHPPGpS55X8Q,b1,1,1,2,ladder,5,Completely
5671,R_5MoDHPPGpS55X8Q,b1,1,2,5,train track,2,A little
5672,R_5MoDHPPGpS55X8Q,b2,2,1,8,H,1,Not at all
5673,R_5MoDHPPGpS55X8Q,b11,11,1,164,brush,1,Not at all
5674,R_5MoDHPPGpS55X8Q,b12,12,1,189,cup,1,Not at all
5675,R_5MoDHPPGpS55X8Q,b14,14,1,236,baby carriage,1,Not at all
5676,R_5MoDHPPGpS55X8Q,b16,16,1,279,guitar pick,1,Not at all
5677,R_5MoDHPPGpS55X8Q,b18,18,1,349,sailboat,1,Not at all
5678,R_5MoDHPPGpS55X8Q,b24,24,1,516,inverted chair,2,A little
5679,R_5MoDHPPGpS55X8Q,b29,29,1,626,bow and arrow,1,Not at all
5680,R_5MoDHPPGpS55X8Q,b32,32,1,709,Hammer,1,Not at all
5681,R_5MoDHPPGpS55X8Q,b32,32,2,711,keyhole,1,Not at all
5682,R_5MoDHPPGpS55X8Q,b33,33,1,729,church steeple,1,Not at all
5683,R_5MoDHPPGpS55X8Q,b33,33,2,749,spade,1,Not at all
5684,R_5MoDHPPGpS55X8Q,b36,36,1,808,peace sign,1,Not at all
5685,R_5MoDHPPGpS55X8Q,b38,38,1,854,clubs symbol,1,Not at all
5686,R_5MoDHPPGpS55X8Q,b40,40,1,904,ear,1,Not at all
5687,R_5MoDHPPGpS55X8Q,b40,40,2,923,tuning fork,1,Not at all
5688,R_5MoDHPPGpS55X8Q,b41,41,1,944,paperclip holder,1,Not at all
5689,R_5MoDHPPGpS55X8Q,b42,42,1,972,waffle,2,A little
5690,R_5MoDHPPGpS55X8Q,b44,44,1,1013,Computer Mouse,3,Moderately
5691,R_5MoDHPPGpS55X8Q,b44,44,2,1035,Semicircle,1,Not at all
5692,R_5MoDHPPGpS55X8Q,b45,45,1,1057,lottery ball,1,Not at all
5693,R_5MoDHPPGpS55X8Q,b46,46,1,1075,handcuffs,1,Not at all
5694,R_5MoDHPPGpS55X8Q,b48,48,1,1139,lamp,1,Not at all
5695,R_5MoDHPPGpS55X8Q,b49,49,1,1173,scissors,1,Not at all
5696,R_5MoDHPPGpS55X8Q,b51,51,1,1203,keyhole,1,Not at all
5697,R_5MoDHPPGpS55X8Q,b54,54,1,1260,Ant,1,Not at all
5698,R_5MoDHPPGpS55X8Q,b55,55,1,1286,glass,2,A little
5699,R_5MoDHPPGpS55X8Q,b59,59,1,1357,canopy,1,Not at all
5700,R_5N95rfbocoBbUMi,b3,3,1,1397,cherries,1,Not at all
5701,R_5N95rfbocoBbUMi,b4,4,1,1401,butterfly wings,1,Not at all
5702,R_5N95rfbocoBbUMi,b4,4,2,1404,TIE fighter,2,A little
5703,R_5N95rfbocoBbUMi,b6,6,1,1412,steering wheel,1,Not at all
5704,R_5N95rfbocoBbUMi,b9,9,1,1436,Ship anchor,2,A little
5705,R_5N95rfbocoBbUMi,b9,9,2,1894,owl face,1,Not at all
5706,R_5N95rfbocoBbUMi,b12,12,1,1463,anchor,1,Not at all
5707,R_5N95rfbocoBbUMi,b13,13,1,1475,table lamp,3,Moderately
5708,R_5N95rfbocoBbUMi,b16,16,1,1497,ice-cream cone,5,Completely
5709,R_5N95rfbocoBbUMi,b17,17,1,1502,bell,2,A little
5710,R_5N95rfbocoBbUMi,b19,19,1,1519,smoking face,2,A little
5711,R_5N95rfbocoBbUMi,b21,21,1,1546,theta symbol,1,Not at all
5712,R_5N95rfbocoBbUMi,b21,21,2,1548,coffee cup,1,Not at all
5713,R_5N95rfbocoBbUMi,b24,24,1,1572,periscope,1,Not at all
5714,R_5N95rfbocoBbUMi,b25,25,1,1577,Boot heel,1,Not at all
5715,R_5N95rfbocoBbUMi,b25,25,2,1582,flag sign,1,Not at all
5716,R_5N95rfbocoBbUMi,b26,26,1,1902,broken arrow,1,Not at all
5717,R_5N95rfbocoBbUMi,b30,30,1,1638,trident fork,1,Not at all
5718,R_5N95rfbocoBbUMi,b32,32,1,1651,bell,1,Not at all
5719,R_5N95rfbocoBbUMi,b35,35,1,1677,butterfly,1,Not at all
5720,R_5N95rfbocoBbUMi,b35,35,2,1680,Heart glasses,1,Not at all
5721,R_5N95rfbocoBbUMi,b38,38,1,1695,owl face,1,Not at all
5722,R_5N95rfbocoBbUMi,b42,42,1,1737,H shape,1,Not at all
5723,R_5N95rfbocoBbUMi,b43,43,1,1747,Treble clef,1,Not at all
5724,R_5N95rfbocoBbUMi,b48,48,1,1776,cross,1,Not at all
5725,R_5N95rfbocoBbUMi,b49,49,1,1791,heart arrow,1,Not at all
5726,R_5N95rfbocoBbUMi,b50,50,1,1801,Boat anchor,2,A little
5727,R_5N95rfbocoBbUMi,b53,53,1,1825,anchor,1,Not at all
5728,R_5N95rfbocoBbUMi,b57,57,1,1873,windmill blades,1,Not at all
5729,R_5N95rfbocoBbUMi,b59,59,1,1887,Campfire tripod,1,Not at all
5730,R_5NTHiUUx3S7uEkp,b3,3,1,32,fancy binoculars,2,A little
5731,R_5NTHiUUx3S7uEkp,b5,5,1,75,key,1,Not at all
5732,R_5NTHiUUx3S7uEkp,b7,7,1,113,spire,2,A little
5733,R_5NTHiUUx3S7uEkp,b14,14,1,250,mushroom,1,Not at all
5734,R_5NTHiUUx3S7uEkp,b20,20,1,398,hanger,1,Not at all
5735,R_5NTHiUUx3S7uEkp,b20,20,2,419,woman,2,A little
5736,R_5NTHiUUx3S7uEkp,b22,22,1,465,keyhole,2,A little
5737,R_5NTHiUUx3S7uEkp,b27,27,1,597,plug,1,Not at all
5738,R_5NTHiUUx3S7uEkp,b28,28,1,614,insect head,2,A little
5739,R_5NTHiUUx3S7uEkp,b30,30,1,652,bench,1,Not at all
5740,R_5NTHiUUx3S7uEkp,b31,31,1,689,person,2,A little
5741,R_5NTHiUUx3S7uEkp,b34,34,1,762,face,2,A little
5742,R_5NTHiUUx3S7uEkp,b34,34,2,774,Volcano,1,Not at all
5743,R_5NTHiUUx3S7uEkp,b36,36,1,814,spearhead,1,Not at all
5744,R_5NTHiUUx3S7uEkp,b37,37,1,844,information icon,1,Not at all
5745,R_5NTHiUUx3S7uEkp,b38,38,1,857,flower bouquet,1,Not at all
5746,R_5NTHiUUx3S7uEkp,b39,39,1,878,football player,1,Not at all
5747,R_5NTHiUUx3S7uEkp,b39,39,2,884,Ice cream cone,4,A lot
5748,R_5NTHiUUx3S7uEkp,b40,40,1,896,bed,1,Not at all
5749,R_5NTHiUUx3S7uEkp,b40,40,2,913,mug,3,Moderately
5750,R_5NTHiUUx3S7uEkp,b43,43,1,974,Balloon,1,Not at all
5751,R_5NTHiUUx3S7uEkp,b43,43,2,993,saxophone,1,Not at all
5752,R_5NTHiUUx3S7uEkp,b45,45,1,1045,balloon,1,Not at all
5753,R_5NTHiUUx3S7uEkp,b48,48,1,1153,tetris block,1,Not at all
5754,R_5NTHiUUx3S7uEkp,b50,50,1,1194,tree,1,Not at all
5755,R_5NTHiUUx3S7uEkp,b51,51,1,1197,birdhouse,1,Not at all
5756,R_5NTHiUUx3S7uEkp,b52,52,1,1223,forklift,1,Not at all
5757,R_5NTHiUUx3S7uEkp,b52,52,2,1230,picket fence,1,Not at all
5758,R_5NTHiUUx3S7uEkp,b55,55,1,1280,arm,1,Not at all
5759,R_5NTHiUUx3S7uEkp,b57,57,1,1331,table,1,Not at all
5760,R_5NVh0T7AF25jsqi,b1,1,1,5,train track,5,Completely
5761,R_5NVh0T7AF25jsqi,b2,2,1,13,stairs,1,Not at all
5762,R_5NVh0T7AF25jsqi,b2,2,2,15,two attached triangles,1,Not at all
5763,R_5NVh0T7AF25jsqi,b4,4,1,47,butterfly,1,Not at all
5764,R_5NVh0T7AF25jsqi,b6,6,1,94,goal post,1,Not at all
5765,R_5NVh0T7AF25jsqi,b12,12,1,195,lamp,1,Not at all
5766,R_5NVh0T7AF25jsqi,b13,13,1,231,umbrella,1,Not at all
5767,R_5NVh0T7AF25jsqi,b14,14,1,238,butterfly,1,Not at all
5768,R_5NVh0T7AF25jsqi,b17,17,1,298,Balloon,1,Not at all
5769,R_5NVh0T7AF25jsqi,b22,22,1,467,magnifying glass,1,Not at all
5770,R_5NVh0T7AF25jsqi,b22,22,2,473,power button,1,Not at all
5771,R_5NVh0T7AF25jsqi,b23,23,1,480,anchor,1,Not at all
5772,R_5NVh0T7AF25jsqi,b24,24,1,517,lamp post,1,Not at all
5773,R_5NVh0T7AF25jsqi,b24,24,2,527,robot claw,5,Completely
5774,R_5NVh0T7AF25jsqi,b31,31,1,698,umbrella,1,Not at all
5775,R_5NVh0T7AF25jsqi,b33,33,1,729,church steeple,3,Moderately
5776,R_5NVh0T7AF25jsqi,b35,35,1,784,cone,1,Not at all
5777,R_5NVh0T7AF25jsqi,b36,36,1,805,Inverted peace symbol,5,Completely
5778,R_5NVh0T7AF25jsqi,b37,37,1,842,glasses,3,Moderately
5779,R_5NVh0T7AF25jsqi,b39,39,1,874,butterfly,1,Not at all
5780,R_5NVh0T7AF25jsqi,b42,42,1,968,table frame,5,Completely
5781,R_5NVh0T7AF25jsqi,b43,43,1,989,pie chain,3,Moderately
5782,R_5NVh0T7AF25jsqi,b44,44,1,1038,snake,1,Not at all
5783,R_5NVh0T7AF25jsqi,b46,46,1,1082,lightbulb,1,Not at all
5784,R_5NVh0T7AF25jsqi,b47,47,1,1106,circular shrug,1,Not at all
5785,R_5NVh0T7AF25jsqi,b54,54,1,1264,butterfly,1,Not at all
5786,R_5NVh0T7AF25jsqi,b54,54,2,1278,wrench,1,Not at all
5787,R_5NVh0T7AF25jsqi,b55,55,1,1283,Cat snout,5,Completely
5788,R_5NVh0T7AF25jsqi,b55,55,2,1292,Tree,1,Not at all
5789,R_5NVh0T7AF25jsqi,b57,57,1,1330,stacked triangles,1,Not at all
5790,R_5NZMlaWY74m7xnj,b3,3,1,26,Circles,1,Not at all
5791,R_5NZMlaWY74m7xnj,b3,3,2,34,glasses,4,A lot
5792,R_5NZMlaWY74m7xnj,b4,4,1,50,eyeglasses,3,Moderately
5793,R_5NZMlaWY74m7xnj,b6,6,1,105,snowman,1,Not at all
5794,R_5NZMlaWY74m7xnj,b6,6,2,106,spetacle,2,A little
5795,R_5NZMlaWY74m7xnj,b8,8,1,125,caduceus staff,1,Not at all
5796,R_5NZMlaWY74m7xnj,b11,11,1,175,interval graph,1,Not at all
5797,R_5NZMlaWY74m7xnj,b12,12,1,196,magnifying glass,1,Not at all
5798,R_5NZMlaWY74m7xnj,b16,16,1,287,paper airplane,1,Not at all
5799,R_5NZMlaWY74m7xnj,b19,19,1,370,Kite,1,Not at all
5800,R_5NZMlaWY74m7xnj,b19,19,2,373,oval,1,Not at all
5801,R_5NZMlaWY74m7xnj,b21,21,1,448,guitar silhouette,1,Not at all
5802,R_5NZMlaWY74m7xnj,b22,22,1,469,padlock,1,Not at all
5803,R_5NZMlaWY74m7xnj,b25,25,1,538,chair,4,A lot
5804,R_5NZMlaWY74m7xnj,b27,27,1,589,fork,1,Not at all
5805,R_5NZMlaWY74m7xnj,b28,28,1,615,Lollipops,1,Not at all
5806,R_5NZMlaWY74m7xnj,b36,36,1,802,dowsing rod,2,A little
5807,R_5NZMlaWY74m7xnj,b37,37,1,841,flower bud,3,Moderately
5808,R_5NZMlaWY74m7xnj,b38,38,1,863,Mickey Mouse,1,Not at all
5809,R_5NZMlaWY74m7xnj,b40,40,1,909,keyhole,2,A little
5810,R_5NZMlaWY74m7xnj,b44,44,1,1007,apple,2,A little
5811,R_5NZMlaWY74m7xnj,b44,44,2,1018,head,2,A little
5812,R_5NZMlaWY74m7xnj,b46,46,1,1096,tuning fork,1,Not at all
5813,R_5NZMlaWY74m7xnj,b47,47,1,1103,bridge,1,Not at all
5814,R_5NZMlaWY74m7xnj,b47,47,2,1128,Wings,1,Not at all
5815,R_5NZMlaWY74m7xnj,b51,51,1,1214,transistor radio,2,A little
5816,R_5NZMlaWY74m7xnj,b51,51,2,1218,wheelbarrow,1,Not at all
5817,R_5NZMlaWY74m7xnj,b57,57,1,1328,Small Peaks,1,Not at all
5818,R_5NZMlaWY74m7xnj,b57,57,2,1334,truss bridge,1,Not at all
5819,R_5NZMlaWY74m7xnj,b57,57,3,1335,windmill,1,Not at all
5820,R_5PXJrEYQSxIzLEt,b2,2,1,1388,three-rung ladder,5,Completely
5821,R_5PXJrEYQSxIzLEt,b3,3,1,1391,Handlebar mustache,1,Not at all
5822,R_5PXJrEYQSxIzLEt,b4,4,1,1399,binoculars,4,A lot
5823,R_5PXJrEYQSxIzLEt,b8,8,1,1429,Ship anchor,2,A little
5824,R_5PXJrEYQSxIzLEt,b16,16,1,1495,wine glass,2,A little
5825,R_5PXJrEYQSxIzLEt,b18,18,1,1514,Trumpet mouthpiece,3,Moderately
5826,R_5PXJrEYQSxIzLEt,b19,19,1,1523,padlock key,3,Moderately
5827,R_5PXJrEYQSxIzLEt,b21,21,1,1545,light bulb,1,Not at all
5828,R_5PXJrEYQSxIzLEt,b25,25,1,1585,Tower crane,2,A little
5829,R_5PXJrEYQSxIzLEt,b26,26,1,1589,pennant flag,5,Completely
5830,R_5PXJrEYQSxIzLEt,b26,26,2,1902,broken arrow,2,A little
5831,R_5PXJrEYQSxIzLEt,b27,27,1,1605,window,2,A little
5832,R_5PXJrEYQSxIzLEt,b28,28,1,1904,face with eyes,1,Not at all
5833,R_5PXJrEYQSxIzLEt,b29,29,1,1625,stethoscope symbol,1,Not at all
5834,R_5PXJrEYQSxIzLEt,b30,30,1,1632,Bridge support,2,A little
5835,R_5PXJrEYQSxIzLEt,b30,30,2,1634,grand piano,1,Not at all
5836,R_5PXJrEYQSxIzLEt,b33,33,1,1663,umbrella handle,1,Not at all
5837,R_5PXJrEYQSxIzLEt,b33,33,2,1664,service bell,4,A lot
5838,R_5PXJrEYQSxIzLEt,b33,33,3,1666,spoon,3,Moderately
5839,R_5PXJrEYQSxIzLEt,b33,33,4,1668,Upsidedown Umbrella,2,A little
5840,R_5PXJrEYQSxIzLEt,b36,36,1,1669,bird footprint,2,A little
5841,R_5PXJrEYQSxIzLEt,b39,39,1,1709,Snowman sideways,1,Not at all
5842,R_5PXJrEYQSxIzLEt,b44,44,1,1752,swan neck,1,Not at all
5843,R_5PXJrEYQSxIzLEt,b45,45,1,1755,stick figure,1,Not at all
5844,R_5PXJrEYQSxIzLEt,b49,49,1,1787,bikini top,2,A little
5845,R_5PXJrEYQSxIzLEt,b54,54,1,1836,Flag stand,1,Not at all
5846,R_5PXJrEYQSxIzLEt,b55,55,1,1850,table lamp,5,Completely
5847,R_5PXJrEYQSxIzLEt,b56,56,1,1863,Broken arrow,2,A little
5848,R_5PXJrEYQSxIzLEt,b57,57,1,1875,window pane,5,Completely
5849,R_5PXJrEYQSxIzLEt,b59,59,1,1886,upward arrow,5,Completely
5850,R_5QAbT03GZFDPlFz,b4,4,1,56,music notes,2,A little
5851,R_5QAbT03GZFDPlFz,b5,5,1,64,bed,1,Not at all
5852,R_5QAbT03GZFDPlFz,b6,6,1,88,bed,1,Not at all
5853,R_5QAbT03GZFDPlFz,b6,6,2,106,spetacle,1,Not at all
5854,R_5QAbT03GZFDPlFz,b13,13,1,206,anchor,1,Not at all
5855,R_5QAbT03GZFDPlFz,b17,17,1,321,slingshot frame,2,A little
5856,R_5QAbT03GZFDPlFz,b18,18,1,334,guitar pick,1,Not at all
5857,R_5QAbT03GZFDPlFz,b18,18,2,342,Martini,1,Not at all
5858,R_5QAbT03GZFDPlFz,b21,21,1,448,guitar silhouette,1,Not at all
5859,R_5QAbT03GZFDPlFz,b22,22,1,460,Flag,1,Not at all
5860,R_5QAbT03GZFDPlFz,b22,22,2,472,play button,2,A little
5861,R_5QAbT03GZFDPlFz,b23,23,1,493,microphone,2,A little
5862,R_5QAbT03GZFDPlFz,b32,32,1,721,teeball,1,Not at all
5863,R_5QAbT03GZFDPlFz,b34,34,1,758,bow tie,4,A lot
5864,R_5QAbT03GZFDPlFz,b34,34,2,769,man,1,Not at all
5865,R_5QAbT03GZFDPlFz,b36,36,1,802,dowsing rod,1,Not at all
5866,R_5QAbT03GZFDPlFz,b36,36,2,809,pitchfork,1,Not at all
5867,R_5QAbT03GZFDPlFz,b37,37,1,847,person,2,A little
5868,R_5QAbT03GZFDPlFz,b40,40,1,906,goal post,1,Not at all
5869,R_5QAbT03GZFDPlFz,b42,42,1,958,four squares,5,Completely
5870,R_5QAbT03GZFDPlFz,b44,44,1,1027,magnifying glass,1,Not at all
5871,R_5QAbT03GZFDPlFz,b46,46,1,1064,Bride,1,Not at all
5872,R_5QAbT03GZFDPlFz,b46,46,2,1079,human face,1,Not at all
5873,R_5QAbT03GZFDPlFz,b46,46,3,1094,staple remover,1,Not at all
5874,R_5QAbT03GZFDPlFz,b47,47,1,1129,Yo-yo,1,Not at all
5875,R_5QAbT03GZFDPlFz,b51,51,1,1216,upside-down person,1,Not at all
5876,R_5QAbT03GZFDPlFz,b53,53,1,1241,arrow,1,Not at all
5877,R_5QAbT03GZFDPlFz,b56,56,1,1299,beats symbol,1,Not at all
5878,R_5QAbT03GZFDPlFz,b57,57,1,1320,Electric symbol,1,Not at all
5879,R_5QAbT03GZFDPlFz,b60,60,1,1376,party hat,2,A little
5880,R_5QFsgFMBYLeN6ld,b1,1,1,6,two squares,3,Moderately
5881,R_5QFsgFMBYLeN6ld,b5,5,1,63,bd,5,Completely
5882,R_5QFsgFMBYLeN6ld,b6,6,1,100,insect head,2,A little
5883,R_5QFsgFMBYLeN6ld,b8,8,1,127,coat rack,1,Not at all
5884,R_5QFsgFMBYLeN6ld,b10,10,1,158,square,1,Not at all
5885,R_5QFsgFMBYLeN6ld,b13,13,1,210,cup,4,A lot
5886,R_5QFsgFMBYLeN6ld,b17,17,1,307,goblet,1,Not at all
5887,R_5QFsgFMBYLeN6ld,b17,17,2,321,slingshot frame,1,Not at all
5888,R_5QFsgFMBYLeN6ld,b18,18,1,342,Martini,1,Not at all
5889,R_5QFsgFMBYLeN6ld,b21,21,1,449,music note,1,Not at all
5890,R_5QFsgFMBYLeN6ld,b22,22,1,471,ping pong,1,Not at all
5891,R_5QFsgFMBYLeN6ld,b24,24,1,526,rectangle,1,Not at all
5892,R_5QFsgFMBYLeN6ld,b25,25,1,555,pickaxe,1,Not at all
5893,R_5QFsgFMBYLeN6ld,b27,27,1,598,rail tracks,1,Not at all
5894,R_5QFsgFMBYLeN6ld,b29,29,1,628,chalice,2,A little
5895,R_5QFsgFMBYLeN6ld,b29,29,2,637,ladder,2,A little
5896,R_5QFsgFMBYLeN6ld,b30,30,1,651,bed,1,Not at all
5897,R_5QFsgFMBYLeN6ld,b31,31,1,683,Circle,2,A little
5898,R_5QFsgFMBYLeN6ld,b33,33,1,737,lamp,2,A little
5899,R_5QFsgFMBYLeN6ld,b36,36,1,811,rake,4,A lot
5900,R_5QFsgFMBYLeN6ld,b41,41,1,929,directional marker right,1,Not at all
5901,R_5QFsgFMBYLeN6ld,b43,43,1,996,snake donut,2,A little
5902,R_5QFsgFMBYLeN6ld,b45,45,1,1051,hanging target,1,Not at all
5903,R_5QFsgFMBYLeN6ld,b46,46,1,1094,staple remover,2,A little
5904,R_5QFsgFMBYLeN6ld,b46,46,2,1096,tuning fork,1,Not at all
5905,R_5QFsgFMBYLeN6ld,b48,48,1,1152,Tent,1,Not at all
5906,R_5QFsgFMBYLeN6ld,b50,50,1,1193,stickman,5,Completely
5907,R_5QFsgFMBYLeN6ld,b53,53,1,1252,number 6,1,Not at all
5908,R_5QFsgFMBYLeN6ld,b55,55,1,1280,arm,1,Not at all
5909,R_5QFsgFMBYLeN6ld,b59,59,1,1350,Angle,2,A little
5910,R_5QJGO3wazxFMB44,b3,3,1,1394,butterfly wings,1,Not at all
5911,R_5QJGO3wazxFMB44,b6,6,1,1415,eyeglasses,3,Moderately
5912,R_5QJGO3wazxFMB44,b9,9,1,1435,cactus,1,Not at all
5913,R_5QJGO3wazxFMB44,b10,10,1,1447,Fork and trident,4,A lot
5914,R_5QJGO3wazxFMB44,b15,15,1,1492,Equilateral hexagon,1,Not at all
5915,R_5QJGO3wazxFMB44,b17,17,1,1506,hanging lantern,1,Not at all
5916,R_5QJGO3wazxFMB44,b25,25,1,1579,hammer head,1,Not at all
5917,R_5QJGO3wazxFMB44,b28,28,1,1610,Goggles,3,Moderately
5918,R_5QJGO3wazxFMB44,b28,28,2,1612,bra,3,Moderately
5919,R_5QJGO3wazxFMB44,b29,29,1,1620,Letter B,1,Not at all
5920,R_5QJGO3wazxFMB44,b29,29,2,1622,G-clamp,1,Not at all
5921,R_5QJGO3wazxFMB44,b30,30,1,1635,bitcoin symbol,1,Not at all
5922,R_5QJGO3wazxFMB44,b31,31,1,1648,push pin,1,Not at all
5923,R_5QJGO3wazxFMB44,b39,39,1,1715,stacked symbol,1,Not at all
5924,R_5QJGO3wazxFMB44,b43,43,1,1739,question mark,1,Not at all
5925,R_5QJGO3wazxFMB44,b43,43,2,1740,computer mouse,3,Moderately
5926,R_5QJGO3wazxFMB44,b43,43,3,1744,saxophone key,1,Not at all
5927,R_5QJGO3wazxFMB44,b44,44,1,1748,stethoscope,1,Not at all
5928,R_5QJGO3wazxFMB44,b44,44,2,1751,saxophone key,1,Not at all
5929,R_5QJGO3wazxFMB44,b45,45,1,1758,hanging target,1,Not at all
5930,R_5QJGO3wazxFMB44,b48,48,1,1778,garden hoe,2,A little
5931,R_5QJGO3wazxFMB44,b49,49,1,1790,butterfly knife,1,Not at all
5932,R_5QJGO3wazxFMB44,b52,52,1,1819,Uppercase F,5,Completely
5933,R_5QJGO3wazxFMB44,b53,53,1,1823,mushroom,1,Not at all
5934,R_5QJGO3wazxFMB44,b55,55,1,1842,letter T,1,Not at all
5935,R_5QJGO3wazxFMB44,b55,55,2,1851,Direction toward a T junction,3,Moderately
5936,R_5QJGO3wazxFMB44,b56,56,1,1869,V in circle,3,Moderately
5937,R_5QJGO3wazxFMB44,b57,57,1,1874,letter Z,2,A little
5938,R_5QJGO3wazxFMB44,b59,59,1,1880,pine tree,4,A lot
5939,R_5QJGO3wazxFMB44,b59,59,2,1890,Christmas tree,3,Moderately
5940,R_5R5O0GwGABcZsZz,b3,3,1,34,glasses,2,A little
5941,R_5R5O0GwGABcZsZz,b5,5,1,71,dumbbell,1,Not at all
5942,R_5R5O0GwGABcZsZz,b6,6,1,86,barbell,1,Not at all
5943,R_5R5O0GwGABcZsZz,b6,6,2,99,infinity sign,1,Not at all
5944,R_5R5O0GwGABcZsZz,b10,10,1,143,barcode,1,Not at all
5945,R_5R5O0GwGABcZsZz,b11,11,1,168,comb,1,Not at all
5946,R_5R5O0GwGABcZsZz,b12,12,1,183,bridge,1,Not at all
5947,R_5R5O0GwGABcZsZz,b13,13,1,228,stapler,1,Not at all
5948,R_5R5O0GwGABcZsZz,b13,13,2,234,wine glass,5,Completely
5949,R_5R5O0GwGABcZsZz,b15,15,1,272,square,1,Not at all
5950,R_5R5O0GwGABcZsZz,b20,20,1,404,keyhole,1,Not at all
5951,R_5R5O0GwGABcZsZz,b21,21,1,431,person,4,A lot
5952,R_5R5O0GwGABcZsZz,b21,21,2,447,treble clef,1,Not at all
5953,R_5R5O0GwGABcZsZz,b30,30,1,653,Boat,1,Not at all
5954,R_5R5O0GwGABcZsZz,b32,32,1,724,wine glass,5,Completely
5955,R_5R5O0GwGABcZsZz,b33,33,1,732,eye,1,Not at all
5956,R_5R5O0GwGABcZsZz,b35,35,1,792,owl face,3,Moderately
5957,R_5R5O0GwGABcZsZz,b37,37,1,841,flower bud,2,A little
5958,R_5R5O0GwGABcZsZz,b40,40,1,894,balcony,1,Not at all
5959,R_5R5O0GwGABcZsZz,b45,45,1,1046,Circle,2,A little
5960,R_5R5O0GwGABcZsZz,b46,46,1,1074,Grenade,1,Not at all
5961,R_5R5O0GwGABcZsZz,b46,46,2,1098,yin yang,1,Not at all
5962,R_5R5O0GwGABcZsZz,b48,48,1,1150,table,2,A little
5963,R_5R5O0GwGABcZsZz,b50,50,1,1175,anchor,2,A little
5964,R_5R5O0GwGABcZsZz,b50,50,2,1182,Female Logo,2,A little
5965,R_5R5O0GwGABcZsZz,b52,52,1,1225,letter F,5,Completely
5966,R_5R5O0GwGABcZsZz,b54,54,1,1274,music note,4,A lot
5967,R_5R5O0GwGABcZsZz,b54,54,2,1277,smoking pipe,1,Not at all
5968,R_5R5O0GwGABcZsZz,b56,56,1,1306,eyeball,1,Not at all
5969,R_5R5O0GwGABcZsZz,b60,60,1,1369,box cone,5,Completely
5970,R_5R6nfAZHMHOaRnX,b3,3,1,31,eye glasses,1,Not at all
5971,R_5R6nfAZHMHOaRnX,b10,10,1,152,key,1,Not at all
5972,R_5R6nfAZHMHOaRnX,b10,10,2,155,pitchfork,5,Completely
5973,R_5R6nfAZHMHOaRnX,b13,13,1,213,goblet,5,Completely
5974,R_5R6nfAZHMHOaRnX,b15,15,1,267,kite,1,Not at all
5975,R_5R6nfAZHMHOaRnX,b17,17,1,320,shield,2,A little
5976,R_5R6nfAZHMHOaRnX,b18,18,1,340,keyhole,1,Not at all
5977,R_5R6nfAZHMHOaRnX,b20,20,1,419,woman,1,Not at all
5978,R_5R6nfAZHMHOaRnX,b22,22,1,454,cone,4,A lot
5979,R_5R6nfAZHMHOaRnX,b23,23,1,502,Yinyang Medallion,4,A lot
5980,R_5R6nfAZHMHOaRnX,b25,25,1,538,chair,3,Moderately
5981,R_5R6nfAZHMHOaRnX,b25,25,2,550,Lower H,2,A little
5982,R_5R6nfAZHMHOaRnX,b30,30,1,673,shovel,1,Not at all
5983,R_5R6nfAZHMHOaRnX,b31,31,1,690,Rocket ship,2,A little
5984,R_5R6nfAZHMHOaRnX,b33,33,1,725,anchor,1,Not at all
5985,R_5R6nfAZHMHOaRnX,b33,33,2,731,dustpan,4,A lot
5986,R_5R6nfAZHMHOaRnX,b33,33,3,748,shovel,5,Completely
5987,R_5R6nfAZHMHOaRnX,b36,36,1,803,fishing rod,3,Moderately
5988,R_5R6nfAZHMHOaRnX,b39,39,1,877,flower,1,Not at all
5989,R_5R6nfAZHMHOaRnX,b40,40,1,910,letter B,1,Not at all
5990,R_5R6nfAZHMHOaRnX,b40,40,2,920,sideways lock,2,A little
5991,R_5R6nfAZHMHOaRnX,b41,41,1,950,semi circle,1,Not at all
5992,R_5R6nfAZHMHOaRnX,b43,43,1,974,Balloon,1,Not at all
5993,R_5R6nfAZHMHOaRnX,b46,46,1,1090,port,2,A little
5994,R_5R6nfAZHMHOaRnX,b50,50,1,1178,candelabra,1,Not at all
5995,R_5R6nfAZHMHOaRnX,b50,50,2,1183,hourglass,1,Not at all
5996,R_5R6nfAZHMHOaRnX,b52,52,1,1234,star,1,Not at all
5997,R_5R6nfAZHMHOaRnX,b55,55,1,1279,anchor,3,Moderately
5998,R_5R6nfAZHMHOaRnX,b59,59,1,1352,arrowhead,4,A lot
5999,R_5R6nfAZHMHOaRnX,b59,59,2,1367,tripod,3,Moderately
6000,R_5R9Vbe9iVUhg7i4,b2,2,1,7,comb,1,Not at all
6001,R_5R9Vbe9iVUhg7i4,b6,6,1,98,house,1,Not at all
6002,R_5R9Vbe9iVUhg7i4,b9,9,1,141,clover,1,Not at all
6003,R_5R9Vbe9iVUhg7i4,b12,12,1,190,desk,1,Not at all
6004,R_5R9Vbe9iVUhg7i4,b14,14,1,244,face,1,Not at all
6005,R_5R9Vbe9iVUhg7i4,b14,14,2,254,owl face,1,Not at all
6006,R_5R9Vbe9iVUhg7i4,b17,17,1,308,guitar pick,2,A little
6007,R_5R9Vbe9iVUhg7i4,b17,17,2,319,shelf bracket,1,Not at all
6008,R_5R9Vbe9iVUhg7i4,b18,18,1,346,Pencil,2,A little
6009,R_5R9Vbe9iVUhg7i4,b19,19,1,387,ying yang,1,Not at all
6010,R_5R9Vbe9iVUhg7i4,b22,22,1,458,face,1,Not at all
6011,R_5R9Vbe9iVUhg7i4,b24,24,1,506,chair,4,A lot
6012,R_5R9Vbe9iVUhg7i4,b24,24,2,516,inverted chair,1,Not at all
6013,R_5R9Vbe9iVUhg7i4,b24,24,3,522,Pie symbol,1,Not at all
6014,R_5R9Vbe9iVUhg7i4,b24,24,4,527,robot claw,1,Not at all
6015,R_5R9Vbe9iVUhg7i4,b25,25,1,546,letter C,1,Not at all
6016,R_5R9Vbe9iVUhg7i4,b29,29,1,646,trident,1,Not at all
6017,R_5R9Vbe9iVUhg7i4,b30,30,1,671,plug,2,A little
6018,R_5R9Vbe9iVUhg7i4,b32,32,1,711,keyhole,1,Not at all
6019,R_5R9Vbe9iVUhg7i4,b34,34,1,767,Infinity pyramid,3,Moderately
6020,R_5R9Vbe9iVUhg7i4,b37,37,1,851,Tree,3,Moderately
6021,R_5R9Vbe9iVUhg7i4,b40,40,1,900,coffee cup,4,A lot
6022,R_5R9Vbe9iVUhg7i4,b40,40,2,921,Toilet,1,Not at all
6023,R_5R9Vbe9iVUhg7i4,b42,42,1,970,two boxes,2,A little
6024,R_5R9Vbe9iVUhg7i4,b43,43,1,982,Hook,2,A little
6025,R_5R9Vbe9iVUhg7i4,b46,46,1,1069,Circle,1,Not at all
6026,R_5R9Vbe9iVUhg7i4,b47,47,1,1114,Kite,1,Not at all
6027,R_5R9Vbe9iVUhg7i4,b48,48,1,1152,Tent,1,Not at all
6028,R_5R9Vbe9iVUhg7i4,b49,49,1,1168,M triangle,3,Moderately
6029,R_5R9Vbe9iVUhg7i4,b49,49,2,1171,pendant lights,1,Not at all
6030,R_5SfsyoBfGBXk20i,b2,2,1,1387,ladder rungs,5,Completely
6031,R_5SfsyoBfGBXk20i,b5,5,1,1409,barbell weight,1,Not at all
6032,R_5SfsyoBfGBXk20i,b6,6,1,1418,fallen hourglass,1,Not at all
6033,R_5SfsyoBfGBXk20i,b12,12,1,1463,anchor,4,A lot
6034,R_5SfsyoBfGBXk20i,b12,12,2,1464,arch bridge,1,Not at all
6035,R_5SfsyoBfGBXk20i,b12,12,3,1465,Floor lamp,4,A lot
6036,R_5SfsyoBfGBXk20i,b16,16,1,1494,bell,2,A little
6037,R_5SfsyoBfGBXk20i,b18,18,1,1509,speech balloon,2,A little
6038,R_5SfsyoBfGBXk20i,b18,18,2,1900,wine glass,2,A little
6039,R_5SfsyoBfGBXk20i,b19,19,1,1523,padlock key,1,Not at all
6040,R_5SfsyoBfGBXk20i,b19,19,2,1530,database,3,Moderately
6041,R_5SfsyoBfGBXk20i,b20,20,1,1539,stick figure,1,Not at all
6042,R_5SfsyoBfGBXk20i,b21,21,1,1549,pregnant woman,3,Moderately
6043,R_5SfsyoBfGBXk20i,b21,21,2,1551,snail,4,A lot
6044,R_5SfsyoBfGBXk20i,b23,23,1,1567,head on shoulders,1,Not at all
6045,R_5SfsyoBfGBXk20i,b27,27,1,1606,shopping cart,2,A little
6046,R_5SfsyoBfGBXk20i,b28,28,1,1613,butterfly,1,Not at all
6047,R_5SfsyoBfGBXk20i,b29,29,1,1617,coat hook,3,Moderately
6048,R_5SfsyoBfGBXk20i,b29,29,2,1621,C note,1,Not at all
6049,R_5SfsyoBfGBXk20i,b30,30,1,1633,comb,4,A lot
6050,R_5SfsyoBfGBXk20i,b37,37,1,1694,balloon,4,A lot
6051,R_5SfsyoBfGBXk20i,b40,40,1,1722,Skeleton key,2,A little
6052,R_5SfsyoBfGBXk20i,b45,45,1,1759,sitting person,1,Not at all
6053,R_5SfsyoBfGBXk20i,b46,46,1,1764,handlebars,2,A little
6054,R_5SfsyoBfGBXk20i,b47,47,1,1772,snail shell,4,A lot
6055,R_5SfsyoBfGBXk20i,b47,47,2,1773,snake eye,1,Not at all
6056,R_5SfsyoBfGBXk20i,b48,48,1,1779,capital T,5,Completely
6057,R_5SfsyoBfGBXk20i,b48,48,2,1782,Flagpole sign,2,A little
6058,R_5SfsyoBfGBXk20i,b48,48,3,1784,Right angle,4,A lot
6059,R_5SfsyoBfGBXk20i,b54,54,1,1837,lowercase f,1,Not at all
6060,R_5Sk2ixFGL5guo3Y,b2,2,1,14,train tracks,5,Completely
6061,R_5Sk2ixFGL5guo3Y,b4,4,1,61,tongs,3,Moderately
6062,R_5Sk2ixFGL5guo3Y,b6,6,1,89,binoculars,3,Moderately
6063,R_5Sk2ixFGL5guo3Y,b6,6,2,94,goal post,2,A little
6064,R_5Sk2ixFGL5guo3Y,b6,6,3,95,goggles,3,Moderately
6065,R_5Sk2ixFGL5guo3Y,b11,11,1,181,trident,3,Moderately
6066,R_5Sk2ixFGL5guo3Y,b12,12,1,185,Butter Churner,2,A little
6067,R_5Sk2ixFGL5guo3Y,b13,13,1,223,pentgon,1,Not at all
6068,R_5Sk2ixFGL5guo3Y,b16,16,1,282,house,2,A little
6069,R_5Sk2ixFGL5guo3Y,b21,21,1,444,power button,2,A little
6070,R_5Sk2ixFGL5guo3Y,b21,21,2,448,guitar silhouette,2,A little
6071,R_5Sk2ixFGL5guo3Y,b24,24,1,510,crutch,3,Moderately
6072,R_5Sk2ixFGL5guo3Y,b24,24,2,514,hammer,3,Moderately
6073,R_5Sk2ixFGL5guo3Y,b25,25,1,535,backwards L,2,A little
6074,R_5Sk2ixFGL5guo3Y,b25,25,2,540,crane,2,A little
6075,R_5Sk2ixFGL5guo3Y,b27,27,1,588,euro symbol,4,A lot
6076,R_5Sk2ixFGL5guo3Y,b29,29,1,621,arch,2,A little
6077,R_5Sk2ixFGL5guo3Y,b29,29,2,644,stool,4,A lot
6078,R_5Sk2ixFGL5guo3Y,b31,31,1,688,magnifying glass,2,A little
6079,R_5Sk2ixFGL5guo3Y,b35,35,1,790,heart,1,Not at all
6080,R_5Sk2ixFGL5guo3Y,b35,35,2,794,scissors,4,A lot
6081,R_5Sk2ixFGL5guo3Y,b37,37,1,842,glasses,1,Not at all
6082,R_5Sk2ixFGL5guo3Y,b38,38,1,856,face,3,Moderately
6083,R_5Sk2ixFGL5guo3Y,b40,40,1,917,point right,3,Moderately
6084,R_5Sk2ixFGL5guo3Y,b46,46,1,1097,window,2,A little
6085,R_5Sk2ixFGL5guo3Y,b47,47,1,1105,c clamp,1,Not at all
6086,R_5Sk2ixFGL5guo3Y,b47,47,2,1111,dollar sign,2,A little
6087,R_5Sk2ixFGL5guo3Y,b49,49,1,1170,owl,2,A little
6088,R_5Sk2ixFGL5guo3Y,b50,50,1,1196,wine glass,1,Not at all
6089,R_5Sk2ixFGL5guo3Y,b51,51,1,1212,Square,3,Moderately
6090,R_5TFrzDFvdsthh2S,b2,2,1,15,two attached triangles,1,Not at all
6091,R_5TFrzDFvdsthh2S,b5,5,1,63,bd,5,Completely
6092,R_5TFrzDFvdsthh2S,b6,6,1,90,bra,5,Completely
6093,R_5TFrzDFvdsthh2S,b11,11,1,172,fork,5,Completely
6094,R_5TFrzDFvdsthh2S,b13,13,1,218,magnifying glass,5,Completely
6095,R_5TFrzDFvdsthh2S,b16,16,1,287,paper airplane,1,Not at all
6096,R_5TFrzDFvdsthh2S,b16,16,2,288,pizza slice,1,Not at all
6097,R_5TFrzDFvdsthh2S,b18,18,1,348,revolver,1,Not at all
6098,R_5TFrzDFvdsthh2S,b19,19,1,367,hanger,1,Not at all
6099,R_5TFrzDFvdsthh2S,b19,19,2,368,jellyfish,1,Not at all
6100,R_5TFrzDFvdsthh2S,b20,20,1,407,padlock,4,A lot
6101,R_5TFrzDFvdsthh2S,b25,25,1,560,wrench,1,Not at all
6102,R_5TFrzDFvdsthh2S,b29,29,1,632,goal post,1,Not at all
6103,R_5TFrzDFvdsthh2S,b31,31,1,680,arrow,3,Moderately
6104,R_5TFrzDFvdsthh2S,b31,31,2,688,magnifying glass,1,Not at all
6105,R_5TFrzDFvdsthh2S,b33,33,1,731,dustpan,1,Not at all
6106,R_5TFrzDFvdsthh2S,b35,35,1,780,bow tie,3,Moderately
6107,R_5TFrzDFvdsthh2S,b37,37,1,827,boy,1,Not at all
6108,R_5TFrzDFvdsthh2S,b38,38,1,856,face,1,Not at all
6109,R_5TFrzDFvdsthh2S,b39,39,1,871,bee,1,Not at all
6110,R_5TFrzDFvdsthh2S,b42,42,1,973,window,4,A lot
6111,R_5TFrzDFvdsthh2S,b44,44,1,1021,infinity symbol,1,Not at all
6112,R_5TFrzDFvdsthh2S,b44,44,2,1024,ladybug,1,Not at all
6113,R_5TFrzDFvdsthh2S,b48,48,1,1131,anchor,1,Not at all
6114,R_5TFrzDFvdsthh2S,b50,50,1,1180,Doll,5,Completely
6115,R_5TFrzDFvdsthh2S,b50,50,2,1185,Key,1,Not at all
6116,R_5TFrzDFvdsthh2S,b50,50,3,1187,mirror,1,Not at all
6117,R_5TFrzDFvdsthh2S,b53,53,1,1242,bell,1,Not at all
6118,R_5TFrzDFvdsthh2S,b59,59,1,1350,Angle,4,A lot
6119,R_5TFrzDFvdsthh2S,b59,59,2,1363,rocket,3,Moderately
6120,R_5TTidQwnrTlEm7n,b3,3,1,20,bd,5,Completely
6121,R_5TTidQwnrTlEm7n,b5,5,1,79,scissors,1,Not at all
6122,R_5TTidQwnrTlEm7n,b7,7,1,112,spear,5,Completely
6123,R_5TTidQwnrTlEm7n,b8,8,1,125,caduceus staff,2,A little
6124,R_5TTidQwnrTlEm7n,b11,11,1,166,bug,1,Not at all
6125,R_5TTidQwnrTlEm7n,b11,11,2,173,goal post,5,Completely
6126,R_5TTidQwnrTlEm7n,b14,14,1,245,Flower,1,Not at all
6127,R_5TTidQwnrTlEm7n,b18,18,1,352,Speed Bump,2,A little
6128,R_5TTidQwnrTlEm7n,b21,21,1,427,Ear,2,A little
6129,R_5TTidQwnrTlEm7n,b21,21,2,429,house,1,Not at all
6130,R_5TTidQwnrTlEm7n,b24,24,1,514,hammer,1,Not at all
6131,R_5TTidQwnrTlEm7n,b24,24,2,518,letter H,4,A lot
6132,R_5TTidQwnrTlEm7n,b29,29,1,632,goal post,2,A little
6133,R_5TTidQwnrTlEm7n,b31,31,1,691,snowman,2,A little
6134,R_5TTidQwnrTlEm7n,b32,32,1,720,table,1,Not at all
6135,R_5TTidQwnrTlEm7n,b33,33,1,746,power button,2,A little
6136,R_5TTidQwnrTlEm7n,b34,34,1,757,bow,5,Completely
6137,R_5TTidQwnrTlEm7n,b36,36,1,797,anchor,3,Moderately
6138,R_5TTidQwnrTlEm7n,b36,36,2,798,arrow,3,Moderately
6139,R_5TTidQwnrTlEm7n,b36,36,3,809,pitchfork,5,Completely
6140,R_5TTidQwnrTlEm7n,b38,38,1,861,ice cream,3,Moderately
6141,R_5TTidQwnrTlEm7n,b40,40,1,913,mug,5,Completely
6142,R_5TTidQwnrTlEm7n,b43,43,1,997,spoon,2,A little
6143,R_5TTidQwnrTlEm7n,b43,43,2,1004,weather vane,2,A little
6144,R_5TTidQwnrTlEm7n,b46,46,1,1096,tuning fork,3,Moderately
6145,R_5TTidQwnrTlEm7n,b48,48,1,1136,I imagined a X,1,Not at all
6146,R_5TTidQwnrTlEm7n,b51,51,1,1211,Satellite dish,3,Moderately
6147,R_5TTidQwnrTlEm7n,b53,53,1,1252,number 6,1,Not at all
6148,R_5TTidQwnrTlEm7n,b55,55,1,1288,peace sign,2,A little
6149,R_5TTidQwnrTlEm7n,b60,60,1,1379,trapezium,2,A little
6150,R_5U2T0wJqQ1A86hl,b3,3,1,34,glasses,5,Completely
6151,R_5U2T0wJqQ1A86hl,b3,3,2,37,poll,1,Not at all
6152,R_5U2T0wJqQ1A86hl,b5,5,1,68,chair,1,Not at all
6153,R_5U2T0wJqQ1A86hl,b6,6,1,106,spetacle,5,Completely
6154,R_5U2T0wJqQ1A86hl,b10,10,1,149,Greek Pi,1,Not at all
6155,R_5U2T0wJqQ1A86hl,b14,14,1,247,headphones,5,Completely
6156,R_5U2T0wJqQ1A86hl,b18,18,1,341,magnifying glass,1,Not at all
6157,R_5U2T0wJqQ1A86hl,b22,22,1,457,duck beak,3,Moderately
6158,R_5U2T0wJqQ1A86hl,b23,23,1,487,flower,2,A little
6159,R_5U2T0wJqQ1A86hl,b24,24,1,508,comb,1,Not at all
6160,R_5U2T0wJqQ1A86hl,b25,25,1,558,table,3,Moderately
6161,R_5U2T0wJqQ1A86hl,b31,31,1,693,stick figure,5,Completely
6162,R_5U2T0wJqQ1A86hl,b31,31,2,697,tuning fork,1,Not at all
6163,R_5U2T0wJqQ1A86hl,b33,33,1,729,church steeple,1,Not at all
6164,R_5U2T0wJqQ1A86hl,b42,42,1,961,hashtag,1,Not at all
6165,R_5U2T0wJqQ1A86hl,b42,42,2,965,present,3,Moderately
6166,R_5U2T0wJqQ1A86hl,b44,44,1,1026,lollipop,1,Not at all
6167,R_5U2T0wJqQ1A86hl,b46,46,1,1063,arch,2,A little
6168,R_5U2T0wJqQ1A86hl,b46,46,2,1087,number 3,1,Not at all
6169,R_5U2T0wJqQ1A86hl,b46,46,3,1090,port,1,Not at all
6170,R_5U2T0wJqQ1A86hl,b47,47,1,1100,asclepius rod,1,Not at all
6171,R_5U2T0wJqQ1A86hl,b48,48,1,1148,square,1,Not at all
6172,R_5U2T0wJqQ1A86hl,b48,48,2,1154,uppercase pi,1,Not at all
6173,R_5U2T0wJqQ1A86hl,b50,50,1,1180,Doll,4,A lot
6174,R_5U2T0wJqQ1A86hl,b53,53,1,1255,spade,1,Not at all
6175,R_5U2T0wJqQ1A86hl,b56,56,1,1303,diagram,1,Not at all
6176,R_5U2T0wJqQ1A86hl,b56,56,2,1305,eye,1,Not at all
6177,R_5U2T0wJqQ1A86hl,b58,58,1,1346,pipe wrench,1,Not at all
6178,R_5U2T0wJqQ1A86hl,b59,59,1,1355,bridge,1,Not at all
6179,R_5U2T0wJqQ1A86hl,b60,60,1,1378,television,2,A little
6180,R_5VptDLNw8e5BrUJ,b5,5,1,76,letter D,2,A little
6181,R_5VptDLNw8e5BrUJ,b6,6,1,101,owl,1,Not at all
6182,R_5VptDLNw8e5BrUJ,b14,14,1,257,tent,1,Not at all
6183,R_5VptDLNw8e5BrUJ,b15,15,1,268,pentagon,5,Completely
6184,R_5VptDLNw8e5BrUJ,b16,16,1,282,house,1,Not at all
6185,R_5VptDLNw8e5BrUJ,b17,17,1,297,Abstract Eyeball,1,Not at all
6186,R_5VptDLNw8e5BrUJ,b17,17,2,304,flower,1,Not at all
6187,R_5VptDLNw8e5BrUJ,b18,18,1,345,parabola,2,A little
6188,R_5VptDLNw8e5BrUJ,b19,19,1,375,s-hook,1,Not at all
6189,R_5VptDLNw8e5BrUJ,b21,21,1,422,Bulb,1,Not at all
6190,R_5VptDLNw8e5BrUJ,b23,23,1,499,superman logo,2,A little
6191,R_5VptDLNw8e5BrUJ,b24,24,1,509,comb,1,Not at all
6192,R_5VptDLNw8e5BrUJ,b25,25,1,544,key,1,Not at all
6193,R_5VptDLNw8e5BrUJ,b26,26,1,564,baseball pendant,5,Completely
6194,R_5VptDLNw8e5BrUJ,b30,30,1,656,bridge,1,Not at all
6195,R_5VptDLNw8e5BrUJ,b36,36,1,811,rake,4,A lot
6196,R_5VptDLNw8e5BrUJ,b40,40,1,919,Race track,1,Not at all
6197,R_5VptDLNw8e5BrUJ,b41,41,1,948,pregnancy,1,Not at all
6198,R_5VptDLNw8e5BrUJ,b41,41,2,951,shopping cart,1,Not at all
6199,R_5VptDLNw8e5BrUJ,b42,42,1,967,square,5,Completely
6200,R_5VptDLNw8e5BrUJ,b45,45,1,1058,magnifying glass,1,Not at all
6201,R_5VptDLNw8e5BrUJ,b47,47,1,1101,ball,1,Not at all
6202,R_5VptDLNw8e5BrUJ,b47,47,2,1115,lamp,3,Moderately
6203,R_5VptDLNw8e5BrUJ,b48,48,1,1136,I imagined a X,1,Not at all
6204,R_5VptDLNw8e5BrUJ,b48,48,2,1149,T-square,4,A lot
6205,R_5VptDLNw8e5BrUJ,b49,49,1,1162,butterfly,1,Not at all
6206,R_5VptDLNw8e5BrUJ,b51,51,1,1205,person,1,Not at all
6207,R_5VptDLNw8e5BrUJ,b53,53,1,1248,keyhole,1,Not at all
6208,R_5VptDLNw8e5BrUJ,b54,54,1,1266,concave,2,A little
6209,R_5VptDLNw8e5BrUJ,b56,56,1,1297,arrow,1,Not at all
6210,R_5WJBu4nmStFNRZf,b3,3,1,28,doorway,1,Not at all
6211,R_5WJBu4nmStFNRZf,b4,4,1,50,eyeglasses,2,A little
6212,R_5WJBu4nmStFNRZf,b5,5,1,77,minor note,2,A little
6213,R_5WJBu4nmStFNRZf,b11,11,1,174,harmer,1,Not at all
6214,R_5WJBu4nmStFNRZf,b11,11,2,176,milking stool,1,Not at all
6215,R_5WJBu4nmStFNRZf,b13,13,1,222,Mushroom,1,Not at all
6216,R_5WJBu4nmStFNRZf,b14,14,1,255,semi-circle,2,A little
6217,R_5WJBu4nmStFNRZf,b14,14,2,258,toilet,1,Not at all
6218,R_5WJBu4nmStFNRZf,b20,20,1,404,keyhole,2,A little
6219,R_5WJBu4nmStFNRZf,b21,21,1,449,music note,1,Not at all
6220,R_5WJBu4nmStFNRZf,b22,22,1,465,keyhole,2,A little
6221,R_5WJBu4nmStFNRZf,b24,24,1,504,axe,1,Not at all
6222,R_5WJBu4nmStFNRZf,b24,24,2,520,lowercase h,4,A lot
6223,R_5WJBu4nmStFNRZf,b25,25,1,537,broken hurdle,1,Not at all
6224,R_5WJBu4nmStFNRZf,b27,27,1,582,Box,2,A little
6225,R_5WJBu4nmStFNRZf,b27,27,2,588,euro symbol,1,Not at all
6226,R_5WJBu4nmStFNRZf,b28,28,1,609,eyes,2,A little
6227,R_5WJBu4nmStFNRZf,b28,28,2,615,Lollipops,1,Not at all
6228,R_5WJBu4nmStFNRZf,b28,28,3,618,ribbon,1,Not at all
6229,R_5WJBu4nmStFNRZf,b30,30,1,655,box,1,Not at all
6230,R_5WJBu4nmStFNRZf,b30,30,2,668,key,2,A little
6231,R_5WJBu4nmStFNRZf,b31,31,1,692,speaker,1,Not at all
6232,R_5WJBu4nmStFNRZf,b32,32,1,718,spatula,2,A little
6233,R_5WJBu4nmStFNRZf,b34,34,1,755,Binoculars,1,Not at all
6234,R_5WJBu4nmStFNRZf,b36,36,1,821,volcano,2,A little
6235,R_5WJBu4nmStFNRZf,b41,41,1,935,heart,1,Not at all
6236,R_5WJBu4nmStFNRZf,b45,45,1,1046,Circle,2,A little
6237,R_5WJBu4nmStFNRZf,b47,47,1,1129,Yo-yo,1,Not at all
6238,R_5WJBu4nmStFNRZf,b54,54,1,1265,coat hook,1,Not at all
6239,R_5WJBu4nmStFNRZf,b54,54,2,1274,music note,4,A lot
6240,R_5YJqZrHBExo2rkv,b3,3,1,21,bed,1,Not at all
6241,R_5YJqZrHBExo2rkv,b11,11,1,165,buck teeth,1,Not at all
6242,R_5YJqZrHBExo2rkv,b11,11,2,174,harmer,1,Not at all
6243,R_5YJqZrHBExo2rkv,b12,12,1,200,semicircle,1,Not at all
6244,R_5YJqZrHBExo2rkv,b13,13,1,209,church,1,Not at all
6245,R_5YJqZrHBExo2rkv,b14,14,1,244,face,1,Not at all
6246,R_5YJqZrHBExo2rkv,b14,14,2,252,oval,1,Not at all
6247,R_5YJqZrHBExo2rkv,b17,17,1,306,glass,1,Not at all
6248,R_5YJqZrHBExo2rkv,b17,17,2,310,heart,1,Not at all
6249,R_5YJqZrHBExo2rkv,b20,20,1,406,magnifying glass,1,Not at all
6250,R_5YJqZrHBExo2rkv,b20,20,2,407,padlock,1,Not at all
6251,R_5YJqZrHBExo2rkv,b21,21,1,439,keyhole,2,A little
6252,R_5YJqZrHBExo2rkv,b23,23,1,484,caduceus,1,Not at all
6253,R_5YJqZrHBExo2rkv,b26,26,1,565,carat stem,1,Not at all
6254,R_5YJqZrHBExo2rkv,b32,32,1,701,Champagne glass,4,A lot
6255,R_5YJqZrHBExo2rkv,b32,32,2,704,coat hook,1,Not at all
6256,R_5YJqZrHBExo2rkv,b33,33,1,749,spade,1,Not at all
6257,R_5YJqZrHBExo2rkv,b36,36,1,817,tree diagram,1,Not at all
6258,R_5YJqZrHBExo2rkv,b37,37,1,833,club suit,4,A lot
6259,R_5YJqZrHBExo2rkv,b38,38,1,861,ice cream,3,Moderately
6260,R_5YJqZrHBExo2rkv,b38,38,2,864,owl,1,Not at all
6261,R_5YJqZrHBExo2rkv,b39,39,1,892,snowman,1,Not at all
6262,R_5YJqZrHBExo2rkv,b41,41,1,942,note,1,Not at all
6263,R_5YJqZrHBExo2rkv,b43,43,1,975,bike handle,1,Not at all
6264,R_5YJqZrHBExo2rkv,b43,43,2,982,Hook,2,A little
6265,R_5YJqZrHBExo2rkv,b44,44,1,1037,smoking pipe,1,Not at all
6266,R_5YJqZrHBExo2rkv,b45,45,1,1056,logo,1,Not at all
6267,R_5YJqZrHBExo2rkv,b48,48,1,1132,Drawn Bow,1,Not at all
6268,R_5YJqZrHBExo2rkv,b51,51,1,1198,crest,1,Not at all
6269,R_5YJqZrHBExo2rkv,b51,51,2,1207,present,1,Not at all
6270,R_5YRBNNJup6HQSd3,b3,3,1,33,female torso,1,Not at all
6271,R_5YRBNNJup6HQSd3,b5,5,1,80,tongs,1,Not at all
6272,R_5YRBNNJup6HQSd3,b12,12,1,187,church bell,1,Not at all
6273,R_5YRBNNJup6HQSd3,b18,18,1,334,guitar pick,2,A little
6274,R_5YRBNNJup6HQSd3,b24,24,1,505,Baketball hoop,1,Not at all
6275,R_5YRBNNJup6HQSd3,b24,24,2,519,letter N,1,Not at all
6276,R_5YRBNNJup6HQSd3,b24,24,3,533,windmill,1,Not at all
6277,R_5YRBNNJup6HQSd3,b26,26,1,565,carat stem,1,Not at all
6278,R_5YRBNNJup6HQSd3,b26,26,2,572,lightning bolt,1,Not at all
6279,R_5YRBNNJup6HQSd3,b26,26,3,574,sailboat,1,Not at all
6280,R_5YRBNNJup6HQSd3,b27,27,1,601,Square,1,Not at all
6281,R_5YRBNNJup6HQSd3,b29,29,1,630,door hinge,1,Not at all
6282,R_5YRBNNJup6HQSd3,b29,29,2,633,hanger,1,Not at all
6283,R_5YRBNNJup6HQSd3,b29,29,3,637,ladder,1,Not at all
6284,R_5YRBNNJup6HQSd3,b29,29,4,644,stool,1,Not at all
6285,R_5YRBNNJup6HQSd3,b31,31,1,679,anchor,1,Not at all
6286,R_5YRBNNJup6HQSd3,b32,32,1,720,table,1,Not at all
6287,R_5YRBNNJup6HQSd3,b38,38,1,854,clubs symbol,1,Not at all
6288,R_5YRBNNJup6HQSd3,b39,39,1,890,scissors,1,Not at all
6289,R_5YRBNNJup6HQSd3,b40,40,1,911,letter R,1,Not at all
6290,R_5YRBNNJup6HQSd3,b41,41,1,931,door,1,Not at all
6291,R_5YRBNNJup6HQSd3,b43,43,1,1003,watch,2,A little
6292,R_5YRBNNJup6HQSd3,b44,44,1,1035,Semicircle,1,Not at all
6293,R_5YRBNNJup6HQSd3,b46,46,1,1098,yin yang,1,Not at all
6294,R_5YRBNNJup6HQSd3,b47,47,1,1109,Crosshair,1,Not at all
6295,R_5YRBNNJup6HQSd3,b48,48,1,1148,square,1,Not at all
6296,R_5YRBNNJup6HQSd3,b50,50,1,1182,Female Logo,2,A little
6297,R_5YRBNNJup6HQSd3,b51,51,1,1208,RADIO,4,A lot
6298,R_5YRBNNJup6HQSd3,b52,52,1,1221,crosshair,1,Not at all
6299,R_5YRBNNJup6HQSd3,b54,54,1,1262,bottle opener,1,Not at all
6300,R_5YT7Jlh3CkzZXMZ,b5,5,1,1411,spectacles,2,A little
6301,R_5YT7Jlh3CkzZXMZ,b7,7,1,1423,fletched arrow,2,A little
6302,R_5YT7Jlh3CkzZXMZ,b9,9,1,1437,butterfly bow,1,Not at all
6303,R_5YT7Jlh3CkzZXMZ,b9,9,2,1440,Four-leaf clover,1,Not at all
6304,R_5YT7Jlh3CkzZXMZ,b10,10,1,1447,Fork and trident,2,A little
6305,R_5YT7Jlh3CkzZXMZ,b16,16,1,1493,funnel,2,A little
6306,R_5YT7Jlh3CkzZXMZ,b18,18,1,1510,ribbon award,1,Not at all
6307,R_5YT7Jlh3CkzZXMZ,b19,19,1,1520,wheelchair,1,Not at all
6308,R_5YT7Jlh3CkzZXMZ,b20,20,1,1535,lollipop,1,Not at all
6309,R_5YT7Jlh3CkzZXMZ,b20,20,2,1539,stick figure,2,A little
6310,R_5YT7Jlh3CkzZXMZ,b20,20,3,1540,toilet,2,A little
6311,R_5YT7Jlh3CkzZXMZ,b22,22,1,1556,record player,1,Not at all
6312,R_5YT7Jlh3CkzZXMZ,b27,27,1,1602,battery symbol,3,Moderately
6313,R_5YT7Jlh3CkzZXMZ,b30,30,1,1635,bitcoin symbol,1,Not at all
6314,R_5YT7Jlh3CkzZXMZ,b30,30,2,1645,Hinge pin,1,Not at all
6315,R_5YT7Jlh3CkzZXMZ,b33,33,1,1661,capitol dome,2,A little
6316,R_5YT7Jlh3CkzZXMZ,b36,36,1,1685,utility pole,1,Not at all
6317,R_5YT7Jlh3CkzZXMZ,b39,39,1,1709,Snowman sideways,1,Not at all
6318,R_5YT7Jlh3CkzZXMZ,b42,42,1,1733,hash symbol,1,Not at all
6319,R_5YT7Jlh3CkzZXMZ,b43,43,1,1744,saxophone key,1,Not at all
6320,R_5YT7Jlh3CkzZXMZ,b45,45,1,1763,face with a nose,2,A little
6321,R_5YT7Jlh3CkzZXMZ,b46,46,1,1771,Handlebar mustache,1,Not at all
6322,R_5YT7Jlh3CkzZXMZ,b50,50,1,1798,inverted trident,1,Not at all
6323,R_5YT7Jlh3CkzZXMZ,b51,51,1,1804,stick figure,4,A lot
6324,R_5YT7Jlh3CkzZXMZ,b52,52,1,1811,shelf bracket,2,A little
6325,R_5YT7Jlh3CkzZXMZ,b52,52,2,1814,capital F,5,Completely
6326,R_5YT7Jlh3CkzZXMZ,b52,52,3,1818,flagpole sign,1,Not at all
6327,R_5YT7Jlh3CkzZXMZ,b54,54,1,1840,g clef,1,Not at all
6328,R_5YT7Jlh3CkzZXMZ,b56,56,1,1853,letter k,1,Not at all
6329,R_5YT7Jlh3CkzZXMZ,b59,59,1,1884,Greek temple,1,Not at all
6330,R_5aGu2iA3hoNX5PH,b6,6,1,1893,Digit 8,2,A little
6331,R_5aGu2iA3hoNX5PH,b7,7,1,1421,double spear,3,Moderately
6332,R_5aGu2iA3hoNX5PH,b10,10,1,1450,two open attached triangles,1,Not at all
6333,R_5aGu2iA3hoNX5PH,b17,17,1,1898,martini glass,1,Not at all
6334,R_5aGu2iA3hoNX5PH,b18,18,1,1900,wine glass,1,Not at all
6335,R_5aGu2iA3hoNX5PH,b19,19,1,1521,smash ball,2,A little
6336,R_5aGu2iA3hoNX5PH,b19,19,2,1524,CD slot,1,Not at all
6337,R_5aGu2iA3hoNX5PH,b22,22,1,1560,arrow,1,Not at all
6338,R_5aGu2iA3hoNX5PH,b23,23,1,1566,Swirl lollipop,4,A lot
6339,R_5aGu2iA3hoNX5PH,b27,27,1,1601,backwards F,1,Not at all
6340,R_5aGu2iA3hoNX5PH,b29,29,1,1618,table,1,Not at all
6341,R_5aGu2iA3hoNX5PH,b29,29,2,1619,magnifying glass,1,Not at all
6342,R_5aGu2iA3hoNX5PH,b30,30,1,1631,Rail bridge,2,A little
6343,R_5aGu2iA3hoNX5PH,b34,34,1,1673,butterfly mask,1,Not at all
6344,R_5aGu2iA3hoNX5PH,b35,35,1,1680,Heart glasses,1,Not at all
6345,R_5aGu2iA3hoNX5PH,b37,37,1,1691,barbell lollipop,1,Not at all
6346,R_5aGu2iA3hoNX5PH,b37,37,2,1692,Bowtie person,1,Not at all
6347,R_5aGu2iA3hoNX5PH,b37,37,3,1693,club symbol,2,A little
6348,R_5aGu2iA3hoNX5PH,b38,38,1,1696,club suit,1,Not at all
6349,R_5aGu2iA3hoNX5PH,b39,39,1,1706,club suit,1,Not at all
6350,R_5aGu2iA3hoNX5PH,b40,40,1,1720,EP,1,Not at all
6351,R_5aGu2iA3hoNX5PH,b41,41,1,1725,pipe,1,Not at all
6352,R_5aGu2iA3hoNX5PH,b42,42,1,1736,Lined square,4,A lot
6353,R_5aGu2iA3hoNX5PH,b45,45,1,1759,sitting person,1,Not at all
6354,R_5aGu2iA3hoNX5PH,b51,51,1,1805,claw hammer,1,Not at all
6355,R_5aGu2iA3hoNX5PH,b53,53,1,1821,hanging lamp,1,Not at all
6356,R_5aGu2iA3hoNX5PH,b55,55,1,1843,pushpin,1,Not at all
6357,R_5aGu2iA3hoNX5PH,b55,55,2,1844,Downward arrow,1,Not at all
6358,R_5aGu2iA3hoNX5PH,b56,56,1,1854,golf club,1,Not at all
6359,R_5aGu2iA3hoNX5PH,b57,57,1,1873,windmill blades,3,Moderately
6360,R_5aVmCjxiN70PIJ7,b6,6,1,93,glasses,4,A lot
6361,R_5aVmCjxiN70PIJ7,b10,10,1,157,Sideways E,3,Moderately
6362,R_5aVmCjxiN70PIJ7,b10,10,2,160,Trident,4,A lot
6363,R_5aVmCjxiN70PIJ7,b13,13,1,223,pentgon,1,Not at all
6364,R_5aVmCjxiN70PIJ7,b15,15,1,263,flag,2,A little
6365,R_5aVmCjxiN70PIJ7,b16,16,1,276,diamond,1,Not at all
6366,R_5aVmCjxiN70PIJ7,b16,16,2,293,Triangular diamond,1,Not at all
6367,R_5aVmCjxiN70PIJ7,b17,17,1,313,ice cream,5,Completely
6368,R_5aVmCjxiN70PIJ7,b19,19,1,371,mechanical arm,1,Not at all
6369,R_5aVmCjxiN70PIJ7,b25,25,1,543,hammer,1,Not at all
6370,R_5aVmCjxiN70PIJ7,b27,27,1,589,fork,1,Not at all
6371,R_5aVmCjxiN70PIJ7,b28,28,1,606,circle,2,A little
6372,R_5aVmCjxiN70PIJ7,b30,30,1,653,Boat,1,Not at all
6373,R_5aVmCjxiN70PIJ7,b30,30,2,656,bridge,1,Not at all
6374,R_5aVmCjxiN70PIJ7,b32,32,1,700,chalice,4,A lot
6375,R_5aVmCjxiN70PIJ7,b32,32,2,705,door knocker,2,A little
6376,R_5aVmCjxiN70PIJ7,b34,34,1,757,bow,5,Completely
6377,R_5aVmCjxiN70PIJ7,b35,35,1,781,cat face,1,Not at all
6378,R_5aVmCjxiN70PIJ7,b40,40,1,912,Lighter,2,A little
6379,R_5aVmCjxiN70PIJ7,b41,41,1,945,pipe clamp,1,Not at all
6380,R_5aVmCjxiN70PIJ7,b43,43,1,1004,weather vane,2,A little
6381,R_5aVmCjxiN70PIJ7,b45,45,1,1050,fishing pole,1,Not at all
6382,R_5aVmCjxiN70PIJ7,b46,46,1,1074,Grenade,4,A lot
6383,R_5aVmCjxiN70PIJ7,b48,48,1,1139,lamp,1,Not at all
6384,R_5aVmCjxiN70PIJ7,b48,48,2,1140,letter E,1,Not at all
6385,R_5aVmCjxiN70PIJ7,b48,48,3,1148,square,1,Not at all
6386,R_5aVmCjxiN70PIJ7,b50,50,1,1185,Key,1,Not at all
6387,R_5aVmCjxiN70PIJ7,b50,50,2,1186,martini glass,1,Not at all
6388,R_5aVmCjxiN70PIJ7,b50,50,3,1190,Standing lamp,2,A little
6389,R_5aVmCjxiN70PIJ7,b53,53,1,1246,golf club,1,Not at all
6390,R_5ccHONHkhOzKG9h,b3,3,1,18,ballet shoes,1,Not at all
6391,R_5ccHONHkhOzKG9h,b3,3,2,24,butterfly,3,Moderately
6392,R_5ccHONHkhOzKG9h,b5,5,1,72,glasses,3,Moderately
6393,R_5ccHONHkhOzKG9h,b6,6,1,87,batman mask,2,A little
6394,R_5ccHONHkhOzKG9h,b7,7,1,120,wine glass,1,Not at all
6395,R_5ccHONHkhOzKG9h,b12,12,1,192,drinking fountain,3,Moderately
6396,R_5ccHONHkhOzKG9h,b14,14,1,235,alien,3,Moderately
6397,R_5ccHONHkhOzKG9h,b14,14,2,251,Music Note,1,Not at all
6398,R_5ccHONHkhOzKG9h,b15,15,1,270,shield,4,A lot
6399,R_5ccHONHkhOzKG9h,b17,17,1,309,Head,4,A lot
6400,R_5ccHONHkhOzKG9h,b19,19,1,378,Sphere,1,Not at all
6401,R_5ccHONHkhOzKG9h,b20,20,1,388,Ant,1,Not at all
6402,R_5ccHONHkhOzKG9h,b21,21,1,420,beanie,4,A lot
6403,R_5ccHONHkhOzKG9h,b21,21,2,429,house,1,Not at all
6404,R_5ccHONHkhOzKG9h,b21,21,3,430,Infinity symbol,2,A little
6405,R_5ccHONHkhOzKG9h,b22,22,1,470,padlock,2,A little
6406,R_5ccHONHkhOzKG9h,b23,23,1,497,Stop sign,4,A lot
6407,R_5ccHONHkhOzKG9h,b27,27,1,580,book,4,A lot
6408,R_5ccHONHkhOzKG9h,b28,28,1,609,eyes,2,A little
6409,R_5ccHONHkhOzKG9h,b29,29,1,644,stool,2,A little
6410,R_5ccHONHkhOzKG9h,b30,30,1,670,person,4,A lot
6411,R_5ccHONHkhOzKG9h,b32,32,1,716,nine,1,Not at all
6412,R_5ccHONHkhOzKG9h,b32,32,2,719,stick figure,3,Moderately
6413,R_5ccHONHkhOzKG9h,b40,40,1,900,coffee cup,5,Completely
6414,R_5ccHONHkhOzKG9h,b42,42,1,963,Lined square,5,Completely
6415,R_5ccHONHkhOzKG9h,b51,51,1,1200,headstanding man,2,A little
6416,R_5ccHONHkhOzKG9h,b52,52,1,1229,pattern,3,Moderately
6417,R_5ccHONHkhOzKG9h,b53,53,1,1243,Boat,5,Completely
6418,R_5ccHONHkhOzKG9h,b56,56,1,1312,registered trademark,4,A lot
6419,R_5ccHONHkhOzKG9h,b57,57,1,1323,hourglass,4,A lot
6420,R_5dAYjQUzas0zq0h,b5,5,1,80,tongs,1,Not at all
6421,R_5dAYjQUzas0zq0h,b5,5,2,82,two lungs,4,A lot
6422,R_5dAYjQUzas0zq0h,b11,11,1,166,bug,1,Not at all
6423,R_5dAYjQUzas0zq0h,b11,11,2,169,cubes,1,Not at all
6424,R_5dAYjQUzas0zq0h,b13,13,1,213,goblet,5,Completely
6425,R_5dAYjQUzas0zq0h,b13,13,2,227,skeleton key,4,A lot
6426,R_5dAYjQUzas0zq0h,b17,17,1,300,chalice,1,Not at all
6427,R_5dAYjQUzas0zq0h,b18,18,1,334,guitar pick,3,Moderately
6428,R_5dAYjQUzas0zq0h,b20,20,1,395,flower pot,1,Not at all
6429,R_5dAYjQUzas0zq0h,b21,21,1,440,snowman,4,A lot
6430,R_5dAYjQUzas0zq0h,b22,22,1,476,speaker sign,5,Completely
6431,R_5dAYjQUzas0zq0h,b24,24,1,523,pipe fitting,2,A little
6432,R_5dAYjQUzas0zq0h,b27,27,1,591,goal post,3,Moderately
6433,R_5dAYjQUzas0zq0h,b30,30,1,649,barrier gate,1,Not at all
6434,R_5dAYjQUzas0zq0h,b30,30,2,657,c-clamp,2,A little
6435,R_5dAYjQUzas0zq0h,b30,30,3,669,letters id,4,A lot
6436,R_5dAYjQUzas0zq0h,b35,35,1,779,bow,1,Not at all
6437,R_5dAYjQUzas0zq0h,b39,39,1,876,dragon fly,2,A little
6438,R_5dAYjQUzas0zq0h,b40,40,1,915,PC,1,Not at all
6439,R_5dAYjQUzas0zq0h,b40,40,2,917,point right,4,A lot
6440,R_5dAYjQUzas0zq0h,b41,41,1,934,gift box,1,Not at all
6441,R_5dAYjQUzas0zq0h,b41,41,2,948,pregnancy,1,Not at all
6442,R_5dAYjQUzas0zq0h,b46,46,1,1070,circle square,3,Moderately
6443,R_5dAYjQUzas0zq0h,b46,46,2,1078,hourglass,3,Moderately
6444,R_5dAYjQUzas0zq0h,b50,50,1,1195,trident,1,Not at all
6445,R_5dAYjQUzas0zq0h,b54,54,1,1278,wrench,3,Moderately
6446,R_5dAYjQUzas0zq0h,b55,55,1,1281,arrow,1,Not at all
6447,R_5dAYjQUzas0zq0h,b57,57,1,1317,bow tie,5,Completely
6448,R_5dAYjQUzas0zq0h,b57,57,2,1322,heavy lift,1,Not at all
6449,R_5dAYjQUzas0zq0h,b59,59,1,1356,campfire,3,Moderately
6450,R_5dLihudNsUqMwIp,b2,2,1,7,comb,1,Not at all
6451,R_5dLihudNsUqMwIp,b5,5,1,69,cherry,1,Not at all
6452,R_5dLihudNsUqMwIp,b6,6,1,104,snail,1,Not at all
6453,R_5dLihudNsUqMwIp,b10,10,1,145,Comb,1,Not at all
6454,R_5dLihudNsUqMwIp,b10,10,2,153,letter A,1,Not at all
6455,R_5dLihudNsUqMwIp,b12,12,1,185,Butter Churner,1,Not at all
6456,R_5dLihudNsUqMwIp,b12,12,2,192,drinking fountain,1,Not at all
6457,R_5dLihudNsUqMwIp,b15,15,1,266,hut,3,Moderately
6458,R_5dLihudNsUqMwIp,b15,15,2,271,square,1,Not at all
6459,R_5dLihudNsUqMwIp,b16,16,1,295,Volcano,1,Not at all
6460,R_5dLihudNsUqMwIp,b17,17,1,299,bridge,1,Not at all
6461,R_5dLihudNsUqMwIp,b17,17,2,323,Spade,1,Not at all
6462,R_5dLihudNsUqMwIp,b24,24,1,534,wrentch,1,Not at all
6463,R_5dLihudNsUqMwIp,b28,28,1,607,cylinder,1,Not at all
6464,R_5dLihudNsUqMwIp,b28,28,2,614,insect head,1,Not at all
6465,R_5dLihudNsUqMwIp,b31,31,1,695,Sun Horizon,1,Not at all
6466,R_5dLihudNsUqMwIp,b33,33,1,740,mop,1,Not at all
6467,R_5dLihudNsUqMwIp,b33,33,2,741,mushroom,1,Not at all
6468,R_5dLihudNsUqMwIp,b33,33,3,747,semicircle,1,Not at all
6469,R_5dLihudNsUqMwIp,b34,34,1,768,infinity symbol,1,Not at all
6470,R_5dLihudNsUqMwIp,b36,36,1,813,slingshot handle,1,Not at all
6471,R_5dLihudNsUqMwIp,b36,36,2,816,tree branch,2,A little
6472,R_5dLihudNsUqMwIp,b37,37,1,837,eyeglasses,1,Not at all
6473,R_5dLihudNsUqMwIp,b39,39,1,893,stick figure,1,Not at all
6474,R_5dLihudNsUqMwIp,b40,40,1,913,mug,4,A lot
6475,R_5dLihudNsUqMwIp,b44,44,1,1031,pitchfork,1,Not at all
6476,R_5dLihudNsUqMwIp,b46,46,1,1083,medal,2,A little
6477,R_5dLihudNsUqMwIp,b46,46,2,1086,mustache,2,A little
6478,R_5dLihudNsUqMwIp,b48,48,1,1135,hammer,1,Not at all
6479,R_5dLihudNsUqMwIp,b51,51,1,1217,weight balance,1,Not at all
6480,R_5ePOZr7f5ezEKBh,b11,11,1,165,buck teeth,1,Not at all
6481,R_5ePOZr7f5ezEKBh,b14,14,1,236,baby carriage,1,Not at all
6482,R_5ePOZr7f5ezEKBh,b16,16,1,285,lightbulb,2,A little
6483,R_5ePOZr7f5ezEKBh,b17,17,1,317,parachute,3,Moderately
6484,R_5ePOZr7f5ezEKBh,b19,19,1,360,circle,1,Not at all
6485,R_5ePOZr7f5ezEKBh,b20,20,1,396,glasses,1,Not at all
6486,R_5ePOZr7f5ezEKBh,b20,20,2,413,Snowglobe,1,Not at all
6487,R_5ePOZr7f5ezEKBh,b23,23,1,483,brain,1,Not at all
6488,R_5ePOZr7f5ezEKBh,b24,24,1,517,lamp post,1,Not at all
6489,R_5ePOZr7f5ezEKBh,b28,28,1,616,owl,1,Not at all
6490,R_5ePOZr7f5ezEKBh,b30,30,1,649,barrier gate,1,Not at all
6491,R_5ePOZr7f5ezEKBh,b30,30,2,654,bow and arrow,1,Not at all
6492,R_5ePOZr7f5ezEKBh,b30,30,3,667,hinge,1,Not at all
6493,R_5ePOZr7f5ezEKBh,b30,30,4,670,person,1,Not at all
6494,R_5ePOZr7f5ezEKBh,b35,35,1,790,heart,1,Not at all
6495,R_5ePOZr7f5ezEKBh,b36,36,1,806,letter M,1,Not at all
6496,R_5ePOZr7f5ezEKBh,b36,36,2,815,Teepee,2,A little
6497,R_5ePOZr7f5ezEKBh,b37,37,1,822,anchor,1,Not at all
6498,R_5ePOZr7f5ezEKBh,b40,40,1,898,bucket,1,Not at all
6499,R_5ePOZr7f5ezEKBh,b41,41,1,928,cup,4,A lot
6500,R_5ePOZr7f5ezEKBh,b41,41,2,932,flag pole,1,Not at all
6501,R_5ePOZr7f5ezEKBh,b41,41,3,942,note,1,Not at all
6502,R_5ePOZr7f5ezEKBh,b42,42,1,962,ladder,1,Not at all
6503,R_5ePOZr7f5ezEKBh,b43,43,1,984,keyhole,1,Not at all
6504,R_5ePOZr7f5ezEKBh,b45,45,1,1056,logo,1,Not at all
6505,R_5ePOZr7f5ezEKBh,b46,46,1,1096,tuning fork,1,Not at all
6506,R_5ePOZr7f5ezEKBh,b49,49,1,1166,ice cream,2,A little
6507,R_5ePOZr7f5ezEKBh,b52,52,1,1233,Square rotated,1,Not at all
6508,R_5ePOZr7f5ezEKBh,b54,54,1,1272,key,2,A little
6509,R_5ePOZr7f5ezEKBh,b57,57,1,1338,Zorro symbol,1,Not at all
6510,R_5fEgQmGY9FF9zbX,b2,2,1,7,comb,2,A little
6511,R_5fEgQmGY9FF9zbX,b5,5,1,76,letter D,4,A lot
6512,R_5fEgQmGY9FF9zbX,b6,6,1,85,ant,1,Not at all
6513,R_5fEgQmGY9FF9zbX,b8,8,1,127,coat rack,2,A little
6514,R_5fEgQmGY9FF9zbX,b18,18,1,337,ice cream,5,Completely
6515,R_5fEgQmGY9FF9zbX,b18,18,2,343,medal,1,Not at all
6516,R_5fEgQmGY9FF9zbX,b21,21,1,436,lollipop stand,1,Not at all
6517,R_5fEgQmGY9FF9zbX,b22,22,1,456,duck,3,Moderately
6518,R_5fEgQmGY9FF9zbX,b22,22,2,471,ping pong,3,Moderately
6519,R_5fEgQmGY9FF9zbX,b28,28,1,619,sunglasses,4,A lot
6520,R_5fEgQmGY9FF9zbX,b29,29,1,645,top,4,A lot
6521,R_5fEgQmGY9FF9zbX,b30,30,1,666,helicopter,1,Not at all
6522,R_5fEgQmGY9FF9zbX,b32,32,1,710,hammerhead shark,1,Not at all
6523,R_5fEgQmGY9FF9zbX,b34,34,1,767,Infinity pyramid,2,A little
6524,R_5fEgQmGY9FF9zbX,b37,37,1,831,circled triangle,1,Not at all
6525,R_5fEgQmGY9FF9zbX,b37,37,2,851,Tree,3,Moderately
6526,R_5fEgQmGY9FF9zbX,b38,38,1,858,fruit basket,3,Moderately
6527,R_5fEgQmGY9FF9zbX,b39,39,1,888,person's torso,2,A little
6528,R_5fEgQmGY9FF9zbX,b40,40,1,902,cup,4,A lot
6529,R_5fEgQmGY9FF9zbX,b41,41,1,946,pistol,1,Not at all
6530,R_5fEgQmGY9FF9zbX,b44,44,1,1007,apple,3,Moderately
6531,R_5fEgQmGY9FF9zbX,b46,46,1,1085,mushroom,3,Moderately
6532,R_5fEgQmGY9FF9zbX,b46,46,2,1095,treble clef,3,Moderately
6533,R_5fEgQmGY9FF9zbX,b48,48,1,1144,line graph,2,A little
6534,R_5fEgQmGY9FF9zbX,b48,48,2,1147,signpost,3,Moderately
6535,R_5fEgQmGY9FF9zbX,b49,49,1,1164,evil face,1,Not at all
6536,R_5fEgQmGY9FF9zbX,b49,49,2,1166,ice cream,3,Moderately
6537,R_5fEgQmGY9FF9zbX,b49,49,3,1167,love,5,Completely
6538,R_5fEgQmGY9FF9zbX,b51,51,1,1202,key,1,Not at all
6539,R_5fEgQmGY9FF9zbX,b54,54,1,1268,flag,2,A little
6540,R_5fOvAQCNM7IkW0b,b5,5,1,1408,binoculars,2,A little
6541,R_5fOvAQCNM7IkW0b,b6,6,1,1418,fallen hourglass,3,Moderately
6542,R_5fOvAQCNM7IkW0b,b8,8,1,1428,cheerleader,2,A little
6543,R_5fOvAQCNM7IkW0b,b13,13,1,1474,padlock,1,Not at all
6544,R_5fOvAQCNM7IkW0b,b14,14,1,1480,butterfly cradle,1,Not at all
6545,R_5fOvAQCNM7IkW0b,b15,15,1,1486,pennant flag,2,A little
6546,R_5fOvAQCNM7IkW0b,b19,19,1,1530,database,1,Not at all
6547,R_5fOvAQCNM7IkW0b,b19,19,2,1531,Currency symbol,2,A little
6548,R_5fOvAQCNM7IkW0b,b21,21,1,1547,overturned cup,3,Moderately
6549,R_5fOvAQCNM7IkW0b,b21,21,2,1550,sideways headphones,1,Not at all
6550,R_5fOvAQCNM7IkW0b,b25,25,1,1582,flag sign,1,Not at all
6551,R_5fOvAQCNM7IkW0b,b27,27,1,1903,X,1,Not at all
6552,R_5fOvAQCNM7IkW0b,b31,31,1,1648,push pin,2,A little
6553,R_5fOvAQCNM7IkW0b,b32,32,1,1653,upside-down table,2,A little
6554,R_5fOvAQCNM7IkW0b,b34,34,1,1671,owl,2,A little
6555,R_5fOvAQCNM7IkW0b,b36,36,1,1681,Trident,3,Moderately
6556,R_5fOvAQCNM7IkW0b,b39,39,1,1704,owl face,1,Not at all
6557,R_5fOvAQCNM7IkW0b,b41,41,1,1727,parking sign,2,A little
6558,R_5fOvAQCNM7IkW0b,b43,43,1,1738,Power symbol,3,Moderately
6559,R_5fOvAQCNM7IkW0b,b46,46,1,1768,Butterfly wings,1,Not at all
6560,R_5fOvAQCNM7IkW0b,b48,48,1,1776,cross,2,A little
6561,R_5fOvAQCNM7IkW0b,b49,49,1,1787,bikini top,4,A lot
6562,R_5fOvAQCNM7IkW0b,b50,50,1,1799,Upside-down tree,1,Not at all
6563,R_5fOvAQCNM7IkW0b,b50,50,2,1800,Candelabra stand,2,A little
6564,R_5fOvAQCNM7IkW0b,b55,55,1,1848,spade symbol,1,Not at all
6565,R_5fOvAQCNM7IkW0b,b56,56,1,1861,balloon string,2,A little
6566,R_5fOvAQCNM7IkW0b,b56,56,2,1862,partial clock,5,Completely
6567,R_5fOvAQCNM7IkW0b,b57,57,1,1874,letter Z,3,Moderately
6568,R_5fOvAQCNM7IkW0b,b58,58,1,1878,Umbrella handle,4,A lot
6569,R_5fOvAQCNM7IkW0b,b59,59,1,1880,pine tree,4,A lot
6570,R_5fjDB6lC97uKQWs,b3,3,1,23,broom,2,A little
6571,R_5fjDB6lC97uKQWs,b3,3,2,26,Circles,3,Moderately
6572,R_5fjDB6lC97uKQWs,b5,5,1,70,db,4,A lot
6573,R_5fjDB6lC97uKQWs,b6,6,1,92,controller,2,A little
6574,R_5fjDB6lC97uKQWs,b13,13,1,208,chalice,5,Completely
6575,R_5fjDB6lC97uKQWs,b13,13,2,217,letter T,1,Not at all
6576,R_5fjDB6lC97uKQWs,b18,18,1,343,medal,1,Not at all
6577,R_5fjDB6lC97uKQWs,b18,18,2,353,trophy,1,Not at all
6578,R_5fjDB6lC97uKQWs,b19,19,1,384,USB connector,2,A little
6579,R_5fjDB6lC97uKQWs,b24,24,1,534,wrentch,3,Moderately
6580,R_5fjDB6lC97uKQWs,b25,25,1,547,letter F,1,Not at all
6581,R_5fjDB6lC97uKQWs,b27,27,1,589,fork,1,Not at all
6582,R_5fjDB6lC97uKQWs,b27,27,2,592,handle,3,Moderately
6583,R_5fjDB6lC97uKQWs,b31,31,1,693,stick figure,4,A lot
6584,R_5fjDB6lC97uKQWs,b33,33,1,732,eye,2,A little
6585,R_5fjDB6lC97uKQWs,b33,33,2,738,lollipop,2,A little
6586,R_5fjDB6lC97uKQWs,b34,34,1,758,bow tie,4,A lot
6587,R_5fjDB6lC97uKQWs,b37,37,1,835,dragonfly,2,A little
6588,R_5fjDB6lC97uKQWs,b37,37,2,850,stick figure,2,A little
6589,R_5fjDB6lC97uKQWs,b42,42,1,958,four squares,5,Completely
6590,R_5fjDB6lC97uKQWs,b42,42,2,966,Small Rectangles,2,A little
6591,R_5fjDB6lC97uKQWs,b44,44,1,1043,sword,1,Not at all
6592,R_5fjDB6lC97uKQWs,b45,45,1,1059,person,3,Moderately
6593,R_5fjDB6lC97uKQWs,b46,46,1,1090,port,1,Not at all
6594,R_5fjDB6lC97uKQWs,b48,48,1,1132,Drawn Bow,1,Not at all
6595,R_5fjDB6lC97uKQWs,b49,49,1,1172,Pizza,1,Not at all
6596,R_5fjDB6lC97uKQWs,b50,50,1,1180,Doll,4,A lot
6597,R_5fjDB6lC97uKQWs,b54,54,1,1268,flag,1,Not at all
6598,R_5fjDB6lC97uKQWs,b58,58,1,1346,pipe wrench,1,Not at all
6599,R_5fjDB6lC97uKQWs,b59,59,1,1354,bird feeder,2,A little
6600,R_5gCqav0kYN5C4gC,b4,4,1,1403,eyeglass,3,Moderately
6601,R_5gCqav0kYN5C4gC,b5,5,1,1407,goggles,2,A little
6602,R_5gCqav0kYN5C4gC,b5,5,2,1409,barbell weight,1,Not at all
6603,R_5gCqav0kYN5C4gC,b14,14,1,1480,butterfly cradle,1,Not at all
6604,R_5gCqav0kYN5C4gC,b16,16,1,1500,bookmark,1,Not at all
6605,R_5gCqav0kYN5C4gC,b18,18,1,1513,map pin,5,Completely
6606,R_5gCqav0kYN5C4gC,b18,18,2,1516,Cup trophy,1,Not at all
6607,R_5gCqav0kYN5C4gC,b20,20,1,1539,stick figure,1,Not at all
6608,R_5gCqav0kYN5C4gC,b21,21,1,1550,sideways headphones,1,Not at all
6609,R_5gCqav0kYN5C4gC,b22,22,1,1555,ice cream,1,Not at all
6610,R_5gCqav0kYN5C4gC,b22,22,2,1562,cartoon image,3,Moderately
6611,R_5gCqav0kYN5C4gC,b28,28,1,1610,Goggles,4,A lot
6612,R_5gCqav0kYN5C4gC,b28,28,2,1612,bra,4,A lot
6613,R_5gCqav0kYN5C4gC,b28,28,3,1615,headphones,1,Not at all
6614,R_5gCqav0kYN5C4gC,b28,28,4,1616,barbell weight,1,Not at all
6615,R_5gCqav0kYN5C4gC,b29,29,1,1624,exclamation mark,1,Not at all
6616,R_5gCqav0kYN5C4gC,b33,33,1,1667,Church bell,5,Completely
6617,R_5gCqav0kYN5C4gC,b34,34,1,1674,eyeglasses,1,Not at all
6618,R_5gCqav0kYN5C4gC,b36,36,1,1688,Slingshot pole,5,Completely
6619,R_5gCqav0kYN5C4gC,b38,38,1,1696,club suit,3,Moderately
6620,R_5gCqav0kYN5C4gC,b38,38,2,1702,ice cream scoops on a cone,5,Completely
6621,R_5gCqav0kYN5C4gC,b44,44,1,1748,stethoscope,1,Not at all
6622,R_5gCqav0kYN5C4gC,b46,46,1,1764,handlebars,1,Not at all
6623,R_5gCqav0kYN5C4gC,b48,48,1,1778,garden hoe,3,Moderately
6624,R_5gCqav0kYN5C4gC,b48,48,2,1781,sledge hammer,3,Moderately
6625,R_5gCqav0kYN5C4gC,b53,53,1,1822,golf hole,2,A little
6626,R_5gCqav0kYN5C4gC,b54,54,1,1832,treble clef,1,Not at all
6627,R_5gCqav0kYN5C4gC,b54,54,2,1833,magnifying glass,1,Not at all
6628,R_5gCqav0kYN5C4gC,b56,56,1,1854,golf club,1,Not at all
6629,R_5gCqav0kYN5C4gC,b59,59,1,1880,pine tree,4,A lot
6630,R_5gtGixWyHaHOG9r,b3,3,1,21,bed,1,Not at all
6631,R_5gtGixWyHaHOG9r,b7,7,1,108,hourglass,1,Not at all
6632,R_5gtGixWyHaHOG9r,b11,11,1,172,fork,2,A little
6633,R_5gtGixWyHaHOG9r,b16,16,1,280,heart,1,Not at all
6634,R_5gtGixWyHaHOG9r,b20,20,1,401,Hourglass,1,Not at all
6635,R_5gtGixWyHaHOG9r,b23,23,1,497,Stop sign,2,A little
6636,R_5gtGixWyHaHOG9r,b25,25,1,539,chair,2,A little
6637,R_5gtGixWyHaHOG9r,b25,25,2,550,Lower H,2,A little
6638,R_5gtGixWyHaHOG9r,b26,26,1,562,arrow,1,Not at all
6639,R_5gtGixWyHaHOG9r,b26,26,2,568,flag,5,Completely
6640,R_5gtGixWyHaHOG9r,b28,28,1,609,eyes,2,A little
6641,R_5gtGixWyHaHOG9r,b29,29,1,623,beach umbrella,1,Not at all
6642,R_5gtGixWyHaHOG9r,b30,30,1,659,cross,1,Not at all
6643,R_5gtGixWyHaHOG9r,b30,30,2,676,wheelchair,1,Not at all
6644,R_5gtGixWyHaHOG9r,b32,32,1,713,lollipop,1,Not at all
6645,R_5gtGixWyHaHOG9r,b33,33,1,746,power button,1,Not at all
6646,R_5gtGixWyHaHOG9r,b39,39,1,884,Ice cream cone,2,A little
6647,R_5gtGixWyHaHOG9r,b41,41,1,938,luggage tag,1,Not at all
6648,R_5gtGixWyHaHOG9r,b43,43,1,995,Snake,1,Not at all
6649,R_5gtGixWyHaHOG9r,b44,44,1,1032,pocketwatch,2,A little
6650,R_5gtGixWyHaHOG9r,b47,47,1,1123,Square,1,Not at all
6651,R_5gtGixWyHaHOG9r,b48,48,1,1138,knife,1,Not at all
6652,R_5gtGixWyHaHOG9r,b49,49,1,1157,beach,1,Not at all
6653,R_5gtGixWyHaHOG9r,b49,49,2,1159,Bird Beak,2,A little
6654,R_5gtGixWyHaHOG9r,b50,50,1,1191,stick figure,5,Completely
6655,R_5gtGixWyHaHOG9r,b51,51,1,1198,crest,1,Not at all
6656,R_5gtGixWyHaHOG9r,b51,51,2,1210,robot arm,1,Not at all
6657,R_5gtGixWyHaHOG9r,b53,53,1,1241,arrow,1,Not at all
6658,R_5gtGixWyHaHOG9r,b56,56,1,1308,peace sign,1,Not at all
6659,R_5gtGixWyHaHOG9r,b57,57,1,1327,scissors,1,Not at all
6660,R_5hbUmcU11e5nx9Y,b3,3,1,36,key,1,Not at all
6661,R_5hbUmcU11e5nx9Y,b4,4,1,46,bra,2,A little
6662,R_5hbUmcU11e5nx9Y,b8,8,1,131,winged sceptor,1,Not at all
6663,R_5hbUmcU11e5nx9Y,b12,12,1,193,goblet,4,A lot
6664,R_5hbUmcU11e5nx9Y,b12,12,2,205,wine glass,4,A lot
6665,R_5hbUmcU11e5nx9Y,b18,18,1,350,shield,1,Not at all
6666,R_5hbUmcU11e5nx9Y,b19,19,1,358,cat,1,Not at all
6667,R_5hbUmcU11e5nx9Y,b21,21,1,433,pictogram,2,A little
6668,R_5hbUmcU11e5nx9Y,b22,22,1,475,rewind button,1,Not at all
6669,R_5hbUmcU11e5nx9Y,b23,23,1,482,balloon,2,A little
6670,R_5hbUmcU11e5nx9Y,b26,26,1,574,sailboat,1,Not at all
6671,R_5hbUmcU11e5nx9Y,b29,29,1,627,chair,1,Not at all
6672,R_5hbUmcU11e5nx9Y,b30,30,1,663,fish bone,3,Moderately
6673,R_5hbUmcU11e5nx9Y,b30,30,2,664,fish skeleton,4,A lot
6674,R_5hbUmcU11e5nx9Y,b30,30,3,672,prison bars,1,Not at all
6675,R_5hbUmcU11e5nx9Y,b30,30,4,676,wheelchair,1,Not at all
6676,R_5hbUmcU11e5nx9Y,b31,31,1,692,speaker,1,Not at all
6677,R_5hbUmcU11e5nx9Y,b32,32,1,722,tree,1,Not at all
6678,R_5hbUmcU11e5nx9Y,b33,33,1,738,lollipop,1,Not at all
6679,R_5hbUmcU11e5nx9Y,b34,34,1,759,butterfly,2,A little
6680,R_5hbUmcU11e5nx9Y,b35,35,1,794,scissors,3,Moderately
6681,R_5hbUmcU11e5nx9Y,b36,36,1,819,tripod,2,A little
6682,R_5hbUmcU11e5nx9Y,b37,37,1,845,key,1,Not at all
6683,R_5hbUmcU11e5nx9Y,b38,38,1,860,gift bow,1,Not at all
6684,R_5hbUmcU11e5nx9Y,b44,44,1,1034,question mrk,1,Not at all
6685,R_5hbUmcU11e5nx9Y,b47,47,1,1121,scissors,1,Not at all
6686,R_5hbUmcU11e5nx9Y,b47,47,2,1125,teapot,1,Not at all
6687,R_5hbUmcU11e5nx9Y,b54,54,1,1261,Basketball hoop,1,Not at all
6688,R_5hbUmcU11e5nx9Y,b58,58,1,1342,hanging scale,2,A little
6689,R_5hbUmcU11e5nx9Y,b58,58,2,1348,Song,1,Not at all
6690,R_5iIHiJScPWLDcNQ,b3,3,1,1389,heart,1,Not at all
6691,R_5iIHiJScPWLDcNQ,b5,5,1,1406,butterfly wings,1,Not at all
6692,R_5iIHiJScPWLDcNQ,b5,5,2,1410,pregnant woman,1,Not at all
6693,R_5iIHiJScPWLDcNQ,b6,6,1,1893,Digit 8,2,A little
6694,R_5iIHiJScPWLDcNQ,b13,13,1,1469,bulb,2,A little
6695,R_5iIHiJScPWLDcNQ,b17,17,1,1503,umbrella,1,Not at all
6696,R_5iIHiJScPWLDcNQ,b19,19,1,1524,CD slot,1,Not at all
6697,R_5iIHiJScPWLDcNQ,b27,27,1,1609,2 square stacked into each other,2,A little
6698,R_5iIHiJScPWLDcNQ,b29,29,1,1629,Jib crane,2,A little
6699,R_5iIHiJScPWLDcNQ,b31,31,1,1648,push pin,2,A little
6700,R_5iIHiJScPWLDcNQ,b32,32,1,1652,mushroom cap,1,Not at all
6701,R_5iIHiJScPWLDcNQ,b35,35,1,1678,bikini top,3,Moderately
6702,R_5iIHiJScPWLDcNQ,b36,36,1,1686,forked staff,4,A lot
6703,R_5iIHiJScPWLDcNQ,b40,40,1,1716,side chair,1,Not at all
6704,R_5iIHiJScPWLDcNQ,b40,40,2,1719,Flagpole sign,1,Not at all
6705,R_5iIHiJScPWLDcNQ,b41,41,1,1725,pipe,1,Not at all
6706,R_5iIHiJScPWLDcNQ,b41,41,2,1728,Flag sign,1,Not at all
6707,R_5iIHiJScPWLDcNQ,b45,45,1,1756,golf club,1,Not at all
6708,R_5iIHiJScPWLDcNQ,b45,45,2,1759,sitting person,1,Not at all
6709,R_5iIHiJScPWLDcNQ,b45,45,3,1763,face with a nose,2,A little
6710,R_5iIHiJScPWLDcNQ,b46,46,1,1769,Playing spade,1,Not at all
6711,R_5iIHiJScPWLDcNQ,b48,48,1,1783,table lamp,2,A little
6712,R_5iIHiJScPWLDcNQ,b48,48,2,1785,corner bracket,3,Moderately
6713,R_5iIHiJScPWLDcNQ,b49,49,1,1796,evil chibi face,1,Not at all
6714,R_5iIHiJScPWLDcNQ,b53,53,1,1821,hanging lamp,2,A little
6715,R_5iIHiJScPWLDcNQ,b54,54,1,1830,hockey stick,2,A little
6716,R_5iIHiJScPWLDcNQ,b55,55,1,1842,letter T,1,Not at all
6717,R_5iIHiJScPWLDcNQ,b55,55,2,1844,Downward arrow,2,A little
6718,R_5iIHiJScPWLDcNQ,b57,57,1,1912,Rotated grid,1,Not at all
6719,R_5iIHiJScPWLDcNQ,b59,59,1,1890,Christmas tree,3,Moderately
6720,R_5ibcbX7XNB8pSGu,b3,3,1,20,bd,5,Completely
6721,R_5ibcbX7XNB8pSGu,b6,6,1,93,glasses,2,A little
6722,R_5ibcbX7XNB8pSGu,b13,13,1,234,wine glass,5,Completely
6723,R_5ibcbX7XNB8pSGu,b15,15,1,273,trapezium,1,Not at all
6724,R_5ibcbX7XNB8pSGu,b21,21,1,448,guitar silhouette,1,Not at all
6725,R_5ibcbX7XNB8pSGu,b22,22,1,477,speech bubble,2,A little
6726,R_5ibcbX7XNB8pSGu,b23,23,1,493,microphone,2,A little
6727,R_5ibcbX7XNB8pSGu,b26,26,1,561,arrow,1,Not at all
6728,R_5ibcbX7XNB8pSGu,b27,27,1,589,fork,1,Not at all
6729,R_5ibcbX7XNB8pSGu,b29,29,1,634,hospital sign,1,Not at all
6730,R_5ibcbX7XNB8pSGu,b31,31,1,682,birthday hat,1,Not at all
6731,R_5ibcbX7XNB8pSGu,b31,31,2,690,Rocket ship,2,A little
6732,R_5ibcbX7XNB8pSGu,b33,33,1,731,dustpan,3,Moderately
6733,R_5ibcbX7XNB8pSGu,b35,35,1,787,film camera,1,Not at all
6734,R_5ibcbX7XNB8pSGu,b36,36,1,809,pitchfork,2,A little
6735,R_5ibcbX7XNB8pSGu,b39,39,1,891,small circles,2,A little
6736,R_5ibcbX7XNB8pSGu,b40,40,1,908,key,2,A little
6737,R_5ibcbX7XNB8pSGu,b40,40,2,916,pitcher,3,Moderately
6738,R_5ibcbX7XNB8pSGu,b40,40,3,922,traffic light,1,Not at all
6739,R_5ibcbX7XNB8pSGu,b41,41,1,937,letter R,1,Not at all
6740,R_5ibcbX7XNB8pSGu,b41,41,2,943,paper clip,1,Not at all
6741,R_5ibcbX7XNB8pSGu,b42,42,1,971,vertical rectangles,1,Not at all
6742,R_5ibcbX7XNB8pSGu,b44,44,1,1008,bike,1,Not at all
6743,R_5ibcbX7XNB8pSGu,b44,44,2,1028,musical note,1,Not at all
6744,R_5ibcbX7XNB8pSGu,b46,46,1,1083,medal,2,A little
6745,R_5ibcbX7XNB8pSGu,b48,48,1,1139,lamp,1,Not at all
6746,R_5ibcbX7XNB8pSGu,b48,48,2,1146,plus sign,1,Not at all
6747,R_5ibcbX7XNB8pSGu,b50,50,1,1176,arrow,1,Not at all
6748,R_5ibcbX7XNB8pSGu,b53,53,1,1258,turtle,1,Not at all
6749,R_5ibcbX7XNB8pSGu,b56,56,1,1311,power button,2,A little
6750,R_5jj6gwyRFX1ulU5,b1,1,1,1381,ladder stack,4,A lot
6751,R_5jj6gwyRFX1ulU5,b2,2,1,1386,Eiffel tower,1,Not at all
6752,R_5jj6gwyRFX1ulU5,b15,15,1,1484,hexagon,1,Not at all
6753,R_5jj6gwyRFX1ulU5,b15,15,2,1490,Honeycomb cell,1,Not at all
6754,R_5jj6gwyRFX1ulU5,b17,17,1,1506,hanging lantern,1,Not at all
6755,R_5jj6gwyRFX1ulU5,b20,20,1,1532,mushroom,1,Not at all
6756,R_5jj6gwyRFX1ulU5,b20,20,2,1533,key,1,Not at all
6757,R_5jj6gwyRFX1ulU5,b20,20,3,1541,pulley hook,2,A little
6758,R_5jj6gwyRFX1ulU5,b22,22,1,1561,cone and face,2,A little
6759,R_5jj6gwyRFX1ulU5,b25,25,1,1583,Flagpole signpost,1,Not at all
6760,R_5jj6gwyRFX1ulU5,b26,26,1,1589,pennant flag,5,Completely
6761,R_5jj6gwyRFX1ulU5,b27,27,1,1603,broken ladder,1,Not at all
6762,R_5jj6gwyRFX1ulU5,b28,28,1,1610,Goggles,3,Moderately
6763,R_5jj6gwyRFX1ulU5,b29,29,1,1622,G-clamp,1,Not at all
6764,R_5jj6gwyRFX1ulU5,b30,30,1,1634,grand piano,1,Not at all
6765,R_5jj6gwyRFX1ulU5,b31,31,1,1650,Arrow through a cricle,4,A lot
6766,R_5jj6gwyRFX1ulU5,b32,32,1,1906,table lamp,1,Not at all
6767,R_5jj6gwyRFX1ulU5,b36,36,1,1670,chickenfoot,4,A lot
6768,R_5jj6gwyRFX1ulU5,b37,37,1,1690,snowman,1,Not at all
6769,R_5jj6gwyRFX1ulU5,b40,40,1,1721,rectangle,2,A little
6770,R_5jj6gwyRFX1ulU5,b44,44,1,1751,saxophone key,1,Not at all
6771,R_5jj6gwyRFX1ulU5,b45,45,1,1761,padlock,1,Not at all
6772,R_5jj6gwyRFX1ulU5,b49,49,1,1795,ice-cream cone,1,Not at all
6773,R_5jj6gwyRFX1ulU5,b50,50,1,1797,radio tower,1,Not at all
6774,R_5jj6gwyRFX1ulU5,b51,51,1,1807,flag emblem,1,Not at all
6775,R_5jj6gwyRFX1ulU5,b52,52,1,1811,shelf bracket,2,A little
6776,R_5jj6gwyRFX1ulU5,b55,55,1,1848,spade symbol,1,Not at all
6777,R_5jj6gwyRFX1ulU5,b56,56,1,1858,compass needle,1,Not at all
6778,R_5jj6gwyRFX1ulU5,b57,57,1,1875,window pane,1,Not at all
6779,R_5jj6gwyRFX1ulU5,b59,59,1,1883,Sword,1,Not at all
6780,R_5jy5HrvDq0YMiH8,b4,4,1,56,music notes,3,Moderately
6781,R_5jy5HrvDq0YMiH8,b6,6,1,89,binoculars,3,Moderately
6782,R_5jy5HrvDq0YMiH8,b10,10,1,148,Forklift Icon,1,Not at all
6783,R_5jy5HrvDq0YMiH8,b12,12,1,183,bridge,1,Not at all
6784,R_5jy5HrvDq0YMiH8,b12,12,2,195,lamp,2,A little
6785,R_5jy5HrvDq0YMiH8,b20,20,1,418,Vessel,1,Not at all
6786,R_5jy5HrvDq0YMiH8,b21,21,1,438,headphones,1,Not at all
6787,R_5jy5HrvDq0YMiH8,b22,22,1,478,stick figure,1,Not at all
6788,R_5jy5HrvDq0YMiH8,b26,26,1,575,triangle,1,Not at all
6789,R_5jy5HrvDq0YMiH8,b28,28,1,604,bucket,1,Not at all
6790,R_5jy5HrvDq0YMiH8,b30,30,1,649,barrier gate,1,Not at all
6791,R_5jy5HrvDq0YMiH8,b32,32,1,701,Champagne glass,4,A lot
6792,R_5jy5HrvDq0YMiH8,b33,33,1,742,pan cover,1,Not at all
6793,R_5jy5HrvDq0YMiH8,b35,35,1,779,bow,3,Moderately
6794,R_5jy5HrvDq0YMiH8,b35,35,2,795,spade,1,Not at all
6795,R_5jy5HrvDq0YMiH8,b37,37,1,824,animal,1,Not at all
6796,R_5jy5HrvDq0YMiH8,b37,37,2,847,person,1,Not at all
6797,R_5jy5HrvDq0YMiH8,b41,41,1,936,key,1,Not at all
6798,R_5jy5HrvDq0YMiH8,b42,42,1,962,ladder,1,Not at all
6799,R_5jy5HrvDq0YMiH8,b44,44,1,1024,ladybug,1,Not at all
6800,R_5jy5HrvDq0YMiH8,b45,45,1,1056,logo,1,Not at all
6801,R_5jy5HrvDq0YMiH8,b47,47,1,1109,Crosshair,1,Not at all
6802,R_5jy5HrvDq0YMiH8,b47,47,2,1125,teapot,1,Not at all
6803,R_5jy5HrvDq0YMiH8,b48,48,1,1138,knife,1,Not at all
6804,R_5jy5HrvDq0YMiH8,b51,51,1,1200,headstanding man,2,A little
6805,R_5jy5HrvDq0YMiH8,b54,54,1,1270,golf club,1,Not at all
6806,R_5jy5HrvDq0YMiH8,b57,57,1,1337,zipper,2,A little
6807,R_5jy5HrvDq0YMiH8,b58,58,1,1348,Song,1,Not at all
6808,R_5jy5HrvDq0YMiH8,b59,59,1,1354,bird feeder,2,A little
6809,R_5jy5HrvDq0YMiH8,b59,59,2,1364,sailboat,1,Not at all
6810,R_5l0PQ7R2Gc02YVX,b4,4,1,7,hourglass,1,Not at all
6811,R_5l0PQ7R2Gc02YVX,b6,6,1,12,spectacles frame,3,Moderately
6812,R_5l0PQ7R2Gc02YVX,b6,6,2,14,horse blinders,1,Not at all
6813,R_5l0PQ7R2Gc02YVX,b8,8,1,25,spectacle frame,1,Not at all
6814,R_5l0PQ7R2Gc02YVX,b10,10,1,31,candle holder,2,A little
6815,R_5l0PQ7R2Gc02YVX,b14,14,1,41,anchor,1,Not at all
6816,R_5l0PQ7R2Gc02YVX,b14,14,2,43,scoop handle,1,Not at all
6817,R_5l0PQ7R2Gc02YVX,b17,17,1,51,teardrop,1,Not at all
6818,R_5l0PQ7R2Gc02YVX,b19,19,1,57,light bulb,1,Not at all
6819,R_5l0PQ7R2Gc02YVX,b19,19,2,58,electric plug,1,Not at all
6820,R_5l0PQ7R2Gc02YVX,b22,22,1,72,subset symbol,1,Not at all
6821,R_5l0PQ7R2Gc02YVX,b26,26,1,84,arrow shaft,1,Not at all
6822,R_5l0PQ7R2Gc02YVX,b28,28,1,88,spectacle temples,1,Not at all
6823,R_5l0PQ7R2Gc02YVX,b29,29,1,93,tie fighter,1,Not at all
6824,R_5l0PQ7R2Gc02YVX,b29,29,2,95,b,1,Not at all
6825,R_5l0PQ7R2Gc02YVX,b30,30,1,98,beer mug,1,Not at all
6826,R_5l0PQ7R2Gc02YVX,b30,30,2,102,gate,1,Not at all
6827,R_5l0PQ7R2Gc02YVX,b37,37,1,123,scissors closed,1,Not at all
6828,R_5l0PQ7R2Gc02YVX,b39,39,1,128,hot-air balloon,1,Not at all
6829,R_5l0PQ7R2Gc02YVX,b39,39,2,129,angel,1,Not at all
6830,R_5l0PQ7R2Gc02YVX,b40,40,1,134,hook gate,1,Not at all
6831,R_5l0PQ7R2Gc02YVX,b42,42,1,139,plus sign,1,Not at all
6832,R_5l0PQ7R2Gc02YVX,b42,42,2,142,letter glyph,1,Not at all
6833,R_5l0PQ7R2Gc02YVX,b44,44,1,148,keyhole,1,Not at all
6834,R_5l0PQ7R2Gc02YVX,b45,45,1,158,doughnut stand,1,Not at all
6835,R_5l0PQ7R2Gc02YVX,b47,47,1,166,cartoon bomb,1,Not at all
6836,R_5l0PQ7R2Gc02YVX,b48,48,1,170,sledgehammer,1,Not at all
6837,R_5l0PQ7R2Gc02YVX,b55,55,1,191,perpendicular arrow,1,Not at all
6838,R_5l0PQ7R2Gc02YVX,b57,57,1,197,capped diamond,2,A little
6839,R_5l0PQ7R2Gc02YVX,b60,60,1,208,house roof,3,Moderately
6840,R_5lzPSHqyz8hP56x,b3,3,1,30,dumbbell,1,Not at all
6841,R_5lzPSHqyz8hP56x,b5,5,1,75,key,1,Not at all
6842,R_5lzPSHqyz8hP56x,b6,6,1,101,owl,1,Not at all
6843,R_5lzPSHqyz8hP56x,b7,7,1,118,tree,4,A lot
6844,R_5lzPSHqyz8hP56x,b10,10,1,152,key,2,A little
6845,R_5lzPSHqyz8hP56x,b13,13,1,208,chalice,5,Completely
6846,R_5lzPSHqyz8hP56x,b13,13,2,233,window,1,Not at all
6847,R_5lzPSHqyz8hP56x,b18,18,1,336,heart,1,Not at all
6848,R_5lzPSHqyz8hP56x,b19,19,1,369,key,1,Not at all
6849,R_5lzPSHqyz8hP56x,b19,19,2,383,teapot,1,Not at all
6850,R_5lzPSHqyz8hP56x,b20,20,1,401,Hourglass,2,A little
6851,R_5lzPSHqyz8hP56x,b20,20,2,415,speech bubble,1,Not at all
6852,R_5lzPSHqyz8hP56x,b21,21,1,431,person,2,A little
6853,R_5lzPSHqyz8hP56x,b22,22,1,475,rewind button,1,Not at all
6854,R_5lzPSHqyz8hP56x,b24,24,1,507,coat hook,1,Not at all
6855,R_5lzPSHqyz8hP56x,b26,26,1,568,flag,5,Completely
6856,R_5lzPSHqyz8hP56x,b31,31,1,689,person,2,A little
6857,R_5lzPSHqyz8hP56x,b33,33,1,746,power button,1,Not at all
6858,R_5lzPSHqyz8hP56x,b34,34,1,767,Infinity pyramid,4,A lot
6859,R_5lzPSHqyz8hP56x,b36,36,1,800,broadcast tower,4,A lot
6860,R_5lzPSHqyz8hP56x,b42,42,1,963,Lined square,2,A little
6861,R_5lzPSHqyz8hP56x,b43,43,1,977,cat,1,Not at all
6862,R_5lzPSHqyz8hP56x,b43,43,2,998,stethoscope,1,Not at all
6863,R_5lzPSHqyz8hP56x,b44,44,1,1026,lollipop,1,Not at all
6864,R_5lzPSHqyz8hP56x,b47,47,1,1107,computer mouse,5,Completely
6865,R_5lzPSHqyz8hP56x,b50,50,1,1196,wine glass,1,Not at all
6866,R_5lzPSHqyz8hP56x,b54,54,1,1270,golf club,1,Not at all
6867,R_5lzPSHqyz8hP56x,b55,55,1,1286,glass,3,Moderately
6868,R_5lzPSHqyz8hP56x,b59,59,1,1365,ship sail,1,Not at all
6869,R_5lzPSHqyz8hP56x,b60,60,1,1379,trapezium,1,Not at all
6870,R_5mRk31SoJMAGOJn,b4,4,1,1402,owl eyes,4,A lot
6871,R_5mRk31SoJMAGOJn,b8,8,1,1429,Ship anchor,4,A lot
6872,R_5mRk31SoJMAGOJn,b9,9,1,1439,butterfly antennae,4,A lot
6873,R_5mRk31SoJMAGOJn,b15,15,1,1483,Skull,1,Not at all
6874,R_5mRk31SoJMAGOJn,b19,19,1,1520,wheelchair,1,Not at all
6875,R_5mRk31SoJMAGOJn,b19,19,2,1521,smash ball,3,Moderately
6876,R_5mRk31SoJMAGOJn,b20,20,1,1534,ice cream,2,A little
6877,R_5mRk31SoJMAGOJn,b27,27,1,1601,backwards F,3,Moderately
6878,R_5mRk31SoJMAGOJn,b27,27,2,1607,door handle,5,Completely
6879,R_5mRk31SoJMAGOJn,b30,30,1,1635,bitcoin symbol,2,A little
6880,R_5mRk31SoJMAGOJn,b30,30,2,1640,skeleton key,4,A lot
6881,R_5mRk31SoJMAGOJn,b33,33,1,1658,horseshoe magnet,4,A lot
6882,R_5mRk31SoJMAGOJn,b34,34,1,1674,eyeglasses,4,A lot
6883,R_5mRk31SoJMAGOJn,b36,36,1,1684,peace symbol,2,A little
6884,R_5mRk31SoJMAGOJn,b39,39,1,1704,owl face,2,A little
6885,R_5mRk31SoJMAGOJn,b41,41,1,1724,padlock,4,A lot
6886,R_5mRk31SoJMAGOJn,b41,41,2,1727,parking sign,1,Not at all
6887,R_5mRk31SoJMAGOJn,b42,42,1,1732,tic-tac-toe board,4,A lot
6888,R_5mRk31SoJMAGOJn,b43,43,1,1738,Power symbol,4,A lot
6889,R_5mRk31SoJMAGOJn,b43,43,2,1740,computer mouse,5,Completely
6890,R_5mRk31SoJMAGOJn,b43,43,3,1745,Lollipop swirl,2,A little
6891,R_5mRk31SoJMAGOJn,b45,45,1,1760,Skeleton key,3,Moderately
6892,R_5mRk31SoJMAGOJn,b46,46,1,1767,anchor chalice,1,Not at all
6893,R_5mRk31SoJMAGOJn,b46,46,2,1910,arch bridge,2,A little
6894,R_5mRk31SoJMAGOJn,b48,48,1,1781,sledge hammer,4,A lot
6895,R_5mRk31SoJMAGOJn,b51,51,1,1808,running man,3,Moderately
6896,R_5mRk31SoJMAGOJn,b54,54,1,1835,pound sign,3,Moderately
6897,R_5mRk31SoJMAGOJn,b55,55,1,1847,road sign,5,Completely
6898,R_5mRk31SoJMAGOJn,b59,59,1,1884,Greek temple,2,A little
6899,R_5mRk31SoJMAGOJn,b59,59,2,1886,upward arrow,5,Completely
6900,R_5mWRB1A5dPoFyH7,b3,3,1,38,pulley,1,Not at all
6901,R_5mWRB1A5dPoFyH7,b4,4,1,57,owl,3,Moderately
6902,R_5mWRB1A5dPoFyH7,b4,4,2,58,pulley,1,Not at all
6903,R_5mWRB1A5dPoFyH7,b8,8,1,122,bow tie,1,Not at all
6904,R_5mWRB1A5dPoFyH7,b9,9,1,142,owl,1,Not at all
6905,R_5mWRB1A5dPoFyH7,b13,13,1,208,chalice,5,Completely
6906,R_5mWRB1A5dPoFyH7,b16,16,1,292,Trapezoid,1,Not at all
6907,R_5mWRB1A5dPoFyH7,b16,16,2,296,whale tail,3,Moderately
6908,R_5mWRB1A5dPoFyH7,b17,17,1,299,bridge,1,Not at all
6909,R_5mWRB1A5dPoFyH7,b19,19,1,382,teapot,1,Not at all
6910,R_5mWRB1A5dPoFyH7,b23,23,1,499,superman logo,2,A little
6911,R_5mWRB1A5dPoFyH7,b24,24,1,506,chair,4,A lot
6912,R_5mWRB1A5dPoFyH7,b27,27,1,602,staple remover,2,A little
6913,R_5mWRB1A5dPoFyH7,b32,32,1,702,chandelier,1,Not at all
6914,R_5mWRB1A5dPoFyH7,b33,33,1,746,power button,2,A little
6915,R_5mWRB1A5dPoFyH7,b34,34,1,769,man,1,Not at all
6916,R_5mWRB1A5dPoFyH7,b39,39,1,874,butterfly,1,Not at all
6917,R_5mWRB1A5dPoFyH7,b41,41,1,924,boat,1,Not at all
6918,R_5mWRB1A5dPoFyH7,b43,43,1,985,lollipop,1,Not at all
6919,R_5mWRB1A5dPoFyH7,b44,44,1,1010,butterfly,1,Not at all
6920,R_5mWRB1A5dPoFyH7,b44,44,2,1019,heart,1,Not at all
6921,R_5mWRB1A5dPoFyH7,b47,47,1,1103,bridge,1,Not at all
6922,R_5mWRB1A5dPoFyH7,b48,48,1,1138,knife,1,Not at all
6923,R_5mWRB1A5dPoFyH7,b52,52,1,1232,signpost,2,A little
6924,R_5mWRB1A5dPoFyH7,b55,55,1,1279,anchor,1,Not at all
6925,R_5mWRB1A5dPoFyH7,b55,55,2,1283,Cat snout,3,Moderately
6926,R_5mWRB1A5dPoFyH7,b55,55,3,1285,flagpole,1,Not at all
6927,R_5mWRB1A5dPoFyH7,b56,56,1,1305,eye,1,Not at all
6928,R_5mWRB1A5dPoFyH7,b57,57,1,1333,tie,2,A little
6929,R_5mWRB1A5dPoFyH7,b59,59,1,1367,tripod,1,Not at all
6930,R_5o7vhzji5YfACeU,b1,1,1,1382,ladder rungs,4,A lot
6931,R_5o7vhzji5YfACeU,b3,3,1,1389,heart,1,Not at all
6932,R_5o7vhzji5YfACeU,b3,3,2,1397,cherries,1,Not at all
6933,R_5o7vhzji5YfACeU,b5,5,1,1407,goggles,1,Not at all
6934,R_5o7vhzji5YfACeU,b9,9,1,1440,Four-leaf clover,1,Not at all
6935,R_5o7vhzji5YfACeU,b11,11,1,1452,dinner fork,2,A little
6936,R_5o7vhzji5YfACeU,b11,11,2,1454,rotated table,1,Not at all
6937,R_5o7vhzji5YfACeU,b12,12,1,1466,Dried,1,Not at all
6938,R_5o7vhzji5YfACeU,b12,12,2,1467,D on stilts,1,Not at all
6939,R_5o7vhzji5YfACeU,b17,17,1,1503,umbrella,1,Not at all
6940,R_5o7vhzji5YfACeU,b17,17,2,1504,manta ray,1,Not at all
6941,R_5o7vhzji5YfACeU,b17,17,3,1507,slingshot,1,Not at all
6942,R_5o7vhzji5YfACeU,b18,18,1,1516,Cup trophy,1,Not at all
6943,R_5o7vhzji5YfACeU,b19,19,1,1526,clothesline,1,Not at all
6944,R_5o7vhzji5YfACeU,b21,21,1,1543,Letter B,1,Not at all
6945,R_5o7vhzji5YfACeU,b21,21,2,1547,overturned cup,1,Not at all
6946,R_5o7vhzji5YfACeU,b21,21,3,1554,ice cream,1,Not at all
6947,R_5o7vhzji5YfACeU,b22,22,1,1555,ice cream,1,Not at all
6948,R_5o7vhzji5YfACeU,b23,23,1,1565,standing microphone,2,A little
6949,R_5o7vhzji5YfACeU,b32,32,1,1651,bell,1,Not at all
6950,R_5o7vhzji5YfACeU,b35,35,1,1678,bikini top,1,Not at all
6951,R_5o7vhzji5YfACeU,b38,38,1,1698,snowman face,1,Not at all
6952,R_5o7vhzji5YfACeU,b38,38,2,1700,clover,1,Not at all
6953,R_5o7vhzji5YfACeU,b39,39,1,1713,ice cream scoops in a cone,5,Completely
6954,R_5o7vhzji5YfACeU,b41,41,1,1724,padlock,4,A lot
6955,R_5o7vhzji5YfACeU,b42,42,1,1731,3x3 grid,1,Not at all
6956,R_5o7vhzji5YfACeU,b48,48,1,1776,cross,1,Not at all
6957,R_5o7vhzji5YfACeU,b52,52,1,1811,shelf bracket,1,Not at all
6958,R_5o7vhzji5YfACeU,b52,52,2,1818,flagpole sign,1,Not at all
6959,R_5o7vhzji5YfACeU,b56,56,1,1866,down Arrow button,1,Not at all
6960,R_5oED5rqWeUNcjIM,b2,2,1,13,stairs,1,Not at all
6961,R_5oED5rqWeUNcjIM,b4,4,1,47,butterfly,1,Not at all
6962,R_5oED5rqWeUNcjIM,b4,4,2,49,dumbbell,1,Not at all
6963,R_5oED5rqWeUNcjIM,b8,8,1,124,butterfly,5,Completely
6964,R_5oED5rqWeUNcjIM,b10,10,1,150,horse barn,1,Not at all
6965,R_5oED5rqWeUNcjIM,b13,13,1,209,church,1,Not at all
6966,R_5oED5rqWeUNcjIM,b18,18,1,351,speech bubble,1,Not at all
6967,R_5oED5rqWeUNcjIM,b20,20,1,402,Human Profile,5,Completely
6968,R_5oED5rqWeUNcjIM,b27,27,1,584,coconut,1,Not at all
6969,R_5oED5rqWeUNcjIM,b27,27,2,592,handle,1,Not at all
6970,R_5oED5rqWeUNcjIM,b28,28,1,613,hydrogen peroxide,1,Not at all
6971,R_5oED5rqWeUNcjIM,b31,31,1,691,snowman,3,Moderately
6972,R_5oED5rqWeUNcjIM,b32,32,1,704,coat hook,1,Not at all
6973,R_5oED5rqWeUNcjIM,b33,33,1,742,pan cover,1,Not at all
6974,R_5oED5rqWeUNcjIM,b33,33,2,744,plunger,5,Completely
6975,R_5oED5rqWeUNcjIM,b33,33,3,745,pot lid,2,A little
6976,R_5oED5rqWeUNcjIM,b35,35,1,776,beak,2,A little
6977,R_5oED5rqWeUNcjIM,b36,36,1,818,triangle,1,Not at all
6978,R_5oED5rqWeUNcjIM,b43,43,1,992,royal scepter,1,Not at all
6979,R_5oED5rqWeUNcjIM,b43,43,2,1006,zooming ball,1,Not at all
6980,R_5oED5rqWeUNcjIM,b44,44,1,1011,christmas ornament,2,A little
6981,R_5oED5rqWeUNcjIM,b44,44,2,1013,Computer Mouse,3,Moderately
6982,R_5oED5rqWeUNcjIM,b44,44,3,1023,keychain,1,Not at all
6983,R_5oED5rqWeUNcjIM,b44,44,4,1040,sun glasses,1,Not at all
6984,R_5oED5rqWeUNcjIM,b44,44,5,1044,tadpole,2,A little
6985,R_5oED5rqWeUNcjIM,b47,47,1,1108,cross circle,1,Not at all
6986,R_5oED5rqWeUNcjIM,b52,52,1,1238,triangle,1,Not at all
6987,R_5oED5rqWeUNcjIM,b58,58,1,1344,Motor Boat,1,Not at all
6988,R_5oED5rqWeUNcjIM,b59,59,1,1350,Angle,1,Not at all
6989,R_5oED5rqWeUNcjIM,b59,59,2,1368,vortex,1,Not at all
6990,R_5oLww7a2kYIFdfQ,b1,1,1,6,two squares,3,Moderately
6991,R_5oLww7a2kYIFdfQ,b3,3,1,21,bed,2,A little
6992,R_5oLww7a2kYIFdfQ,b7,7,1,117,tetrahedron,1,Not at all
6993,R_5oLww7a2kYIFdfQ,b7,7,2,119,umbrella,2,A little
6994,R_5oLww7a2kYIFdfQ,b10,10,1,158,square,1,Not at all
6995,R_5oLww7a2kYIFdfQ,b15,15,1,260,bucket,2,A little
6996,R_5oLww7a2kYIFdfQ,b16,16,1,293,Triangular diamond,2,A little
6997,R_5oLww7a2kYIFdfQ,b17,17,1,300,chalice,2,A little
6998,R_5oLww7a2kYIFdfQ,b18,18,1,329,cone,4,A lot
6999,R_5oLww7a2kYIFdfQ,b19,19,1,372,music note,1,Not at all
7000,R_5oLww7a2kYIFdfQ,b20,20,1,394,eight,2,A little
7001,R_5oLww7a2kYIFdfQ,b20,20,2,398,hanger,1,Not at all
7002,R_5oLww7a2kYIFdfQ,b25,25,1,552,number 4,3,Moderately
7003,R_5oLww7a2kYIFdfQ,b28,28,1,605,cherries,2,A little
7004,R_5oLww7a2kYIFdfQ,b28,28,2,612,handcuffs,2,A little
7005,R_5oLww7a2kYIFdfQ,b31,31,1,679,anchor,1,Not at all
7006,R_5oLww7a2kYIFdfQ,b32,32,1,708,goblet,5,Completely
7007,R_5oLww7a2kYIFdfQ,b34,34,1,763,glasses on nose,2,A little
7008,R_5oLww7a2kYIFdfQ,b36,36,1,805,Inverted peace symbol,2,A little
7009,R_5oLww7a2kYIFdfQ,b37,37,1,844,information icon,1,Not at all
7010,R_5oLww7a2kYIFdfQ,b38,38,1,853,butterfly,1,Not at all
7011,R_5oLww7a2kYIFdfQ,b38,38,2,861,ice cream,5,Completely
7012,R_5oLww7a2kYIFdfQ,b38,38,3,864,owl,2,A little
7013,R_5oLww7a2kYIFdfQ,b40,40,1,899,Clock,1,Not at all
7014,R_5oLww7a2kYIFdfQ,b44,44,1,1018,head,1,Not at all
7015,R_5oLww7a2kYIFdfQ,b51,51,1,1217,weight balance,2,A little
7016,R_5oLww7a2kYIFdfQ,b52,52,1,1226,letter T,1,Not at all
7017,R_5oLww7a2kYIFdfQ,b52,52,2,1232,signpost,2,A little
7018,R_5oLww7a2kYIFdfQ,b55,55,1,1289,shovel,1,Not at all
7019,R_5oLww7a2kYIFdfQ,b57,57,1,1325,not equal,1,Not at all
7020,R_5pLxKKFZH73cmVf,b3,3,1,23,broom,1,Not at all
7021,R_5pLxKKFZH73cmVf,b4,4,1,46,bra,2,A little
7022,R_5pLxKKFZH73cmVf,b8,8,1,129,flower,1,Not at all
7023,R_5pLxKKFZH73cmVf,b10,10,1,151,kanji,1,Not at all
7024,R_5pLxKKFZH73cmVf,b14,14,1,248,horseshoe,1,Not at all
7025,R_5pLxKKFZH73cmVf,b17,17,1,297,Abstract Eyeball,1,Not at all
7026,R_5pLxKKFZH73cmVf,b17,17,2,304,flower,1,Not at all
7027,R_5pLxKKFZH73cmVf,b17,17,3,326,wishbone,2,A little
7028,R_5pLxKKFZH73cmVf,b18,18,1,349,sailboat,2,A little
7029,R_5pLxKKFZH73cmVf,b20,20,1,408,pedestal,1,Not at all
7030,R_5pLxKKFZH73cmVf,b22,22,1,465,keyhole,1,Not at all
7031,R_5pLxKKFZH73cmVf,b22,22,2,468,Math symbol,1,Not at all
7032,R_5pLxKKFZH73cmVf,b22,22,3,476,speaker sign,1,Not at all
7033,R_5pLxKKFZH73cmVf,b23,23,1,500,traffic stop,3,Moderately
7034,R_5pLxKKFZH73cmVf,b24,24,1,503,anchor,2,A little
7035,R_5pLxKKFZH73cmVf,b24,24,2,523,pipe fitting,1,Not at all
7036,R_5pLxKKFZH73cmVf,b25,25,1,546,letter C,1,Not at all
7037,R_5pLxKKFZH73cmVf,b27,27,1,597,plug,2,A little
7038,R_5pLxKKFZH73cmVf,b28,28,1,619,sunglasses,3,Moderately
7039,R_5pLxKKFZH73cmVf,b32,32,1,722,tree,1,Not at all
7040,R_5pLxKKFZH73cmVf,b36,36,1,801,crane,1,Not at all
7041,R_5pLxKKFZH73cmVf,b39,39,1,891,small circles,3,Moderately
7042,R_5pLxKKFZH73cmVf,b43,43,1,987,Oval pile,1,Not at all
7043,R_5pLxKKFZH73cmVf,b44,44,1,1027,magnifying glass,2,A little
7044,R_5pLxKKFZH73cmVf,b46,46,1,1084,muffin,3,Moderately
7045,R_5pLxKKFZH73cmVf,b47,47,1,1116,mountain,1,Not at all
7046,R_5pLxKKFZH73cmVf,b52,52,1,1231,plus sign,1,Not at all
7047,R_5pLxKKFZH73cmVf,b56,56,1,1299,beats symbol,1,Not at all
7048,R_5pLxKKFZH73cmVf,b56,56,2,1302,clock,4,A lot
7049,R_5pLxKKFZH73cmVf,b56,56,3,1310,Potato,1,Not at all
7050,R_5qOvRWR50daSxeR,b2,2,1,1387,ladder rungs,5,Completely
7051,R_5qOvRWR50daSxeR,b5,5,1,1406,butterfly wings,1,Not at all
7052,R_5qOvRWR50daSxeR,b5,5,2,1410,pregnant woman,1,Not at all
7053,R_5qOvRWR50daSxeR,b6,6,1,1412,steering wheel,1,Not at all
7054,R_5qOvRWR50daSxeR,b6,6,2,1417,eyeglasses with antennas,1,Not at all
7055,R_5qOvRWR50daSxeR,b10,10,1,1443,comb teeth,1,Not at all
7056,R_5qOvRWR50daSxeR,b12,12,1,1459,mushroom cap,1,Not at all
7057,R_5qOvRWR50daSxeR,b12,12,2,1460,table lamp,1,Not at all
7058,R_5qOvRWR50daSxeR,b14,14,1,1476,Horseshoe magnet,1,Not at all
7059,R_5qOvRWR50daSxeR,b16,16,1,1500,bookmark,1,Not at all
7060,R_5qOvRWR50daSxeR,b19,19,1,1518,southeast direction,2,A little
7061,R_5qOvRWR50daSxeR,b19,19,2,1519,smoking face,1,Not at all
7062,R_5qOvRWR50daSxeR,b19,19,3,1520,wheelchair,1,Not at all
7063,R_5qOvRWR50daSxeR,b20,20,1,1532,mushroom,1,Not at all
7064,R_5qOvRWR50daSxeR,b23,23,1,1563,Stethoscope silhouette,1,Not at all
7065,R_5qOvRWR50daSxeR,b25,25,1,1584,Street lamp,1,Not at all
7066,R_5qOvRWR50daSxeR,b28,28,1,1613,butterfly,1,Not at all
7067,R_5qOvRWR50daSxeR,b29,29,1,1629,Jib crane,2,A little
7068,R_5qOvRWR50daSxeR,b33,33,1,1657,hammer,1,Not at all
7069,R_5qOvRWR50daSxeR,b33,33,2,1658,horseshoe magnet,1,Not at all
7070,R_5qOvRWR50daSxeR,b33,33,3,1660,spiked helmet,1,Not at all
7071,R_5qOvRWR50daSxeR,b36,36,1,1684,peace symbol,1,Not at all
7072,R_5qOvRWR50daSxeR,b41,41,1,1729,flag,1,Not at all
7073,R_5qOvRWR50daSxeR,b42,42,1,1735,window frame,5,Completely
7074,R_5qOvRWR50daSxeR,b43,43,1,1746,question mark,1,Not at all
7075,R_5qOvRWR50daSxeR,b46,46,1,1771,Handlebar mustache,1,Not at all
7076,R_5qOvRWR50daSxeR,b47,47,1,1774,egyptian eye,1,Not at all
7077,R_5qOvRWR50daSxeR,b49,49,1,1793,Owl face,1,Not at all
7078,R_5qOvRWR50daSxeR,b55,55,1,1847,road sign,4,A lot
7079,R_5qOvRWR50daSxeR,b57,57,1,1871,capital z,1,Not at all
7080,R_5s1tLT4oBgyFX6p,b12,12,1,196,magnifying glass,1,Not at all
7081,R_5s1tLT4oBgyFX6p,b14,14,1,245,Flower,1,Not at all
7082,R_5s1tLT4oBgyFX6p,b14,14,2,246,half circle,2,A little
7083,R_5s1tLT4oBgyFX6p,b14,14,3,255,semi-circle,2,A little
7084,R_5s1tLT4oBgyFX6p,b16,16,1,274,Cone,5,Completely
7085,R_5s1tLT4oBgyFX6p,b16,16,2,279,guitar pick,2,A little
7086,R_5s1tLT4oBgyFX6p,b17,17,1,297,Abstract Eyeball,1,Not at all
7087,R_5s1tLT4oBgyFX6p,b17,17,2,321,slingshot frame,3,Moderately
7088,R_5s1tLT4oBgyFX6p,b19,19,1,365,fruit,2,A little
7089,R_5s1tLT4oBgyFX6p,b21,21,1,445,magnifying glass,1,Not at all
7090,R_5s1tLT4oBgyFX6p,b22,22,1,452,Boat,1,Not at all
7091,R_5s1tLT4oBgyFX6p,b22,22,2,473,power button,2,A little
7092,R_5s1tLT4oBgyFX6p,b23,23,1,494,Pool,1,Not at all
7093,R_5s1tLT4oBgyFX6p,b24,24,1,534,wrentch,1,Not at all
7094,R_5s1tLT4oBgyFX6p,b29,29,1,621,arch,2,A little
7095,R_5s1tLT4oBgyFX6p,b29,29,2,633,hanger,2,A little
7096,R_5s1tLT4oBgyFX6p,b32,32,1,706,Fraction Symbol,1,Not at all
7097,R_5s1tLT4oBgyFX6p,b33,33,1,734,hanging lamp,5,Completely
7098,R_5s1tLT4oBgyFX6p,b34,34,1,764,heart,1,Not at all
7099,R_5s1tLT4oBgyFX6p,b35,35,1,789,goggles,2,A little
7100,R_5s1tLT4oBgyFX6p,b37,37,1,827,boy,1,Not at all
7101,R_5s1tLT4oBgyFX6p,b37,37,2,843,Hammer,1,Not at all
7102,R_5s1tLT4oBgyFX6p,b38,38,1,866,smiley face,1,Not at all
7103,R_5s1tLT4oBgyFX6p,b39,39,1,869,abstract person,3,Moderately
7104,R_5s1tLT4oBgyFX6p,b39,39,2,893,stick figure,2,A little
7105,R_5s1tLT4oBgyFX6p,b41,41,1,930,dog,1,Not at all
7106,R_5s1tLT4oBgyFX6p,b41,41,2,947,Point,1,Not at all
7107,R_5s1tLT4oBgyFX6p,b46,46,1,1068,Chinese Character,2,A little
7108,R_5s1tLT4oBgyFX6p,b47,47,1,1114,Kite,2,A little
7109,R_5s1tLT4oBgyFX6p,b53,53,1,1245,flag bracket,4,A lot
7110,R_5sBWVoLUhUPe9rH,b2,2,1,11,number 10,1,Not at all
7111,R_5sBWVoLUhUPe9rH,b6,6,1,101,owl,1,Not at all
7112,R_5sBWVoLUhUPe9rH,b9,9,1,133,bag,1,Not at all
7113,R_5sBWVoLUhUPe9rH,b10,10,1,157,Sideways E,2,A little
7114,R_5sBWVoLUhUPe9rH,b14,14,1,244,face,2,A little
7115,R_5sBWVoLUhUPe9rH,b14,14,2,249,Huge circle,1,Not at all
7116,R_5sBWVoLUhUPe9rH,b16,16,1,280,heart,2,A little
7117,R_5sBWVoLUhUPe9rH,b16,16,2,281,hourglass,1,Not at all
7118,R_5sBWVoLUhUPe9rH,b18,18,1,348,revolver,1,Not at all
7119,R_5sBWVoLUhUPe9rH,b19,19,1,372,music note,1,Not at all
7120,R_5sBWVoLUhUPe9rH,b20,20,1,412,ring,2,A little
7121,R_5sBWVoLUhUPe9rH,b25,25,1,560,wrench,2,A little
7122,R_5sBWVoLUhUPe9rH,b27,27,1,577,barcode,1,Not at all
7123,R_5sBWVoLUhUPe9rH,b27,27,2,587,door,5,Completely
7124,R_5sBWVoLUhUPe9rH,b29,29,1,627,chair,2,A little
7125,R_5sBWVoLUhUPe9rH,b30,30,1,654,bow and arrow,2,A little
7126,R_5sBWVoLUhUPe9rH,b32,32,1,717,scarecrow,1,Not at all
7127,R_5sBWVoLUhUPe9rH,b33,33,1,753,Triangle,1,Not at all
7128,R_5sBWVoLUhUPe9rH,b40,40,1,922,traffic light,2,A little
7129,R_5sBWVoLUhUPe9rH,b43,43,1,988,pendulum,1,Not at all
7130,R_5sBWVoLUhUPe9rH,b43,43,2,990,power button,3,Moderately
7131,R_5sBWVoLUhUPe9rH,b45,45,1,1051,hanging target,1,Not at all
7132,R_5sBWVoLUhUPe9rH,b46,46,1,1088,number 8,1,Not at all
7133,R_5sBWVoLUhUPe9rH,b47,47,1,1123,Square,1,Not at all
7134,R_5sBWVoLUhUPe9rH,b51,51,1,1210,robot arm,1,Not at all
7135,R_5sBWVoLUhUPe9rH,b54,54,1,1272,key,2,A little
7136,R_5sBWVoLUhUPe9rH,b55,55,1,1290,spade,2,A little
7137,R_5sBWVoLUhUPe9rH,b56,56,1,1304,down arrow,1,Not at all
7138,R_5sBWVoLUhUPe9rH,b57,57,1,1329,Spring,2,A little
7139,R_5sBWVoLUhUPe9rH,b59,59,1,1363,rocket,2,A little
7140,R_5sXrSYdFrtrEClz,b3,3,1,30,dumbbell,1,Not at all
7141,R_5sXrSYdFrtrEClz,b6,6,1,89,binoculars,2,A little
7142,R_5sXrSYdFrtrEClz,b13,13,1,211,door hinge,1,Not at all
7143,R_5sXrSYdFrtrEClz,b13,13,2,220,monogram,1,Not at all
7144,R_5sXrSYdFrtrEClz,b13,13,3,227,skeleton key,1,Not at all
7145,R_5sXrSYdFrtrEClz,b16,16,1,279,guitar pick,2,A little
7146,R_5sXrSYdFrtrEClz,b17,17,1,306,glass,1,Not at all
7147,R_5sXrSYdFrtrEClz,b20,20,1,400,hot air balloon,1,Not at all
7148,R_5sXrSYdFrtrEClz,b20,20,2,417,Trophy,2,A little
7149,R_5sXrSYdFrtrEClz,b22,22,1,473,power button,1,Not at all
7150,R_5sXrSYdFrtrEClz,b24,24,1,508,comb,1,Not at all
7151,R_5sXrSYdFrtrEClz,b32,32,1,700,chalice,5,Completely
7152,R_5sXrSYdFrtrEClz,b32,32,2,714,martini glass,4,A lot
7153,R_5sXrSYdFrtrEClz,b32,32,3,715,mushroom,3,Moderately
7154,R_5sXrSYdFrtrEClz,b33,33,1,740,mop,2,A little
7155,R_5sXrSYdFrtrEClz,b34,34,1,774,Volcano,2,A little
7156,R_5sXrSYdFrtrEClz,b36,36,1,813,slingshot handle,1,Not at all
7157,R_5sXrSYdFrtrEClz,b39,39,1,872,bow tie,2,A little
7158,R_5sXrSYdFrtrEClz,b40,40,1,903,dog,1,Not at all
7159,R_5sXrSYdFrtrEClz,b40,40,2,910,letter B,1,Not at all
7160,R_5sXrSYdFrtrEClz,b44,44,1,1029,necklace,1,Not at all
7161,R_5sXrSYdFrtrEClz,b44,44,2,1040,sun glasses,1,Not at all
7162,R_5sXrSYdFrtrEClz,b44,44,3,1042,swan,1,Not at all
7163,R_5sXrSYdFrtrEClz,b46,46,1,1072,eight,1,Not at all
7164,R_5sXrSYdFrtrEClz,b47,47,1,1099,anchor,2,A little
7165,R_5sXrSYdFrtrEClz,b47,47,2,1100,asclepius rod,1,Not at all
7166,R_5sXrSYdFrtrEClz,b49,49,1,1160,bird head,1,Not at all
7167,R_5sXrSYdFrtrEClz,b52,52,1,1219,comb,1,Not at all
7168,R_5sXrSYdFrtrEClz,b52,52,2,1231,plus sign,1,Not at all
7169,R_5sXrSYdFrtrEClz,b59,59,1,1351,arrow,3,Moderately
7170,R_5t3VJhvqaoVW6Df,b8,8,1,127,coat rack,1,Not at all
7171,R_5t3VJhvqaoVW6Df,b9,9,1,132,ant,1,Not at all
7172,R_5t3VJhvqaoVW6Df,b11,11,1,180,table,1,Not at all
7173,R_5t3VJhvqaoVW6Df,b11,11,2,181,trident,5,Completely
7174,R_5t3VJhvqaoVW6Df,b14,14,1,253,owl,1,Not at all
7175,R_5t3VJhvqaoVW6Df,b16,16,1,290,shield,1,Not at all
7176,R_5t3VJhvqaoVW6Df,b17,17,1,320,shield,2,A little
7177,R_5t3VJhvqaoVW6Df,b18,18,1,331,face,1,Not at all
7178,R_5t3VJhvqaoVW6Df,b24,24,1,518,letter H,1,Not at all
7179,R_5t3VJhvqaoVW6Df,b25,25,1,550,Lower H,1,Not at all
7180,R_5t3VJhvqaoVW6Df,b30,30,1,660,door key,1,Not at all
7181,R_5t3VJhvqaoVW6Df,b30,30,2,677,window,1,Not at all
7182,R_5t3VJhvqaoVW6Df,b32,32,1,720,table,1,Not at all
7183,R_5t3VJhvqaoVW6Df,b34,34,1,755,Binoculars,2,A little
7184,R_5t3VJhvqaoVW6Df,b36,36,1,803,fishing rod,1,Not at all
7185,R_5t3VJhvqaoVW6Df,b37,37,1,825,balloons,2,A little
7186,R_5t3VJhvqaoVW6Df,b38,38,1,867,snowman,2,A little
7187,R_5t3VJhvqaoVW6Df,b40,40,1,915,PC,1,Not at all
7188,R_5t3VJhvqaoVW6Df,b41,41,1,946,pistol,1,Not at all
7189,R_5t3VJhvqaoVW6Df,b43,43,1,986,musical symbol,1,Not at all
7190,R_5t3VJhvqaoVW6Df,b43,43,2,990,power button,2,A little
7191,R_5t3VJhvqaoVW6Df,b46,46,1,1081,lamp,2,A little
7192,R_5t3VJhvqaoVW6Df,b48,48,1,1132,Drawn Bow,1,Not at all
7193,R_5t3VJhvqaoVW6Df,b49,49,1,1157,beach,1,Not at all
7194,R_5t3VJhvqaoVW6Df,b49,49,2,1158,bikini set,2,A little
7195,R_5t3VJhvqaoVW6Df,b49,49,3,1170,owl,1,Not at all
7196,R_5t3VJhvqaoVW6Df,b50,50,1,1183,hourglass,1,Not at all
7197,R_5t3VJhvqaoVW6Df,b55,55,1,1288,peace sign,1,Not at all
7198,R_5t3VJhvqaoVW6Df,b57,57,1,1321,hashtag,1,Not at all
7199,R_5t3VJhvqaoVW6Df,b59,59,1,1361,house,1,Not at all
7200,R_5uNsFOQfjr4cIxz,b1,1,1,1,iron bars,5,Completely
7201,R_5uNsFOQfjr4cIxz,b4,4,1,7,hourglass,1,Not at all
7202,R_5uNsFOQfjr4cIxz,b5,5,1,11,handshake,1,Not at all
7203,R_5uNsFOQfjr4cIxz,b9,9,1,28,hourglass seal,1,Not at all
7204,R_5uNsFOQfjr4cIxz,b9,9,2,29,crown symbol,3,Moderately
7205,R_5uNsFOQfjr4cIxz,b12,12,1,36,martini glass,5,Completely
7206,R_5uNsFOQfjr4cIxz,b14,14,1,42,fish hook,1,Not at all
7207,R_5uNsFOQfjr4cIxz,b16,16,1,48,tent shelter,2,A little
7208,R_5uNsFOQfjr4cIxz,b17,17,1,50,fishing hook,1,Not at all
7209,R_5uNsFOQfjr4cIxz,b17,17,2,51,teardrop,1,Not at all
7210,R_5uNsFOQfjr4cIxz,b20,20,1,62,stop sign,1,Not at all
7211,R_5uNsFOQfjr4cIxz,b21,21,1,69,paperclip,1,Not at all
7212,R_5uNsFOQfjr4cIxz,b23,23,1,73,snake vase,1,Not at all
7213,R_5uNsFOQfjr4cIxz,b25,25,1,80,greek gamma,1,Not at all
7214,R_5uNsFOQfjr4cIxz,b26,26,1,83,plumb line,4,A lot
7215,R_5uNsFOQfjr4cIxz,b29,29,1,93,tie fighter,1,Not at all
7216,R_5uNsFOQfjr4cIxz,b29,29,2,94,turnstile gate,1,Not at all
7217,R_5uNsFOQfjr4cIxz,b30,30,1,98,beer mug,1,Not at all
7218,R_5uNsFOQfjr4cIxz,b30,30,2,101,capital r,1,Not at all
7219,R_5uNsFOQfjr4cIxz,b32,32,1,107,teeter totter,1,Not at all
7220,R_5uNsFOQfjr4cIxz,b33,33,1,110,spoon cup,1,Not at all
7221,R_5uNsFOQfjr4cIxz,b34,34,1,115,open scissors,3,Moderately
7222,R_5uNsFOQfjr4cIxz,b35,35,1,120,twin crown,1,Not at all
7223,R_5uNsFOQfjr4cIxz,b43,43,1,146,target satellite,1,Not at all
7224,R_5uNsFOQfjr4cIxz,b46,46,1,161,mailbox,2,A little
7225,R_5uNsFOQfjr4cIxz,b46,46,2,163,shattered pact,1,Not at all
7226,R_5uNsFOQfjr4cIxz,b50,50,1,179,sprouting seed,2,A little
7227,R_5uNsFOQfjr4cIxz,b55,55,1,191,perpendicular arrow,2,A little
7228,R_5uNsFOQfjr4cIxz,b57,57,1,196,ski jump,1,Not at all
7229,R_5uNsFOQfjr4cIxz,b59,59,1,204,shelf bracket,1,Not at all
7230,R_5v3JRGjNxEsKzJf,b3,3,1,28,doorway,3,Moderately
7231,R_5v3JRGjNxEsKzJf,b4,4,1,49,dumbbell,1,Not at all
7232,R_5v3JRGjNxEsKzJf,b5,5,1,65,belly button,1,Not at all
7233,R_5v3JRGjNxEsKzJf,b12,12,1,194,House,1,Not at all
7234,R_5v3JRGjNxEsKzJf,b14,14,1,241,dior,1,Not at all
7235,R_5v3JRGjNxEsKzJf,b18,18,1,346,Pencil,3,Moderately
7236,R_5v3JRGjNxEsKzJf,b19,19,1,357,butterfly,1,Not at all
7237,R_5v3JRGjNxEsKzJf,b20,20,1,416,Sunrise,1,Not at all
7238,R_5v3JRGjNxEsKzJf,b21,21,1,423,Capital B,2,A little
7239,R_5v3JRGjNxEsKzJf,b24,24,1,529,Straight line,2,A little
7240,R_5v3JRGjNxEsKzJf,b30,30,1,668,key,2,A little
7241,R_5v3JRGjNxEsKzJf,b32,32,1,699,anchor,1,Not at all
7242,R_5v3JRGjNxEsKzJf,b38,38,1,860,gift bow,2,A little
7243,R_5v3JRGjNxEsKzJf,b38,38,2,863,Mickey Mouse,1,Not at all
7244,R_5v3JRGjNxEsKzJf,b39,39,1,872,bow tie,1,Not at all
7245,R_5v3JRGjNxEsKzJf,b43,43,1,977,cat,1,Not at all
7246,R_5v3JRGjNxEsKzJf,b43,43,2,1002,unicycle,1,Not at all
7247,R_5v3JRGjNxEsKzJf,b44,44,1,1029,necklace,1,Not at all
7248,R_5v3JRGjNxEsKzJf,b44,44,2,1034,question mrk,1,Not at all
7249,R_5v3JRGjNxEsKzJf,b45,45,1,1055,lobby button,1,Not at all
7250,R_5v3JRGjNxEsKzJf,b46,46,1,1066,butterfly,1,Not at all
7251,R_5v3JRGjNxEsKzJf,b46,46,2,1075,handcuffs,1,Not at all
7252,R_5v3JRGjNxEsKzJf,b46,46,3,1091,Prize Ribbon,5,Completely
7253,R_5v3JRGjNxEsKzJf,b47,47,1,1102,balloon,2,A little
7254,R_5v3JRGjNxEsKzJf,b49,49,1,1171,pendant lights,1,Not at all
7255,R_5v3JRGjNxEsKzJf,b50,50,1,1182,Female Logo,2,A little
7256,R_5v3JRGjNxEsKzJf,b53,53,1,1252,number 6,1,Not at all
7257,R_5v3JRGjNxEsKzJf,b55,55,1,1282,arrowhead,2,A little
7258,R_5v3JRGjNxEsKzJf,b56,56,1,1300,checkmark,1,Not at all
7259,R_5v3JRGjNxEsKzJf,b56,56,2,1308,peace sign,1,Not at all
7260,R_5vGYCHGsgVOuayt,b3,3,1,1393,two cherries,1,Not at all
7261,R_5vGYCHGsgVOuayt,b8,8,1,1432,caduceus,1,Not at all
7262,R_5vGYCHGsgVOuayt,b10,10,1,1448,Hair comb,3,Moderately
7263,R_5vGYCHGsgVOuayt,b12,12,1,1457,hammer,1,Not at all
7264,R_5vGYCHGsgVOuayt,b12,12,2,1460,table lamp,4,A lot
7265,R_5vGYCHGsgVOuayt,b18,18,1,1511,key,3,Moderately
7266,R_5vGYCHGsgVOuayt,b20,20,1,1532,mushroom,3,Moderately
7267,R_5vGYCHGsgVOuayt,b21,21,1,1542,mushroom,3,Moderately
7268,R_5vGYCHGsgVOuayt,b22,22,1,1559,padlock keyhole,4,A lot
7269,R_5vGYCHGsgVOuayt,b25,25,1,1584,Street lamp,1,Not at all
7270,R_5vGYCHGsgVOuayt,b26,26,1,1589,pennant flag,5,Completely
7271,R_5vGYCHGsgVOuayt,b26,26,2,1596,axe,3,Moderately
7272,R_5vGYCHGsgVOuayt,b28,28,1,1613,butterfly,1,Not at all
7273,R_5vGYCHGsgVOuayt,b29,29,1,1620,Letter B,1,Not at all
7274,R_5vGYCHGsgVOuayt,b29,29,2,1625,stethoscope symbol,3,Moderately
7275,R_5vGYCHGsgVOuayt,b31,31,1,1647,thumbtack,2,A little
7276,R_5vGYCHGsgVOuayt,b33,33,1,1664,service bell,5,Completely
7277,R_5vGYCHGsgVOuayt,b34,34,1,1675,bowbow,5,Completely
7278,R_5vGYCHGsgVOuayt,b37,37,1,1693,club symbol,4,A lot
7279,R_5vGYCHGsgVOuayt,b38,38,1,1699,club,2,A little
7280,R_5vGYCHGsgVOuayt,b39,39,1,1706,club suit,1,Not at all
7281,R_5vGYCHGsgVOuayt,b39,39,2,1708,stylized person,1,Not at all
7282,R_5vGYCHGsgVOuayt,b39,39,3,1710,club,2,A little
7283,R_5vGYCHGsgVOuayt,b40,40,1,1717,table frame,2,A little
7284,R_5vGYCHGsgVOuayt,b51,51,1,1807,flag emblem,1,Not at all
7285,R_5vGYCHGsgVOuayt,b51,51,2,1808,running man,1,Not at all
7286,R_5vGYCHGsgVOuayt,b52,52,1,1813,coat rack,3,Moderately
7287,R_5vGYCHGsgVOuayt,b55,55,1,1850,table lamp,3,Moderately
7288,R_5vGYCHGsgVOuayt,b56,56,1,1860,circled R,1,Not at all
7289,R_5vGYCHGsgVOuayt,b59,59,1,1886,upward arrow,4,A lot
7290,R_5wcWMa07eftiOwq,b4,4,1,43,ant,1,Not at all
7291,R_5wcWMa07eftiOwq,b11,11,1,168,comb,2,A little
7292,R_5wcWMa07eftiOwq,b11,11,2,178,rake,2,A little
7293,R_5wcWMa07eftiOwq,b12,12,1,192,drinking fountain,1,Not at all
7294,R_5wcWMa07eftiOwq,b13,13,1,228,stapler,1,Not at all
7295,R_5wcWMa07eftiOwq,b14,14,1,239,car,1,Not at all
7296,R_5wcWMa07eftiOwq,b15,15,1,270,shield,1,Not at all
7297,R_5wcWMa07eftiOwq,b15,15,2,271,square,1,Not at all
7298,R_5wcWMa07eftiOwq,b16,16,1,284,Icecream cone,4,A lot
7299,R_5wcWMa07eftiOwq,b17,17,1,321,slingshot frame,1,Not at all
7300,R_5wcWMa07eftiOwq,b25,25,1,549,letter T,1,Not at all
7301,R_5wcWMa07eftiOwq,b25,25,2,551,lowercase h,1,Not at all
7302,R_5wcWMa07eftiOwq,b27,27,1,582,Box,3,Moderately
7303,R_5wcWMa07eftiOwq,b29,29,1,627,chair,1,Not at all
7304,R_5wcWMa07eftiOwq,b32,32,1,715,mushroom,1,Not at all
7305,R_5wcWMa07eftiOwq,b41,41,1,948,pregnancy,1,Not at all
7306,R_5wcWMa07eftiOwq,b43,43,1,1000,Swing,1,Not at all
7307,R_5wcWMa07eftiOwq,b44,44,1,1030,OVAL,1,Not at all
7308,R_5wcWMa07eftiOwq,b45,45,1,1051,hanging target,3,Moderately
7309,R_5wcWMa07eftiOwq,b46,46,1,1072,eight,1,Not at all
7310,R_5wcWMa07eftiOwq,b47,47,1,1125,teapot,1,Not at all
7311,R_5wcWMa07eftiOwq,b48,48,1,1134,goal post,2,A little
7312,R_5wcWMa07eftiOwq,b48,48,2,1137,inverted T,3,Moderately
7313,R_5wcWMa07eftiOwq,b48,48,3,1143,letter Y,1,Not at all
7314,R_5wcWMa07eftiOwq,b48,48,4,1147,signpost,2,A little
7315,R_5wcWMa07eftiOwq,b48,48,5,1151,tee,2,A little
7316,R_5wcWMa07eftiOwq,b49,49,1,1167,love,3,Moderately
7317,R_5wcWMa07eftiOwq,b51,51,1,1208,RADIO,1,Not at all
7318,R_5wcWMa07eftiOwq,b53,53,1,1257,tulip,1,Not at all
7319,R_5wcWMa07eftiOwq,b59,59,1,1367,tripod,1,Not at all
7320,R_5wrVXE1t40hf2XD,b3,3,1,1389,heart,1,Not at all
7321,R_5wrVXE1t40hf2XD,b6,6,1,1412,steering wheel,1,Not at all
7322,R_5wrVXE1t40hf2XD,b7,7,1,1426,wow,1,Not at all
7323,R_5wrVXE1t40hf2XD,b12,12,1,1464,arch bridge,1,Not at all
7324,R_5wrVXE1t40hf2XD,b15,15,1,1488,Pentagon house,1,Not at all
7325,R_5wrVXE1t40hf2XD,b15,15,2,1489,Square bucket,3,Moderately
7326,R_5wrVXE1t40hf2XD,b16,16,1,1497,ice-cream cone,5,Completely
7327,R_5wrVXE1t40hf2XD,b18,18,1,1508,ship flag,1,Not at all
7328,R_5wrVXE1t40hf2XD,b18,18,2,1511,key,1,Not at all
7329,R_5wrVXE1t40hf2XD,b20,20,1,1532,mushroom,4,A lot
7330,R_5wrVXE1t40hf2XD,b20,20,2,1537,user icon,5,Completely
7331,R_5wrVXE1t40hf2XD,b21,21,1,1554,ice cream,1,Not at all
7332,R_5wrVXE1t40hf2XD,b25,25,1,1576,shelf bracket,5,Completely
7333,R_5wrVXE1t40hf2XD,b27,27,1,1903,X,1,Not at all
7334,R_5wrVXE1t40hf2XD,b29,29,1,1617,coat hook,4,A lot
7335,R_5wrVXE1t40hf2XD,b31,31,1,1650,Arrow through a cricle,1,Not at all
7336,R_5wrVXE1t40hf2XD,b32,32,1,1655,Umbrella handle,1,Not at all
7337,R_5wrVXE1t40hf2XD,b33,33,1,1662,bell clapper,4,A lot
7338,R_5wrVXE1t40hf2XD,b33,33,2,1667,Church bell,4,A lot
7339,R_5wrVXE1t40hf2XD,b39,39,1,1712,football player with shoulder pads,1,Not at all
7340,R_5wrVXE1t40hf2XD,b40,40,1,1723,lock standing sideways,4,A lot
7341,R_5wrVXE1t40hf2XD,b47,47,1,1772,snail shell,1,Not at all
7342,R_5wrVXE1t40hf2XD,b48,48,1,1777,handgun,1,Not at all
7343,R_5wrVXE1t40hf2XD,b50,50,1,1800,Candelabra stand,1,Not at all
7344,R_5wrVXE1t40hf2XD,b53,53,1,1824,snow globe,1,Not at all
7345,R_5wrVXE1t40hf2XD,b54,54,1,1831,skeleton key,4,A lot
7346,R_5wrVXE1t40hf2XD,b55,55,1,1844,Downward arrow,1,Not at all
7347,R_5wrVXE1t40hf2XD,b56,56,1,1854,golf club,1,Not at all
7348,R_5wrVXE1t40hf2XD,b57,57,1,1872,barn door,4,A lot
7349,R_5wrVXE1t40hf2XD,b59,59,1,1880,pine tree,5,Completely
7350,R_5xKOjjlRFgTjvoC,b8,8,1,23,chain link,1,Not at all
7351,R_5xKOjjlRFgTjvoC,b9,9,1,27,rabbit,1,Not at all
7352,R_5xKOjjlRFgTjvoC,b11,11,1,34,power plug,2,A little
7353,R_5xKOjjlRFgTjvoC,b12,12,1,39,flagpole,1,Not at all
7354,R_5xKOjjlRFgTjvoC,b15,15,1,44,hourglass,1,Not at all
7355,R_5xKOjjlRFgTjvoC,b19,19,1,56,fish,1,Not at all
7356,R_5xKOjjlRFgTjvoC,b20,20,1,64,goblet stand,2,A little
7357,R_5xKOjjlRFgTjvoC,b23,23,1,74,world pillar,1,Not at all
7358,R_5xKOjjlRFgTjvoC,b24,24,1,75,water tap,1,Not at all
7359,R_5xKOjjlRFgTjvoC,b26,26,1,81,diamond,1,Not at all
7360,R_5xKOjjlRFgTjvoC,b26,26,2,82,javelin,2,A little
7361,R_5xKOjjlRFgTjvoC,b27,27,1,86,open frame,1,Not at all
7362,R_5xKOjjlRFgTjvoC,b31,31,1,105,ice cream,1,Not at all
7363,R_5xKOjjlRFgTjvoC,b34,34,1,116,quantum anchor,2,A little
7364,R_5xKOjjlRFgTjvoC,b39,39,1,131,infinity frame,2,A little
7365,R_5xKOjjlRFgTjvoC,b41,41,1,138,keyhole,1,Not at all
7366,R_5xKOjjlRFgTjvoC,b42,42,1,141,h-beam,1,Not at all
7367,R_5xKOjjlRFgTjvoC,b43,43,1,144,apple,1,Not at all
7368,R_5xKOjjlRFgTjvoC,b45,45,1,155,analog clock,5,Completely
7369,R_5xKOjjlRFgTjvoC,b46,46,1,160,ionic capital,2,A little
7370,R_5xKOjjlRFgTjvoC,b48,48,1,169,t,5,Completely
7371,R_5xKOjjlRFgTjvoC,b49,49,1,173,rocket ship,2,A little
7372,R_5xKOjjlRFgTjvoC,b49,49,2,175,flying buttress,1,Not at all
7373,R_5xKOjjlRFgTjvoC,b51,51,1,181,circle cradle,1,Not at all
7374,R_5xKOjjlRFgTjvoC,b53,53,1,186,cave entrance,1,Not at all
7375,R_5xKOjjlRFgTjvoC,b54,54,1,188,sixteenth note,3,Moderately
7376,R_5xKOjjlRFgTjvoC,b56,56,1,192,drawer pull,1,Not at all
7377,R_5xKOjjlRFgTjvoC,b56,56,2,194,circular pointer,1,Not at all
7378,R_5xKOjjlRFgTjvoC,b59,59,1,203,tent pole,1,Not at all
7379,R_5xKOjjlRFgTjvoC,b60,60,1,207,tiny house,3,Moderately
7380,R_5xWx9SXg3sXYJQW,b6,6,1,91,circle,2,A little
7381,R_5xWx9SXg3sXYJQW,b7,7,1,115,stick figure,5,Completely
7382,R_5xWx9SXg3sXYJQW,b7,7,2,118,tree,3,Moderately
7383,R_5xWx9SXg3sXYJQW,b8,8,1,126,circle,1,Not at all
7384,R_5xWx9SXg3sXYJQW,b12,12,1,205,wine glass,5,Completely
7385,R_5xWx9SXg3sXYJQW,b13,13,1,217,letter T,1,Not at all
7386,R_5xWx9SXg3sXYJQW,b14,14,1,254,owl face,1,Not at all
7387,R_5xWx9SXg3sXYJQW,b17,17,1,323,Spade,1,Not at all
7388,R_5xWx9SXg3sXYJQW,b18,18,1,331,face,1,Not at all
7389,R_5xWx9SXg3sXYJQW,b19,19,1,387,ying yang,1,Not at all
7390,R_5xWx9SXg3sXYJQW,b20,20,1,392,Bun,3,Moderately
7391,R_5xWx9SXg3sXYJQW,b20,20,2,401,Hourglass,2,A little
7392,R_5xWx9SXg3sXYJQW,b22,22,1,462,heart,1,Not at all
7393,R_5xWx9SXg3sXYJQW,b23,23,1,488,head and shoulders,1,Not at all
7394,R_5xWx9SXg3sXYJQW,b24,24,1,520,lowercase h,4,A lot
7395,R_5xWx9SXg3sXYJQW,b25,25,1,551,lowercase h,5,Completely
7396,R_5xWx9SXg3sXYJQW,b33,33,1,740,mop,4,A lot
7397,R_5xWx9SXg3sXYJQW,b35,35,1,778,bicycle,1,Not at all
7398,R_5xWx9SXg3sXYJQW,b36,36,1,812,roof shape,3,Moderately
7399,R_5xWx9SXg3sXYJQW,b37,37,1,826,bow tie,1,Not at all
7400,R_5xWx9SXg3sXYJQW,b37,37,2,838,flower,4,A lot
7401,R_5xWx9SXg3sXYJQW,b39,39,1,883,ice cream,5,Completely
7402,R_5xWx9SXg3sXYJQW,b41,41,1,944,paperclip holder,5,Completely
7403,R_5xWx9SXg3sXYJQW,b44,44,1,1033,pumpkin,4,A lot
7404,R_5xWx9SXg3sXYJQW,b46,46,1,1093,spade,2,A little
7405,R_5xWx9SXg3sXYJQW,b47,47,1,1109,Crosshair,1,Not at all
7406,R_5xWx9SXg3sXYJQW,b48,48,1,1150,table,2,A little
7407,R_5xWx9SXg3sXYJQW,b48,48,2,1152,Tent,1,Not at all
7408,R_5xWx9SXg3sXYJQW,b51,51,1,1206,plant,1,Not at all
7409,R_5xWx9SXg3sXYJQW,b52,52,1,1226,letter T,1,Not at all
7410,R_5yrOnDogUCzSTjL,b1,1,1,6,two squares,1,Not at all
7411,R_5yrOnDogUCzSTjL,b2,2,1,16,two boxes,1,Not at all
7412,R_5yrOnDogUCzSTjL,b4,4,1,59,spectacles,1,Not at all
7413,R_5yrOnDogUCzSTjL,b4,4,2,61,tongs,1,Not at all
7414,R_5yrOnDogUCzSTjL,b5,5,1,72,glasses,1,Not at all
7415,R_5yrOnDogUCzSTjL,b5,5,2,83,vase,1,Not at all
7416,R_5yrOnDogUCzSTjL,b10,10,1,151,kanji,3,Moderately
7417,R_5yrOnDogUCzSTjL,b20,20,1,407,padlock,1,Not at all
7418,R_5yrOnDogUCzSTjL,b20,20,2,413,Snowglobe,1,Not at all
7419,R_5yrOnDogUCzSTjL,b24,24,1,526,rectangle,1,Not at all
7420,R_5yrOnDogUCzSTjL,b24,24,2,532,tuning fork,2,A little
7421,R_5yrOnDogUCzSTjL,b27,27,1,584,coconut,1,Not at all
7422,R_5yrOnDogUCzSTjL,b29,29,1,628,chalice,1,Not at all
7423,R_5yrOnDogUCzSTjL,b29,29,2,645,top,5,Completely
7424,R_5yrOnDogUCzSTjL,b30,30,1,661,Drill,1,Not at all
7425,R_5yrOnDogUCzSTjL,b34,34,1,767,Infinity pyramid,1,Not at all
7426,R_5yrOnDogUCzSTjL,b39,39,1,893,stick figure,1,Not at all
7427,R_5yrOnDogUCzSTjL,b40,40,1,899,Clock,1,Not at all
7428,R_5yrOnDogUCzSTjL,b42,42,1,961,hashtag,1,Not at all
7429,R_5yrOnDogUCzSTjL,b42,42,2,968,table frame,1,Not at all
7430,R_5yrOnDogUCzSTjL,b44,44,1,1023,keychain,1,Not at all
7431,R_5yrOnDogUCzSTjL,b45,45,1,1050,fishing pole,1,Not at all
7432,R_5yrOnDogUCzSTjL,b45,45,2,1059,person,1,Not at all
7433,R_5yrOnDogUCzSTjL,b46,46,1,1074,Grenade,1,Not at all
7434,R_5yrOnDogUCzSTjL,b47,47,1,1114,Kite,1,Not at all
7435,R_5yrOnDogUCzSTjL,b48,48,1,1131,anchor,1,Not at all
7436,R_5yrOnDogUCzSTjL,b49,49,1,1171,pendant lights,1,Not at all
7437,R_5yrOnDogUCzSTjL,b50,50,1,1184,human sketch,5,Completely
7438,R_5yrOnDogUCzSTjL,b51,51,1,1204,medal,1,Not at all
7439,R_5yrOnDogUCzSTjL,b60,60,1,1372,diamond,1,Not at all
7440,R_5z7xD43EKfwPRGr,b7,7,1,109,railroad track,1,Not at all
7441,R_5z7xD43EKfwPRGr,b7,7,2,117,tetrahedron,1,Not at all
7442,R_5z7xD43EKfwPRGr,b12,12,1,185,Butter Churner,1,Not at all
7443,R_5z7xD43EKfwPRGr,b13,13,1,227,skeleton key,1,Not at all
7444,R_5z7xD43EKfwPRGr,b15,15,1,261,cat,1,Not at all
7445,R_5z7xD43EKfwPRGr,b15,15,2,272,square,1,Not at all
7446,R_5z7xD43EKfwPRGr,b16,16,1,290,shield,1,Not at all
7447,R_5z7xD43EKfwPRGr,b18,18,1,345,parabola,1,Not at all
7448,R_5z7xD43EKfwPRGr,b18,18,2,355,water glass,1,Not at all
7449,R_5z7xD43EKfwPRGr,b20,20,1,415,speech bubble,2,A little
7450,R_5z7xD43EKfwPRGr,b21,21,1,430,Infinity symbol,1,Not at all
7451,R_5z7xD43EKfwPRGr,b23,23,1,489,keyhole,2,A little
7452,R_5z7xD43EKfwPRGr,b32,32,1,722,tree,1,Not at all
7453,R_5z7xD43EKfwPRGr,b36,36,1,810,rake,2,A little
7454,R_5z7xD43EKfwPRGr,b39,39,1,880,glasses,1,Not at all
7455,R_5z7xD43EKfwPRGr,b39,39,2,885,infinity symbol,2,A little
7456,R_5z7xD43EKfwPRGr,b39,39,3,890,scissors,2,A little
7457,R_5z7xD43EKfwPRGr,b40,40,1,912,Lighter,1,Not at all
7458,R_5z7xD43EKfwPRGr,b41,41,1,952,square bulge,2,A little
7459,R_5z7xD43EKfwPRGr,b42,42,1,959,grid,5,Completely
7460,R_5z7xD43EKfwPRGr,b44,44,1,1025,lit match,1,Not at all
7461,R_5z7xD43EKfwPRGr,b44,44,2,1036,small kite,1,Not at all
7462,R_5z7xD43EKfwPRGr,b46,46,1,1069,Circle,1,Not at all
7463,R_5z7xD43EKfwPRGr,b50,50,1,1181,Electric tower,1,Not at all
7464,R_5z7xD43EKfwPRGr,b50,50,2,1193,stickman,5,Completely
7465,R_5z7xD43EKfwPRGr,b52,52,1,1223,forklift,1,Not at all
7466,R_5z7xD43EKfwPRGr,b52,52,2,1233,Square rotated,1,Not at all
7467,R_5z7xD43EKfwPRGr,b56,56,1,1314,sliced pie,3,Moderately
7468,R_5z7xD43EKfwPRGr,b59,59,1,1356,campfire,1,Not at all
7469,R_5z7xD43EKfwPRGr,b60,60,1,1374,house,4,A lot
7470,R_5zi2RNTiQLpf5bJ,b6,6,1,13,round glasses,4,A lot
7471,R_5zi2RNTiQLpf5bJ,b8,8,1,24,crown hourglass,2,A little
7472,R_5zi2RNTiQLpf5bJ,b11,11,1,32,keyhole slot,2,A little
7473,R_5zi2RNTiQLpf5bJ,b12,12,1,35,hot air balloon,1,Not at all
7474,R_5zi2RNTiQLpf5bJ,b12,12,2,36,martini glass,4,A lot
7475,R_5zi2RNTiQLpf5bJ,b12,12,3,37,serif y,2,A little
7476,R_5zi2RNTiQLpf5bJ,b16,16,1,48,tent shelter,2,A little
7477,R_5zi2RNTiQLpf5bJ,b17,17,1,49,snake tongue,2,A little
7478,R_5zi2RNTiQLpf5bJ,b18,18,1,53,bluetooth logo,1,Not at all
7479,R_5zi2RNTiQLpf5bJ,b21,21,1,67,skeleton key,1,Not at all
7480,R_5zi2RNTiQLpf5bJ,b21,21,2,68,golf club,1,Not at all
7481,R_5zi2RNTiQLpf5bJ,b29,29,1,91,key,3,Moderately
7482,R_5zi2RNTiQLpf5bJ,b29,29,2,92,sailboat,1,Not at all
7483,R_5zi2RNTiQLpf5bJ,b29,29,3,94,turnstile gate,1,Not at all
7484,R_5zi2RNTiQLpf5bJ,b29,29,4,96,bridge,1,Not at all
7485,R_5zi2RNTiQLpf5bJ,b30,30,1,101,capital r,1,Not at all
7486,R_5zi2RNTiQLpf5bJ,b34,34,1,113,hourglass infinity,2,A little
7487,R_5zi2RNTiQLpf5bJ,b34,34,2,115,open scissors,5,Completely
7488,R_5zi2RNTiQLpf5bJ,b34,34,3,117,phi symbol,2,A little
7489,R_5zi2RNTiQLpf5bJ,b35,35,1,119,anvil,1,Not at all
7490,R_5zi2RNTiQLpf5bJ,b45,45,1,152,lollipop,1,Not at all
7491,R_5zi2RNTiQLpf5bJ,b46,46,1,161,mailbox,3,Moderately
7492,R_5zi2RNTiQLpf5bJ,b47,47,1,167,capital b,1,Not at all
7493,R_5zi2RNTiQLpf5bJ,b47,47,2,168,key lock,1,Not at all
7494,R_5zi2RNTiQLpf5bJ,b50,50,1,180,lamp post,1,Not at all
7495,R_5zi2RNTiQLpf5bJ,b52,52,1,183,parking meter,1,Not at all
7496,R_5zi2RNTiQLpf5bJ,b53,53,1,187,flag pole,2,A little
7497,R_5zi2RNTiQLpf5bJ,b55,55,1,190,radiation symbol,2,A little
7498,R_5zi2RNTiQLpf5bJ,b56,56,1,193,roof gable,1,Not at all
7499,R_5zi2RNTiQLpf5bJ,b59,59,1,202,ground rod,2,A little
7500,R_61631h5abklUln6,b3,3,1,1397,cherries,1,Not at all
7501,R_61631h5abklUln6,b7,7,1,1421,double spear,4,A lot
7502,R_61631h5abklUln6,b7,7,2,1423,fletched arrow,5,Completely
7503,R_61631h5abklUln6,b8,8,1,1433,Digit 8,1,Not at all
7504,R_61631h5abklUln6,b9,9,1,1440,Four-leaf clover,1,Not at all
7505,R_61631h5abklUln6,b10,10,1,1442,broken comb,1,Not at all
7506,R_61631h5abklUln6,b10,10,2,1446,fork and knife,1,Not at all
7507,R_61631h5abklUln6,b12,12,1,1465,Floor lamp,3,Moderately
7508,R_61631h5abklUln6,b15,15,1,1492,Equilateral hexagon,4,A lot
7509,R_61631h5abklUln6,b17,17,1,1898,martini glass,1,Not at all
7510,R_61631h5abklUln6,b18,18,1,1512,Umbrella,1,Not at all
7511,R_61631h5abklUln6,b19,19,1,1523,padlock key,1,Not at all
7512,R_61631h5abklUln6,b24,24,1,1569,bucket,1,Not at all
7513,R_61631h5abklUln6,b27,27,1,1599,window frame,2,A little
7514,R_61631h5abklUln6,b29,29,1,1622,G-clamp,1,Not at all
7515,R_61631h5abklUln6,b29,29,2,1905,mushroom,1,Not at all
7516,R_61631h5abklUln6,b30,30,1,1643,HD icon,2,A little
7517,R_61631h5abklUln6,b32,32,1,1656,claw hammer,1,Not at all
7518,R_61631h5abklUln6,b34,34,1,1672,glasses,1,Not at all
7519,R_61631h5abklUln6,b37,37,1,1907,3 leaf clover,4,A lot
7520,R_61631h5abklUln6,b38,38,1,1697,club symbol,1,Not at all
7521,R_61631h5abklUln6,b39,39,1,1705,club symbol,1,Not at all
7522,R_61631h5abklUln6,b40,40,1,1722,Skeleton key,1,Not at all
7523,R_61631h5abklUln6,b43,43,1,1740,computer mouse,3,Moderately
7524,R_61631h5abklUln6,b44,44,1,1750,soup bowl,1,Not at all
7525,R_61631h5abklUln6,b45,45,1,1757,seated person,1,Not at all
7526,R_61631h5abklUln6,b49,49,1,1794,Arrow key,1,Not at all
7527,R_61631h5abklUln6,b52,52,1,1814,capital F,4,A lot
7528,R_61631h5abklUln6,b55,55,1,1849,Down arrow,1,Not at all
7529,R_61631h5abklUln6,b57,57,1,1872,barn door,1,Not at all
7530,R_61rfhWnPAFvQ7UR,b1,1,1,2,ladder,5,Completely
7531,R_61rfhWnPAFvQ7UR,b2,2,1,14,train tracks,5,Completely
7532,R_61rfhWnPAFvQ7UR,b10,10,1,147,fork,4,A lot
7533,R_61rfhWnPAFvQ7UR,b16,16,1,280,heart,1,Not at all
7534,R_61rfhWnPAFvQ7UR,b16,16,2,285,lightbulb,1,Not at all
7535,R_61rfhWnPAFvQ7UR,b19,19,1,357,butterfly,1,Not at all
7536,R_61rfhWnPAFvQ7UR,b20,20,1,412,ring,4,A lot
7537,R_61rfhWnPAFvQ7UR,b21,21,1,420,beanie,4,A lot
7538,R_61rfhWnPAFvQ7UR,b21,21,2,434,pool,1,Not at all
7539,R_61rfhWnPAFvQ7UR,b24,24,1,507,coat hook,2,A little
7540,R_61rfhWnPAFvQ7UR,b25,25,1,553,number 7,1,Not at all
7541,R_61rfhWnPAFvQ7UR,b28,28,1,606,circle,1,Not at all
7542,R_61rfhWnPAFvQ7UR,b30,30,1,648,arrow,1,Not at all
7543,R_61rfhWnPAFvQ7UR,b30,30,2,656,bridge,1,Not at all
7544,R_61rfhWnPAFvQ7UR,b32,32,1,703,church bell,1,Not at all
7545,R_61rfhWnPAFvQ7UR,b32,32,2,706,Fraction Symbol,1,Not at all
7546,R_61rfhWnPAFvQ7UR,b32,32,3,710,hammerhead shark,1,Not at all
7547,R_61rfhWnPAFvQ7UR,b32,32,4,717,scarecrow,1,Not at all
7548,R_61rfhWnPAFvQ7UR,b33,33,1,728,car,1,Not at all
7549,R_61rfhWnPAFvQ7UR,b39,39,1,887,owl,1,Not at all
7550,R_61rfhWnPAFvQ7UR,b40,40,1,923,tuning fork,1,Not at all
7551,R_61rfhWnPAFvQ7UR,b41,41,1,924,boat,1,Not at all
7552,R_61rfhWnPAFvQ7UR,b43,43,1,987,Oval pile,1,Not at all
7553,R_61rfhWnPAFvQ7UR,b44,44,1,1028,musical note,1,Not at all
7554,R_61rfhWnPAFvQ7UR,b44,44,2,1044,tadpole,3,Moderately
7555,R_61rfhWnPAFvQ7UR,b46,46,1,1064,Bride,1,Not at all
7556,R_61rfhWnPAFvQ7UR,b46,46,2,1076,heart,1,Not at all
7557,R_61rfhWnPAFvQ7UR,b46,46,3,1094,staple remover,2,A little
7558,R_61rfhWnPAFvQ7UR,b47,47,1,1100,asclepius rod,1,Not at all
7559,R_61rfhWnPAFvQ7UR,b48,48,1,1135,hammer,3,Moderately
7560,R_61zqfVkqL6B2W1o,b6,6,1,98,house,1,Not at all
7561,R_61zqfVkqL6B2W1o,b7,7,1,110,rocket exhaust,2,A little
7562,R_61zqfVkqL6B2W1o,b8,8,1,126,circle,1,Not at all
7563,R_61zqfVkqL6B2W1o,b14,14,1,238,butterfly,1,Not at all
7564,R_61zqfVkqL6B2W1o,b16,16,1,278,fish hook,1,Not at all
7565,R_61zqfVkqL6B2W1o,b16,16,2,286,magnifying glass,1,Not at all
7566,R_61zqfVkqL6B2W1o,b17,17,1,308,guitar pick,1,Not at all
7567,R_61zqfVkqL6B2W1o,b18,18,1,335,harp,1,Not at all
7568,R_61zqfVkqL6B2W1o,b24,24,1,510,crutch,2,A little
7569,R_61zqfVkqL6B2W1o,b24,24,2,514,hammer,1,Not at all
7570,R_61zqfVkqL6B2W1o,b24,24,3,534,wrentch,3,Moderately
7571,R_61zqfVkqL6B2W1o,b25,25,1,536,bed,3,Moderately
7572,R_61zqfVkqL6B2W1o,b33,33,1,741,mushroom,1,Not at all
7573,R_61zqfVkqL6B2W1o,b33,33,2,744,plunger,4,A lot
7574,R_61zqfVkqL6B2W1o,b33,33,3,748,shovel,4,A lot
7575,R_61zqfVkqL6B2W1o,b34,34,1,769,man,1,Not at all
7576,R_61zqfVkqL6B2W1o,b35,35,1,794,scissors,5,Completely
7577,R_61zqfVkqL6B2W1o,b38,38,1,856,face,1,Not at all
7578,R_61zqfVkqL6B2W1o,b40,40,1,903,dog,1,Not at all
7579,R_61zqfVkqL6B2W1o,b40,40,2,909,keyhole,1,Not at all
7580,R_61zqfVkqL6B2W1o,b40,40,3,920,sideways lock,3,Moderately
7581,R_61zqfVkqL6B2W1o,b41,41,1,927,coffee mug,5,Completely
7582,R_61zqfVkqL6B2W1o,b42,42,1,971,vertical rectangles,1,Not at all
7583,R_61zqfVkqL6B2W1o,b47,47,1,1103,bridge,1,Not at all
7584,R_61zqfVkqL6B2W1o,b47,47,2,1111,dollar sign,1,Not at all
7585,R_61zqfVkqL6B2W1o,b48,48,1,1132,Drawn Bow,1,Not at all
7586,R_61zqfVkqL6B2W1o,b52,52,1,1219,comb,1,Not at all
7587,R_61zqfVkqL6B2W1o,b53,53,1,1248,keyhole,1,Not at all
7588,R_61zqfVkqL6B2W1o,b53,53,2,1251,musical note,1,Not at all
7589,R_61zqfVkqL6B2W1o,b60,60,1,1380,TV,1,Not at all
7590,R_62QIldiqglWNAIZ,b9,9,1,1439,butterfly antennae,2,A little
7591,R_62QIldiqglWNAIZ,b10,10,1,1446,fork and knife,1,Not at all
7592,R_62QIldiqglWNAIZ,b11,11,1,1455,table fork,5,Completely
7593,R_62QIldiqglWNAIZ,b11,11,2,1456,bug crawling,1,Not at all
7594,R_62QIldiqglWNAIZ,b16,16,1,1498,church bell,1,Not at all
7595,R_62QIldiqglWNAIZ,b17,17,1,1504,manta ray,1,Not at all
7596,R_62QIldiqglWNAIZ,b19,19,1,1530,database,1,Not at all
7597,R_62QIldiqglWNAIZ,b22,22,1,1557,play icon,1,Not at all
7598,R_62QIldiqglWNAIZ,b26,26,1,1592,less-than sign,1,Not at all
7599,R_62QIldiqglWNAIZ,b27,27,1,1604,door frame,2,A little
7600,R_62QIldiqglWNAIZ,b27,27,2,1606,shopping cart,1,Not at all
7601,R_62QIldiqglWNAIZ,b28,28,1,1904,face with eyes,1,Not at all
7602,R_62QIldiqglWNAIZ,b29,29,1,1627,wine glass,2,A little
7603,R_62QIldiqglWNAIZ,b34,34,1,1672,glasses,3,Moderately
7604,R_62QIldiqglWNAIZ,b37,37,1,1691,barbell lollipop,1,Not at all
7605,R_62QIldiqglWNAIZ,b40,40,1,1716,side chair,1,Not at all
7606,R_62QIldiqglWNAIZ,b40,40,2,1723,lock standing sideways,1,Not at all
7607,R_62QIldiqglWNAIZ,b46,46,1,1764,handlebars,1,Not at all
7608,R_62QIldiqglWNAIZ,b46,46,2,1766,eye,1,Not at all
7609,R_62QIldiqglWNAIZ,b48,48,1,1780,T-junction,5,Completely
7610,R_62QIldiqglWNAIZ,b48,48,2,1782,Flagpole sign,1,Not at all
7611,R_62QIldiqglWNAIZ,b50,50,1,1803,stickfigure person,5,Completely
7612,R_62QIldiqglWNAIZ,b53,53,1,1820,hammer,1,Not at all
7613,R_62QIldiqglWNAIZ,b53,53,2,1825,anchor,1,Not at all
7614,R_62QIldiqglWNAIZ,b54,54,1,1829,planted sword,1,Not at all
7615,R_62QIldiqglWNAIZ,b54,54,2,1836,Flag stand,1,Not at all
7616,R_62QIldiqglWNAIZ,b56,56,1,1862,partial clock,5,Completely
7617,R_62QIldiqglWNAIZ,b56,56,2,1865,half k,1,Not at all
7618,R_62QIldiqglWNAIZ,b56,56,3,1866,down Arrow button,2,A little
7619,R_62QIldiqglWNAIZ,b58,58,1,1877,umbrella hook,4,A lot
7620,R_62shOZfRr9TaS2n,b4,4,1,1401,butterfly wings,1,Not at all
7621,R_62shOZfRr9TaS2n,b4,4,2,1402,owl eyes,2,A little
7622,R_62shOZfRr9TaS2n,b5,5,1,1410,pregnant woman,2,A little
7623,R_62shOZfRr9TaS2n,b6,6,1,1416,headphones,2,A little
7624,R_62shOZfRr9TaS2n,b7,7,1,1425,up arrow,4,A lot
7625,R_62shOZfRr9TaS2n,b11,11,1,1453,Stapler silhouette,1,Not at all
7626,R_62shOZfRr9TaS2n,b12,12,1,1465,Floor lamp,2,A little
7627,R_62shOZfRr9TaS2n,b12,12,2,1467,D on stilts,2,A little
7628,R_62shOZfRr9TaS2n,b13,13,1,1471,mushroom cap,1,Not at all
7629,R_62shOZfRr9TaS2n,b13,13,2,1474,padlock,1,Not at all
7630,R_62shOZfRr9TaS2n,b15,15,1,1486,pennant flag,2,A little
7631,R_62shOZfRr9TaS2n,b16,16,1,1494,bell,1,Not at all
7632,R_62shOZfRr9TaS2n,b16,16,2,1498,church bell,1,Not at all
7633,R_62shOZfRr9TaS2n,b19,19,1,1531,Currency symbol,1,Not at all
7634,R_62shOZfRr9TaS2n,b21,21,1,1544,american football,1,Not at all
7635,R_62shOZfRr9TaS2n,b22,22,1,1557,play icon,2,A little
7636,R_62shOZfRr9TaS2n,b27,27,1,1607,door handle,2,A little
7637,R_62shOZfRr9TaS2n,b30,30,1,1632,Bridge support,1,Not at all
7638,R_62shOZfRr9TaS2n,b30,30,2,1639,clock,1,Not at all
7639,R_62shOZfRr9TaS2n,b39,39,1,1704,owl face,2,A little
7640,R_62shOZfRr9TaS2n,b39,39,2,1708,stylized person,2,A little
7641,R_62shOZfRr9TaS2n,b44,44,1,1748,stethoscope,1,Not at all
7642,R_62shOZfRr9TaS2n,b44,44,2,1753,Snake eye,1,Not at all
7643,R_62shOZfRr9TaS2n,b45,45,1,1754,target,1,Not at all
7644,R_62shOZfRr9TaS2n,b49,49,1,1796,evil chibi face,1,Not at all
7645,R_62shOZfRr9TaS2n,b52,52,1,1810,Hammer,1,Not at all
7646,R_62shOZfRr9TaS2n,b53,53,1,1821,hanging lamp,2,A little
7647,R_62shOZfRr9TaS2n,b55,55,1,1842,letter T,1,Not at all
7648,R_62shOZfRr9TaS2n,b56,56,1,1852,lowercase r,1,Not at all
7649,R_62shOZfRr9TaS2n,b59,59,1,1886,upward arrow,4,A lot
7650,R_63WWKeuKittSGWB,b4,4,1,47,butterfly,1,Not at all
7651,R_63WWKeuKittSGWB,b5,5,1,79,scissors,1,Not at all
7652,R_63WWKeuKittSGWB,b10,10,1,150,horse barn,2,A little
7653,R_63WWKeuKittSGWB,b11,11,1,172,fork,4,A lot
7654,R_63WWKeuKittSGWB,b13,13,1,220,monogram,1,Not at all
7655,R_63WWKeuKittSGWB,b13,13,2,231,umbrella,1,Not at all
7656,R_63WWKeuKittSGWB,b17,17,1,317,parachute,3,Moderately
7657,R_63WWKeuKittSGWB,b18,18,1,335,harp,1,Not at all
7658,R_63WWKeuKittSGWB,b19,19,1,372,music note,1,Not at all
7659,R_63WWKeuKittSGWB,b20,20,1,388,Ant,1,Not at all
7660,R_63WWKeuKittSGWB,b20,20,2,411,pulley,1,Not at all
7661,R_63WWKeuKittSGWB,b22,22,1,473,power button,1,Not at all
7662,R_63WWKeuKittSGWB,b27,27,1,592,handle,3,Moderately
7663,R_63WWKeuKittSGWB,b31,31,1,698,umbrella,1,Not at all
7664,R_63WWKeuKittSGWB,b35,35,1,791,nose/eyes,2,A little
7665,R_63WWKeuKittSGWB,b36,36,1,808,peace sign,2,A little
7666,R_63WWKeuKittSGWB,b37,37,1,836,dumbbell,1,Not at all
7667,R_63WWKeuKittSGWB,b40,40,1,903,dog,1,Not at all
7668,R_63WWKeuKittSGWB,b43,43,1,984,keyhole,1,Not at all
7669,R_63WWKeuKittSGWB,b43,43,2,986,musical symbol,1,Not at all
7670,R_63WWKeuKittSGWB,b43,43,3,997,spoon,1,Not at all
7671,R_63WWKeuKittSGWB,b44,44,1,1015,Elephant ears,1,Not at all
7672,R_63WWKeuKittSGWB,b46,46,1,1092,snowman,1,Not at all
7673,R_63WWKeuKittSGWB,b46,46,2,1094,staple remover,1,Not at all
7674,R_63WWKeuKittSGWB,b47,47,1,1105,c clamp,1,Not at all
7675,R_63WWKeuKittSGWB,b47,47,2,1119,Pill,1,Not at all
7676,R_63WWKeuKittSGWB,b51,51,1,1211,Satellite dish,1,Not at all
7677,R_63WWKeuKittSGWB,b58,58,1,1341,fishing hook,1,Not at all
7678,R_63WWKeuKittSGWB,b58,58,2,1344,Motor Boat,1,Not at all
7679,R_63WWKeuKittSGWB,b60,60,1,1371,cube,2,A little
7680,R_64Pi7NjPayxGJ5E,b2,2,1,1388,three-rung ladder,5,Completely
7681,R_64Pi7NjPayxGJ5E,b9,9,1,1439,butterfly antennae,3,Moderately
7682,R_64Pi7NjPayxGJ5E,b14,14,1,1478,pig snout,3,Moderately
7683,R_64Pi7NjPayxGJ5E,b16,16,1,1494,bell,1,Not at all
7684,R_64Pi7NjPayxGJ5E,b16,16,2,1897,map pin,1,Not at all
7685,R_64Pi7NjPayxGJ5E,b17,17,1,1504,manta ray,1,Not at all
7686,R_64Pi7NjPayxGJ5E,b18,18,1,1511,key,1,Not at all
7687,R_64Pi7NjPayxGJ5E,b19,19,1,1518,southeast direction,1,Not at all
7688,R_64Pi7NjPayxGJ5E,b19,19,2,1519,smoking face,1,Not at all
7689,R_64Pi7NjPayxGJ5E,b19,19,3,1522,asclepius rod,1,Not at all
7690,R_64Pi7NjPayxGJ5E,b19,19,4,1526,clothesline,1,Not at all
7691,R_64Pi7NjPayxGJ5E,b20,20,1,1539,stick figure,1,Not at all
7692,R_64Pi7NjPayxGJ5E,b21,21,1,1548,coffee cup,1,Not at all
7693,R_64Pi7NjPayxGJ5E,b22,22,1,1555,ice cream,1,Not at all
7694,R_64Pi7NjPayxGJ5E,b23,23,1,1566,Swirl lollipop,4,A lot
7695,R_64Pi7NjPayxGJ5E,b24,24,1,1570,staple,1,Not at all
7696,R_64Pi7NjPayxGJ5E,b25,25,1,1577,Boot heel,1,Not at all
7697,R_64Pi7NjPayxGJ5E,b26,26,1,1587,stick figure,1,Not at all
7698,R_64Pi7NjPayxGJ5E,b26,26,2,1591,anchor symbol,1,Not at all
7699,R_64Pi7NjPayxGJ5E,b26,26,3,1598,triangle attached to a straight line,5,Completely
7700,R_64Pi7NjPayxGJ5E,b33,33,1,1668,Upsidedown Umbrella,1,Not at all
7701,R_64Pi7NjPayxGJ5E,b35,35,1,1676,owl,2,A little
7702,R_64Pi7NjPayxGJ5E,b36,36,1,1688,Slingshot pole,1,Not at all
7703,R_64Pi7NjPayxGJ5E,b39,39,1,1712,football player with shoulder pads,1,Not at all
7704,R_64Pi7NjPayxGJ5E,b42,42,1,1731,3x3 grid,1,Not at all
7705,R_64Pi7NjPayxGJ5E,b44,44,1,1752,swan neck,1,Not at all
7706,R_64Pi7NjPayxGJ5E,b50,50,1,1802,slingshot upside down,1,Not at all
7707,R_64Pi7NjPayxGJ5E,b53,53,1,1821,hanging lamp,2,A little
7708,R_64Pi7NjPayxGJ5E,b53,53,2,1823,mushroom,1,Not at all
7709,R_64Pi7NjPayxGJ5E,b54,54,1,1837,lowercase f,1,Not at all
7710,R_665qMKolLVvIU3v,b6,6,1,1414,butterfly,1,Not at all
7711,R_665qMKolLVvIU3v,b11,11,1,1453,Stapler silhouette,1,Not at all
7712,R_665qMKolLVvIU3v,b13,13,1,1472,mushroom cloud,2,A little
7713,R_665qMKolLVvIU3v,b15,15,1,1491,square with a diamond in the middle,2,A little
7714,R_665qMKolLVvIU3v,b16,16,1,1501,location pin,2,A little
7715,R_665qMKolLVvIU3v,b19,19,1,1522,asclepius rod,3,Moderately
7716,R_665qMKolLVvIU3v,b20,20,1,1536,teapot lid,2,A little
7717,R_665qMKolLVvIU3v,b24,24,1,1570,staple,1,Not at all
7718,R_665qMKolLVvIU3v,b24,24,2,1575,Pistol,1,Not at all
7719,R_665qMKolLVvIU3v,b27,27,1,1607,door handle,5,Completely
7720,R_665qMKolLVvIU3v,b30,30,1,1640,skeleton key,2,A little
7721,R_665qMKolLVvIU3v,b33,33,1,1659,toilet plunger,5,Completely
7722,R_665qMKolLVvIU3v,b36,36,1,1687,slingshot frame,2,A little
7723,R_665qMKolLVvIU3v,b37,37,1,1694,balloon,2,A little
7724,R_665qMKolLVvIU3v,b37,37,2,1907,3 leaf clover,5,Completely
7725,R_665qMKolLVvIU3v,b39,39,1,1710,club,1,Not at all
7726,R_665qMKolLVvIU3v,b42,42,1,1734,window pane,5,Completely
7727,R_665qMKolLVvIU3v,b50,50,1,1803,stickfigure person,5,Completely
7728,R_665qMKolLVvIU3v,b51,51,1,1807,flag emblem,1,Not at all
7729,R_665qMKolLVvIU3v,b52,52,1,1814,capital F,5,Completely
7730,R_665qMKolLVvIU3v,b52,52,2,1816,inverted T,1,Not at all
7731,R_665qMKolLVvIU3v,b54,54,1,1830,hockey stick,2,A little
7732,R_665qMKolLVvIU3v,b55,55,1,1841,location marker,1,Not at all
7733,R_665qMKolLVvIU3v,b55,55,2,1845,anchor spear,3,Moderately
7734,R_665qMKolLVvIU3v,b55,55,3,1846,christmas tree,1,Not at all
7735,R_665qMKolLVvIU3v,b55,55,4,1911,Capital T,2,A little
7736,R_665qMKolLVvIU3v,b59,59,1,1883,Sword,1,Not at all
7737,R_665qMKolLVvIU3v,b59,59,2,1884,Greek temple,1,Not at all
7738,R_665qMKolLVvIU3v,b59,59,3,1885,up arrow,5,Completely
7739,R_665qMKolLVvIU3v,b59,59,4,1890,Christmas tree,3,Moderately
7740,R_67J1mXTJxIU0YNx,b3,3,1,27,cup,1,Not at all
7741,R_67J1mXTJxIU0YNx,b4,4,1,60,stingray,1,Not at all
7742,R_67J1mXTJxIU0YNx,b8,8,1,126,circle,1,Not at all
7743,R_67J1mXTJxIU0YNx,b10,10,1,156,Rake,2,A little
7744,R_67J1mXTJxIU0YNx,b11,11,1,165,buck teeth,1,Not at all
7745,R_67J1mXTJxIU0YNx,b11,11,2,178,rake,2,A little
7746,R_67J1mXTJxIU0YNx,b14,14,1,251,Music Note,1,Not at all
7747,R_67J1mXTJxIU0YNx,b16,16,1,281,hourglass,1,Not at all
7748,R_67J1mXTJxIU0YNx,b16,16,2,288,pizza slice,2,A little
7749,R_67J1mXTJxIU0YNx,b24,24,1,508,comb,1,Not at all
7750,R_67J1mXTJxIU0YNx,b24,24,2,513,gun barrel,1,Not at all
7751,R_67J1mXTJxIU0YNx,b25,25,1,544,key,1,Not at all
7752,R_67J1mXTJxIU0YNx,b27,27,1,580,book,2,A little
7753,R_67J1mXTJxIU0YNx,b30,30,1,661,Drill,1,Not at all
7754,R_67J1mXTJxIU0YNx,b31,31,1,686,flower,2,A little
7755,R_67J1mXTJxIU0YNx,b32,32,1,699,anchor,1,Not at all
7756,R_67J1mXTJxIU0YNx,b32,32,2,700,chalice,4,A lot
7757,R_67J1mXTJxIU0YNx,b32,32,3,723,umbrella,1,Not at all
7758,R_67J1mXTJxIU0YNx,b33,33,1,733,golf club,1,Not at all
7759,R_67J1mXTJxIU0YNx,b33,33,2,745,pot lid,2,A little
7760,R_67J1mXTJxIU0YNx,b33,33,3,748,shovel,3,Moderately
7761,R_67J1mXTJxIU0YNx,b35,35,1,786,face,2,A little
7762,R_67J1mXTJxIU0YNx,b39,39,1,869,abstract person,2,A little
7763,R_67J1mXTJxIU0YNx,b40,40,1,912,Lighter,1,Not at all
7764,R_67J1mXTJxIU0YNx,b42,42,1,962,ladder,1,Not at all
7765,R_67J1mXTJxIU0YNx,b43,43,1,999,sucker,1,Not at all
7766,R_67J1mXTJxIU0YNx,b46,46,1,1079,human face,1,Not at all
7767,R_67J1mXTJxIU0YNx,b50,50,1,1192,stick person,5,Completely
7768,R_67J1mXTJxIU0YNx,b51,51,1,1198,crest,1,Not at all
7769,R_67J1mXTJxIU0YNx,b52,52,1,1238,triangle,1,Not at all
7770,R_687DHM5qfEw8TG9,b7,7,1,119,umbrella,4,A lot
7771,R_687DHM5qfEw8TG9,b10,10,1,150,horse barn,1,Not at all
7772,R_687DHM5qfEw8TG9,b10,10,2,152,key,2,A little
7773,R_687DHM5qfEw8TG9,b10,10,3,154,Numeral Three,2,A little
7774,R_687DHM5qfEw8TG9,b10,10,4,161,two triangles,1,Not at all
7775,R_687DHM5qfEw8TG9,b12,12,1,185,Butter Churner,1,Not at all
7776,R_687DHM5qfEw8TG9,b12,12,2,198,person,1,Not at all
7777,R_687DHM5qfEw8TG9,b16,16,1,289,shelf bracket,2,A little
7778,R_687DHM5qfEw8TG9,b18,18,1,335,harp,1,Not at all
7779,R_687DHM5qfEw8TG9,b19,19,1,360,circle,1,Not at all
7780,R_687DHM5qfEw8TG9,b19,19,2,372,music note,1,Not at all
7781,R_687DHM5qfEw8TG9,b19,19,3,377,Sd,3,Moderately
7782,R_687DHM5qfEw8TG9,b20,20,1,396,glasses,1,Not at all
7783,R_687DHM5qfEw8TG9,b21,21,1,438,headphones,1,Not at all
7784,R_687DHM5qfEw8TG9,b22,22,1,478,stick figure,2,A little
7785,R_687DHM5qfEw8TG9,b25,25,1,550,Lower H,4,A lot
7786,R_687DHM5qfEw8TG9,b25,25,2,556,pole,2,A little
7787,R_687DHM5qfEw8TG9,b27,27,1,577,barcode,2,A little
7788,R_687DHM5qfEw8TG9,b29,29,1,635,House,1,Not at all
7789,R_687DHM5qfEw8TG9,b31,31,1,684,female symbol,4,A lot
7790,R_687DHM5qfEw8TG9,b33,33,1,732,eye,1,Not at all
7791,R_687DHM5qfEw8TG9,b34,34,1,771,Owl face,3,Moderately
7792,R_687DHM5qfEw8TG9,b35,35,1,790,heart,2,A little
7793,R_687DHM5qfEw8TG9,b35,35,2,791,nose/eyes,4,A lot
7794,R_687DHM5qfEw8TG9,b38,38,1,867,snowman,2,A little
7795,R_687DHM5qfEw8TG9,b39,39,1,881,glasses and nose,1,Not at all
7796,R_687DHM5qfEw8TG9,b43,43,1,1000,Swing,1,Not at all
7797,R_687DHM5qfEw8TG9,b43,43,2,1006,zooming ball,2,A little
7798,R_687DHM5qfEw8TG9,b45,45,1,1061,wheelchair,1,Not at all
7799,R_687DHM5qfEw8TG9,b57,57,1,1327,scissors,2,A little
7800,R_68YvIJRbuJJlh6k,b1,1,1,1,iron bars,3,Moderately
7801,R_68YvIJRbuJJlh6k,b7,7,1,18,arrowhead,2,A little
7802,R_68YvIJRbuJJlh6k,b14,14,1,41,anchor,1,Not at all
7803,R_68YvIJRbuJJlh6k,b14,14,2,43,scoop handle,2,A little
7804,R_68YvIJRbuJJlh6k,b15,15,1,46,diamond shape,1,Not at all
7805,R_68YvIJRbuJJlh6k,b17,17,1,50,fishing hook,1,Not at all
7806,R_68YvIJRbuJJlh6k,b18,18,1,53,bluetooth logo,1,Not at all
7807,R_68YvIJRbuJJlh6k,b20,20,1,63,chess pawn,4,A lot
7808,R_68YvIJRbuJJlh6k,b21,21,1,69,paperclip,2,A little
7809,R_68YvIJRbuJJlh6k,b26,26,1,82,javelin,1,Not at all
7810,R_68YvIJRbuJJlh6k,b27,27,1,87,stapler frame,3,Moderately
7811,R_68YvIJRbuJJlh6k,b29,29,1,92,sailboat,4,A lot
7812,R_68YvIJRbuJJlh6k,b34,34,1,118,double keyhole,2,A little
7813,R_68YvIJRbuJJlh6k,b35,35,1,119,anvil,2,A little
7814,R_68YvIJRbuJJlh6k,b35,35,2,120,twin crown,3,Moderately
7815,R_68YvIJRbuJJlh6k,b39,39,1,129,angel,1,Not at all
7816,R_68YvIJRbuJJlh6k,b39,39,2,131,infinity frame,2,A little
7817,R_68YvIJRbuJJlh6k,b40,40,1,132,door window,3,Moderately
7818,R_68YvIJRbuJJlh6k,b43,43,1,143,curled ribbon,2,A little
7819,R_68YvIJRbuJJlh6k,b43,43,2,145,swing hook,1,Not at all
7820,R_68YvIJRbuJJlh6k,b45,45,1,155,analog clock,4,A lot
7821,R_68YvIJRbuJJlh6k,b45,45,2,157,life buoy,2,A little
7822,R_68YvIJRbuJJlh6k,b46,46,1,160,ionic capital,2,A little
7823,R_68YvIJRbuJJlh6k,b48,48,1,172,t shape,5,Completely
7824,R_68YvIJRbuJJlh6k,b50,50,1,177,balloon man,2,A little
7825,R_68YvIJRbuJJlh6k,b52,52,1,183,parking meter,2,A little
7826,R_68YvIJRbuJJlh6k,b55,55,1,190,radiation symbol,1,Not at all
7827,R_68YvIJRbuJJlh6k,b57,57,1,197,capped diamond,1,Not at all
7828,R_68YvIJRbuJJlh6k,b58,58,1,199,key,1,Not at all
7829,R_68YvIJRbuJJlh6k,b60,60,1,208,house roof,4,A lot
7830,R_69iaNQ5QTGcmd9F,b3,3,1,20,bd,5,Completely
7831,R_69iaNQ5QTGcmd9F,b4,4,1,49,dumbbell,1,Not at all
7832,R_69iaNQ5QTGcmd9F,b6,6,1,86,barbell,1,Not at all
7833,R_69iaNQ5QTGcmd9F,b12,12,1,192,drinking fountain,1,Not at all
7834,R_69iaNQ5QTGcmd9F,b14,14,1,247,headphones,4,A lot
7835,R_69iaNQ5QTGcmd9F,b14,14,2,254,owl face,1,Not at all
7836,R_69iaNQ5QTGcmd9F,b16,16,1,289,shelf bracket,1,Not at all
7837,R_69iaNQ5QTGcmd9F,b18,18,1,347,Pie,1,Not at all
7838,R_69iaNQ5QTGcmd9F,b18,18,2,350,shield,1,Not at all
7839,R_69iaNQ5QTGcmd9F,b19,19,1,366,globe,1,Not at all
7840,R_69iaNQ5QTGcmd9F,b20,20,1,411,pulley,2,A little
7841,R_69iaNQ5QTGcmd9F,b21,21,1,434,pool,1,Not at all
7842,R_69iaNQ5QTGcmd9F,b24,24,1,527,robot claw,1,Not at all
7843,R_69iaNQ5QTGcmd9F,b25,25,1,560,wrench,1,Not at all
7844,R_69iaNQ5QTGcmd9F,b26,26,1,574,sailboat,2,A little
7845,R_69iaNQ5QTGcmd9F,b27,27,1,591,goal post,1,Not at all
7846,R_69iaNQ5QTGcmd9F,b27,27,2,595,parallel lines,1,Not at all
7847,R_69iaNQ5QTGcmd9F,b30,30,1,659,cross,1,Not at all
7848,R_69iaNQ5QTGcmd9F,b30,30,2,662,fish,1,Not at all
7849,R_69iaNQ5QTGcmd9F,b31,31,1,691,snowman,1,Not at all
7850,R_69iaNQ5QTGcmd9F,b32,32,1,716,nine,1,Not at all
7851,R_69iaNQ5QTGcmd9F,b32,32,2,722,tree,1,Not at all
7852,R_69iaNQ5QTGcmd9F,b33,33,1,747,semicircle,1,Not at all
7853,R_69iaNQ5QTGcmd9F,b37,37,1,831,circled triangle,1,Not at all
7854,R_69iaNQ5QTGcmd9F,b38,38,1,862,ice cream cone,1,Not at all
7855,R_69iaNQ5QTGcmd9F,b40,40,1,897,box ear,1,Not at all
7856,R_69iaNQ5QTGcmd9F,b45,45,1,1056,logo,1,Not at all
7857,R_69iaNQ5QTGcmd9F,b49,49,1,1174,Triangle,1,Not at all
7858,R_69iaNQ5QTGcmd9F,b52,52,1,1222,flagpole,1,Not at all
7859,R_69iaNQ5QTGcmd9F,b53,53,1,1242,bell,1,Not at all
7860,R_6ALMr6KCKx0GdDP,b6,6,1,13,round glasses,3,Moderately
7861,R_6ALMr6KCKx0GdDP,b7,7,1,19,h,1,Not at all
7862,R_6ALMr6KCKx0GdDP,b8,8,1,21,binder clip,2,A little
7863,R_6ALMr6KCKx0GdDP,b8,8,2,22,scarab beetle,2,A little
7864,R_6ALMr6KCKx0GdDP,b8,8,3,23,chain link,1,Not at all
7865,R_6ALMr6KCKx0GdDP,b10,10,1,31,candle holder,2,A little
7866,R_6ALMr6KCKx0GdDP,b13,13,1,40,watering can,1,Not at all
7867,R_6ALMr6KCKx0GdDP,b19,19,1,60,safety pin,1,Not at all
7868,R_6ALMr6KCKx0GdDP,b20,20,1,63,chess pawn,2,A little
7869,R_6ALMr6KCKx0GdDP,b20,20,2,64,goblet stand,1,Not at all
7870,R_6ALMr6KCKx0GdDP,b29,29,1,91,key,1,Not at all
7871,R_6ALMr6KCKx0GdDP,b30,30,1,97,door jamb,3,Moderately
7872,R_6ALMr6KCKx0GdDP,b30,30,2,100,capital b,1,Not at all
7873,R_6ALMr6KCKx0GdDP,b31,31,1,104,lollipop stick,4,A lot
7874,R_6ALMr6KCKx0GdDP,b38,38,1,127,flower emblem,2,A little
7875,R_6ALMr6KCKx0GdDP,b39,39,1,128,hot-air balloon,1,Not at all
7876,R_6ALMr6KCKx0GdDP,b40,40,1,132,door window,1,Not at all
7877,R_6ALMr6KCKx0GdDP,b40,40,2,135,mail box,1,Not at all
7878,R_6ALMr6KCKx0GdDP,b42,42,1,142,letter glyph,1,Not at all
7879,R_6ALMr6KCKx0GdDP,b43,43,1,145,swing hook,1,Not at all
7880,R_6ALMr6KCKx0GdDP,b44,44,1,149,cartoon bomb,2,A little
7881,R_6ALMr6KCKx0GdDP,b45,45,1,152,lollipop,1,Not at all
7882,R_6ALMr6KCKx0GdDP,b45,45,2,153,lexus logo,2,A little
7883,R_6ALMr6KCKx0GdDP,b45,45,3,157,life buoy,1,Not at all
7884,R_6ALMr6KCKx0GdDP,b45,45,4,158,doughnut stand,1,Not at all
7885,R_6ALMr6KCKx0GdDP,b48,48,1,172,t shape,5,Completely
7886,R_6ALMr6KCKx0GdDP,b50,50,1,180,lamp post,1,Not at all
7887,R_6ALMr6KCKx0GdDP,b51,51,1,181,circle cradle,1,Not at all
7888,R_6ALMr6KCKx0GdDP,b58,58,1,201,hanger,3,Moderately
7889,R_6ALMr6KCKx0GdDP,b59,59,1,202,ground rod,1,Not at all
7890,R_6C8FMkmUPdmezTJ,b1,1,1,5,train track,4,A lot
7891,R_6C8FMkmUPdmezTJ,b3,3,1,41,umbrella,1,Not at all
7892,R_6C8FMkmUPdmezTJ,b4,4,1,50,eyeglasses,2,A little
7893,R_6C8FMkmUPdmezTJ,b12,12,1,187,church bell,1,Not at all
7894,R_6C8FMkmUPdmezTJ,b12,12,2,201,shovel,3,Moderately
7895,R_6C8FMkmUPdmezTJ,b13,13,1,233,window,1,Not at all
7896,R_6C8FMkmUPdmezTJ,b16,16,1,285,lightbulb,1,Not at all
7897,R_6C8FMkmUPdmezTJ,b16,16,2,295,Volcano,1,Not at all
7898,R_6C8FMkmUPdmezTJ,b21,21,1,426,cup,2,A little
7899,R_6C8FMkmUPdmezTJ,b24,24,1,523,pipe fitting,4,A lot
7900,R_6C8FMkmUPdmezTJ,b26,26,1,565,carat stem,1,Not at all
7901,R_6C8FMkmUPdmezTJ,b27,27,1,587,door,5,Completely
7902,R_6C8FMkmUPdmezTJ,b30,30,1,671,plug,3,Moderately
7903,R_6C8FMkmUPdmezTJ,b31,31,1,692,speaker,1,Not at all
7904,R_6C8FMkmUPdmezTJ,b32,32,1,714,martini glass,4,A lot
7905,R_6C8FMkmUPdmezTJ,b34,34,1,757,bow,5,Completely
7906,R_6C8FMkmUPdmezTJ,b37,37,1,825,balloons,5,Completely
7907,R_6C8FMkmUPdmezTJ,b38,38,1,857,flower bouquet,3,Moderately
7908,R_6C8FMkmUPdmezTJ,b39,39,1,874,butterfly,1,Not at all
7909,R_6C8FMkmUPdmezTJ,b43,43,1,977,cat,1,Not at all
7910,R_6C8FMkmUPdmezTJ,b46,46,1,1065,bridge,1,Not at all
7911,R_6C8FMkmUPdmezTJ,b46,46,2,1074,Grenade,4,A lot
7912,R_6C8FMkmUPdmezTJ,b47,47,1,1099,anchor,1,Not at all
7913,R_6C8FMkmUPdmezTJ,b47,47,2,1128,Wings,1,Not at all
7914,R_6C8FMkmUPdmezTJ,b52,52,1,1225,letter F,5,Completely
7915,R_6C8FMkmUPdmezTJ,b52,52,2,1226,letter T,1,Not at all
7916,R_6C8FMkmUPdmezTJ,b52,52,3,1232,signpost,4,A lot
7917,R_6C8FMkmUPdmezTJ,b53,53,1,1244,desk lamp,1,Not at all
7918,R_6C8FMkmUPdmezTJ,b55,55,1,1279,anchor,1,Not at all
7919,R_6C8FMkmUPdmezTJ,b57,57,1,1338,Zorro symbol,3,Moderately
7920,R_6CCqjoSyBPHAt6t,b5,5,1,74,joined letters,5,Completely
7921,R_6CCqjoSyBPHAt6t,b7,7,1,112,spear,4,A lot
7922,R_6CCqjoSyBPHAt6t,b10,10,1,146,cyrillic letter,4,A lot
7923,R_6CCqjoSyBPHAt6t,b11,11,1,177,pitchfork,5,Completely
7924,R_6CCqjoSyBPHAt6t,b11,11,2,180,table,1,Not at all
7925,R_6CCqjoSyBPHAt6t,b12,12,1,184,buoy,1,Not at all
7926,R_6CCqjoSyBPHAt6t,b13,13,1,229,tear drop,1,Not at all
7927,R_6CCqjoSyBPHAt6t,b13,13,2,232,upended umbrella,2,A little
7928,R_6CCqjoSyBPHAt6t,b16,16,1,285,lightbulb,5,Completely
7929,R_6CCqjoSyBPHAt6t,b18,18,1,329,cone,3,Moderately
7930,R_6CCqjoSyBPHAt6t,b19,19,1,375,s-hook,2,A little
7931,R_6CCqjoSyBPHAt6t,b21,21,1,426,cup,1,Not at all
7932,R_6CCqjoSyBPHAt6t,b23,23,1,501,weathervane,1,Not at all
7933,R_6CCqjoSyBPHAt6t,b25,25,1,548,letter J,1,Not at all
7934,R_6CCqjoSyBPHAt6t,b27,27,1,581,bookshelf,1,Not at all
7935,R_6CCqjoSyBPHAt6t,b28,28,1,611,glasses,4,A lot
7936,R_6CCqjoSyBPHAt6t,b30,30,1,650,basket,1,Not at all
7937,R_6CCqjoSyBPHAt6t,b32,32,1,718,spatula,1,Not at all
7938,R_6CCqjoSyBPHAt6t,b35,35,1,788,glasses,2,A little
7939,R_6CCqjoSyBPHAt6t,b37,37,1,822,anchor,1,Not at all
7940,R_6CCqjoSyBPHAt6t,b42,42,1,973,window,5,Completely
7941,R_6CCqjoSyBPHAt6t,b46,46,1,1076,heart,1,Not at all
7942,R_6CCqjoSyBPHAt6t,b47,47,1,1120,pulley,1,Not at all
7943,R_6CCqjoSyBPHAt6t,b47,47,2,1121,scissors,1,Not at all
7944,R_6CCqjoSyBPHAt6t,b49,49,1,1163,Cherries,1,Not at all
7945,R_6CCqjoSyBPHAt6t,b52,52,1,1235,step stool,1,Not at all
7946,R_6CCqjoSyBPHAt6t,b57,57,1,1324,kite,4,A lot
7947,R_6CCqjoSyBPHAt6t,b57,57,2,1326,railroad crossing,1,Not at all
7948,R_6CCqjoSyBPHAt6t,b58,58,1,1349,umbrella,5,Completely
7949,R_6CCqjoSyBPHAt6t,b59,59,1,1362,rhombus,1,Not at all
7950,R_6E0dA3I1QyxJkXf,b4,4,1,58,pulley,1,Not at all
7951,R_6E0dA3I1QyxJkXf,b5,5,1,73,handcuffs,1,Not at all
7952,R_6E0dA3I1QyxJkXf,b9,9,1,140,candlestick,1,Not at all
7953,R_6E0dA3I1QyxJkXf,b11,11,1,172,fork,5,Completely
7954,R_6E0dA3I1QyxJkXf,b13,13,1,224,Scale,1,Not at all
7955,R_6E0dA3I1QyxJkXf,b21,21,1,425,Crane,1,Not at all
7956,R_6E0dA3I1QyxJkXf,b23,23,1,499,superman logo,3,Moderately
7957,R_6E0dA3I1QyxJkXf,b27,27,1,585,Cubes,2,A little
7958,R_6E0dA3I1QyxJkXf,b28,28,1,609,eyes,3,Moderately
7959,R_6E0dA3I1QyxJkXf,b33,33,1,729,church steeple,2,A little
7960,R_6E0dA3I1QyxJkXf,b34,34,1,768,infinity symbol,3,Moderately
7961,R_6E0dA3I1QyxJkXf,b36,36,1,816,tree branch,2,A little
7962,R_6E0dA3I1QyxJkXf,b36,36,2,821,volcano,3,Moderately
7963,R_6E0dA3I1QyxJkXf,b37,37,1,844,information icon,1,Not at all
7964,R_6E0dA3I1QyxJkXf,b38,38,1,858,fruit basket,2,A little
7965,R_6E0dA3I1QyxJkXf,b39,39,1,885,infinity symbol,2,A little
7966,R_6E0dA3I1QyxJkXf,b39,39,2,888,person's torso,2,A little
7967,R_6E0dA3I1QyxJkXf,b43,43,1,1000,Swing,1,Not at all
7968,R_6E0dA3I1QyxJkXf,b44,44,1,1017,hanger,2,A little
7969,R_6E0dA3I1QyxJkXf,b44,44,2,1036,small kite,3,Moderately
7970,R_6E0dA3I1QyxJkXf,b44,44,3,1043,sword,1,Not at all
7971,R_6E0dA3I1QyxJkXf,b45,45,1,1057,lottery ball,1,Not at all
7972,R_6E0dA3I1QyxJkXf,b46,46,1,1091,Prize Ribbon,1,Not at all
7973,R_6E0dA3I1QyxJkXf,b48,48,1,1131,anchor,2,A little
7974,R_6E0dA3I1QyxJkXf,b48,48,2,1140,letter E,1,Not at all
7975,R_6E0dA3I1QyxJkXf,b48,48,3,1148,square,1,Not at all
7976,R_6E0dA3I1QyxJkXf,b50,50,1,1178,candelabra,1,Not at all
7977,R_6E0dA3I1QyxJkXf,b51,51,1,1206,plant,1,Not at all
7978,R_6E0dA3I1QyxJkXf,b55,55,1,1292,Tree,3,Moderately
7979,R_6E0dA3I1QyxJkXf,b59,59,1,1367,tripod,2,A little
7980,R_6EFlbahAip9DqN0,b3,3,1,1394,butterfly wings,1,Not at all
7981,R_6EFlbahAip9DqN0,b4,4,1,1403,eyeglass,2,A little
7982,R_6EFlbahAip9DqN0,b5,5,1,1409,barbell weight,1,Not at all
7983,R_6EFlbahAip9DqN0,b7,7,1,1426,wow,1,Not at all
7984,R_6EFlbahAip9DqN0,b11,11,1,1455,table fork,2,A little
7985,R_6EFlbahAip9DqN0,b11,11,2,1456,bug crawling,1,Not at all
7986,R_6EFlbahAip9DqN0,b13,13,1,1472,mushroom cloud,1,Not at all
7987,R_6EFlbahAip9DqN0,b15,15,1,1491,square with a diamond in the middle,1,Not at all
7988,R_6EFlbahAip9DqN0,b16,16,1,1493,funnel,2,A little
7989,R_6EFlbahAip9DqN0,b16,16,2,1499,Trophy cup,1,Not at all
7990,R_6EFlbahAip9DqN0,b20,20,1,1537,user icon,2,A little
7991,R_6EFlbahAip9DqN0,b25,25,1,1578,Tuning fork,2,A little
7992,R_6EFlbahAip9DqN0,b26,26,1,1596,axe,2,A little
7993,R_6EFlbahAip9DqN0,b27,27,1,1604,door frame,4,A lot
7994,R_6EFlbahAip9DqN0,b28,28,1,1613,butterfly,1,Not at all
7995,R_6EFlbahAip9DqN0,b30,30,1,1630,keyhole,1,Not at all
7996,R_6EFlbahAip9DqN0,b30,30,2,1638,trident fork,1,Not at all
7997,R_6EFlbahAip9DqN0,b33,33,1,1659,toilet plunger,2,A little
7998,R_6EFlbahAip9DqN0,b34,34,1,1673,butterfly mask,1,Not at all
7999,R_6EFlbahAip9DqN0,b36,36,1,1683,downward arrow,2,A little
8000,R_6EFlbahAip9DqN0,b38,38,1,1695,owl face,1,Not at all
8001,R_6EFlbahAip9DqN0,b39,39,1,1710,club,1,Not at all
8002,R_6EFlbahAip9DqN0,b42,42,1,1733,hash symbol,1,Not at all
8003,R_6EFlbahAip9DqN0,b44,44,1,1748,stethoscope,1,Not at all
8004,R_6EFlbahAip9DqN0,b45,45,1,1761,padlock,1,Not at all
8005,R_6EFlbahAip9DqN0,b49,49,1,1789,spade,1,Not at all
8006,R_6EFlbahAip9DqN0,b51,51,1,1806,tripod camera,2,A little
8007,R_6EFlbahAip9DqN0,b53,53,1,1827,pistol,1,Not at all
8008,R_6EFlbahAip9DqN0,b54,54,1,1834,flag key,3,Moderately
8009,R_6EFlbahAip9DqN0,b58,58,1,1877,umbrella hook,3,Moderately
8010,R_6EOhXLaDJ46A0tb,b5,5,1,1408,binoculars,1,Not at all
8011,R_6EOhXLaDJ46A0tb,b6,6,1,1414,butterfly,1,Not at all
8012,R_6EOhXLaDJ46A0tb,b10,10,1,1444,Cyrillic letter,2,A little
8013,R_6EOhXLaDJ46A0tb,b14,14,1,1478,pig snout,1,Not at all
8014,R_6EOhXLaDJ46A0tb,b15,15,1,1489,Square bucket,4,A lot
8015,R_6EOhXLaDJ46A0tb,b16,16,1,1493,funnel,2,A little
8016,R_6EOhXLaDJ46A0tb,b19,19,1,1531,Currency symbol,1,Not at all
8017,R_6EOhXLaDJ46A0tb,b21,21,1,1550,sideways headphones,1,Not at all
8018,R_6EOhXLaDJ46A0tb,b22,22,1,1562,cartoon image,1,Not at all
8019,R_6EOhXLaDJ46A0tb,b24,24,1,1571,jib crane,3,Moderately
8020,R_6EOhXLaDJ46A0tb,b26,26,1,1597,coat hanger,1,Not at all
8021,R_6EOhXLaDJ46A0tb,b28,28,1,1616,barbell weight,1,Not at all
8022,R_6EOhXLaDJ46A0tb,b29,29,1,1628,hard drive,1,Not at all
8023,R_6EOhXLaDJ46A0tb,b30,30,1,1630,keyhole,1,Not at all
8024,R_6EOhXLaDJ46A0tb,b30,30,2,1632,Bridge support,1,Not at all
8025,R_6EOhXLaDJ46A0tb,b33,33,1,1661,capitol dome,1,Not at all
8026,R_6EOhXLaDJ46A0tb,b33,33,2,1664,service bell,2,A little
8027,R_6EOhXLaDJ46A0tb,b33,33,3,1668,Upsidedown Umbrella,1,Not at all
8028,R_6EOhXLaDJ46A0tb,b34,34,1,1671,owl,1,Not at all
8029,R_6EOhXLaDJ46A0tb,b35,35,1,1678,bikini top,1,Not at all
8030,R_6EOhXLaDJ46A0tb,b39,39,1,1712,football player with shoulder pads,1,Not at all
8031,R_6EOhXLaDJ46A0tb,b40,40,1,1716,side chair,3,Moderately
8032,R_6EOhXLaDJ46A0tb,b41,41,1,1725,pipe,1,Not at all
8033,R_6EOhXLaDJ46A0tb,b43,43,1,1743,snake charmer,1,Not at all
8034,R_6EOhXLaDJ46A0tb,b44,44,1,1752,swan neck,1,Not at all
8035,R_6EOhXLaDJ46A0tb,b47,47,1,1774,egyptian eye,1,Not at all
8036,R_6EOhXLaDJ46A0tb,b54,54,1,1833,magnifying glass,1,Not at all
8037,R_6EOhXLaDJ46A0tb,b55,55,1,1841,location marker,4,A lot
8038,R_6EOhXLaDJ46A0tb,b55,55,2,1851,Direction toward a T junction,2,A little
8039,R_6EOhXLaDJ46A0tb,b56,56,1,1868,circle with a V towards the top,3,Moderately
8040,R_6EXc5C4dkWE8W90,b1,1,1,6,two squares,3,Moderately
8041,R_6EXc5C4dkWE8W90,b3,3,1,26,Circles,2,A little
8042,R_6EXc5C4dkWE8W90,b3,3,2,40,spectacles,3,Moderately
8043,R_6EXc5C4dkWE8W90,b11,11,1,169,cubes,1,Not at all
8044,R_6EXc5C4dkWE8W90,b14,14,1,245,Flower,1,Not at all
8045,R_6EXc5C4dkWE8W90,b15,15,1,265,house,3,Moderately
8046,R_6EXc5C4dkWE8W90,b17,17,1,300,chalice,2,A little
8047,R_6EXc5C4dkWE8W90,b17,17,2,325,wine glass,2,A little
8048,R_6EXc5C4dkWE8W90,b18,18,1,346,Pencil,2,A little
8049,R_6EXc5C4dkWE8W90,b19,19,1,366,globe,1,Not at all
8050,R_6EXc5C4dkWE8W90,b19,19,2,385,USD symbol,2,A little
8051,R_6EXc5C4dkWE8W90,b19,19,3,387,ying yang,2,A little
8052,R_6EXc5C4dkWE8W90,b23,23,1,486,dollar sign,1,Not at all
8053,R_6EXc5C4dkWE8W90,b23,23,2,493,microphone,2,A little
8054,R_6EXc5C4dkWE8W90,b27,27,1,590,gate latch,2,A little
8055,R_6EXc5C4dkWE8W90,b28,28,1,610,face,1,Not at all
8056,R_6EXc5C4dkWE8W90,b30,30,1,674,train,2,A little
8057,R_6EXc5C4dkWE8W90,b31,31,1,697,tuning fork,2,A little
8058,R_6EXc5C4dkWE8W90,b34,34,1,757,bow,4,A lot
8059,R_6EXc5C4dkWE8W90,b35,35,1,785,eyes nose,2,A little
8060,R_6EXc5C4dkWE8W90,b38,38,1,853,butterfly,1,Not at all
8061,R_6EXc5C4dkWE8W90,b39,39,1,890,scissors,2,A little
8062,R_6EXc5C4dkWE8W90,b44,44,1,1035,Semicircle,1,Not at all
8063,R_6EXc5C4dkWE8W90,b44,44,2,1038,snake,2,A little
8064,R_6EXc5C4dkWE8W90,b45,45,1,1055,lobby button,2,A little
8065,R_6EXc5C4dkWE8W90,b45,45,2,1059,person,1,Not at all
8066,R_6EXc5C4dkWE8W90,b46,46,1,1090,port,1,Not at all
8067,R_6EXc5C4dkWE8W90,b50,50,1,1185,Key,2,A little
8068,R_6EXc5C4dkWE8W90,b52,52,1,1237,toothbrush,1,Not at all
8069,R_6EXc5C4dkWE8W90,b54,54,1,1264,butterfly,2,A little
8070,R_6Eczf4s7nw4Yu5U,b3,3,1,20,bd,5,Completely
8071,R_6Eczf4s7nw4Yu5U,b14,14,1,258,toilet,1,Not at all
8072,R_6Eczf4s7nw4Yu5U,b15,15,1,260,bucket,1,Not at all
8073,R_6Eczf4s7nw4Yu5U,b15,15,2,264,honeycomb,5,Completely
8074,R_6Eczf4s7nw4Yu5U,b20,20,1,388,Ant,3,Moderately
8075,R_6Eczf4s7nw4Yu5U,b20,20,2,399,hill,1,Not at all
8076,R_6Eczf4s7nw4Yu5U,b20,20,3,418,Vessel,1,Not at all
8077,R_6Eczf4s7nw4Yu5U,b22,22,1,457,duck beak,3,Moderately
8078,R_6Eczf4s7nw4Yu5U,b22,22,2,468,Math symbol,1,Not at all
8079,R_6Eczf4s7nw4Yu5U,b23,23,1,480,anchor,3,Moderately
8080,R_6Eczf4s7nw4Yu5U,b24,24,1,505,Baketball hoop,4,A lot
8081,R_6Eczf4s7nw4Yu5U,b24,24,2,530,Thread holder,2,A little
8082,R_6Eczf4s7nw4Yu5U,b27,27,1,600,Ruler,1,Not at all
8083,R_6Eczf4s7nw4Yu5U,b30,30,1,670,person,1,Not at all
8084,R_6Eczf4s7nw4Yu5U,b33,33,1,742,pan cover,3,Moderately
8085,R_6Eczf4s7nw4Yu5U,b36,36,1,815,Teepee,3,Moderately
8086,R_6Eczf4s7nw4Yu5U,b36,36,2,817,tree diagram,3,Moderately
8087,R_6Eczf4s7nw4Yu5U,b39,39,1,882,Hourglass,1,Not at all
8088,R_6Eczf4s7nw4Yu5U,b40,40,1,902,cup,4,A lot
8089,R_6Eczf4s7nw4Yu5U,b41,41,1,924,boat,1,Not at all
8090,R_6Eczf4s7nw4Yu5U,b43,43,1,985,lollipop,1,Not at all
8091,R_6Eczf4s7nw4Yu5U,b46,46,1,1069,Circle,3,Moderately
8092,R_6Eczf4s7nw4Yu5U,b46,46,2,1079,human face,3,Moderately
8093,R_6Eczf4s7nw4Yu5U,b50,50,1,1196,wine glass,1,Not at all
8094,R_6Eczf4s7nw4Yu5U,b55,55,1,1287,martini glass,5,Completely
8095,R_6Eczf4s7nw4Yu5U,b56,56,1,1312,registered trademark,2,A little
8096,R_6Eczf4s7nw4Yu5U,b58,58,1,1340,elephant trunk,4,A lot
8097,R_6Eczf4s7nw4Yu5U,b59,59,1,1350,Angle,4,A lot
8098,R_6Eczf4s7nw4Yu5U,b59,59,2,1368,vortex,4,A lot
8099,R_6Eczf4s7nw4Yu5U,b60,60,1,1373,envelope,2,A little
8100,R_6Eq6H5PIrt7x73P,b4,4,1,9,bow tie,1,Not at all
8101,R_6Eq6H5PIrt7x73P,b5,5,1,10,greek beta,2,A little
8102,R_6Eq6H5PIrt7x73P,b5,5,2,11,handshake,2,A little
8103,R_6Eq6H5PIrt7x73P,b7,7,1,20,double‑headed arrow,1,Not at all
8104,R_6Eq6H5PIrt7x73P,b8,8,1,23,chain link,2,A little
8105,R_6Eq6H5PIrt7x73P,b14,14,1,42,fish hook,1,Not at all
8106,R_6Eq6H5PIrt7x73P,b16,16,1,48,tent shelter,1,Not at all
8107,R_6Eq6H5PIrt7x73P,b17,17,1,51,teardrop,2,A little
8108,R_6Eq6H5PIrt7x73P,b19,19,1,59,spacer bar,1,Not at all
8109,R_6Eq6H5PIrt7x73P,b21,21,1,67,skeleton key,1,Not at all
8110,R_6Eq6H5PIrt7x73P,b27,27,1,86,open frame,1,Not at all
8111,R_6Eq6H5PIrt7x73P,b28,28,1,88,spectacle temples,3,Moderately
8112,R_6Eq6H5PIrt7x73P,b29,29,1,91,key,2,A little
8113,R_6Eq6H5PIrt7x73P,b29,29,2,95,b,1,Not at all
8114,R_6Eq6H5PIrt7x73P,b30,30,1,98,beer mug,1,Not at all
8115,R_6Eq6H5PIrt7x73P,b33,33,1,109,bumper car,2,A little
8116,R_6Eq6H5PIrt7x73P,b33,33,2,110,spoon cup,1,Not at all
8117,R_6Eq6H5PIrt7x73P,b34,34,1,118,double keyhole,1,Not at all
8118,R_6Eq6H5PIrt7x73P,b38,38,1,125,stacking toy,3,Moderately
8119,R_6Eq6H5PIrt7x73P,b38,38,2,126,crown jewel,2,A little
8120,R_6Eq6H5PIrt7x73P,b39,39,1,128,hot-air balloon,1,Not at all
8121,R_6Eq6H5PIrt7x73P,b41,41,1,136,door handle,1,Not at all
8122,R_6Eq6H5PIrt7x73P,b42,42,1,139,plus sign,3,Moderately
8123,R_6Eq6H5PIrt7x73P,b42,42,2,142,letter glyph,1,Not at all
8124,R_6Eq6H5PIrt7x73P,b43,43,1,147,greek phi,1,Not at all
8125,R_6Eq6H5PIrt7x73P,b46,46,1,163,shattered pact,1,Not at all
8126,R_6Eq6H5PIrt7x73P,b48,48,1,171,crosshairs,1,Not at all
8127,R_6Eq6H5PIrt7x73P,b50,50,1,177,balloon man,1,Not at all
8128,R_6Eq6H5PIrt7x73P,b53,53,1,185,cradle snapped,1,Not at all
8129,R_6Eq6H5PIrt7x73P,b56,56,1,192,drawer pull,1,Not at all
8130,R_6GPoNegx7wAZNhJ,b5,5,1,78,pulley,1,Not at all
8131,R_6GPoNegx7wAZNhJ,b7,7,1,110,rocket exhaust,4,A lot
8132,R_6GPoNegx7wAZNhJ,b8,8,1,127,coat rack,1,Not at all
8133,R_6GPoNegx7wAZNhJ,b11,11,1,181,trident,5,Completely
8134,R_6GPoNegx7wAZNhJ,b13,13,1,218,magnifying glass,1,Not at all
8135,R_6GPoNegx7wAZNhJ,b17,17,1,308,guitar pick,3,Moderately
8136,R_6GPoNegx7wAZNhJ,b19,19,1,382,teapot,1,Not at all
8137,R_6GPoNegx7wAZNhJ,b21,21,1,421,Boat,1,Not at all
8138,R_6GPoNegx7wAZNhJ,b22,22,1,451,Audio Symbol,2,A little
8139,R_6GPoNegx7wAZNhJ,b22,22,2,460,Flag,1,Not at all
8140,R_6GPoNegx7wAZNhJ,b23,23,1,496,staff,2,A little
8141,R_6GPoNegx7wAZNhJ,b24,24,1,509,comb,1,Not at all
8142,R_6GPoNegx7wAZNhJ,b24,24,2,516,inverted chair,1,Not at all
8143,R_6GPoNegx7wAZNhJ,b24,24,3,530,Thread holder,2,A little
8144,R_6GPoNegx7wAZNhJ,b25,25,1,557,stick,1,Not at all
8145,R_6GPoNegx7wAZNhJ,b27,27,1,593,ladder,1,Not at all
8146,R_6GPoNegx7wAZNhJ,b29,29,1,620,Anchor,4,A lot
8147,R_6GPoNegx7wAZNhJ,b29,29,2,628,chalice,3,Moderately
8148,R_6GPoNegx7wAZNhJ,b30,30,1,665,goal post,3,Moderately
8149,R_6GPoNegx7wAZNhJ,b30,30,2,667,hinge,1,Not at all
8150,R_6GPoNegx7wAZNhJ,b38,38,1,867,snowman,1,Not at all
8151,R_6GPoNegx7wAZNhJ,b39,39,1,889,pulley,2,A little
8152,R_6GPoNegx7wAZNhJ,b41,41,1,928,cup,5,Completely
8153,R_6GPoNegx7wAZNhJ,b44,44,1,1024,ladybug,1,Not at all
8154,R_6GPoNegx7wAZNhJ,b46,46,1,1064,Bride,2,A little
8155,R_6GPoNegx7wAZNhJ,b50,50,1,1184,human sketch,5,Completely
8156,R_6GPoNegx7wAZNhJ,b52,52,1,1237,toothbrush,1,Not at all
8157,R_6GPoNegx7wAZNhJ,b53,53,1,1249,lightening bolt,1,Not at all
8158,R_6GPoNegx7wAZNhJ,b55,55,1,1293,Tulip,3,Moderately
8159,R_6GPoNegx7wAZNhJ,b58,58,1,1345,musical clef,2,A little
8160,R_6GeNWc4krYPVxYc,b3,3,1,37,poll,1,Not at all
8161,R_6GeNWc4krYPVxYc,b6,6,1,90,bra,3,Moderately
8162,R_6GeNWc4krYPVxYc,b11,11,1,178,rake,5,Completely
8163,R_6GeNWc4krYPVxYc,b11,11,2,182,two squares,1,Not at all
8164,R_6GeNWc4krYPVxYc,b12,12,1,186,chalice,4,A lot
8165,R_6GeNWc4krYPVxYc,b14,14,1,240,crab claw,3,Moderately
8166,R_6GeNWc4krYPVxYc,b17,17,1,315,lantern,1,Not at all
8167,R_6GeNWc4krYPVxYc,b19,19,1,373,oval,1,Not at all
8168,R_6GeNWc4krYPVxYc,b20,20,1,414,snowman,2,A little
8169,R_6GeNWc4krYPVxYc,b21,21,1,436,lollipop stand,1,Not at all
8170,R_6GeNWc4krYPVxYc,b22,22,1,458,face,1,Not at all
8171,R_6GeNWc4krYPVxYc,b23,23,1,480,anchor,1,Not at all
8172,R_6GeNWc4krYPVxYc,b23,23,2,496,staff,1,Not at all
8173,R_6GeNWc4krYPVxYc,b24,24,1,522,Pie symbol,1,Not at all
8174,R_6GeNWc4krYPVxYc,b25,25,1,548,letter J,2,A little
8175,R_6GeNWc4krYPVxYc,b25,25,2,549,letter T,1,Not at all
8176,R_6GeNWc4krYPVxYc,b26,26,1,568,flag,5,Completely
8177,R_6GeNWc4krYPVxYc,b28,28,1,612,handcuffs,2,A little
8178,R_6GeNWc4krYPVxYc,b30,30,1,653,Boat,2,A little
8179,R_6GeNWc4krYPVxYc,b35,35,1,775,balloon pair,3,Moderately
8180,R_6GeNWc4krYPVxYc,b35,35,2,781,cat face,1,Not at all
8181,R_6GeNWc4krYPVxYc,b35,35,3,784,cone,1,Not at all
8182,R_6GeNWc4krYPVxYc,b35,35,4,787,film camera,3,Moderately
8183,R_6GeNWc4krYPVxYc,b37,37,1,835,dragonfly,3,Moderately
8184,R_6GeNWc4krYPVxYc,b40,40,1,918,pouch,2,A little
8185,R_6GeNWc4krYPVxYc,b41,41,1,929,directional marker right,3,Moderately
8186,R_6GeNWc4krYPVxYc,b45,45,1,1045,balloon,1,Not at all
8187,R_6GeNWc4krYPVxYc,b46,46,1,1071,clover,2,A little
8188,R_6GeNWc4krYPVxYc,b46,46,2,1077,heart,1,Not at all
8189,R_6GeNWc4krYPVxYc,b53,53,1,1242,bell,1,Not at all
8190,R_6H1XdI0phqZjfr8,b3,3,1,20,bd,5,Completely
8191,R_6H1XdI0phqZjfr8,b5,5,1,63,bd,5,Completely
8192,R_6H1XdI0phqZjfr8,b13,13,1,228,stapler,1,Not at all
8193,R_6H1XdI0phqZjfr8,b14,14,1,241,dior,2,A little
8194,R_6H1XdI0phqZjfr8,b19,19,1,378,Sphere,1,Not at all
8195,R_6H1XdI0phqZjfr8,b22,22,1,450,Angle,1,Not at all
8196,R_6H1XdI0phqZjfr8,b24,24,1,532,tuning fork,4,A lot
8197,R_6H1XdI0phqZjfr8,b25,25,1,553,number 7,1,Not at all
8198,R_6H1XdI0phqZjfr8,b29,29,1,643,spade,2,A little
8199,R_6H1XdI0phqZjfr8,b29,29,2,644,stool,1,Not at all
8200,R_6H1XdI0phqZjfr8,b30,30,1,663,fish bone,2,A little
8201,R_6H1XdI0phqZjfr8,b31,31,1,687,lollipop,2,A little
8202,R_6H1XdI0phqZjfr8,b32,32,1,715,mushroom,1,Not at all
8203,R_6H1XdI0phqZjfr8,b32,32,2,720,table,1,Not at all
8204,R_6H1XdI0phqZjfr8,b33,33,1,754,umbrella,1,Not at all
8205,R_6H1XdI0phqZjfr8,b38,38,1,861,ice cream,2,A little
8206,R_6H1XdI0phqZjfr8,b39,39,1,873,bucket,1,Not at all
8207,R_6H1XdI0phqZjfr8,b39,39,2,882,Hourglass,1,Not at all
8208,R_6H1XdI0phqZjfr8,b40,40,1,921,Toilet,2,A little
8209,R_6H1XdI0phqZjfr8,b42,42,1,961,hashtag,1,Not at all
8210,R_6H1XdI0phqZjfr8,b44,44,1,1034,question mrk,1,Not at all
8211,R_6H1XdI0phqZjfr8,b46,46,1,1063,arch,1,Not at all
8212,R_6H1XdI0phqZjfr8,b47,47,1,1122,snail,2,A little
8213,R_6H1XdI0phqZjfr8,b49,49,1,1166,ice cream,1,Not at all
8214,R_6H1XdI0phqZjfr8,b50,50,1,1177,Broom,1,Not at all
8215,R_6H1XdI0phqZjfr8,b53,53,1,1251,musical note,1,Not at all
8216,R_6H1XdI0phqZjfr8,b56,56,1,1309,pie chart,3,Moderately
8217,R_6H1XdI0phqZjfr8,b57,57,1,1336,window,1,Not at all
8218,R_6H1XdI0phqZjfr8,b58,58,1,1347,Radius,1,Not at all
8219,R_6H1XdI0phqZjfr8,b60,60,1,1369,box cone,2,A little
8220,R_6IdfO1QwcFbE9FE,b3,3,1,1391,Handlebar mustache,1,Not at all
8221,R_6IdfO1QwcFbE9FE,b5,5,1,1407,goggles,2,A little
8222,R_6IdfO1QwcFbE9FE,b6,6,1,1416,headphones,2,A little
8223,R_6IdfO1QwcFbE9FE,b9,9,1,1440,Four-leaf clover,2,A little
8224,R_6IdfO1QwcFbE9FE,b10,10,1,1443,comb teeth,1,Not at all
8225,R_6IdfO1QwcFbE9FE,b11,11,1,1455,table fork,4,A lot
8226,R_6IdfO1QwcFbE9FE,b15,15,1,1491,square with a diamond in the middle,1,Not at all
8227,R_6IdfO1QwcFbE9FE,b16,16,1,1497,ice-cream cone,5,Completely
8228,R_6IdfO1QwcFbE9FE,b19,19,1,1519,smoking face,1,Not at all
8229,R_6IdfO1QwcFbE9FE,b21,21,1,1552,padlock,2,A little
8230,R_6IdfO1QwcFbE9FE,b24,24,1,1572,periscope,1,Not at all
8231,R_6IdfO1QwcFbE9FE,b24,24,2,1573,block H,2,A little
8232,R_6IdfO1QwcFbE9FE,b24,24,3,1575,Pistol,1,Not at all
8233,R_6IdfO1QwcFbE9FE,b26,26,1,1588,Letter F,2,A little
8234,R_6IdfO1QwcFbE9FE,b27,27,1,1599,window frame,3,Moderately
8235,R_6IdfO1QwcFbE9FE,b28,28,1,1904,face with eyes,2,A little
8236,R_6IdfO1QwcFbE9FE,b29,29,1,1625,stethoscope symbol,2,A little
8237,R_6IdfO1QwcFbE9FE,b30,30,1,1644,fence,1,Not at all
8238,R_6IdfO1QwcFbE9FE,b32,32,1,1652,mushroom cap,1,Not at all
8239,R_6IdfO1QwcFbE9FE,b37,37,1,1907,3 leaf clover,3,Moderately
8240,R_6IdfO1QwcFbE9FE,b38,38,1,1696,club suit,1,Not at all
8241,R_6IdfO1QwcFbE9FE,b38,38,2,1703,Flower,1,Not at all
8242,R_6IdfO1QwcFbE9FE,b39,39,1,1713,ice cream scoops in a cone,5,Completely
8243,R_6IdfO1QwcFbE9FE,b46,46,1,1765,spade symbol,1,Not at all
8244,R_6IdfO1QwcFbE9FE,b49,49,1,1790,butterfly knife,1,Not at all
8245,R_6IdfO1QwcFbE9FE,b52,52,1,1810,Hammer,1,Not at all
8246,R_6IdfO1QwcFbE9FE,b54,54,1,1831,skeleton key,1,Not at all
8247,R_6IdfO1QwcFbE9FE,b54,54,2,1832,treble clef,1,Not at all
8248,R_6IdfO1QwcFbE9FE,b56,56,1,1860,circled R,1,Not at all
8249,R_6IdfO1QwcFbE9FE,b56,56,2,1869,V in circle,3,Moderately
8250,R_6JQ2mRxVBd8ub78,b5,5,1,80,tongs,1,Not at all
8251,R_6JQ2mRxVBd8ub78,b6,6,1,85,ant,1,Not at all
8252,R_6JQ2mRxVBd8ub78,b7,7,1,111,skewered chevron,4,A lot
8253,R_6JQ2mRxVBd8ub78,b7,7,2,117,tetrahedron,1,Not at all
8254,R_6JQ2mRxVBd8ub78,b10,10,1,145,Comb,1,Not at all
8255,R_6JQ2mRxVBd8ub78,b12,12,1,194,House,1,Not at all
8256,R_6JQ2mRxVBd8ub78,b17,17,1,312,house roof,1,Not at all
8257,R_6JQ2mRxVBd8ub78,b17,17,2,316,necklace,1,Not at all
8258,R_6JQ2mRxVBd8ub78,b19,19,1,363,dollar sign,1,Not at all
8259,R_6JQ2mRxVBd8ub78,b22,22,1,461,goggles,1,Not at all
8260,R_6JQ2mRxVBd8ub78,b24,24,1,511,flag,1,Not at all
8261,R_6JQ2mRxVBd8ub78,b27,27,1,576,2 squares,1,Not at all
8262,R_6JQ2mRxVBd8ub78,b27,27,2,582,Box,2,A little
8263,R_6JQ2mRxVBd8ub78,b30,30,1,665,goal post,1,Not at all
8264,R_6JQ2mRxVBd8ub78,b31,31,1,685,fish,1,Not at all
8265,R_6JQ2mRxVBd8ub78,b32,32,1,703,church bell,2,A little
8266,R_6JQ2mRxVBd8ub78,b37,37,1,848,Race track,1,Not at all
8267,R_6JQ2mRxVBd8ub78,b40,40,1,909,keyhole,1,Not at all
8268,R_6JQ2mRxVBd8ub78,b43,43,1,993,saxophone,1,Not at all
8269,R_6JQ2mRxVBd8ub78,b43,43,2,998,stethoscope,2,A little
8270,R_6JQ2mRxVBd8ub78,b44,44,1,1010,butterfly,1,Not at all
8271,R_6JQ2mRxVBd8ub78,b44,44,2,1018,head,1,Not at all
8272,R_6JQ2mRxVBd8ub78,b48,48,1,1153,tetris block,2,A little
8273,R_6JQ2mRxVBd8ub78,b49,49,1,1167,love,3,Moderately
8274,R_6JQ2mRxVBd8ub78,b49,49,2,1168,M triangle,2,A little
8275,R_6JQ2mRxVBd8ub78,b51,51,1,1204,medal,1,Not at all
8276,R_6JQ2mRxVBd8ub78,b55,55,1,1289,shovel,1,Not at all
8277,R_6JQ2mRxVBd8ub78,b56,56,1,1308,peace sign,1,Not at all
8278,R_6JQ2mRxVBd8ub78,b57,57,1,1321,hashtag,1,Not at all
8279,R_6JQ2mRxVBd8ub78,b60,60,1,1378,television,1,Not at all
8280,R_6JrC9GVSuTtrjrz,b5,5,1,73,handcuffs,1,Not at all
8281,R_6JrC9GVSuTtrjrz,b9,9,1,134,butterfly,5,Completely
8282,R_6JrC9GVSuTtrjrz,b9,9,2,138,stylized emblem,1,Not at all
8283,R_6JrC9GVSuTtrjrz,b15,15,1,265,house,3,Moderately
8284,R_6JrC9GVSuTtrjrz,b16,16,1,293,Triangular diamond,2,A little
8285,R_6JrC9GVSuTtrjrz,b22,22,1,454,cone,1,Not at all
8286,R_6JrC9GVSuTtrjrz,b24,24,1,528,Square,3,Moderately
8287,R_6JrC9GVSuTtrjrz,b26,26,1,568,flag,5,Completely
8288,R_6JrC9GVSuTtrjrz,b26,26,2,569,flag pole,4,A lot
8289,R_6JrC9GVSuTtrjrz,b27,27,1,600,Ruler,1,Not at all
8290,R_6JrC9GVSuTtrjrz,b30,30,1,671,plug,3,Moderately
8291,R_6JrC9GVSuTtrjrz,b32,32,1,712,lamp,3,Moderately
8292,R_6JrC9GVSuTtrjrz,b32,32,2,717,scarecrow,1,Not at all
8293,R_6JrC9GVSuTtrjrz,b33,33,1,741,mushroom,1,Not at all
8294,R_6JrC9GVSuTtrjrz,b35,35,1,792,owl face,2,A little
8295,R_6JrC9GVSuTtrjrz,b36,36,1,800,broadcast tower,1,Not at all
8296,R_6JrC9GVSuTtrjrz,b36,36,2,803,fishing rod,1,Not at all
8297,R_6JrC9GVSuTtrjrz,b39,39,1,873,bucket,1,Not at all
8298,R_6JrC9GVSuTtrjrz,b41,41,1,956,Water Pitcher,4,A lot
8299,R_6JrC9GVSuTtrjrz,b43,43,1,976,cartoon bomb,3,Moderately
8300,R_6JrC9GVSuTtrjrz,b44,44,1,1020,hot soup,4,A lot
8301,R_6JrC9GVSuTtrjrz,b47,47,1,1104,butterfly,1,Not at all
8302,R_6JrC9GVSuTtrjrz,b47,47,2,1106,circular shrug,1,Not at all
8303,R_6JrC9GVSuTtrjrz,b47,47,3,1121,scissors,1,Not at all
8304,R_6JrC9GVSuTtrjrz,b52,52,1,1219,comb,1,Not at all
8305,R_6JrC9GVSuTtrjrz,b53,53,1,1249,lightening bolt,1,Not at all
8306,R_6JrC9GVSuTtrjrz,b54,54,1,1262,bottle opener,1,Not at all
8307,R_6JrC9GVSuTtrjrz,b54,54,2,1272,key,3,Moderately
8308,R_6JrC9GVSuTtrjrz,b57,57,1,1319,cross brace,1,Not at all
8309,R_6JrC9GVSuTtrjrz,b59,59,1,1358,chimney,1,Not at all
8310,R_6KD1PrdALARIo8h,b3,3,1,22,bra,2,A little
8311,R_6KD1PrdALARIo8h,b8,8,1,131,winged sceptor,1,Not at all
8312,R_6KD1PrdALARIo8h,b9,9,1,133,bag,2,A little
8313,R_6KD1PrdALARIo8h,b12,12,1,186,chalice,5,Completely
8314,R_6KD1PrdALARIo8h,b16,16,1,289,shelf bracket,1,Not at all
8315,R_6KD1PrdALARIo8h,b17,17,1,305,funnel,2,A little
8316,R_6KD1PrdALARIo8h,b18,18,1,330,drop hook,2,A little
8317,R_6KD1PrdALARIo8h,b21,21,1,446,bowler hat,2,A little
8318,R_6KD1PrdALARIo8h,b23,23,1,498,streetlamp,2,A little
8319,R_6KD1PrdALARIo8h,b23,23,2,502,Yinyang Medallion,4,A lot
8320,R_6KD1PrdALARIo8h,b24,24,1,513,gun barrel,1,Not at all
8321,R_6KD1PrdALARIo8h,b27,27,1,576,2 squares,1,Not at all
8322,R_6KD1PrdALARIo8h,b27,27,2,602,staple remover,1,Not at all
8323,R_6KD1PrdALARIo8h,b30,30,1,660,door key,3,Moderately
8324,R_6KD1PrdALARIo8h,b31,31,1,686,flower,3,Moderately
8325,R_6KD1PrdALARIo8h,b32,32,1,724,wine glass,5,Completely
8326,R_6KD1PrdALARIo8h,b34,34,1,756,bird,1,Not at all
8327,R_6KD1PrdALARIo8h,b38,38,1,855,cone,2,A little
8328,R_6KD1PrdALARIo8h,b39,39,1,883,ice cream,4,A lot
8329,R_6KD1PrdALARIo8h,b41,41,1,932,flag pole,1,Not at all
8330,R_6KD1PrdALARIo8h,b42,42,1,961,hashtag,1,Not at all
8331,R_6KD1PrdALARIo8h,b44,44,1,1016,fan,1,Not at all
8332,R_6KD1PrdALARIo8h,b46,46,1,1077,heart,1,Not at all
8333,R_6KD1PrdALARIo8h,b47,47,1,1106,circular shrug,1,Not at all
8334,R_6KD1PrdALARIo8h,b47,47,2,1113,keychain,1,Not at all
8335,R_6KD1PrdALARIo8h,b49,49,1,1170,owl,1,Not at all
8336,R_6KD1PrdALARIo8h,b54,54,1,1260,Ant,1,Not at all
8337,R_6KD1PrdALARIo8h,b54,54,2,1271,key,2,A little
8338,R_6KD1PrdALARIo8h,b55,55,1,1280,arm,2,A little
8339,R_6KD1PrdALARIo8h,b55,55,2,1281,arrow,2,A little
8340,R_6L0kj3WHmbR0GxO,b5,5,1,64,bed,1,Not at all
8341,R_6L0kj3WHmbR0GxO,b7,7,1,119,umbrella,1,Not at all
8342,R_6L0kj3WHmbR0GxO,b10,10,1,148,Forklift Icon,2,A little
8343,R_6L0kj3WHmbR0GxO,b11,11,1,182,two squares,1,Not at all
8344,R_6L0kj3WHmbR0GxO,b13,13,1,206,anchor,1,Not at all
8345,R_6L0kj3WHmbR0GxO,b13,13,2,218,magnifying glass,1,Not at all
8346,R_6L0kj3WHmbR0GxO,b17,17,1,307,goblet,1,Not at all
8347,R_6L0kj3WHmbR0GxO,b17,17,2,315,lantern,1,Not at all
8348,R_6L0kj3WHmbR0GxO,b17,17,3,317,parachute,1,Not at all
8349,R_6L0kj3WHmbR0GxO,b20,20,1,404,keyhole,2,A little
8350,R_6L0kj3WHmbR0GxO,b23,23,1,495,sculpture,1,Not at all
8351,R_6L0kj3WHmbR0GxO,b24,24,1,508,comb,1,Not at all
8352,R_6L0kj3WHmbR0GxO,b24,24,2,532,tuning fork,1,Not at all
8353,R_6L0kj3WHmbR0GxO,b26,26,1,573,pickaxe,1,Not at all
8354,R_6L0kj3WHmbR0GxO,b30,30,1,671,plug,2,A little
8355,R_6L0kj3WHmbR0GxO,b31,31,1,688,magnifying glass,1,Not at all
8356,R_6L0kj3WHmbR0GxO,b31,31,2,693,stick figure,3,Moderately
8357,R_6L0kj3WHmbR0GxO,b32,32,1,708,goblet,5,Completely
8358,R_6L0kj3WHmbR0GxO,b32,32,2,719,stick figure,1,Not at all
8359,R_6L0kj3WHmbR0GxO,b33,33,1,745,pot lid,2,A little
8360,R_6L0kj3WHmbR0GxO,b35,35,1,775,balloon pair,2,A little
8361,R_6L0kj3WHmbR0GxO,b35,35,2,789,goggles,1,Not at all
8362,R_6L0kj3WHmbR0GxO,b37,37,1,843,Hammer,1,Not at all
8363,R_6L0kj3WHmbR0GxO,b41,41,1,956,Water Pitcher,2,A little
8364,R_6L0kj3WHmbR0GxO,b46,46,1,1081,lamp,2,A little
8365,R_6L0kj3WHmbR0GxO,b46,46,2,1098,yin yang,1,Not at all
8366,R_6L0kj3WHmbR0GxO,b47,47,1,1112,key,1,Not at all
8367,R_6L0kj3WHmbR0GxO,b49,49,1,1168,M triangle,2,A little
8368,R_6L0kj3WHmbR0GxO,b50,50,1,1176,arrow,1,Not at all
8369,R_6L0kj3WHmbR0GxO,b55,55,1,1294,wine glass,4,A lot
8370,R_6MaPkeaw7ApBODs,b2,2,1,1385,sideways ladder,4,A lot
8371,R_6MaPkeaw7ApBODs,b4,4,1,1398,Figure eight,1,Not at all
8372,R_6MaPkeaw7ApBODs,b4,4,2,1404,TIE fighter,1,Not at all
8373,R_6MaPkeaw7ApBODs,b5,5,1,1409,barbell weight,1,Not at all
8374,R_6MaPkeaw7ApBODs,b7,7,1,1423,fletched arrow,5,Completely
8375,R_6MaPkeaw7ApBODs,b7,7,2,1424,pair of arrows,5,Completely
8376,R_6MaPkeaw7ApBODs,b7,7,3,1426,wow,1,Not at all
8377,R_6MaPkeaw7ApBODs,b15,15,1,1487,cut diamond,1,Not at all
8378,R_6MaPkeaw7ApBODs,b15,15,2,1489,Square bucket,3,Moderately
8379,R_6MaPkeaw7ApBODs,b16,16,1,1897,map pin,4,A lot
8380,R_6MaPkeaw7ApBODs,b18,18,1,1513,map pin,4,A lot
8381,R_6MaPkeaw7ApBODs,b19,19,1,1528,hot coffee,1,Not at all
8382,R_6MaPkeaw7ApBODs,b20,20,1,1538,person icon,5,Completely
8383,R_6MaPkeaw7ApBODs,b25,25,1,1578,Tuning fork,1,Not at all
8384,R_6MaPkeaw7ApBODs,b25,25,2,1582,flag sign,1,Not at all
8385,R_6MaPkeaw7ApBODs,b26,26,1,1590,Capital K,1,Not at all
8386,R_6MaPkeaw7ApBODs,b28,28,1,1614,bicycle handlebars,1,Not at all
8387,R_6MaPkeaw7ApBODs,b30,30,1,1642,HD monogram,4,A lot
8388,R_6MaPkeaw7ApBODs,b32,32,1,1655,Umbrella handle,1,Not at all
8389,R_6MaPkeaw7ApBODs,b35,35,1,1677,butterfly,2,A little
8390,R_6MaPkeaw7ApBODs,b39,39,1,1708,stylized person,1,Not at all
8391,R_6MaPkeaw7ApBODs,b43,43,1,1742,Apple stem,2,A little
8392,R_6MaPkeaw7ApBODs,b44,44,1,1909,question mark,1,Not at all
8393,R_6MaPkeaw7ApBODs,b48,48,1,1781,sledge hammer,4,A lot
8394,R_6MaPkeaw7ApBODs,b49,49,1,1786,sad face,1,Not at all
8395,R_6MaPkeaw7ApBODs,b50,50,1,1797,radio tower,1,Not at all
8396,R_6MaPkeaw7ApBODs,b50,50,2,1801,Boat anchor,1,Not at all
8397,R_6MaPkeaw7ApBODs,b52,52,1,1810,Hammer,1,Not at all
8398,R_6MaPkeaw7ApBODs,b56,56,1,1855,tobacco pipe,1,Not at all
8399,R_6MaPkeaw7ApBODs,b59,59,1,1879,road sign,5,Completely
8400,R_6MyV7x3J9zIxLEd,b3,3,1,19,barbell,1,Not at all
8401,R_6MyV7x3J9zIxLEd,b8,8,1,128,diamond,1,Not at all
8402,R_6MyV7x3J9zIxLEd,b12,12,1,201,shovel,4,A lot
8403,R_6MyV7x3J9zIxLEd,b13,13,1,230,toilet,1,Not at all
8404,R_6MyV7x3J9zIxLEd,b13,13,2,231,umbrella,1,Not at all
8405,R_6MyV7x3J9zIxLEd,b14,14,1,243,eyes,4,A lot
8406,R_6MyV7x3J9zIxLEd,b19,19,1,366,globe,1,Not at all
8407,R_6MyV7x3J9zIxLEd,b19,19,2,385,USD symbol,1,Not at all
8408,R_6MyV7x3J9zIxLEd,b22,22,1,453,closed eye,3,Moderately
8409,R_6MyV7x3J9zIxLEd,b23,23,1,487,flower,2,A little
8410,R_6MyV7x3J9zIxLEd,b24,24,1,533,windmill,1,Not at all
8411,R_6MyV7x3J9zIxLEd,b25,25,1,539,chair,4,A lot
8412,R_6MyV7x3J9zIxLEd,b25,25,2,542,flagpole,4,A lot
8413,R_6MyV7x3J9zIxLEd,b31,31,1,692,speaker,5,Completely
8414,R_6MyV7x3J9zIxLEd,b31,31,2,693,stick figure,5,Completely
8415,R_6MyV7x3J9zIxLEd,b33,33,1,746,power button,1,Not at all
8416,R_6MyV7x3J9zIxLEd,b34,34,1,757,bow,5,Completely
8417,R_6MyV7x3J9zIxLEd,b42,42,1,957,bookshelf,5,Completely
8418,R_6MyV7x3J9zIxLEd,b43,43,1,1004,weather vane,3,Moderately
8419,R_6MyV7x3J9zIxLEd,b44,44,1,1020,hot soup,1,Not at all
8420,R_6MyV7x3J9zIxLEd,b44,44,2,1039,Stringray,1,Not at all
8421,R_6MyV7x3J9zIxLEd,b46,46,1,1071,clover,1,Not at all
8422,R_6MyV7x3J9zIxLEd,b48,48,1,1142,letter x,1,Not at all
8423,R_6MyV7x3J9zIxLEd,b48,48,2,1147,signpost,5,Completely
8424,R_6MyV7x3J9zIxLEd,b48,48,3,1152,Tent,4,A lot
8425,R_6MyV7x3J9zIxLEd,b52,52,1,1225,letter F,5,Completely
8426,R_6MyV7x3J9zIxLEd,b52,52,2,1237,toothbrush,1,Not at all
8427,R_6MyV7x3J9zIxLEd,b53,53,1,1256,swing set,1,Not at all
8428,R_6MyV7x3J9zIxLEd,b56,56,1,1304,down arrow,1,Not at all
8429,R_6MyV7x3J9zIxLEd,b57,57,1,1324,kite,1,Not at all
8430,R_6NQyWTc7kr4rNRK,b3,3,1,1390,handcuffs,1,Not at all
8431,R_6NQyWTc7kr4rNRK,b3,3,2,1397,cherries,1,Not at all
8432,R_6NQyWTc7kr4rNRK,b4,4,1,1398,Figure eight,1,Not at all
8433,R_6NQyWTc7kr4rNRK,b11,11,1,1455,table fork,1,Not at all
8434,R_6NQyWTc7kr4rNRK,b13,13,1,1469,bulb,1,Not at all
8435,R_6NQyWTc7kr4rNRK,b13,13,2,1473,arched window,1,Not at all
8436,R_6NQyWTc7kr4rNRK,b14,14,1,1477,Skull,2,A little
8437,R_6NQyWTc7kr4rNRK,b14,14,2,1481,Contained Ds,5,Completely
8438,R_6NQyWTc7kr4rNRK,b15,15,1,1483,Skull,1,Not at all
8439,R_6NQyWTc7kr4rNRK,b16,16,1,1499,Trophy cup,1,Not at all
8440,R_6NQyWTc7kr4rNRK,b17,17,1,1505,flying saucer,1,Not at all
8441,R_6NQyWTc7kr4rNRK,b20,20,1,1536,teapot lid,2,A little
8442,R_6NQyWTc7kr4rNRK,b21,21,1,1552,padlock,1,Not at all
8443,R_6NQyWTc7kr4rNRK,b29,29,1,1619,magnifying glass,1,Not at all
8444,R_6NQyWTc7kr4rNRK,b29,29,2,1622,G-clamp,2,A little
8445,R_6NQyWTc7kr4rNRK,b33,33,1,1659,toilet plunger,2,A little
8446,R_6NQyWTc7kr4rNRK,b33,33,2,1665,Mushroom stem,1,Not at all
8447,R_6NQyWTc7kr4rNRK,b38,38,1,1696,club suit,1,Not at all
8448,R_6NQyWTc7kr4rNRK,b38,38,2,1699,club,1,Not at all
8449,R_6NQyWTc7kr4rNRK,b38,38,3,1701,triple scoop ice cream cone,5,Completely
8450,R_6NQyWTc7kr4rNRK,b39,39,1,1714,ice cream cone with three scoops,5,Completely
8451,R_6NQyWTc7kr4rNRK,b41,41,1,1728,Flag sign,1,Not at all
8452,R_6NQyWTc7kr4rNRK,b45,45,1,1756,golf club,1,Not at all
8453,R_6NQyWTc7kr4rNRK,b46,46,1,1765,spade symbol,1,Not at all
8454,R_6NQyWTc7kr4rNRK,b49,49,1,1794,Arrow key,1,Not at all
8455,R_6NQyWTc7kr4rNRK,b51,51,1,1808,running man,1,Not at all
8456,R_6NQyWTc7kr4rNRK,b52,52,1,1819,Uppercase F,5,Completely
8457,R_6NQyWTc7kr4rNRK,b54,54,1,1838,fishing hook,1,Not at all
8458,R_6NQyWTc7kr4rNRK,b56,56,1,1856,flag pole,1,Not at all
8459,R_6NQyWTc7kr4rNRK,b57,57,1,1874,letter Z,1,Not at all
8460,R_6NxHoaRHALKJRXm,b9,9,1,139,coat rack,2,A little
8461,R_6NxHoaRHALKJRXm,b14,14,1,235,alien,1,Not at all
8462,R_6NxHoaRHALKJRXm,b14,14,2,258,toilet,1,Not at all
8463,R_6NxHoaRHALKJRXm,b16,16,1,284,Icecream cone,5,Completely
8464,R_6NxHoaRHALKJRXm,b17,17,1,325,wine glass,1,Not at all
8465,R_6NxHoaRHALKJRXm,b18,18,1,342,Martini,1,Not at all
8466,R_6NxHoaRHALKJRXm,b19,19,1,360,circle,1,Not at all
8467,R_6NxHoaRHALKJRXm,b19,19,2,374,purse,1,Not at all
8468,R_6NxHoaRHALKJRXm,b19,19,3,381,tape dispenser,2,A little
8469,R_6NxHoaRHALKJRXm,b19,19,4,387,ying yang,1,Not at all
8470,R_6NxHoaRHALKJRXm,b21,21,1,423,Capital B,1,Not at all
8471,R_6NxHoaRHALKJRXm,b21,21,2,437,woman,3,Moderately
8472,R_6NxHoaRHALKJRXm,b21,21,3,445,magnifying glass,1,Not at all
8473,R_6NxHoaRHALKJRXm,b22,22,1,471,ping pong,1,Not at all
8474,R_6NxHoaRHALKJRXm,b23,23,1,481,ball string,1,Not at all
8475,R_6NxHoaRHALKJRXm,b23,23,2,497,Stop sign,2,A little
8476,R_6NxHoaRHALKJRXm,b23,23,3,499,superman logo,1,Not at all
8477,R_6NxHoaRHALKJRXm,b27,27,1,583,candy bar,1,Not at all
8478,R_6NxHoaRHALKJRXm,b28,28,1,606,circle,1,Not at all
8479,R_6NxHoaRHALKJRXm,b29,29,1,631,Fish,1,Not at all
8480,R_6NxHoaRHALKJRXm,b31,31,1,681,bird,1,Not at all
8481,R_6NxHoaRHALKJRXm,b35,35,1,781,cat face,1,Not at all
8482,R_6NxHoaRHALKJRXm,b41,41,1,931,door,1,Not at all
8483,R_6NxHoaRHALKJRXm,b43,43,1,1003,watch,2,A little
8484,R_6NxHoaRHALKJRXm,b44,44,1,1010,butterfly,1,Not at all
8485,R_6NxHoaRHALKJRXm,b45,45,1,1057,lottery ball,1,Not at all
8486,R_6NxHoaRHALKJRXm,b46,46,1,1069,Circle,1,Not at all
8487,R_6NxHoaRHALKJRXm,b53,53,1,1240,aircraft,1,Not at all
8488,R_6NxHoaRHALKJRXm,b54,54,1,1262,bottle opener,1,Not at all
8489,R_6NxHoaRHALKJRXm,b57,57,1,1326,railroad crossing,1,Not at all
8490,R_6OTWIjRkpDoWUrB,b3,3,1,18,ballet shoes,2,A little
8491,R_6OTWIjRkpDoWUrB,b6,6,1,95,goggles,5,Completely
8492,R_6OTWIjRkpDoWUrB,b7,7,1,114,star,2,A little
8493,R_6OTWIjRkpDoWUrB,b10,10,1,153,letter A,1,Not at all
8494,R_6OTWIjRkpDoWUrB,b15,15,1,262,diamond,2,A little
8495,R_6OTWIjRkpDoWUrB,b17,17,1,299,bridge,1,Not at all
8496,R_6OTWIjRkpDoWUrB,b18,18,1,331,face,1,Not at all
8497,R_6OTWIjRkpDoWUrB,b19,19,1,369,key,1,Not at all
8498,R_6OTWIjRkpDoWUrB,b20,20,1,395,flower pot,1,Not at all
8499,R_6OTWIjRkpDoWUrB,b21,21,1,420,beanie,4,A lot
8500,R_6OTWIjRkpDoWUrB,b21,21,2,425,Crane,1,Not at all
8501,R_6OTWIjRkpDoWUrB,b21,21,3,435,statue,5,Completely
8502,R_6OTWIjRkpDoWUrB,b24,24,1,503,anchor,1,Not at all
8503,R_6OTWIjRkpDoWUrB,b24,24,2,504,axe,1,Not at all
8504,R_6OTWIjRkpDoWUrB,b24,24,3,509,comb,1,Not at all
8505,R_6OTWIjRkpDoWUrB,b24,24,4,512,goal post,4,A lot
8506,R_6OTWIjRkpDoWUrB,b26,26,1,561,arrow,1,Not at all
8507,R_6OTWIjRkpDoWUrB,b27,27,1,586,door,5,Completely
8508,R_6OTWIjRkpDoWUrB,b32,32,1,710,hammerhead shark,1,Not at all
8509,R_6OTWIjRkpDoWUrB,b32,32,2,716,nine,1,Not at all
8510,R_6OTWIjRkpDoWUrB,b33,33,1,729,church steeple,4,A lot
8511,R_6OTWIjRkpDoWUrB,b40,40,1,895,bar clamp,3,Moderately
8512,R_6OTWIjRkpDoWUrB,b43,43,1,978,corkscrew,1,Not at all
8513,R_6OTWIjRkpDoWUrB,b45,45,1,1049,face,3,Moderately
8514,R_6OTWIjRkpDoWUrB,b46,46,1,1083,medal,4,A lot
8515,R_6OTWIjRkpDoWUrB,b49,49,1,1156,arrow,3,Moderately
8516,R_6OTWIjRkpDoWUrB,b50,50,1,1178,candelabra,1,Not at all
8517,R_6OTWIjRkpDoWUrB,b51,51,1,1211,Satellite dish,3,Moderately
8518,R_6OTWIjRkpDoWUrB,b51,51,2,1213,television,5,Completely
8519,R_6OTWIjRkpDoWUrB,b54,54,1,1272,key,4,A lot
8520,R_6PCYPS1TSISKRdD,b5,5,1,65,belly button,1,Not at all
8521,R_6PCYPS1TSISKRdD,b6,6,1,98,house,1,Not at all
8522,R_6PCYPS1TSISKRdD,b8,8,1,131,winged sceptor,2,A little
8523,R_6PCYPS1TSISKRdD,b14,14,1,238,butterfly,1,Not at all
8524,R_6PCYPS1TSISKRdD,b20,20,1,393,crystal ball,1,Not at all
8525,R_6PCYPS1TSISKRdD,b20,20,2,416,Sunrise,1,Not at all
8526,R_6PCYPS1TSISKRdD,b21,21,1,437,woman,2,A little
8527,R_6PCYPS1TSISKRdD,b22,22,1,468,Math symbol,1,Not at all
8528,R_6PCYPS1TSISKRdD,b23,23,1,498,streetlamp,3,Moderately
8529,R_6PCYPS1TSISKRdD,b24,24,1,529,Straight line,1,Not at all
8530,R_6PCYPS1TSISKRdD,b25,25,1,544,key,1,Not at all
8531,R_6PCYPS1TSISKRdD,b27,27,1,585,Cubes,1,Not at all
8532,R_6PCYPS1TSISKRdD,b28,28,1,606,circle,1,Not at all
8533,R_6PCYPS1TSISKRdD,b29,29,1,622,basket,2,A little
8534,R_6PCYPS1TSISKRdD,b31,31,1,695,Sun Horizon,1,Not at all
8535,R_6PCYPS1TSISKRdD,b32,32,1,715,mushroom,1,Not at all
8536,R_6PCYPS1TSISKRdD,b33,33,1,753,Triangle,1,Not at all
8537,R_6PCYPS1TSISKRdD,b37,37,1,822,anchor,2,A little
8538,R_6PCYPS1TSISKRdD,b37,37,2,823,angel,2,A little
8539,R_6PCYPS1TSISKRdD,b37,37,3,825,balloons,3,Moderately
8540,R_6PCYPS1TSISKRdD,b37,37,4,833,club suit,1,Not at all
8541,R_6PCYPS1TSISKRdD,b37,37,5,835,dragonfly,1,Not at all
8542,R_6PCYPS1TSISKRdD,b39,39,1,875,clubs suit,1,Not at all
8543,R_6PCYPS1TSISKRdD,b40,40,1,895,bar clamp,1,Not at all
8544,R_6PCYPS1TSISKRdD,b43,43,1,977,cat,1,Not at all
8545,R_6PCYPS1TSISKRdD,b43,43,2,987,Oval pile,1,Not at all
8546,R_6PCYPS1TSISKRdD,b44,44,1,1031,pitchfork,1,Not at all
8547,R_6PCYPS1TSISKRdD,b46,46,1,1091,Prize Ribbon,2,A little
8548,R_6PCYPS1TSISKRdD,b47,47,1,1118,musical clef,1,Not at all
8549,R_6PCYPS1TSISKRdD,b56,56,1,1298,balloon,1,Not at all
8550,R_6PLYJOVdFaZaebj,b2,2,1,1385,sideways ladder,2,A little
8551,R_6PLYJOVdFaZaebj,b2,2,2,1387,ladder rungs,4,A lot
8552,R_6PLYJOVdFaZaebj,b3,3,1,1391,Handlebar mustache,1,Not at all
8553,R_6PLYJOVdFaZaebj,b6,6,1,1413,bow tie,1,Not at all
8554,R_6PLYJOVdFaZaebj,b7,7,1,1419,Arrow shaft,2,A little
8555,R_6PLYJOVdFaZaebj,b8,8,1,1431,butterfly head,2,A little
8556,R_6PLYJOVdFaZaebj,b9,9,1,1437,butterfly bow,2,A little
8557,R_6PLYJOVdFaZaebj,b9,9,2,1438,inverted comb,1,Not at all
8558,R_6PLYJOVdFaZaebj,b11,11,1,1451,picket fence,1,Not at all
8559,R_6PLYJOVdFaZaebj,b14,14,1,1478,pig snout,2,A little
8560,R_6PLYJOVdFaZaebj,b16,16,1,1494,bell,1,Not at all
8561,R_6PLYJOVdFaZaebj,b17,17,1,1507,slingshot,1,Not at all
8562,R_6PLYJOVdFaZaebj,b19,19,1,1518,southeast direction,1,Not at all
8563,R_6PLYJOVdFaZaebj,b19,19,2,1520,wheelchair,1,Not at all
8564,R_6PLYJOVdFaZaebj,b21,21,1,1545,light bulb,1,Not at all
8565,R_6PLYJOVdFaZaebj,b27,27,1,1601,backwards F,1,Not at all
8566,R_6PLYJOVdFaZaebj,b27,27,2,1605,window,2,A little
8567,R_6PLYJOVdFaZaebj,b31,31,1,1650,Arrow through a cricle,1,Not at all
8568,R_6PLYJOVdFaZaebj,b32,32,1,1653,upside-down table,1,Not at all
8569,R_6PLYJOVdFaZaebj,b36,36,1,1669,bird footprint,2,A little
8570,R_6PLYJOVdFaZaebj,b36,36,2,1684,peace symbol,2,A little
8571,R_6PLYJOVdFaZaebj,b43,43,1,1739,question mark,1,Not at all
8572,R_6PLYJOVdFaZaebj,b44,44,1,1909,question mark,1,Not at all
8573,R_6PLYJOVdFaZaebj,b51,51,1,1805,claw hammer,1,Not at all
8574,R_6PLYJOVdFaZaebj,b51,51,2,1806,tripod camera,1,Not at all
8575,R_6PLYJOVdFaZaebj,b51,51,3,1809,weighing balance,1,Not at all
8576,R_6PLYJOVdFaZaebj,b52,52,1,1817,Flagpole signpost,2,A little
8577,R_6PLYJOVdFaZaebj,b53,53,1,1823,mushroom,1,Not at all
8578,R_6PLYJOVdFaZaebj,b56,56,1,1864,Circled K,1,Not at all
8579,R_6PLYJOVdFaZaebj,b58,58,1,1878,Umbrella handle,4,A lot
8580,R_6PuG2o6AYN4LY4I,b2,2,1,1385,sideways ladder,1,Not at all
8581,R_6PuG2o6AYN4LY4I,b3,3,1,1392,Bunny ears,1,Not at all
8582,R_6PuG2o6AYN4LY4I,b4,4,1,1402,owl eyes,2,A little
8583,R_6PuG2o6AYN4LY4I,b6,6,1,1893,Digit 8,3,Moderately
8584,R_6PuG2o6AYN4LY4I,b8,8,1,1434,long diamond,1,Not at all
8585,R_6PuG2o6AYN4LY4I,b12,12,1,1466,Dried,1,Not at all
8586,R_6PuG2o6AYN4LY4I,b13,13,1,1473,arched window,1,Not at all
8587,R_6PuG2o6AYN4LY4I,b16,16,1,1495,wine glass,1,Not at all
8588,R_6PuG2o6AYN4LY4I,b18,18,1,1516,Cup trophy,1,Not at all
8589,R_6PuG2o6AYN4LY4I,b19,19,1,1521,smash ball,1,Not at all
8590,R_6PuG2o6AYN4LY4I,b20,20,1,1540,toilet,2,A little
8591,R_6PuG2o6AYN4LY4I,b21,21,1,1552,padlock,1,Not at all
8592,R_6PuG2o6AYN4LY4I,b25,25,1,1584,Street lamp,1,Not at all
8593,R_6PuG2o6AYN4LY4I,b26,26,1,1593,pennant,5,Completely
8594,R_6PuG2o6AYN4LY4I,b29,29,1,1623,plunger,3,Moderately
8595,R_6PuG2o6AYN4LY4I,b29,29,2,1628,hard drive,1,Not at all
8596,R_6PuG2o6AYN4LY4I,b31,31,1,1649,martini glass,1,Not at all
8597,R_6PuG2o6AYN4LY4I,b35,35,1,1680,Heart glasses,1,Not at all
8598,R_6PuG2o6AYN4LY4I,b41,41,1,1724,padlock,2,A little
8599,R_6PuG2o6AYN4LY4I,b42,42,1,1734,window pane,4,A lot
8600,R_6PuG2o6AYN4LY4I,b42,42,2,1736,Lined square,4,A lot
8601,R_6PuG2o6AYN4LY4I,b43,43,1,1745,Lollipop swirl,2,A little
8602,R_6PuG2o6AYN4LY4I,b45,45,1,1763,face with a nose,2,A little
8603,R_6PuG2o6AYN4LY4I,b49,49,1,1796,evil chibi face,1,Not at all
8604,R_6PuG2o6AYN4LY4I,b50,50,1,1803,stickfigure person,5,Completely
8605,R_6PuG2o6AYN4LY4I,b54,54,1,1830,hockey stick,1,Not at all
8606,R_6PuG2o6AYN4LY4I,b54,54,2,1836,Flag stand,1,Not at all
8607,R_6PuG2o6AYN4LY4I,b57,57,1,1875,window pane,1,Not at all
8608,R_6PuG2o6AYN4LY4I,b59,59,1,1891,planted tree,3,Moderately
8609,R_6PuG2o6AYN4LY4I,b60,60,1,1892,wireframe cube,2,A little
8610,R_6PvYBCCyzVez31T,b3,3,1,19,barbell,1,Not at all
8611,R_6PvYBCCyzVez31T,b5,5,1,64,bed,1,Not at all
8612,R_6PvYBCCyzVez31T,b6,6,1,92,controller,1,Not at all
8613,R_6PvYBCCyzVez31T,b9,9,1,132,ant,1,Not at all
8614,R_6PvYBCCyzVez31T,b9,9,2,139,coat rack,1,Not at all
8615,R_6PvYBCCyzVez31T,b10,10,1,145,Comb,1,Not at all
8616,R_6PvYBCCyzVez31T,b11,11,1,173,goal post,2,A little
8617,R_6PvYBCCyzVez31T,b13,13,1,206,anchor,1,Not at all
8618,R_6PvYBCCyzVez31T,b13,13,2,233,window,1,Not at all
8619,R_6PvYBCCyzVez31T,b16,16,1,280,heart,1,Not at all
8620,R_6PvYBCCyzVez31T,b18,18,1,345,parabola,1,Not at all
8621,R_6PvYBCCyzVez31T,b22,22,1,456,duck,3,Moderately
8622,R_6PvYBCCyzVez31T,b26,26,1,572,lightning bolt,1,Not at all
8623,R_6PvYBCCyzVez31T,b28,28,1,618,ribbon,1,Not at all
8624,R_6PvYBCCyzVez31T,b28,28,2,619,sunglasses,3,Moderately
8625,R_6PvYBCCyzVez31T,b31,31,1,683,Circle,2,A little
8626,R_6PvYBCCyzVez31T,b31,31,2,694,stick person,4,A lot
8627,R_6PvYBCCyzVez31T,b35,35,1,775,balloon pair,3,Moderately
8628,R_6PvYBCCyzVez31T,b35,35,2,781,cat face,1,Not at all
8629,R_6PvYBCCyzVez31T,b36,36,1,799,Bird feet,4,A lot
8630,R_6PvYBCCyzVez31T,b37,37,1,831,circled triangle,1,Not at all
8631,R_6PvYBCCyzVez31T,b37,37,2,852,weightlifter,1,Not at all
8632,R_6PvYBCCyzVez31T,b39,39,1,882,Hourglass,1,Not at all
8633,R_6PvYBCCyzVez31T,b43,43,1,996,snake donut,2,A little
8634,R_6PvYBCCyzVez31T,b44,44,1,1013,Computer Mouse,5,Completely
8635,R_6PvYBCCyzVez31T,b44,44,2,1038,snake,2,A little
8636,R_6PvYBCCyzVez31T,b48,48,1,1137,inverted T,1,Not at all
8637,R_6PvYBCCyzVez31T,b54,54,1,1268,flag,3,Moderately
8638,R_6PvYBCCyzVez31T,b55,55,1,1289,shovel,1,Not at all
8639,R_6PvYBCCyzVez31T,b56,56,1,1314,sliced pie,4,A lot
8640,R_6SJDxHUmjxE3jBz,b1,1,1,1,door knob,1,Not at all
8641,R_6SJDxHUmjxE3jBz,b2,2,1,11,number 10,1,Not at all
8642,R_6SJDxHUmjxE3jBz,b3,3,1,24,butterfly,2,A little
8643,R_6SJDxHUmjxE3jBz,b7,7,1,112,spear,5,Completely
8644,R_6SJDxHUmjxE3jBz,b13,13,1,231,umbrella,1,Not at all
8645,R_6SJDxHUmjxE3jBz,b15,15,1,262,diamond,1,Not at all
8646,R_6SJDxHUmjxE3jBz,b19,19,1,369,key,1,Not at all
8647,R_6SJDxHUmjxE3jBz,b21,21,1,423,Capital B,1,Not at all
8648,R_6SJDxHUmjxE3jBz,b22,22,1,468,Math symbol,3,Moderately
8649,R_6SJDxHUmjxE3jBz,b24,24,1,512,goal post,3,Moderately
8650,R_6SJDxHUmjxE3jBz,b26,26,1,562,arrow,2,A little
8651,R_6SJDxHUmjxE3jBz,b26,26,2,573,pickaxe,3,Moderately
8652,R_6SJDxHUmjxE3jBz,b27,27,1,582,Box,5,Completely
8653,R_6SJDxHUmjxE3jBz,b29,29,1,628,chalice,4,A lot
8654,R_6SJDxHUmjxE3jBz,b30,30,1,665,goal post,3,Moderately
8655,R_6SJDxHUmjxE3jBz,b31,31,1,681,bird,1,Not at all
8656,R_6SJDxHUmjxE3jBz,b31,31,2,684,female symbol,5,Completely
8657,R_6SJDxHUmjxE3jBz,b31,31,3,687,lollipop,5,Completely
8658,R_6SJDxHUmjxE3jBz,b37,37,1,842,glasses,3,Moderately
8659,R_6SJDxHUmjxE3jBz,b37,37,2,852,weightlifter,1,Not at all
8660,R_6SJDxHUmjxE3jBz,b38,38,1,862,ice cream cone,5,Completely
8661,R_6SJDxHUmjxE3jBz,b40,40,1,914,padlock,1,Not at all
8662,R_6SJDxHUmjxE3jBz,b40,40,2,916,pitcher,5,Completely
8663,R_6SJDxHUmjxE3jBz,b43,43,1,994,snake,2,A little
8664,R_6SJDxHUmjxE3jBz,b47,47,1,1108,cross circle,1,Not at all
8665,R_6SJDxHUmjxE3jBz,b47,47,2,1109,Crosshair,1,Not at all
8666,R_6SJDxHUmjxE3jBz,b50,50,1,1178,candelabra,3,Moderately
8667,R_6SJDxHUmjxE3jBz,b53,53,1,1249,lightening bolt,1,Not at all
8668,R_6SJDxHUmjxE3jBz,b53,53,2,1251,musical note,2,A little
8669,R_6SJDxHUmjxE3jBz,b58,58,1,1346,pipe wrench,1,Not at all
8670,R_6Sj0mHdm37SNUka,b1,1,1,1381,ladder stack,1,Not at all
8671,R_6Sj0mHdm37SNUka,b6,6,1,1418,fallen hourglass,1,Not at all
8672,R_6Sj0mHdm37SNUka,b11,11,1,1455,table fork,2,A little
8673,R_6Sj0mHdm37SNUka,b12,12,1,1462,Desk lamp,1,Not at all
8674,R_6Sj0mHdm37SNUka,b14,14,1,1476,Horseshoe magnet,1,Not at all
8675,R_6Sj0mHdm37SNUka,b16,16,1,1496,teardrop,1,Not at all
8676,R_6Sj0mHdm37SNUka,b19,19,1,1525,sled,1,Not at all
8677,R_6Sj0mHdm37SNUka,b19,19,2,1529,euro symbol,1,Not at all
8678,R_6Sj0mHdm37SNUka,b19,19,3,1530,database,1,Not at all
8679,R_6Sj0mHdm37SNUka,b20,20,1,1541,pulley hook,1,Not at all
8680,R_6Sj0mHdm37SNUka,b24,24,1,1570,staple,1,Not at all
8681,R_6Sj0mHdm37SNUka,b24,24,2,1571,jib crane,1,Not at all
8682,R_6Sj0mHdm37SNUka,b26,26,1,1595,Flagpole arrow,1,Not at all
8683,R_6Sj0mHdm37SNUka,b27,27,1,1600,picture frame,2,A little
8684,R_6Sj0mHdm37SNUka,b29,29,1,1628,hard drive,1,Not at all
8685,R_6Sj0mHdm37SNUka,b30,30,1,1631,Rail bridge,1,Not at all
8686,R_6Sj0mHdm37SNUka,b30,30,2,1645,Hinge pin,1,Not at all
8687,R_6Sj0mHdm37SNUka,b33,33,1,1661,capitol dome,1,Not at all
8688,R_6Sj0mHdm37SNUka,b38,38,1,1703,Flower,2,A little
8689,R_6Sj0mHdm37SNUka,b43,43,1,1743,snake charmer,1,Not at all
8690,R_6Sj0mHdm37SNUka,b45,45,1,1755,stick figure,1,Not at all
8691,R_6Sj0mHdm37SNUka,b49,49,1,1787,bikini top,1,Not at all
8692,R_6Sj0mHdm37SNUka,b49,49,2,1790,butterfly knife,1,Not at all
8693,R_6Sj0mHdm37SNUka,b50,50,1,1797,radio tower,1,Not at all
8694,R_6Sj0mHdm37SNUka,b50,50,2,1803,stickfigure person,5,Completely
8695,R_6Sj0mHdm37SNUka,b54,54,1,1837,lowercase f,1,Not at all
8696,R_6Sj0mHdm37SNUka,b55,55,1,1851,Direction toward a T junction,2,A little
8697,R_6Sj0mHdm37SNUka,b55,55,2,1911,Capital T,1,Not at all
8698,R_6Sj0mHdm37SNUka,b56,56,1,1862,partial clock,4,A lot
8699,R_6Sj0mHdm37SNUka,b59,59,1,1883,Sword,1,Not at all
8700,R_6TNzvP7iMt59L1I,b6,6,1,98,house,1,Not at all
8701,R_6TNzvP7iMt59L1I,b7,7,1,108,hourglass,1,Not at all
8702,R_6TNzvP7iMt59L1I,b14,14,1,253,owl,1,Not at all
8703,R_6TNzvP7iMt59L1I,b15,15,1,263,flag,1,Not at all
8704,R_6TNzvP7iMt59L1I,b15,15,2,269,plant pot,1,Not at all
8705,R_6TNzvP7iMt59L1I,b15,15,3,270,shield,2,A little
8706,R_6TNzvP7iMt59L1I,b18,18,1,330,drop hook,1,Not at all
8707,R_6TNzvP7iMt59L1I,b18,18,2,338,icecream cone,4,A lot
8708,R_6TNzvP7iMt59L1I,b20,20,1,412,ring,2,A little
8709,R_6TNzvP7iMt59L1I,b21,21,1,436,lollipop stand,1,Not at all
8710,R_6TNzvP7iMt59L1I,b25,25,1,546,letter C,1,Not at all
8711,R_6TNzvP7iMt59L1I,b26,26,1,575,triangle,1,Not at all
8712,R_6TNzvP7iMt59L1I,b29,29,1,642,shovel,4,A lot
8713,R_6TNzvP7iMt59L1I,b29,29,2,643,spade,2,A little
8714,R_6TNzvP7iMt59L1I,b33,33,1,749,spade,1,Not at all
8715,R_6TNzvP7iMt59L1I,b33,33,2,752,tank turret,1,Not at all
8716,R_6TNzvP7iMt59L1I,b39,39,1,889,pulley,1,Not at all
8717,R_6TNzvP7iMt59L1I,b40,40,1,905,flagpole,1,Not at all
8718,R_6TNzvP7iMt59L1I,b41,41,1,953,staple gun,1,Not at all
8719,R_6TNzvP7iMt59L1I,b42,42,1,961,hashtag,1,Not at all
8720,R_6TNzvP7iMt59L1I,b42,42,2,964,pound sign,1,Not at all
8721,R_6TNzvP7iMt59L1I,b43,43,1,975,bike handle,1,Not at all
8722,R_6TNzvP7iMt59L1I,b47,47,1,1106,circular shrug,1,Not at all
8723,R_6TNzvP7iMt59L1I,b48,48,1,1137,inverted T,1,Not at all
8724,R_6TNzvP7iMt59L1I,b49,49,1,1164,evil face,1,Not at all
8725,R_6TNzvP7iMt59L1I,b55,55,1,1281,arrow,1,Not at all
8726,R_6TNzvP7iMt59L1I,b55,55,2,1287,martini glass,5,Completely
8727,R_6TNzvP7iMt59L1I,b56,56,1,1304,down arrow,1,Not at all
8728,R_6TNzvP7iMt59L1I,b57,57,1,1319,cross brace,2,A little
8729,R_6TNzvP7iMt59L1I,b59,59,1,1358,chimney,1,Not at all
8730,R_6TRYY0G4DVTukNM,b2,2,1,10,ladder,4,A lot
8731,R_6TRYY0G4DVTukNM,b2,2,2,12,sideways H,1,Not at all
8732,R_6TRYY0G4DVTukNM,b5,5,1,70,db,1,Not at all
8733,R_6TRYY0G4DVTukNM,b6,6,1,103,shades,2,A little
8734,R_6TRYY0G4DVTukNM,b12,12,1,200,semicircle,2,A little
8735,R_6TRYY0G4DVTukNM,b13,13,1,224,Scale,1,Not at all
8736,R_6TRYY0G4DVTukNM,b14,14,1,253,owl,1,Not at all
8737,R_6TRYY0G4DVTukNM,b16,16,1,277,download icon,1,Not at all
8738,R_6TRYY0G4DVTukNM,b17,17,1,303,cupcake,1,Not at all
8739,R_6TRYY0G4DVTukNM,b20,20,1,413,Snowglobe,2,A little
8740,R_6TRYY0G4DVTukNM,b22,22,1,466,lowercase a,1,Not at all
8741,R_6TRYY0G4DVTukNM,b23,23,1,483,brain,1,Not at all
8742,R_6TRYY0G4DVTukNM,b23,23,2,491,Lollipop,3,Moderately
8743,R_6TRYY0G4DVTukNM,b24,24,1,511,flag,1,Not at all
8744,R_6TRYY0G4DVTukNM,b24,24,2,525,rake,1,Not at all
8745,R_6TRYY0G4DVTukNM,b27,27,1,585,Cubes,1,Not at all
8746,R_6TRYY0G4DVTukNM,b27,27,2,594,letter W,1,Not at all
8747,R_6TRYY0G4DVTukNM,b29,29,1,624,bed,1,Not at all
8748,R_6TRYY0G4DVTukNM,b30,30,1,647,anchor,1,Not at all
8749,R_6TRYY0G4DVTukNM,b30,30,2,652,bench,1,Not at all
8750,R_6TRYY0G4DVTukNM,b31,31,1,688,magnifying glass,1,Not at all
8751,R_6TRYY0G4DVTukNM,b33,33,1,743,planted sapling,1,Not at all
8752,R_6TRYY0G4DVTukNM,b37,37,1,830,Cherries,1,Not at all
8753,R_6TRYY0G4DVTukNM,b37,37,2,835,dragonfly,1,Not at all
8754,R_6TRYY0G4DVTukNM,b41,41,1,945,pipe clamp,1,Not at all
8755,R_6TRYY0G4DVTukNM,b42,42,1,967,square,4,A lot
8756,R_6TRYY0G4DVTukNM,b43,43,1,975,bike handle,1,Not at all
8757,R_6TRYY0G4DVTukNM,b54,54,1,1276,paperclip,1,Not at all
8758,R_6TRYY0G4DVTukNM,b56,56,1,1306,eyeball,1,Not at all
8759,R_6TRYY0G4DVTukNM,b57,57,1,1322,heavy lift,1,Not at all
8760,R_6cTio6kA9DXemsg,b3,3,1,25,cherry,1,Not at all
8761,R_6cTio6kA9DXemsg,b9,9,1,135,Mountain,2,A little
8762,R_6cTio6kA9DXemsg,b18,18,1,353,trophy,2,A little
8763,R_6cTio6kA9DXemsg,b20,20,1,389,balloon animal,2,A little
8764,R_6cTio6kA9DXemsg,b21,21,1,421,Boat,1,Not at all
8765,R_6cTio6kA9DXemsg,b22,22,1,450,Angle,2,A little
8766,R_6cTio6kA9DXemsg,b22,22,2,477,speech bubble,3,Moderately
8767,R_6cTio6kA9DXemsg,b23,23,1,485,circle,2,A little
8768,R_6cTio6kA9DXemsg,b25,25,1,540,crane,2,A little
8769,R_6cTio6kA9DXemsg,b26,26,1,572,lightning bolt,1,Not at all
8770,R_6cTio6kA9DXemsg,b27,27,1,579,belt buckle,5,Completely
8771,R_6cTio6kA9DXemsg,b30,30,1,651,bed,4,A lot
8772,R_6cTio6kA9DXemsg,b35,35,1,778,bicycle,1,Not at all
8773,R_6cTio6kA9DXemsg,b35,35,2,786,face,2,A little
8774,R_6cTio6kA9DXemsg,b36,36,1,802,dowsing rod,3,Moderately
8775,R_6cTio6kA9DXemsg,b37,37,1,839,flower,5,Completely
8776,R_6cTio6kA9DXemsg,b37,37,2,842,glasses,1,Not at all
8777,R_6cTio6kA9DXemsg,b38,38,1,857,flower bouquet,4,A lot
8778,R_6cTio6kA9DXemsg,b38,38,2,864,owl,1,Not at all
8779,R_6cTio6kA9DXemsg,b41,41,1,935,heart,1,Not at all
8780,R_6cTio6kA9DXemsg,b41,41,2,953,staple gun,3,Moderately
8781,R_6cTio6kA9DXemsg,b45,45,1,1052,key,1,Not at all
8782,R_6cTio6kA9DXemsg,b46,46,1,1062,anchor,2,A little
8783,R_6cTio6kA9DXemsg,b48,48,1,1136,I imagined a X,1,Not at all
8784,R_6cTio6kA9DXemsg,b49,49,1,1158,bikini set,2,A little
8785,R_6cTio6kA9DXemsg,b49,49,2,1169,mountain,1,Not at all
8786,R_6cTio6kA9DXemsg,b51,51,1,1205,person,1,Not at all
8787,R_6cTio6kA9DXemsg,b52,52,1,1222,flagpole,3,Moderately
8788,R_6cTio6kA9DXemsg,b53,53,1,1256,swing set,1,Not at all
8789,R_6cTio6kA9DXemsg,b55,55,1,1279,anchor,2,A little
8790,R_6clg3Wb6zY40gs9,b12,12,1,204,Umbrella,1,Not at all
8791,R_6clg3Wb6zY40gs9,b14,14,1,247,headphones,5,Completely
8792,R_6clg3Wb6zY40gs9,b14,14,2,249,Huge circle,1,Not at all
8793,R_6clg3Wb6zY40gs9,b19,19,1,356,bee,1,Not at all
8794,R_6clg3Wb6zY40gs9,b19,19,2,384,USB connector,2,A little
8795,R_6clg3Wb6zY40gs9,b20,20,1,391,Boat,1,Not at all
8796,R_6clg3Wb6zY40gs9,b20,20,2,394,eight,1,Not at all
8797,R_6clg3Wb6zY40gs9,b20,20,3,408,pedestal,2,A little
8798,R_6clg3Wb6zY40gs9,b21,21,1,441,hot air balloon,3,Moderately
8799,R_6clg3Wb6zY40gs9,b23,23,1,484,caduceus,2,A little
8800,R_6clg3Wb6zY40gs9,b24,24,1,510,crutch,1,Not at all
8801,R_6clg3Wb6zY40gs9,b24,24,2,528,Square,1,Not at all
8802,R_6clg3Wb6zY40gs9,b24,24,3,534,wrentch,1,Not at all
8803,R_6clg3Wb6zY40gs9,b26,26,1,573,pickaxe,5,Completely
8804,R_6clg3Wb6zY40gs9,b27,27,1,577,barcode,2,A little
8805,R_6clg3Wb6zY40gs9,b27,27,2,578,bed,2,A little
8806,R_6clg3Wb6zY40gs9,b28,28,1,616,owl,2,A little
8807,R_6clg3Wb6zY40gs9,b30,30,1,654,bow and arrow,2,A little
8808,R_6clg3Wb6zY40gs9,b33,33,1,753,Triangle,1,Not at all
8809,R_6clg3Wb6zY40gs9,b35,35,1,789,goggles,3,Moderately
8810,R_6clg3Wb6zY40gs9,b37,37,1,834,cup and ball,2,A little
8811,R_6clg3Wb6zY40gs9,b40,40,1,917,point right,1,Not at all
8812,R_6clg3Wb6zY40gs9,b43,43,1,990,power button,3,Moderately
8813,R_6clg3Wb6zY40gs9,b46,46,1,1088,number 8,1,Not at all
8814,R_6clg3Wb6zY40gs9,b48,48,1,1142,letter x,1,Not at all
8815,R_6clg3Wb6zY40gs9,b49,49,1,1161,bull skull,2,A little
8816,R_6clg3Wb6zY40gs9,b49,49,2,1167,love,4,A lot
8817,R_6clg3Wb6zY40gs9,b56,56,1,1298,balloon,1,Not at all
8818,R_6clg3Wb6zY40gs9,b56,56,2,1304,down arrow,2,A little
8819,R_6clg3Wb6zY40gs9,b57,57,1,1335,windmill,3,Moderately
8820,R_6dHswamzYqZogRA,b1,1,1,1382,ladder rungs,5,Completely
8821,R_6dHswamzYqZogRA,b4,4,1,1403,eyeglass,2,A little
8822,R_6dHswamzYqZogRA,b5,5,1,1411,spectacles,3,Moderately
8823,R_6dHswamzYqZogRA,b7,7,1,1419,Arrow shaft,3,Moderately
8824,R_6dHswamzYqZogRA,b7,7,2,1420,christmas tree,2,A little
8825,R_6dHswamzYqZogRA,b7,7,3,1426,wow,1,Not at all
8826,R_6dHswamzYqZogRA,b17,17,1,1505,flying saucer,1,Not at all
8827,R_6dHswamzYqZogRA,b19,19,1,1525,sled,2,A little
8828,R_6dHswamzYqZogRA,b21,21,1,1542,mushroom,1,Not at all
8829,R_6dHswamzYqZogRA,b21,21,2,1546,theta symbol,1,Not at all
8830,R_6dHswamzYqZogRA,b27,27,1,1604,door frame,5,Completely
8831,R_6dHswamzYqZogRA,b27,27,2,1903,X,1,Not at all
8832,R_6dHswamzYqZogRA,b35,35,1,1676,owl,1,Not at all
8833,R_6dHswamzYqZogRA,b35,35,2,1677,butterfly,1,Not at all
8834,R_6dHswamzYqZogRA,b36,36,1,1681,Trident,3,Moderately
8835,R_6dHswamzYqZogRA,b37,37,1,1692,Bowtie person,2,A little
8836,R_6dHswamzYqZogRA,b38,38,1,1701,triple scoop ice cream cone,5,Completely
8837,R_6dHswamzYqZogRA,b38,38,2,1702,ice cream scoops on a cone,4,A lot
8838,R_6dHswamzYqZogRA,b39,39,1,1711,pulley system,1,Not at all
8839,R_6dHswamzYqZogRA,b39,39,2,1715,stacked symbol,1,Not at all
8840,R_6dHswamzYqZogRA,b42,42,1,1734,window pane,5,Completely
8841,R_6dHswamzYqZogRA,b43,43,1,1741,musical note,1,Not at all
8842,R_6dHswamzYqZogRA,b48,48,1,1778,garden hoe,2,A little
8843,R_6dHswamzYqZogRA,b48,48,2,1785,corner bracket,3,Moderately
8844,R_6dHswamzYqZogRA,b53,53,1,1825,anchor,1,Not at all
8845,R_6dHswamzYqZogRA,b55,55,1,1849,Down arrow,2,A little
8846,R_6dHswamzYqZogRA,b56,56,1,1859,kite emblem,1,Not at all
8847,R_6dHswamzYqZogRA,b56,56,2,1861,balloon string,1,Not at all
8848,R_6dHswamzYqZogRA,b58,58,1,1877,umbrella hook,4,A lot
8849,R_6dHswamzYqZogRA,b59,59,1,1882,trophy cup,1,Not at all
8850,R_6dKX5VSY0tEHUro,b1,1,1,1,iron bars,2,A little
8851,R_6dKX5VSY0tEHUro,b5,5,1,11,handshake,1,Not at all
8852,R_6dKX5VSY0tEHUro,b8,8,1,23,chain link,1,Not at all
8853,R_6dKX5VSY0tEHUro,b9,9,1,27,rabbit,2,A little
8854,R_6dKX5VSY0tEHUro,b9,9,2,29,crown symbol,1,Not at all
8855,R_6dKX5VSY0tEHUro,b12,12,1,38,fishing hook,1,Not at all
8856,R_6dKX5VSY0tEHUro,b17,17,1,50,fishing hook,1,Not at all
8857,R_6dKX5VSY0tEHUro,b20,20,1,62,stop sign,2,A little
8858,R_6dKX5VSY0tEHUro,b21,21,1,68,golf club,1,Not at all
8859,R_6dKX5VSY0tEHUro,b21,21,2,69,paperclip,2,A little
8860,R_6dKX5VSY0tEHUro,b22,22,1,71,letter a,1,Not at all
8861,R_6dKX5VSY0tEHUro,b25,25,1,80,greek gamma,1,Not at all
8862,R_6dKX5VSY0tEHUro,b28,28,1,88,spectacle temples,1,Not at all
8863,R_6dKX5VSY0tEHUro,b30,30,1,100,capital b,1,Not at all
8864,R_6dKX5VSY0tEHUro,b30,30,2,101,capital r,1,Not at all
8865,R_6dKX5VSY0tEHUro,b35,35,1,119,anvil,2,A little
8866,R_6dKX5VSY0tEHUro,b37,37,1,122,street lamp,3,Moderately
8867,R_6dKX5VSY0tEHUro,b37,37,2,123,scissors closed,1,Not at all
8868,R_6dKX5VSY0tEHUro,b37,37,3,124,pendulum bob,2,A little
8869,R_6dKX5VSY0tEHUro,b42,42,1,139,plus sign,1,Not at all
8870,R_6dKX5VSY0tEHUro,b42,42,2,142,letter glyph,1,Not at all
8871,R_6dKX5VSY0tEHUro,b43,43,1,144,apple,1,Not at all
8872,R_6dKX5VSY0tEHUro,b43,43,2,146,target satellite,2,A little
8873,R_6dKX5VSY0tEHUro,b44,44,1,148,keyhole,2,A little
8874,R_6dKX5VSY0tEHUro,b44,44,2,150,golden doubloon,1,Not at all
8875,R_6dKX5VSY0tEHUro,b45,45,1,154,clock face,5,Completely
8876,R_6dKX5VSY0tEHUro,b48,48,1,170,sledgehammer,1,Not at all
8877,R_6dKX5VSY0tEHUro,b52,52,1,184,electric plug,1,Not at all
8878,R_6dKX5VSY0tEHUro,b57,57,1,197,capped diamond,1,Not at all
8879,R_6dKX5VSY0tEHUro,b60,60,1,208,house roof,3,Moderately
8880,R_6eCY5sNvc1dYjdz,b6,6,1,1415,eyeglasses,5,Completely
8881,R_6eCY5sNvc1dYjdz,b7,7,1,1422,pine tree,4,A lot
8882,R_6eCY5sNvc1dYjdz,b10,10,1,1449,table,1,Not at all
8883,R_6eCY5sNvc1dYjdz,b11,11,1,1453,Stapler silhouette,2,A little
8884,R_6eCY5sNvc1dYjdz,b12,12,1,1458,UFO,1,Not at all
8885,R_6eCY5sNvc1dYjdz,b13,13,1,1470,table,1,Not at all
8886,R_6eCY5sNvc1dYjdz,b14,14,1,1479,toilet seat,1,Not at all
8887,R_6eCY5sNvc1dYjdz,b14,14,2,1481,Contained Ds,4,A lot
8888,R_6eCY5sNvc1dYjdz,b19,19,1,1528,hot coffee,1,Not at all
8889,R_6eCY5sNvc1dYjdz,b22,22,1,1558,PacMan,2,A little
8890,R_6eCY5sNvc1dYjdz,b22,22,2,1559,padlock keyhole,1,Not at all
8891,R_6eCY5sNvc1dYjdz,b23,23,1,1564,hand mirror,3,Moderately
8892,R_6eCY5sNvc1dYjdz,b25,25,1,1579,hammer head,1,Not at all
8893,R_6eCY5sNvc1dYjdz,b25,25,2,1582,flag sign,1,Not at all
8894,R_6eCY5sNvc1dYjdz,b26,26,1,1586,signpost,4,A lot
8895,R_6eCY5sNvc1dYjdz,b26,26,2,1592,less-than sign,5,Completely
8896,R_6eCY5sNvc1dYjdz,b26,26,3,1593,pennant,1,Not at all
8897,R_6eCY5sNvc1dYjdz,b26,26,4,1901,slingshot,1,Not at all
8898,R_6eCY5sNvc1dYjdz,b26,26,5,1902,broken arrow,1,Not at all
8899,R_6eCY5sNvc1dYjdz,b30,30,1,1637,comb,1,Not at all
8900,R_6eCY5sNvc1dYjdz,b31,31,1,1646,balloon,5,Completely
8901,R_6eCY5sNvc1dYjdz,b34,34,1,1675,bowbow,1,Not at all
8902,R_6eCY5sNvc1dYjdz,b36,36,1,1687,slingshot frame,1,Not at all
8903,R_6eCY5sNvc1dYjdz,b39,39,1,1709,Snowman sideways,1,Not at all
8904,R_6eCY5sNvc1dYjdz,b40,40,1,1723,lock standing sideways,5,Completely
8905,R_6eCY5sNvc1dYjdz,b43,43,1,1744,saxophone key,1,Not at all
8906,R_6eCY5sNvc1dYjdz,b43,43,2,1746,question mark,1,Not at all
8907,R_6eCY5sNvc1dYjdz,b46,46,1,1766,eye,1,Not at all
8908,R_6eCY5sNvc1dYjdz,b46,46,2,1768,Butterfly wings,1,Not at all
8909,R_6eCY5sNvc1dYjdz,b50,50,1,1800,Candelabra stand,1,Not at all
8910,R_6eP5wJ0UQndeC9n,b13,13,1,214,Half circle,1,Not at all
8911,R_6eP5wJ0UQndeC9n,b13,13,2,215,hammer,1,Not at all
8912,R_6eP5wJ0UQndeC9n,b13,13,3,234,wine glass,5,Completely
8913,R_6eP5wJ0UQndeC9n,b14,14,1,236,baby carriage,1,Not at all
8914,R_6eP5wJ0UQndeC9n,b14,14,2,251,Music Note,1,Not at all
8915,R_6eP5wJ0UQndeC9n,b16,16,1,292,Trapezoid,1,Not at all
8916,R_6eP5wJ0UQndeC9n,b17,17,1,312,house roof,1,Not at all
8917,R_6eP5wJ0UQndeC9n,b18,18,1,327,butterfly,1,Not at all
8918,R_6eP5wJ0UQndeC9n,b19,19,1,384,USB connector,2,A little
8919,R_6eP5wJ0UQndeC9n,b19,19,2,386,wang jangle,1,Not at all
8920,R_6eP5wJ0UQndeC9n,b21,21,1,430,Infinity symbol,1,Not at all
8921,R_6eP5wJ0UQndeC9n,b21,21,2,440,snowman,2,A little
8922,R_6eP5wJ0UQndeC9n,b22,22,1,452,Boat,1,Not at all
8923,R_6eP5wJ0UQndeC9n,b33,33,1,739,magnifying glass,2,A little
8924,R_6eP5wJ0UQndeC9n,b34,34,1,765,hourglass,1,Not at all
8925,R_6eP5wJ0UQndeC9n,b37,37,1,831,circled triangle,1,Not at all
8926,R_6eP5wJ0UQndeC9n,b37,37,2,832,clover,5,Completely
8927,R_6eP5wJ0UQndeC9n,b39,39,1,870,balloons,2,A little
8928,R_6eP5wJ0UQndeC9n,b39,39,2,874,butterfly,1,Not at all
8929,R_6eP5wJ0UQndeC9n,b41,41,1,947,Point,1,Not at all
8930,R_6eP5wJ0UQndeC9n,b43,43,1,994,snake,1,Not at all
8931,R_6eP5wJ0UQndeC9n,b44,44,1,1024,ladybug,1,Not at all
8932,R_6eP5wJ0UQndeC9n,b44,44,2,1033,pumpkin,1,Not at all
8933,R_6eP5wJ0UQndeC9n,b45,45,1,1054,LG symbol,3,Moderately
8934,R_6eP5wJ0UQndeC9n,b46,46,1,1082,lightbulb,3,Moderately
8935,R_6eP5wJ0UQndeC9n,b48,48,1,1134,goal post,2,A little
8936,R_6eP5wJ0UQndeC9n,b51,51,1,1212,Square,2,A little
8937,R_6eP5wJ0UQndeC9n,b54,54,1,1274,music note,5,Completely
8938,R_6eP5wJ0UQndeC9n,b56,56,1,1303,diagram,3,Moderately
8939,R_6eP5wJ0UQndeC9n,b60,60,1,1370,cake,2,A little
8940,R_6ewurCz9D9zkxyx,b4,4,1,46,bra,2,A little
8941,R_6ewurCz9D9zkxyx,b8,8,1,129,flower,1,Not at all
8942,R_6ewurCz9D9zkxyx,b9,9,1,142,owl,1,Not at all
8943,R_6ewurCz9D9zkxyx,b10,10,1,154,Numeral Three,1,Not at all
8944,R_6ewurCz9D9zkxyx,b12,12,1,188,circle,1,Not at all
8945,R_6ewurCz9D9zkxyx,b15,15,1,262,diamond,1,Not at all
8946,R_6ewurCz9D9zkxyx,b17,17,1,326,wishbone,1,Not at all
8947,R_6ewurCz9D9zkxyx,b20,20,1,393,crystal ball,2,A little
8948,R_6ewurCz9D9zkxyx,b21,21,1,428,head and shoulders,3,Moderately
8949,R_6ewurCz9D9zkxyx,b22,22,1,465,keyhole,4,A lot
8950,R_6ewurCz9D9zkxyx,b22,22,2,476,speaker sign,3,Moderately
8951,R_6ewurCz9D9zkxyx,b23,23,1,500,traffic stop,1,Not at all
8952,R_6ewurCz9D9zkxyx,b24,24,1,504,axe,1,Not at all
8953,R_6ewurCz9D9zkxyx,b26,26,1,570,letter K,1,Not at all
8954,R_6ewurCz9D9zkxyx,b30,30,1,655,box,1,Not at all
8955,R_6ewurCz9D9zkxyx,b32,32,1,724,wine glass,5,Completely
8956,R_6ewurCz9D9zkxyx,b33,33,1,738,lollipop,1,Not at all
8957,R_6ewurCz9D9zkxyx,b37,37,1,833,club suit,1,Not at all
8958,R_6ewurCz9D9zkxyx,b38,38,1,865,shamrock,1,Not at all
8959,R_6ewurCz9D9zkxyx,b39,39,1,869,abstract person,1,Not at all
8960,R_6ewurCz9D9zkxyx,b40,40,1,908,key,1,Not at all
8961,R_6ewurCz9D9zkxyx,b43,43,1,988,pendulum,1,Not at all
8962,R_6ewurCz9D9zkxyx,b43,43,2,1000,Swing,1,Not at all
8963,R_6ewurCz9D9zkxyx,b44,44,1,1014,dollar sign,1,Not at all
8964,R_6ewurCz9D9zkxyx,b45,45,1,1061,wheelchair,1,Not at all
8965,R_6ewurCz9D9zkxyx,b47,47,1,1101,ball,1,Not at all
8966,R_6ewurCz9D9zkxyx,b47,47,2,1116,mountain,1,Not at all
8967,R_6ewurCz9D9zkxyx,b54,54,1,1271,key,3,Moderately
8968,R_6ewurCz9D9zkxyx,b56,56,1,1310,Potato,1,Not at all
8969,R_6ewurCz9D9zkxyx,b58,58,1,1348,Song,1,Not at all
8970,R_6g25quhvxH4I75t,b2,2,1,9,hash,1,Not at all
8971,R_6g25quhvxH4I75t,b5,5,1,73,handcuffs,2,A little
8972,R_6g25quhvxH4I75t,b6,6,1,87,batman mask,3,Moderately
8973,R_6g25quhvxH4I75t,b6,6,2,105,snowman,1,Not at all
8974,R_6g25quhvxH4I75t,b8,8,1,122,bow tie,1,Not at all
8975,R_6g25quhvxH4I75t,b8,8,2,123,bread,1,Not at all
8976,R_6g25quhvxH4I75t,b10,10,1,145,Comb,2,A little
8977,R_6g25quhvxH4I75t,b14,14,1,247,headphones,5,Completely
8978,R_6g25quhvxH4I75t,b19,19,1,382,teapot,2,A little
8979,R_6g25quhvxH4I75t,b21,21,1,424,circles,1,Not at all
8980,R_6g25quhvxH4I75t,b21,21,2,439,keyhole,3,Moderately
8981,R_6g25quhvxH4I75t,b22,22,1,478,stick figure,3,Moderately
8982,R_6g25quhvxH4I75t,b25,25,1,547,letter F,1,Not at all
8983,R_6g25quhvxH4I75t,b28,28,1,612,handcuffs,2,A little
8984,R_6g25quhvxH4I75t,b29,29,1,634,hospital sign,1,Not at all
8985,R_6g25quhvxH4I75t,b33,33,1,737,lamp,3,Moderately
8986,R_6g25quhvxH4I75t,b34,34,1,770,movie projector,2,A little
8987,R_6g25quhvxH4I75t,b34,34,2,773,spade,1,Not at all
8988,R_6g25quhvxH4I75t,b37,37,1,841,flower bud,2,A little
8989,R_6g25quhvxH4I75t,b38,38,1,858,fruit basket,3,Moderately
8990,R_6g25quhvxH4I75t,b38,38,2,867,snowman,1,Not at all
8991,R_6g25quhvxH4I75t,b39,39,1,871,bee,1,Not at all
8992,R_6g25quhvxH4I75t,b40,40,1,897,box ear,1,Not at all
8993,R_6g25quhvxH4I75t,b41,41,1,926,coffee cup,5,Completely
8994,R_6g25quhvxH4I75t,b44,44,1,1034,question mrk,1,Not at all
8995,R_6g25quhvxH4I75t,b44,44,2,1036,small kite,2,A little
8996,R_6g25quhvxH4I75t,b48,48,1,1154,uppercase pi,1,Not at all
8997,R_6g25quhvxH4I75t,b53,53,1,1249,lightening bolt,1,Not at all
8998,R_6g25quhvxH4I75t,b56,56,1,1307,Large circle,1,Not at all
8999,R_6g25quhvxH4I75t,b59,59,1,1361,house,1,Not at all
9000,R_6hA3lR5S0lZWrzY,b4,4,1,1401,butterfly wings,1,Not at all
9001,R_6hA3lR5S0lZWrzY,b12,12,1,1463,anchor,1,Not at all
9002,R_6hA3lR5S0lZWrzY,b12,12,2,1464,arch bridge,1,Not at all
9003,R_6hA3lR5S0lZWrzY,b14,14,1,1479,toilet seat,1,Not at all
9004,R_6hA3lR5S0lZWrzY,b16,16,1,1493,funnel,2,A little
9005,R_6hA3lR5S0lZWrzY,b17,17,1,1505,flying saucer,1,Not at all
9006,R_6hA3lR5S0lZWrzY,b18,18,1,1510,ribbon award,1,Not at all
9007,R_6hA3lR5S0lZWrzY,b19,19,1,1525,sled,1,Not at all
9008,R_6hA3lR5S0lZWrzY,b20,20,1,1540,toilet,1,Not at all
9009,R_6hA3lR5S0lZWrzY,b21,21,1,1548,coffee cup,1,Not at all
9010,R_6hA3lR5S0lZWrzY,b24,24,1,1571,jib crane,1,Not at all
9011,R_6hA3lR5S0lZWrzY,b26,26,1,1591,anchor symbol,1,Not at all
9012,R_6hA3lR5S0lZWrzY,b26,26,2,1596,axe,1,Not at all
9013,R_6hA3lR5S0lZWrzY,b27,27,1,1602,battery symbol,3,Moderately
9014,R_6hA3lR5S0lZWrzY,b30,30,1,1639,clock,1,Not at all
9015,R_6hA3lR5S0lZWrzY,b30,30,2,1644,fence,1,Not at all
9016,R_6hA3lR5S0lZWrzY,b32,32,1,1906,table lamp,4,A lot
9017,R_6hA3lR5S0lZWrzY,b33,33,1,1665,Mushroom stem,1,Not at all
9018,R_6hA3lR5S0lZWrzY,b37,37,1,1689,info icon,1,Not at all
9019,R_6hA3lR5S0lZWrzY,b37,37,2,1690,snowman,1,Not at all
9020,R_6hA3lR5S0lZWrzY,b39,39,1,1714,ice cream cone with three scoops,5,Completely
9021,R_6hA3lR5S0lZWrzY,b46,46,1,1765,spade symbol,1,Not at all
9022,R_6hA3lR5S0lZWrzY,b46,46,2,1910,arch bridge,1,Not at all
9023,R_6hA3lR5S0lZWrzY,b49,49,1,1788,spade symbol,1,Not at all
9024,R_6hA3lR5S0lZWrzY,b52,52,1,1813,coat rack,1,Not at all
9025,R_6hA3lR5S0lZWrzY,b53,53,1,1820,hammer,1,Not at all
9026,R_6hA3lR5S0lZWrzY,b54,54,1,1839,Combination wrench,1,Not at all
9027,R_6hA3lR5S0lZWrzY,b55,55,1,1913,Planted sword,2,A little
9028,R_6hA3lR5S0lZWrzY,b56,56,1,1865,half k,2,A little
9029,R_6hA3lR5S0lZWrzY,b56,56,2,1868,circle with a V towards the top,2,A little
9030,R_6jQgkvUsX5Efjid,b3,3,1,1396,Eyeglasses,1,Not at all
9031,R_6jQgkvUsX5Efjid,b8,8,1,1434,long diamond,1,Not at all
9032,R_6jQgkvUsX5Efjid,b9,9,1,1436,Ship anchor,1,Not at all
9033,R_6jQgkvUsX5Efjid,b9,9,2,1894,owl face,1,Not at all
9034,R_6jQgkvUsX5Efjid,b10,10,1,1442,broken comb,1,Not at all
9035,R_6jQgkvUsX5Efjid,b14,14,1,1480,butterfly cradle,1,Not at all
9036,R_6jQgkvUsX5Efjid,b15,15,1,1484,hexagon,1,Not at all
9037,R_6jQgkvUsX5Efjid,b19,19,1,1529,euro symbol,1,Not at all
9038,R_6jQgkvUsX5Efjid,b20,20,1,1534,ice cream,1,Not at all
9039,R_6jQgkvUsX5Efjid,b20,20,2,1535,lollipop,1,Not at all
9040,R_6jQgkvUsX5Efjid,b20,20,3,1539,stick figure,1,Not at all
9041,R_6jQgkvUsX5Efjid,b21,21,1,1546,theta symbol,1,Not at all
9042,R_6jQgkvUsX5Efjid,b22,22,1,1559,padlock keyhole,3,Moderately
9043,R_6jQgkvUsX5Efjid,b22,22,2,1561,cone and face,1,Not at all
9044,R_6jQgkvUsX5Efjid,b26,26,1,1594,arrow sign,1,Not at all
9045,R_6jQgkvUsX5Efjid,b32,32,1,1652,mushroom cap,1,Not at all
9046,R_6jQgkvUsX5Efjid,b35,35,1,1676,owl,1,Not at all
9047,R_6jQgkvUsX5Efjid,b36,36,1,1683,downward arrow,1,Not at all
9048,R_6jQgkvUsX5Efjid,b36,36,2,1686,forked staff,1,Not at all
9049,R_6jQgkvUsX5Efjid,b38,38,1,1697,club symbol,1,Not at all
9050,R_6jQgkvUsX5Efjid,b39,39,1,1707,ouroboros symbol,1,Not at all
9051,R_6jQgkvUsX5Efjid,b40,40,1,1717,table frame,1,Not at all
9052,R_6jQgkvUsX5Efjid,b46,46,1,1767,anchor chalice,1,Not at all
9053,R_6jQgkvUsX5Efjid,b47,47,1,1775,glasses,1,Not at all
9054,R_6jQgkvUsX5Efjid,b49,49,1,1791,heart arrow,3,Moderately
9055,R_6jQgkvUsX5Efjid,b53,53,1,1824,snow globe,1,Not at all
9056,R_6jQgkvUsX5Efjid,b54,54,1,1833,magnifying glass,1,Not at all
9057,R_6jQgkvUsX5Efjid,b55,55,1,1848,spade symbol,1,Not at all
9058,R_6jQgkvUsX5Efjid,b56,56,1,1858,compass needle,1,Not at all
9059,R_6jQgkvUsX5Efjid,b59,59,1,1882,trophy cup,1,Not at all
9060,R_6jVGaqwCJZAg7dT,b5,5,1,66,bra,1,Not at all
9061,R_6jVGaqwCJZAg7dT,b6,6,1,91,circle,2,A little
9062,R_6jVGaqwCJZAg7dT,b7,7,1,109,railroad track,2,A little
9063,R_6jVGaqwCJZAg7dT,b18,18,1,339,Incomplete heart,3,Moderately
9064,R_6jVGaqwCJZAg7dT,b21,21,1,429,house,1,Not at all
9065,R_6jVGaqwCJZAg7dT,b21,21,2,436,lollipop stand,1,Not at all
9066,R_6jVGaqwCJZAg7dT,b22,22,1,472,play button,4,A lot
9067,R_6jVGaqwCJZAg7dT,b23,23,1,496,staff,3,Moderately
9068,R_6jVGaqwCJZAg7dT,b30,30,1,665,goal post,2,A little
9069,R_6jVGaqwCJZAg7dT,b34,34,1,763,glasses on nose,3,Moderately
9070,R_6jVGaqwCJZAg7dT,b35,35,1,782,cherries,1,Not at all
9071,R_6jVGaqwCJZAg7dT,b36,36,1,821,volcano,3,Moderately
9072,R_6jVGaqwCJZAg7dT,b37,37,1,823,angel,1,Not at all
9073,R_6jVGaqwCJZAg7dT,b37,37,2,829,butterfly,1,Not at all
9074,R_6jVGaqwCJZAg7dT,b39,39,1,891,small circles,4,A lot
9075,R_6jVGaqwCJZAg7dT,b41,41,1,954,trapezium,1,Not at all
9076,R_6jVGaqwCJZAg7dT,b42,42,1,958,four squares,5,Completely
9077,R_6jVGaqwCJZAg7dT,b46,46,1,1071,clover,1,Not at all
9078,R_6jVGaqwCJZAg7dT,b46,46,2,1072,eight,1,Not at all
9079,R_6jVGaqwCJZAg7dT,b46,46,3,1096,tuning fork,1,Not at all
9080,R_6jVGaqwCJZAg7dT,b49,49,1,1162,butterfly,1,Not at all
9081,R_6jVGaqwCJZAg7dT,b50,50,1,1175,anchor,1,Not at all
9082,R_6jVGaqwCJZAg7dT,b50,50,2,1193,stickman,5,Completely
9083,R_6jVGaqwCJZAg7dT,b52,52,1,1232,signpost,1,Not at all
9084,R_6jVGaqwCJZAg7dT,b55,55,1,1282,arrowhead,2,A little
9085,R_6jVGaqwCJZAg7dT,b55,55,2,1285,flagpole,1,Not at all
9086,R_6jVGaqwCJZAg7dT,b56,56,1,1304,down arrow,1,Not at all
9087,R_6jVGaqwCJZAg7dT,b56,56,2,1309,pie chart,1,Not at all
9088,R_6jVGaqwCJZAg7dT,b57,57,1,1325,not equal,1,Not at all
9089,R_6jVGaqwCJZAg7dT,b60,60,1,1369,box cone,5,Completely
9090,R_6jjt7hJJlf6kd9N,b4,4,1,8,parentheses,1,Not at all
9091,R_6jjt7hJJlf6kd9N,b5,5,1,10,greek beta,3,Moderately
9092,R_6jjt7hJJlf6kd9N,b6,6,1,16,infinity antenna,3,Moderately
9093,R_6jjt7hJJlf6kd9N,b9,9,1,26,stone archway,1,Not at all
9094,R_6jjt7hJJlf6kd9N,b9,9,2,29,crown symbol,2,A little
9095,R_6jjt7hJJlf6kd9N,b10,10,1,30,eject button,1,Not at all
9096,R_6jjt7hJJlf6kd9N,b10,10,2,31,candle holder,4,A lot
9097,R_6jjt7hJJlf6kd9N,b12,12,1,37,serif y,1,Not at all
9098,R_6jjt7hJJlf6kd9N,b12,12,2,39,flagpole,1,Not at all
9099,R_6jjt7hJJlf6kd9N,b14,14,1,42,fish hook,2,A little
9100,R_6jjt7hJJlf6kd9N,b17,17,1,50,fishing hook,1,Not at all
9101,R_6jjt7hJJlf6kd9N,b21,21,1,66,chess pawn,4,A lot
9102,R_6jjt7hJJlf6kd9N,b21,21,2,67,skeleton key,2,A little
9103,R_6jjt7hJJlf6kd9N,b21,21,3,68,golf club,1,Not at all
9104,R_6jjt7hJJlf6kd9N,b22,22,1,71,letter a,1,Not at all
9105,R_6jjt7hJJlf6kd9N,b29,29,1,95,b,1,Not at all
9106,R_6jjt7hJJlf6kd9N,b30,30,1,99,belt buckle,2,A little
9107,R_6jjt7hJJlf6kd9N,b31,31,1,104,lollipop stick,3,Moderately
9108,R_6jjt7hJJlf6kd9N,b33,33,1,109,bumper car,2,A little
9109,R_6jjt7hJJlf6kd9N,b33,33,2,111,golf tee,2,A little
9110,R_6jjt7hJJlf6kd9N,b33,33,3,112,teacup,1,Not at all
9111,R_6jjt7hJJlf6kd9N,b34,34,1,115,open scissors,4,A lot
9112,R_6jjt7hJJlf6kd9N,b34,34,2,117,phi symbol,3,Moderately
9113,R_6jjt7hJJlf6kd9N,b35,35,1,120,twin crown,2,A little
9114,R_6jjt7hJJlf6kd9N,b36,36,1,121,harpoon,2,A little
9115,R_6jjt7hJJlf6kd9N,b41,41,1,138,keyhole,2,A little
9116,R_6jjt7hJJlf6kd9N,b42,42,1,141,h-beam,3,Moderately
9117,R_6jjt7hJJlf6kd9N,b46,46,1,161,mailbox,2,A little
9118,R_6jjt7hJJlf6kd9N,b50,50,1,177,balloon man,1,Not at all
9119,R_6jjt7hJJlf6kd9N,b56,56,1,194,circular pointer,2,A little
9120,R_6mIZi8yl4b28pe8,b2,2,1,16,two boxes,2,A little
9121,R_6mIZi8yl4b28pe8,b4,4,1,57,owl,1,Not at all
9122,R_6mIZi8yl4b28pe8,b6,6,1,93,glasses,5,Completely
9123,R_6mIZi8yl4b28pe8,b7,7,1,113,spire,2,A little
9124,R_6mIZi8yl4b28pe8,b12,12,1,200,semicircle,1,Not at all
9125,R_6mIZi8yl4b28pe8,b14,14,1,235,alien,1,Not at all
9126,R_6mIZi8yl4b28pe8,b14,14,2,236,baby carriage,1,Not at all
9127,R_6mIZi8yl4b28pe8,b16,16,1,277,download icon,1,Not at all
9128,R_6mIZi8yl4b28pe8,b17,17,1,310,heart,1,Not at all
9129,R_6mIZi8yl4b28pe8,b18,18,1,352,Speed Bump,1,Not at all
9130,R_6mIZi8yl4b28pe8,b24,24,1,519,letter N,2,A little
9131,R_6mIZi8yl4b28pe8,b25,25,1,552,number 4,2,A little
9132,R_6mIZi8yl4b28pe8,b26,26,1,570,letter K,1,Not at all
9133,R_6mIZi8yl4b28pe8,b26,26,2,572,lightning bolt,1,Not at all
9134,R_6mIZi8yl4b28pe8,b29,29,1,638,lamp,3,Moderately
9135,R_6mIZi8yl4b28pe8,b31,31,1,681,bird,1,Not at all
9136,R_6mIZi8yl4b28pe8,b32,32,1,717,scarecrow,1,Not at all
9137,R_6mIZi8yl4b28pe8,b33,33,1,734,hanging lamp,3,Moderately
9138,R_6mIZi8yl4b28pe8,b37,37,1,846,magnifying glass,2,A little
9139,R_6mIZi8yl4b28pe8,b41,41,1,927,coffee mug,5,Completely
9140,R_6mIZi8yl4b28pe8,b43,43,1,981,eighth note,4,A lot
9141,R_6mIZi8yl4b28pe8,b43,43,2,990,power button,2,A little
9142,R_6mIZi8yl4b28pe8,b48,48,1,1141,letter T,5,Completely
9143,R_6mIZi8yl4b28pe8,b48,48,2,1147,signpost,1,Not at all
9144,R_6mIZi8yl4b28pe8,b51,51,1,1199,figure,2,A little
9145,R_6mIZi8yl4b28pe8,b51,51,2,1207,present,2,A little
9146,R_6mIZi8yl4b28pe8,b53,53,1,1239,Abstract umbrella,2,A little
9147,R_6mIZi8yl4b28pe8,b54,54,1,1273,music clef,5,Completely
9148,R_6mIZi8yl4b28pe8,b55,55,1,1290,spade,2,A little
9149,R_6mIZi8yl4b28pe8,b56,56,1,1316,verified icon,1,Not at all
9150,R_6mqHYKgSFikkhC3,b2,2,1,4,roman numeral,1,Not at all
9151,R_6mqHYKgSFikkhC3,b3,3,1,5,scale hourglass,1,Not at all
9152,R_6mqHYKgSFikkhC3,b3,3,2,6,eyeglasses bridge,1,Not at all
9153,R_6mqHYKgSFikkhC3,b6,6,1,14,horse blinders,2,A little
9154,R_6mqHYKgSFikkhC3,b6,6,2,16,infinity antenna,1,Not at all
9155,R_6mqHYKgSFikkhC3,b8,8,1,24,crown hourglass,1,Not at all
9156,R_6mqHYKgSFikkhC3,b8,8,2,25,spectacle frame,1,Not at all
9157,R_6mqHYKgSFikkhC3,b11,11,1,32,keyhole slot,1,Not at all
9158,R_6mqHYKgSFikkhC3,b15,15,1,45,pencil tip,5,Completely
9159,R_6mqHYKgSFikkhC3,b15,15,2,46,diamond shape,1,Not at all
9160,R_6mqHYKgSFikkhC3,b18,18,1,52,bow tie,1,Not at all
9161,R_6mqHYKgSFikkhC3,b18,18,2,54,arrowhead,2,A little
9162,R_6mqHYKgSFikkhC3,b20,20,1,62,stop sign,1,Not at all
9163,R_6mqHYKgSFikkhC3,b21,21,1,69,paperclip,1,Not at all
9164,R_6mqHYKgSFikkhC3,b23,23,1,74,world pillar,1,Not at all
9165,R_6mqHYKgSFikkhC3,b26,26,1,81,diamond,1,Not at all
9166,R_6mqHYKgSFikkhC3,b30,30,1,101,capital r,1,Not at all
9167,R_6mqHYKgSFikkhC3,b31,31,1,105,ice cream,1,Not at all
9168,R_6mqHYKgSFikkhC3,b32,32,1,107,teeter totter,1,Not at all
9169,R_6mqHYKgSFikkhC3,b35,35,1,119,anvil,1,Not at all
9170,R_6mqHYKgSFikkhC3,b37,37,1,123,scissors closed,1,Not at all
9171,R_6mqHYKgSFikkhC3,b39,39,1,131,infinity frame,1,Not at all
9172,R_6mqHYKgSFikkhC3,b43,43,1,146,target satellite,1,Not at all
9173,R_6mqHYKgSFikkhC3,b45,45,1,153,lexus logo,1,Not at all
9174,R_6mqHYKgSFikkhC3,b45,45,2,158,doughnut stand,1,Not at all
9175,R_6mqHYKgSFikkhC3,b46,46,1,165,winged arch,1,Not at all
9176,R_6mqHYKgSFikkhC3,b49,49,1,174,steep curve,1,Not at all
9177,R_6mqHYKgSFikkhC3,b52,52,1,184,electric plug,2,A little
9178,R_6mqHYKgSFikkhC3,b55,55,1,191,perpendicular arrow,1,Not at all
9179,R_6mqHYKgSFikkhC3,b57,57,1,198,rotated x,1,Not at all
9180,R_6nH4dc9d0546BX6,b3,3,1,1394,butterfly wings,2,A little
9181,R_6nH4dc9d0546BX6,b4,4,1,1399,binoculars,3,Moderately
9182,R_6nH4dc9d0546BX6,b6,6,1,1893,Digit 8,3,Moderately
9183,R_6nH4dc9d0546BX6,b7,7,1,1419,Arrow shaft,5,Completely
9184,R_6nH4dc9d0546BX6,b10,10,1,1446,fork and knife,1,Not at all
9185,R_6nH4dc9d0546BX6,b10,10,2,1449,table,1,Not at all
9186,R_6nH4dc9d0546BX6,b12,12,1,1463,anchor,1,Not at all
9187,R_6nH4dc9d0546BX6,b14,14,1,1479,toilet seat,3,Moderately
9188,R_6nH4dc9d0546BX6,b15,15,1,1492,Equilateral hexagon,2,A little
9189,R_6nH4dc9d0546BX6,b18,18,1,1512,Umbrella,4,A lot
9190,R_6nH4dc9d0546BX6,b19,19,1,1530,database,1,Not at all
9191,R_6nH4dc9d0546BX6,b23,23,1,1565,standing microphone,5,Completely
9192,R_6nH4dc9d0546BX6,b26,26,1,1587,stick figure,3,Moderately
9193,R_6nH4dc9d0546BX6,b26,26,2,1594,arrow sign,2,A little
9194,R_6nH4dc9d0546BX6,b26,26,3,1901,slingshot,5,Completely
9195,R_6nH4dc9d0546BX6,b27,27,1,1606,shopping cart,1,Not at all
9196,R_6nH4dc9d0546BX6,b28,28,1,1615,headphones,5,Completely
9197,R_6nH4dc9d0546BX6,b29,29,1,1623,plunger,1,Not at all
9198,R_6nH4dc9d0546BX6,b29,29,2,1905,mushroom,1,Not at all
9199,R_6nH4dc9d0546BX6,b30,30,1,1630,keyhole,1,Not at all
9200,R_6nH4dc9d0546BX6,b33,33,1,1657,hammer,2,A little
9201,R_6nH4dc9d0546BX6,b37,37,1,1691,barbell lollipop,1,Not at all
9202,R_6nH4dc9d0546BX6,b41,41,1,1730,marker for going right,1,Not at all
9203,R_6nH4dc9d0546BX6,b42,42,1,1732,tic-tac-toe board,4,A lot
9204,R_6nH4dc9d0546BX6,b48,48,1,1784,Right angle,1,Not at all
9205,R_6nH4dc9d0546BX6,b54,54,1,1829,planted sword,1,Not at all
9206,R_6nH4dc9d0546BX6,b54,54,2,1836,Flag stand,4,A lot
9207,R_6nH4dc9d0546BX6,b55,55,1,1911,Capital T,1,Not at all
9208,R_6nH4dc9d0546BX6,b56,56,1,1861,balloon string,1,Not at all
9209,R_6nH4dc9d0546BX6,b58,58,1,1878,Umbrella handle,5,Completely
9210,R_6pHlEe9zY6sjiql,b1,1,1,3,stacked H's,3,Moderately
9211,R_6pHlEe9zY6sjiql,b1,1,2,5,train track,4,A lot
9212,R_6pHlEe9zY6sjiql,b8,8,1,130,hourglass,1,Not at all
9213,R_6pHlEe9zY6sjiql,b12,12,1,195,lamp,3,Moderately
9214,R_6pHlEe9zY6sjiql,b21,21,1,432,person's torso,2,A little
9215,R_6pHlEe9zY6sjiql,b22,22,1,460,Flag,1,Not at all
9216,R_6pHlEe9zY6sjiql,b23,23,1,492,magnifying glass,4,A lot
9217,R_6pHlEe9zY6sjiql,b24,24,1,509,comb,1,Not at all
9218,R_6pHlEe9zY6sjiql,b24,24,2,514,hammer,1,Not at all
9219,R_6pHlEe9zY6sjiql,b28,28,1,608,eyeglasses,4,A lot
9220,R_6pHlEe9zY6sjiql,b32,32,1,703,church bell,1,Not at all
9221,R_6pHlEe9zY6sjiql,b39,39,1,886,love knot,2,A little
9222,R_6pHlEe9zY6sjiql,b39,39,2,887,owl,2,A little
9223,R_6pHlEe9zY6sjiql,b40,40,1,898,bucket,3,Moderately
9224,R_6pHlEe9zY6sjiql,b41,41,1,926,coffee cup,4,A lot
9225,R_6pHlEe9zY6sjiql,b41,41,2,929,directional marker right,1,Not at all
9226,R_6pHlEe9zY6sjiql,b41,41,3,939,magnifying glass,1,Not at all
9227,R_6pHlEe9zY6sjiql,b42,42,1,962,ladder,1,Not at all
9228,R_6pHlEe9zY6sjiql,b43,43,1,989,pie chain,1,Not at all
9229,R_6pHlEe9zY6sjiql,b44,44,1,1040,sun glasses,1,Not at all
9230,R_6pHlEe9zY6sjiql,b45,45,1,1060,power button,2,A little
9231,R_6pHlEe9zY6sjiql,b46,46,1,1088,number 8,1,Not at all
9232,R_6pHlEe9zY6sjiql,b48,48,1,1149,T-square,4,A lot
9233,R_6pHlEe9zY6sjiql,b49,49,1,1174,Triangle,1,Not at all
9234,R_6pHlEe9zY6sjiql,b51,51,1,1214,transistor radio,4,A lot
9235,R_6pHlEe9zY6sjiql,b52,52,1,1236,Sword,1,Not at all
9236,R_6pHlEe9zY6sjiql,b53,53,1,1247,Key,1,Not at all
9237,R_6pHlEe9zY6sjiql,b54,54,1,1263,Brush,2,A little
9238,R_6pHlEe9zY6sjiql,b56,56,1,1309,pie chart,2,A little
9239,R_6pHlEe9zY6sjiql,b59,59,1,1364,sailboat,2,A little
9240,R_6pm67KG4k9S37VG,b3,3,1,26,Circles,1,Not at all
9241,R_6pm67KG4k9S37VG,b4,4,1,52,goal posts,1,Not at all
9242,R_6pm67KG4k9S37VG,b4,4,2,53,goggles,1,Not at all
9243,R_6pm67KG4k9S37VG,b8,8,1,129,flower,1,Not at all
9244,R_6pm67KG4k9S37VG,b11,11,1,171,door key,1,Not at all
9245,R_6pm67KG4k9S37VG,b18,18,1,329,cone,3,Moderately
9246,R_6pm67KG4k9S37VG,b19,19,1,367,hanger,1,Not at all
9247,R_6pm67KG4k9S37VG,b19,19,2,368,jellyfish,1,Not at all
9248,R_6pm67KG4k9S37VG,b19,19,3,373,oval,1,Not at all
9249,R_6pm67KG4k9S37VG,b20,20,1,390,bird,1,Not at all
9250,R_6pm67KG4k9S37VG,b20,20,2,391,Boat,1,Not at all
9251,R_6pm67KG4k9S37VG,b22,22,1,461,goggles,1,Not at all
9252,R_6pm67KG4k9S37VG,b22,22,2,464,Icecream cone,1,Not at all
9253,R_6pm67KG4k9S37VG,b25,25,1,536,bed,1,Not at all
9254,R_6pm67KG4k9S37VG,b29,29,1,637,ladder,1,Not at all
9255,R_6pm67KG4k9S37VG,b33,33,1,725,anchor,1,Not at all
9256,R_6pm67KG4k9S37VG,b33,33,2,754,umbrella,1,Not at all
9257,R_6pm67KG4k9S37VG,b37,37,1,829,butterfly,1,Not at all
9258,R_6pm67KG4k9S37VG,b43,43,1,980,earring,1,Not at all
9259,R_6pm67KG4k9S37VG,b46,46,1,1081,lamp,1,Not at all
9260,R_6pm67KG4k9S37VG,b47,47,1,1099,anchor,1,Not at all
9261,R_6pm67KG4k9S37VG,b50,50,1,1175,anchor,1,Not at all
9262,R_6pm67KG4k9S37VG,b51,51,1,1201,house,1,Not at all
9263,R_6pm67KG4k9S37VG,b51,51,2,1205,person,1,Not at all
9264,R_6pm67KG4k9S37VG,b51,51,3,1218,wheelbarrow,1,Not at all
9265,R_6pm67KG4k9S37VG,b53,53,1,1239,Abstract umbrella,1,Not at all
9266,R_6pm67KG4k9S37VG,b55,55,1,1288,peace sign,1,Not at all
9267,R_6pm67KG4k9S37VG,b56,56,1,1302,clock,5,Completely
9268,R_6pm67KG4k9S37VG,b57,57,1,1328,Small Peaks,1,Not at all
9269,R_6pm67KG4k9S37VG,b57,57,2,1337,zipper,1,Not at all
9270,R_6q8Ar5275GpvSvk,b5,5,1,66,bra,1,Not at all
9271,R_6q8Ar5275GpvSvk,b5,5,2,73,handcuffs,1,Not at all
9272,R_6q8Ar5275GpvSvk,b6,6,1,105,snowman,1,Not at all
9273,R_6q8Ar5275GpvSvk,b8,8,1,122,bow tie,1,Not at all
9274,R_6q8Ar5275GpvSvk,b10,10,1,150,horse barn,1,Not at all
9275,R_6q8Ar5275GpvSvk,b10,10,2,152,key,1,Not at all
9276,R_6q8Ar5275GpvSvk,b11,11,1,177,pitchfork,4,A lot
9277,R_6q8Ar5275GpvSvk,b13,13,1,222,Mushroom,1,Not at all
9278,R_6q8Ar5275GpvSvk,b14,14,1,255,semi-circle,1,Not at all
9279,R_6q8Ar5275GpvSvk,b16,16,1,280,heart,1,Not at all
9280,R_6q8Ar5275GpvSvk,b18,18,1,340,keyhole,1,Not at all
9281,R_6q8Ar5275GpvSvk,b20,20,1,390,bird,1,Not at all
9282,R_6q8Ar5275GpvSvk,b20,20,2,397,golf ball,1,Not at all
9283,R_6q8Ar5275GpvSvk,b21,21,1,446,bowler hat,1,Not at all
9284,R_6q8Ar5275GpvSvk,b26,26,1,575,triangle,1,Not at all
9285,R_6q8Ar5275GpvSvk,b28,28,1,617,plus sign,1,Not at all
9286,R_6q8Ar5275GpvSvk,b30,30,1,648,arrow,1,Not at all
9287,R_6q8Ar5275GpvSvk,b33,33,1,750,Stake,1,Not at all
9288,R_6q8Ar5275GpvSvk,b37,37,1,836,dumbbell,1,Not at all
9289,R_6q8Ar5275GpvSvk,b39,39,1,876,dragon fly,1,Not at all
9290,R_6q8Ar5275GpvSvk,b40,40,1,920,sideways lock,1,Not at all
9291,R_6q8Ar5275GpvSvk,b41,41,1,937,letter R,1,Not at all
9292,R_6q8Ar5275GpvSvk,b41,41,2,947,Point,1,Not at all
9293,R_6q8Ar5275GpvSvk,b42,42,1,959,grid,4,A lot
9294,R_6q8Ar5275GpvSvk,b43,43,1,978,corkscrew,3,Moderately
9295,R_6q8Ar5275GpvSvk,b43,43,2,1006,zooming ball,1,Not at all
9296,R_6q8Ar5275GpvSvk,b48,48,1,1141,letter T,5,Completely
9297,R_6q8Ar5275GpvSvk,b49,49,1,1163,Cherries,1,Not at all
9298,R_6q8Ar5275GpvSvk,b57,57,1,1323,hourglass,1,Not at all
9299,R_6q8Ar5275GpvSvk,b60,60,1,1377,roof,4,A lot
9300,R_6rSAYOmhIrQHcyi,b3,3,1,28,doorway,2,A little
9301,R_6rSAYOmhIrQHcyi,b3,3,2,41,umbrella,1,Not at all
9302,R_6rSAYOmhIrQHcyi,b7,7,1,114,star,1,Not at all
9303,R_6rSAYOmhIrQHcyi,b14,14,1,257,tent,1,Not at all
9304,R_6rSAYOmhIrQHcyi,b16,16,1,275,cube,1,Not at all
9305,R_6rSAYOmhIrQHcyi,b16,16,2,294,trophy,1,Not at all
9306,R_6rSAYOmhIrQHcyi,b17,17,1,312,house roof,1,Not at all
9307,R_6rSAYOmhIrQHcyi,b18,18,1,338,icecream cone,5,Completely
9308,R_6rSAYOmhIrQHcyi,b19,19,1,357,butterfly,1,Not at all
9309,R_6rSAYOmhIrQHcyi,b20,20,1,414,snowman,2,A little
9310,R_6rSAYOmhIrQHcyi,b21,21,1,435,statue,4,A lot
9311,R_6rSAYOmhIrQHcyi,b25,25,1,551,lowercase h,5,Completely
9312,R_6rSAYOmhIrQHcyi,b26,26,1,563,arrowhead,2,A little
9313,R_6rSAYOmhIrQHcyi,b29,29,1,623,beach umbrella,1,Not at all
9314,R_6rSAYOmhIrQHcyi,b29,29,2,645,top,2,A little
9315,R_6rSAYOmhIrQHcyi,b31,31,1,686,flower,2,A little
9316,R_6rSAYOmhIrQHcyi,b32,32,1,702,chandelier,2,A little
9317,R_6rSAYOmhIrQHcyi,b32,32,2,710,hammerhead shark,1,Not at all
9318,R_6rSAYOmhIrQHcyi,b35,35,1,793,party hat,1,Not at all
9319,R_6rSAYOmhIrQHcyi,b41,41,1,955,turtle,1,Not at all
9320,R_6rSAYOmhIrQHcyi,b42,42,1,970,two boxes,1,Not at all
9321,R_6rSAYOmhIrQHcyi,b44,44,1,1020,hot soup,3,Moderately
9322,R_6rSAYOmhIrQHcyi,b46,46,1,1087,number 3,1,Not at all
9323,R_6rSAYOmhIrQHcyi,b47,47,1,1099,anchor,3,Moderately
9324,R_6rSAYOmhIrQHcyi,b47,47,2,1104,butterfly,1,Not at all
9325,R_6rSAYOmhIrQHcyi,b47,47,3,1124,stethoscope,2,A little
9326,R_6rSAYOmhIrQHcyi,b48,48,1,1140,letter E,1,Not at all
9327,R_6rSAYOmhIrQHcyi,b53,53,1,1250,microscope,1,Not at all
9328,R_6rSAYOmhIrQHcyi,b59,59,1,1360,hat,2,A little
9329,R_6rSAYOmhIrQHcyi,b60,60,1,1373,envelope,4,A lot
9330,R_6ruHedtfFgznMqF,b4,4,1,45,belly button,2,A little
9331,R_6ruHedtfFgznMqF,b5,5,1,68,chair,2,A little
9332,R_6ruHedtfFgznMqF,b6,6,1,95,goggles,4,A lot
9333,R_6ruHedtfFgznMqF,b11,11,1,178,rake,5,Completely
9334,R_6ruHedtfFgznMqF,b12,12,1,205,wine glass,5,Completely
9335,R_6ruHedtfFgznMqF,b18,18,1,345,parabola,1,Not at all
9336,R_6ruHedtfFgznMqF,b18,18,2,347,Pie,2,A little
9337,R_6ruHedtfFgznMqF,b20,20,1,410,propeller hat,2,A little
9338,R_6ruHedtfFgznMqF,b21,21,1,442,crystal ball,1,Not at all
9339,R_6ruHedtfFgznMqF,b22,22,1,479,triangle circle,4,A lot
9340,R_6ruHedtfFgznMqF,b23,23,1,488,head and shoulders,1,Not at all
9341,R_6ruHedtfFgznMqF,b26,26,1,562,arrow,3,Moderately
9342,R_6ruHedtfFgznMqF,b27,27,1,599,rectangle,2,A little
9343,R_6ruHedtfFgznMqF,b29,29,1,632,goal post,3,Moderately
9344,R_6ruHedtfFgznMqF,b37,37,1,823,angel,2,A little
9345,R_6ruHedtfFgznMqF,b37,37,2,828,bubble pipe,1,Not at all
9346,R_6ruHedtfFgznMqF,b40,40,1,902,cup,5,Completely
9347,R_6ruHedtfFgznMqF,b41,41,1,924,boat,1,Not at all
9348,R_6ruHedtfFgznMqF,b41,41,2,930,dog,1,Not at all
9349,R_6ruHedtfFgznMqF,b41,41,3,954,trapezium,1,Not at all
9350,R_6ruHedtfFgznMqF,b43,43,1,979,dollar sign,1,Not at all
9351,R_6ruHedtfFgznMqF,b43,43,2,982,Hook,1,Not at all
9352,R_6ruHedtfFgznMqF,b44,44,1,1043,sword,1,Not at all
9353,R_6ruHedtfFgznMqF,b45,45,1,1055,lobby button,2,A little
9354,R_6ruHedtfFgznMqF,b47,47,1,1110,dog shape,2,A little
9355,R_6ruHedtfFgznMqF,b49,49,1,1157,beach,1,Not at all
9356,R_6ruHedtfFgznMqF,b56,56,1,1297,arrow,1,Not at all
9357,R_6ruHedtfFgznMqF,b57,57,1,1327,scissors,2,A little
9358,R_6ruHedtfFgznMqF,b59,59,1,1351,arrow,2,A little
9359,R_6ruHedtfFgznMqF,b59,59,2,1353,beach umbrella,4,A lot
9360,R_6s1qE2pkTLIERhj,b3,3,1,28,doorway,1,Not at all
9361,R_6s1qE2pkTLIERhj,b7,7,1,118,tree,5,Completely
9362,R_6s1qE2pkTLIERhj,b10,10,1,153,letter A,1,Not at all
9363,R_6s1qE2pkTLIERhj,b12,12,1,184,buoy,2,A little
9364,R_6s1qE2pkTLIERhj,b17,17,1,303,cupcake,2,A little
9365,R_6s1qE2pkTLIERhj,b18,18,1,339,Incomplete heart,4,A lot
9366,R_6s1qE2pkTLIERhj,b19,19,1,365,fruit,1,Not at all
9367,R_6s1qE2pkTLIERhj,b19,19,2,371,mechanical arm,1,Not at all
9368,R_6s1qE2pkTLIERhj,b22,22,1,451,Audio Symbol,2,A little
9369,R_6s1qE2pkTLIERhj,b22,22,2,466,lowercase a,1,Not at all
9370,R_6s1qE2pkTLIERhj,b22,22,3,478,stick figure,3,Moderately
9371,R_6s1qE2pkTLIERhj,b23,23,1,481,ball string,3,Moderately
9372,R_6s1qE2pkTLIERhj,b25,25,1,545,lamp,1,Not at all
9373,R_6s1qE2pkTLIERhj,b27,27,1,586,door,5,Completely
9374,R_6s1qE2pkTLIERhj,b28,28,1,604,bucket,1,Not at all
9375,R_6s1qE2pkTLIERhj,b30,30,1,658,chair,1,Not at all
9376,R_6s1qE2pkTLIERhj,b30,30,2,675,train car,1,Not at all
9377,R_6s1qE2pkTLIERhj,b31,31,1,698,umbrella,1,Not at all
9378,R_6s1qE2pkTLIERhj,b32,32,1,701,Champagne glass,5,Completely
9379,R_6s1qE2pkTLIERhj,b32,32,2,707,Glass,5,Completely
9380,R_6s1qE2pkTLIERhj,b34,34,1,771,Owl face,1,Not at all
9381,R_6s1qE2pkTLIERhj,b35,35,1,787,film camera,3,Moderately
9382,R_6s1qE2pkTLIERhj,b35,35,2,796,tree,1,Not at all
9383,R_6s1qE2pkTLIERhj,b41,41,1,936,key,1,Not at all
9384,R_6s1qE2pkTLIERhj,b44,44,1,1012,coffee cup,1,Not at all
9385,R_6s1qE2pkTLIERhj,b44,44,2,1037,smoking pipe,1,Not at all
9386,R_6s1qE2pkTLIERhj,b48,48,1,1151,tee,1,Not at all
9387,R_6s1qE2pkTLIERhj,b49,49,1,1173,scissors,1,Not at all
9388,R_6s1qE2pkTLIERhj,b50,50,1,1184,human sketch,5,Completely
9389,R_6s1qE2pkTLIERhj,b57,57,1,1328,Small Peaks,1,Not at all
9390,R_6sQbLXzGshFdf9v,b2,2,1,1386,Eiffel tower,2,A little
9391,R_6sQbLXzGshFdf9v,b6,6,1,1414,butterfly,1,Not at all
9392,R_6sQbLXzGshFdf9v,b10,10,1,1448,Hair comb,2,A little
9393,R_6sQbLXzGshFdf9v,b14,14,1,1476,Horseshoe magnet,3,Moderately
9394,R_6sQbLXzGshFdf9v,b15,15,1,1482,Yield sign,1,Not at all
9395,R_6sQbLXzGshFdf9v,b17,17,1,1898,martini glass,1,Not at all
9396,R_6sQbLXzGshFdf9v,b25,25,1,1579,hammer head,1,Not at all
9397,R_6sQbLXzGshFdf9v,b26,26,1,1590,Capital K,1,Not at all
9398,R_6sQbLXzGshFdf9v,b26,26,2,1597,coat hanger,2,A little
9399,R_6sQbLXzGshFdf9v,b26,26,3,1902,broken arrow,2,A little
9400,R_6sQbLXzGshFdf9v,b30,30,1,1636,park bench,3,Moderately
9401,R_6sQbLXzGshFdf9v,b31,31,1,1649,martini glass,1,Not at all
9402,R_6sQbLXzGshFdf9v,b33,33,1,1668,Upsidedown Umbrella,2,A little
9403,R_6sQbLXzGshFdf9v,b35,35,1,1679,spade symbol,1,Not at all
9404,R_6sQbLXzGshFdf9v,b36,36,1,1681,Trident,2,A little
9405,R_6sQbLXzGshFdf9v,b36,36,2,1684,peace symbol,2,A little
9406,R_6sQbLXzGshFdf9v,b38,38,1,1703,Flower,4,A lot
9407,R_6sQbLXzGshFdf9v,b42,42,1,1735,window frame,5,Completely
9408,R_6sQbLXzGshFdf9v,b43,43,1,1742,Apple stem,3,Moderately
9409,R_6sQbLXzGshFdf9v,b43,43,2,1747,Treble clef,1,Not at all
9410,R_6sQbLXzGshFdf9v,b47,47,1,1774,egyptian eye,1,Not at all
9411,R_6sQbLXzGshFdf9v,b49,49,1,1795,ice-cream cone,2,A little
9412,R_6sQbLXzGshFdf9v,b51,51,1,1807,flag emblem,1,Not at all
9413,R_6sQbLXzGshFdf9v,b53,53,1,1827,pistol,1,Not at all
9414,R_6sQbLXzGshFdf9v,b53,53,2,1828,Fish hook,2,A little
9415,R_6sQbLXzGshFdf9v,b55,55,1,1847,road sign,4,A lot
9416,R_6sQbLXzGshFdf9v,b56,56,1,1860,circled R,1,Not at all
9417,R_6sQbLXzGshFdf9v,b56,56,2,1868,circle with a V towards the top,4,A lot
9418,R_6sQbLXzGshFdf9v,b57,57,1,1871,capital z,2,A little
9419,R_6sQbLXzGshFdf9v,b57,57,2,1912,Rotated grid,1,Not at all
9420,R_6v0WkwR5NCUsvXH,b3,3,1,38,pulley,1,Not at all
9421,R_6v0WkwR5NCUsvXH,b4,4,1,52,goal posts,2,A little
9422,R_6v0WkwR5NCUsvXH,b8,8,1,131,winged sceptor,2,A little
9423,R_6v0WkwR5NCUsvXH,b11,11,1,165,buck teeth,1,Not at all
9424,R_6v0WkwR5NCUsvXH,b11,11,2,174,harmer,2,A little
9425,R_6v0WkwR5NCUsvXH,b18,18,1,339,Incomplete heart,1,Not at all
9426,R_6v0WkwR5NCUsvXH,b18,18,2,355,water glass,1,Not at all
9427,R_6v0WkwR5NCUsvXH,b19,19,1,356,bee,1,Not at all
9428,R_6v0WkwR5NCUsvXH,b19,19,2,366,globe,1,Not at all
9429,R_6v0WkwR5NCUsvXH,b20,20,1,418,Vessel,2,A little
9430,R_6v0WkwR5NCUsvXH,b21,21,1,440,snowman,2,A little
9431,R_6v0WkwR5NCUsvXH,b21,21,2,446,bowler hat,1,Not at all
9432,R_6v0WkwR5NCUsvXH,b22,22,1,456,duck,1,Not at all
9433,R_6v0WkwR5NCUsvXH,b24,24,1,513,gun barrel,1,Not at all
9434,R_6v0WkwR5NCUsvXH,b24,24,2,521,pickaxe,1,Not at all
9435,R_6v0WkwR5NCUsvXH,b24,24,3,524,plus sign,1,Not at all
9436,R_6v0WkwR5NCUsvXH,b25,25,1,552,number 4,2,A little
9437,R_6v0WkwR5NCUsvXH,b34,34,1,765,hourglass,1,Not at all
9438,R_6v0WkwR5NCUsvXH,b34,34,2,766,ice cream,1,Not at all
9439,R_6v0WkwR5NCUsvXH,b35,35,1,775,balloon pair,2,A little
9440,R_6v0WkwR5NCUsvXH,b35,35,2,796,tree,1,Not at all
9441,R_6v0WkwR5NCUsvXH,b37,37,1,834,cup and ball,1,Not at all
9442,R_6v0WkwR5NCUsvXH,b41,41,1,933,gate,2,A little
9443,R_6v0WkwR5NCUsvXH,b41,41,2,949,road,1,Not at all
9444,R_6v0WkwR5NCUsvXH,b42,42,1,971,vertical rectangles,2,A little
9445,R_6v0WkwR5NCUsvXH,b50,50,1,1189,slingshot,1,Not at all
9446,R_6v0WkwR5NCUsvXH,b53,53,1,1247,Key,1,Not at all
9447,R_6v0WkwR5NCUsvXH,b53,53,2,1254,sailboat,5,Completely
9448,R_6v0WkwR5NCUsvXH,b57,57,1,1337,zipper,1,Not at all
9449,R_6v0WkwR5NCUsvXH,b60,60,1,1380,TV,1,Not at all
9450,R_6vAN82MvNeSOU3D,b1,1,1,4,tower,1,Not at all
9451,R_6vAN82MvNeSOU3D,b2,2,1,7,comb,1,Not at all
9452,R_6vAN82MvNeSOU3D,b3,3,1,19,barbell,1,Not at all
9453,R_6vAN82MvNeSOU3D,b5,5,1,76,letter D,2,A little
9454,R_6vAN82MvNeSOU3D,b12,12,1,189,cup,1,Not at all
9455,R_6vAN82MvNeSOU3D,b12,12,2,202,skeleton key,1,Not at all
9456,R_6vAN82MvNeSOU3D,b14,14,1,244,face,2,A little
9457,R_6vAN82MvNeSOU3D,b17,17,1,306,glass,1,Not at all
9458,R_6vAN82MvNeSOU3D,b17,17,2,310,heart,1,Not at all
9459,R_6vAN82MvNeSOU3D,b18,18,1,333,flower,1,Not at all
9460,R_6vAN82MvNeSOU3D,b18,18,2,338,icecream cone,5,Completely
9461,R_6vAN82MvNeSOU3D,b22,22,1,462,heart,1,Not at all
9462,R_6vAN82MvNeSOU3D,b23,23,1,489,keyhole,1,Not at all
9463,R_6vAN82MvNeSOU3D,b25,25,1,535,backwards L,1,Not at all
9464,R_6vAN82MvNeSOU3D,b26,26,1,562,arrow,1,Not at all
9465,R_6vAN82MvNeSOU3D,b27,27,1,593,ladder,1,Not at all
9466,R_6vAN82MvNeSOU3D,b30,30,1,667,hinge,1,Not at all
9467,R_6vAN82MvNeSOU3D,b30,30,2,676,wheelchair,1,Not at all
9468,R_6vAN82MvNeSOU3D,b30,30,3,678,wing ding,1,Not at all
9469,R_6vAN82MvNeSOU3D,b34,34,1,771,Owl face,2,A little
9470,R_6vAN82MvNeSOU3D,b39,39,1,889,pulley,1,Not at all
9471,R_6vAN82MvNeSOU3D,b40,40,1,904,ear,1,Not at all
9472,R_6vAN82MvNeSOU3D,b41,41,1,941,mug,4,A lot
9473,R_6vAN82MvNeSOU3D,b43,43,1,989,pie chain,1,Not at all
9474,R_6vAN82MvNeSOU3D,b44,44,1,1007,apple,2,A little
9475,R_6vAN82MvNeSOU3D,b46,46,1,1068,Chinese Character,1,Not at all
9476,R_6vAN82MvNeSOU3D,b54,54,1,1269,gas pump,1,Not at all
9477,R_6vAN82MvNeSOU3D,b56,56,1,1311,power button,1,Not at all
9478,R_6vAN82MvNeSOU3D,b57,57,1,1330,stacked triangles,4,A lot
9479,R_6vAN82MvNeSOU3D,b60,60,1,1372,diamond,1,Not at all
9480,R_70MMHkz8LFVoYeB,b5,5,1,69,cherry,1,Not at all
9481,R_70MMHkz8LFVoYeB,b6,6,1,101,owl,1,Not at all
9482,R_70MMHkz8LFVoYeB,b7,7,1,108,hourglass,1,Not at all
9483,R_70MMHkz8LFVoYeB,b12,12,1,183,bridge,1,Not at all
9484,R_70MMHkz8LFVoYeB,b12,12,2,186,chalice,5,Completely
9485,R_70MMHkz8LFVoYeB,b13,13,1,226,sign,1,Not at all
9486,R_70MMHkz8LFVoYeB,b14,14,1,237,bear face,1,Not at all
9487,R_70MMHkz8LFVoYeB,b25,25,1,542,flagpole,1,Not at all
9488,R_70MMHkz8LFVoYeB,b27,27,1,601,Square,1,Not at all
9489,R_70MMHkz8LFVoYeB,b29,29,1,632,goal post,1,Not at all
9490,R_70MMHkz8LFVoYeB,b31,31,1,688,magnifying glass,1,Not at all
9491,R_70MMHkz8LFVoYeB,b33,33,1,726,Antenna,3,Moderately
9492,R_70MMHkz8LFVoYeB,b33,33,2,728,car,1,Not at all
9493,R_70MMHkz8LFVoYeB,b36,36,1,811,rake,3,Moderately
9494,R_70MMHkz8LFVoYeB,b37,37,1,824,animal,1,Not at all
9495,R_70MMHkz8LFVoYeB,b38,38,1,853,butterfly,1,Not at all
9496,R_70MMHkz8LFVoYeB,b38,38,2,859,fruit bowl,1,Not at all
9497,R_70MMHkz8LFVoYeB,b39,39,1,877,flower,2,A little
9498,R_70MMHkz8LFVoYeB,b40,40,1,909,keyhole,1,Not at all
9499,R_70MMHkz8LFVoYeB,b40,40,2,912,Lighter,1,Not at all
9500,R_70MMHkz8LFVoYeB,b43,43,1,986,musical symbol,1,Not at all
9501,R_70MMHkz8LFVoYeB,b44,44,1,1024,ladybug,1,Not at all
9502,R_70MMHkz8LFVoYeB,b46,46,1,1094,staple remover,1,Not at all
9503,R_70MMHkz8LFVoYeB,b48,48,1,1142,letter x,1,Not at all
9504,R_70MMHkz8LFVoYeB,b50,50,1,1196,wine glass,1,Not at all
9505,R_70MMHkz8LFVoYeB,b51,51,1,1216,upside-down person,1,Not at all
9506,R_70MMHkz8LFVoYeB,b52,52,1,1225,letter F,5,Completely
9507,R_70MMHkz8LFVoYeB,b54,54,1,1273,music clef,5,Completely
9508,R_70MMHkz8LFVoYeB,b56,56,1,1304,down arrow,1,Not at all
9509,R_70MMHkz8LFVoYeB,b58,58,1,1342,hanging scale,1,Not at all
9510,R_70o3T0tgorRqQs8,b3,3,1,36,key,1,Not at all
9511,R_70o3T0tgorRqQs8,b3,3,2,42,wine glass,1,Not at all
9512,R_70o3T0tgorRqQs8,b4,4,1,51,glasses,3,Moderately
9513,R_70o3T0tgorRqQs8,b5,5,1,77,minor note,2,A little
9514,R_70o3T0tgorRqQs8,b6,6,1,102,percentage sign,1,Not at all
9515,R_70o3T0tgorRqQs8,b9,9,1,133,bag,1,Not at all
9516,R_70o3T0tgorRqQs8,b9,9,2,137,cat ears,1,Not at all
9517,R_70o3T0tgorRqQs8,b15,15,1,261,cat,1,Not at all
9518,R_70o3T0tgorRqQs8,b16,16,1,291,sno-cone,5,Completely
9519,R_70o3T0tgorRqQs8,b18,18,1,328,Catapult,1,Not at all
9520,R_70o3T0tgorRqQs8,b18,18,2,354,van,1,Not at all
9521,R_70o3T0tgorRqQs8,b19,19,1,384,USB connector,3,Moderately
9522,R_70o3T0tgorRqQs8,b21,21,1,430,Infinity symbol,1,Not at all
9523,R_70o3T0tgorRqQs8,b22,22,1,463,horn,5,Completely
9524,R_70o3T0tgorRqQs8,b28,28,1,604,bucket,2,A little
9525,R_70o3T0tgorRqQs8,b29,29,1,642,shovel,4,A lot
9526,R_70o3T0tgorRqQs8,b30,30,1,669,letters id,1,Not at all
9527,R_70o3T0tgorRqQs8,b33,33,1,730,cupcake,2,A little
9528,R_70o3T0tgorRqQs8,b33,33,2,752,tank turret,3,Moderately
9529,R_70o3T0tgorRqQs8,b35,35,1,783,cloudy mountain,2,A little
9530,R_70o3T0tgorRqQs8,b35,35,2,794,scissors,2,A little
9531,R_70o3T0tgorRqQs8,b39,39,1,878,football player,2,A little
9532,R_70o3T0tgorRqQs8,b39,39,2,879,gift bow,2,A little
9533,R_70o3T0tgorRqQs8,b44,44,1,1017,hanger,2,A little
9534,R_70o3T0tgorRqQs8,b44,44,2,1042,swan,1,Not at all
9535,R_70o3T0tgorRqQs8,b48,48,1,1150,table,3,Moderately
9536,R_70o3T0tgorRqQs8,b52,52,1,1236,Sword,1,Not at all
9537,R_70o3T0tgorRqQs8,b54,54,1,1266,concave,3,Moderately
9538,R_70o3T0tgorRqQs8,b54,54,2,1268,flag,2,A little
9539,R_70o3T0tgorRqQs8,b55,55,1,1289,shovel,4,A lot
9540,R_71jtJRrpe4ULstk,b4,4,1,53,goggles,3,Moderately
9541,R_71jtJRrpe4ULstk,b5,5,1,73,handcuffs,2,A little
9542,R_71jtJRrpe4ULstk,b5,5,2,75,key,1,Not at all
9543,R_71jtJRrpe4ULstk,b5,5,3,81,two chairs,3,Moderately
9544,R_71jtJRrpe4ULstk,b9,9,1,135,Mountain,1,Not at all
9545,R_71jtJRrpe4ULstk,b11,11,1,170,dining chair,1,Not at all
9546,R_71jtJRrpe4ULstk,b15,15,1,266,hut,5,Completely
9547,R_71jtJRrpe4ULstk,b16,16,1,282,house,1,Not at all
9548,R_71jtJRrpe4ULstk,b17,17,1,299,bridge,1,Not at all
9549,R_71jtJRrpe4ULstk,b17,17,2,306,glass,1,Not at all
9550,R_71jtJRrpe4ULstk,b18,18,1,330,drop hook,4,A lot
9551,R_71jtJRrpe4ULstk,b18,18,2,350,shield,2,A little
9552,R_71jtJRrpe4ULstk,b18,18,3,353,trophy,2,A little
9553,R_71jtJRrpe4ULstk,b19,19,1,359,chess,1,Not at all
9554,R_71jtJRrpe4ULstk,b20,20,1,405,lightbulb,2,A little
9555,R_71jtJRrpe4ULstk,b21,21,1,434,pool,1,Not at all
9556,R_71jtJRrpe4ULstk,b22,22,1,453,closed eye,1,Not at all
9557,R_71jtJRrpe4ULstk,b23,23,1,491,Lollipop,5,Completely
9558,R_71jtJRrpe4ULstk,b23,23,2,493,microphone,4,A lot
9559,R_71jtJRrpe4ULstk,b30,30,1,648,arrow,2,A little
9560,R_71jtJRrpe4ULstk,b32,32,1,705,door knocker,1,Not at all
9561,R_71jtJRrpe4ULstk,b33,33,1,726,Antenna,5,Completely
9562,R_71jtJRrpe4ULstk,b38,38,1,859,fruit bowl,2,A little
9563,R_71jtJRrpe4ULstk,b41,41,1,933,gate,2,A little
9564,R_71jtJRrpe4ULstk,b44,44,1,1007,apple,4,A lot
9565,R_71jtJRrpe4ULstk,b44,44,2,1021,infinity symbol,1,Not at all
9566,R_71jtJRrpe4ULstk,b45,45,1,1053,lefty,1,Not at all
9567,R_71jtJRrpe4ULstk,b49,49,1,1156,arrow,2,A little
9568,R_71jtJRrpe4ULstk,b56,56,1,1312,registered trademark,1,Not at all
9569,R_71jtJRrpe4ULstk,b59,59,1,1360,hat,2,A little
9570,R_72JTThN3hECpbXv,b2,2,1,1384,fence,1,Not at all
9571,R_72JTThN3hECpbXv,b3,3,1,1396,Eyeglasses,2,A little
9572,R_72JTThN3hECpbXv,b8,8,1,1434,long diamond,1,Not at all
9573,R_72JTThN3hECpbXv,b10,10,1,1442,broken comb,1,Not at all
9574,R_72JTThN3hECpbXv,b12,12,1,1461,lying person,1,Not at all
9575,R_72JTThN3hECpbXv,b12,12,2,1467,D on stilts,1,Not at all
9576,R_72JTThN3hECpbXv,b13,13,1,1471,mushroom cap,1,Not at all
9577,R_72JTThN3hECpbXv,b15,15,1,1486,pennant flag,2,A little
9578,R_72JTThN3hECpbXv,b15,15,2,1492,Equilateral hexagon,1,Not at all
9579,R_72JTThN3hECpbXv,b18,18,1,1512,Umbrella,1,Not at all
9580,R_72JTThN3hECpbXv,b29,29,1,1619,magnifying glass,1,Not at all
9581,R_72JTThN3hECpbXv,b31,31,1,1649,martini glass,1,Not at all
9582,R_72JTThN3hECpbXv,b34,34,1,1672,glasses,1,Not at all
9583,R_72JTThN3hECpbXv,b38,38,1,1697,club symbol,2,A little
9584,R_72JTThN3hECpbXv,b39,39,1,1708,stylized person,1,Not at all
9585,R_72JTThN3hECpbXv,b41,41,1,1728,Flag sign,1,Not at all
9586,R_72JTThN3hECpbXv,b42,42,1,1733,hash symbol,1,Not at all
9587,R_72JTThN3hECpbXv,b42,42,2,1735,window frame,4,A lot
9588,R_72JTThN3hECpbXv,b42,42,3,1736,Lined square,2,A little
9589,R_72JTThN3hECpbXv,b43,43,1,1747,Treble clef,1,Not at all
9590,R_72JTThN3hECpbXv,b44,44,1,1750,soup bowl,2,A little
9591,R_72JTThN3hECpbXv,b45,45,1,1754,target,1,Not at all
9592,R_72JTThN3hECpbXv,b48,48,1,1783,table lamp,1,Not at all
9593,R_72JTThN3hECpbXv,b52,52,1,1813,coat rack,1,Not at all
9594,R_72JTThN3hECpbXv,b53,53,1,1827,pistol,1,Not at all
9595,R_72JTThN3hECpbXv,b55,55,1,1845,anchor spear,1,Not at all
9596,R_72JTThN3hECpbXv,b56,56,1,1855,tobacco pipe,1,Not at all
9597,R_72JTThN3hECpbXv,b56,56,2,1867,Half 'k' in circle,2,A little
9598,R_72JTThN3hECpbXv,b59,59,1,1879,road sign,2,A little
9599,R_72JTThN3hECpbXv,b59,59,2,1880,pine tree,2,A little
9600,R_72muFlmcZK8feon,b4,4,1,48,cherries,1,Not at all
9601,R_72muFlmcZK8feon,b6,6,1,104,snail,1,Not at all
9602,R_72muFlmcZK8feon,b7,7,1,114,star,1,Not at all
9603,R_72muFlmcZK8feon,b12,12,1,191,downward umbrella,1,Not at all
9604,R_72muFlmcZK8feon,b13,13,1,215,hammer,1,Not at all
9605,R_72muFlmcZK8feon,b13,13,2,230,toilet,1,Not at all
9606,R_72muFlmcZK8feon,b24,24,1,504,axe,1,Not at all
9607,R_72muFlmcZK8feon,b24,24,2,518,letter H,2,A little
9608,R_72muFlmcZK8feon,b24,24,3,519,letter N,1,Not at all
9609,R_72muFlmcZK8feon,b27,27,1,581,bookshelf,1,Not at all
9610,R_72muFlmcZK8feon,b29,29,1,639,potted plant,1,Not at all
9611,R_72muFlmcZK8feon,b30,30,1,661,Drill,2,A little
9612,R_72muFlmcZK8feon,b33,33,1,725,anchor,2,A little
9613,R_72muFlmcZK8feon,b33,33,2,737,lamp,2,A little
9614,R_72muFlmcZK8feon,b33,33,3,743,planted sapling,1,Not at all
9615,R_72muFlmcZK8feon,b36,36,1,812,roof shape,1,Not at all
9616,R_72muFlmcZK8feon,b38,38,1,867,snowman,1,Not at all
9617,R_72muFlmcZK8feon,b39,39,1,877,flower,1,Not at all
9618,R_72muFlmcZK8feon,b40,40,1,915,PC,1,Not at all
9619,R_72muFlmcZK8feon,b45,45,1,1049,face,1,Not at all
9620,R_72muFlmcZK8feon,b45,45,2,1059,person,1,Not at all
9621,R_72muFlmcZK8feon,b46,46,1,1071,clover,1,Not at all
9622,R_72muFlmcZK8feon,b47,47,1,1116,mountain,1,Not at all
9623,R_72muFlmcZK8feon,b48,48,1,1135,hammer,1,Not at all
9624,R_72muFlmcZK8feon,b51,51,1,1200,headstanding man,1,Not at all
9625,R_72muFlmcZK8feon,b51,51,2,1210,robot arm,1,Not at all
9626,R_72muFlmcZK8feon,b55,55,1,1294,wine glass,3,Moderately
9627,R_72muFlmcZK8feon,b56,56,1,1307,Large circle,1,Not at all
9628,R_72muFlmcZK8feon,b59,59,1,1361,house,1,Not at all
9629,R_72muFlmcZK8feon,b59,59,2,1366,tree,2,A little
9630,R_73kLJzQY8m0NOkV,b3,3,1,31,eye glasses,2,A little
9631,R_73kLJzQY8m0NOkV,b9,9,1,137,cat ears,1,Not at all
9632,R_73kLJzQY8m0NOkV,b13,13,1,221,mortar & pestle,1,Not at all
9633,R_73kLJzQY8m0NOkV,b15,15,1,269,plant pot,1,Not at all
9634,R_73kLJzQY8m0NOkV,b20,20,1,403,ice cream,1,Not at all
9635,R_73kLJzQY8m0NOkV,b21,21,1,424,circles,2,A little
9636,R_73kLJzQY8m0NOkV,b22,22,1,474,rectangle,1,Not at all
9637,R_73kLJzQY8m0NOkV,b25,25,1,549,letter T,1,Not at all
9638,R_73kLJzQY8m0NOkV,b28,28,1,616,owl,1,Not at all
9639,R_73kLJzQY8m0NOkV,b29,29,1,630,door hinge,1,Not at all
9640,R_73kLJzQY8m0NOkV,b30,30,1,656,bridge,1,Not at all
9641,R_73kLJzQY8m0NOkV,b30,30,2,658,chair,1,Not at all
9642,R_73kLJzQY8m0NOkV,b34,34,1,758,bow tie,1,Not at all
9643,R_73kLJzQY8m0NOkV,b37,37,1,842,glasses,1,Not at all
9644,R_73kLJzQY8m0NOkV,b39,39,1,871,bee,1,Not at all
9645,R_73kLJzQY8m0NOkV,b40,40,1,897,box ear,1,Not at all
9646,R_73kLJzQY8m0NOkV,b43,43,1,994,snake,1,Not at all
9647,R_73kLJzQY8m0NOkV,b45,45,1,1054,LG symbol,2,A little
9648,R_73kLJzQY8m0NOkV,b47,47,1,1125,teapot,1,Not at all
9649,R_73kLJzQY8m0NOkV,b47,47,2,1127,Vase,1,Not at all
9650,R_73kLJzQY8m0NOkV,b49,49,1,1155,Antennae,1,Not at all
9651,R_73kLJzQY8m0NOkV,b49,49,2,1157,beach,1,Not at all
9652,R_73kLJzQY8m0NOkV,b51,51,1,1211,Satellite dish,1,Not at all
9653,R_73kLJzQY8m0NOkV,b53,53,1,1253,pitching wedge,1,Not at all
9654,R_73kLJzQY8m0NOkV,b53,53,2,1259,wall sconce,1,Not at all
9655,R_73kLJzQY8m0NOkV,b54,54,1,1261,Basketball hoop,1,Not at all
9656,R_73kLJzQY8m0NOkV,b55,55,1,1287,martini glass,2,A little
9657,R_73kLJzQY8m0NOkV,b57,57,1,1321,hashtag,1,Not at all
9658,R_73kLJzQY8m0NOkV,b60,60,1,1370,cake,1,Not at all
9659,R_73kLJzQY8m0NOkV,b60,60,2,1377,roof,3,Moderately
9660,R_73klfmsq1r2JEKR,b5,5,1,1406,butterfly wings,1,Not at all
9661,R_73klfmsq1r2JEKR,b6,6,1,1415,eyeglasses,3,Moderately
9662,R_73klfmsq1r2JEKR,b9,9,1,1439,butterfly antennae,2,A little
9663,R_73klfmsq1r2JEKR,b10,10,1,1895,inverted comb,1,Not at all
9664,R_73klfmsq1r2JEKR,b13,13,1,1472,mushroom cloud,1,Not at all
9665,R_73klfmsq1r2JEKR,b14,14,1,1478,pig snout,1,Not at all
9666,R_73klfmsq1r2JEKR,b14,14,2,1480,butterfly cradle,1,Not at all
9667,R_73klfmsq1r2JEKR,b19,19,1,1521,smash ball,1,Not at all
9668,R_73klfmsq1r2JEKR,b25,25,1,1581,pipe wrench,3,Moderately
9669,R_73klfmsq1r2JEKR,b27,27,1,1608,Capital E,1,Not at all
9670,R_73klfmsq1r2JEKR,b30,30,1,1644,fence,1,Not at all
9671,R_73klfmsq1r2JEKR,b31,31,1,1646,balloon,5,Completely
9672,R_73klfmsq1r2JEKR,b33,33,1,1660,spiked helmet,1,Not at all
9673,R_73klfmsq1r2JEKR,b35,35,1,1678,bikini top,1,Not at all
9674,R_73klfmsq1r2JEKR,b39,39,1,1710,club,1,Not at all
9675,R_73klfmsq1r2JEKR,b39,39,2,1711,pulley system,1,Not at all
9676,R_73klfmsq1r2JEKR,b41,41,1,1724,padlock,4,A lot
9677,R_73klfmsq1r2JEKR,b41,41,2,1726,padlock hasp,1,Not at all
9678,R_73klfmsq1r2JEKR,b43,43,1,1739,question mark,1,Not at all
9679,R_73klfmsq1r2JEKR,b43,43,2,1740,computer mouse,5,Completely
9680,R_73klfmsq1r2JEKR,b43,43,3,1741,musical note,1,Not at all
9681,R_73klfmsq1r2JEKR,b43,43,4,1746,question mark,1,Not at all
9682,R_73klfmsq1r2JEKR,b44,44,1,1750,soup bowl,1,Not at all
9683,R_73klfmsq1r2JEKR,b45,45,1,1760,Skeleton key,1,Not at all
9684,R_73klfmsq1r2JEKR,b47,47,1,1773,snake eye,1,Not at all
9685,R_73klfmsq1r2JEKR,b52,52,1,1812,sideways T,1,Not at all
9686,R_73klfmsq1r2JEKR,b53,53,1,1820,hammer,1,Not at all
9687,R_73klfmsq1r2JEKR,b56,56,1,1865,half k,1,Not at all
9688,R_73klfmsq1r2JEKR,b56,56,2,1869,V in circle,2,A little
9689,R_73klfmsq1r2JEKR,b59,59,1,1891,planted tree,5,Completely
9690,R_742ZNeK2HtoGvY0,b2,2,1,16,two boxes,2,A little
9691,R_742ZNeK2HtoGvY0,b5,5,1,82,two lungs,1,Not at all
9692,R_742ZNeK2HtoGvY0,b9,9,1,141,clover,1,Not at all
9693,R_742ZNeK2HtoGvY0,b11,11,1,167,Candelabra,3,Moderately
9694,R_742ZNeK2HtoGvY0,b11,11,2,171,door key,1,Not at all
9695,R_742ZNeK2HtoGvY0,b14,14,1,243,eyes,1,Not at all
9696,R_742ZNeK2HtoGvY0,b15,15,1,268,pentagon,3,Moderately
9697,R_742ZNeK2HtoGvY0,b15,15,2,269,plant pot,1,Not at all
9698,R_742ZNeK2HtoGvY0,b16,16,1,278,fish hook,1,Not at all
9699,R_742ZNeK2HtoGvY0,b17,17,1,302,cone,3,Moderately
9700,R_742ZNeK2HtoGvY0,b17,17,2,310,heart,1,Not at all
9701,R_742ZNeK2HtoGvY0,b19,19,1,365,fruit,1,Not at all
9702,R_742ZNeK2HtoGvY0,b23,23,1,494,Pool,1,Not at all
9703,R_742ZNeK2HtoGvY0,b24,24,1,510,crutch,1,Not at all
9704,R_742ZNeK2HtoGvY0,b30,30,1,651,bed,1,Not at all
9705,R_742ZNeK2HtoGvY0,b33,33,1,727,bell,4,A lot
9706,R_742ZNeK2HtoGvY0,b33,33,2,732,eye,1,Not at all
9707,R_742ZNeK2HtoGvY0,b33,33,3,739,magnifying glass,1,Not at all
9708,R_742ZNeK2HtoGvY0,b36,36,1,799,Bird feet,4,A lot
9709,R_742ZNeK2HtoGvY0,b39,39,1,876,dragon fly,2,A little
9710,R_742ZNeK2HtoGvY0,b42,42,1,958,four squares,5,Completely
9711,R_742ZNeK2HtoGvY0,b43,43,1,976,cartoon bomb,2,A little
9712,R_742ZNeK2HtoGvY0,b45,45,1,1050,fishing pole,1,Not at all
9713,R_742ZNeK2HtoGvY0,b47,47,1,1127,Vase,1,Not at all
9714,R_742ZNeK2HtoGvY0,b48,48,1,1145,pedestal table,4,A lot
9715,R_742ZNeK2HtoGvY0,b53,53,1,1257,tulip,1,Not at all
9716,R_742ZNeK2HtoGvY0,b55,55,1,1282,arrowhead,1,Not at all
9717,R_742ZNeK2HtoGvY0,b57,57,1,1319,cross brace,3,Moderately
9718,R_742ZNeK2HtoGvY0,b58,58,1,1342,hanging scale,2,A little
9719,R_742ZNeK2HtoGvY0,b59,59,1,1361,house,2,A little
9720,R_74B3FB4Tu75emLe,b2,2,1,16,two boxes,1,Not at all
9721,R_74B3FB4Tu75emLe,b3,3,1,35,hook,1,Not at all
9722,R_74B3FB4Tu75emLe,b4,4,1,56,music notes,3,Moderately
9723,R_74B3FB4Tu75emLe,b10,10,1,148,Forklift Icon,4,A lot
9724,R_74B3FB4Tu75emLe,b13,13,1,210,cup,4,A lot
9725,R_74B3FB4Tu75emLe,b17,17,1,315,lantern,1,Not at all
9726,R_74B3FB4Tu75emLe,b17,17,2,316,necklace,1,Not at all
9727,R_74B3FB4Tu75emLe,b19,19,1,385,USD symbol,1,Not at all
9728,R_74B3FB4Tu75emLe,b21,21,1,442,crystal ball,2,A little
9729,R_74B3FB4Tu75emLe,b23,23,1,485,circle,2,A little
9730,R_74B3FB4Tu75emLe,b23,23,2,486,dollar sign,1,Not at all
9731,R_74B3FB4Tu75emLe,b24,24,1,515,Horse,1,Not at all
9732,R_74B3FB4Tu75emLe,b26,26,1,563,arrowhead,1,Not at all
9733,R_74B3FB4Tu75emLe,b27,27,1,584,coconut,1,Not at all
9734,R_74B3FB4Tu75emLe,b32,32,1,705,door knocker,1,Not at all
9735,R_74B3FB4Tu75emLe,b32,32,2,709,Hammer,1,Not at all
9736,R_74B3FB4Tu75emLe,b33,33,1,727,bell,4,A lot
9737,R_74B3FB4Tu75emLe,b33,33,2,742,pan cover,1,Not at all
9738,R_74B3FB4Tu75emLe,b33,33,3,744,plunger,3,Moderately
9739,R_74B3FB4Tu75emLe,b34,34,1,756,bird,1,Not at all
9740,R_74B3FB4Tu75emLe,b41,41,1,932,flag pole,1,Not at all
9741,R_74B3FB4Tu75emLe,b42,42,1,973,window,5,Completely
9742,R_74B3FB4Tu75emLe,b44,44,1,1027,magnifying glass,1,Not at all
9743,R_74B3FB4Tu75emLe,b46,46,1,1084,muffin,1,Not at all
9744,R_74B3FB4Tu75emLe,b46,46,2,1086,mustache,1,Not at all
9745,R_74B3FB4Tu75emLe,b47,47,1,1111,dollar sign,2,A little
9746,R_74B3FB4Tu75emLe,b50,50,1,1189,slingshot,1,Not at all
9747,R_74B3FB4Tu75emLe,b51,51,1,1209,Robot,3,Moderately
9748,R_74B3FB4Tu75emLe,b53,53,1,1254,sailboat,4,A lot
9749,R_74B3FB4Tu75emLe,b59,59,1,1353,beach umbrella,3,Moderately
9750,R_74ah3JiYGhmpmy5,b5,5,1,78,pulley,1,Not at all
9751,R_74ah3JiYGhmpmy5,b6,6,1,86,barbell,2,A little
9752,R_74ah3JiYGhmpmy5,b7,7,1,118,tree,3,Moderately
9753,R_74ah3JiYGhmpmy5,b12,12,1,192,drinking fountain,1,Not at all
9754,R_74ah3JiYGhmpmy5,b13,13,1,216,keyhole,1,Not at all
9755,R_74ah3JiYGhmpmy5,b13,13,2,225,shovel,2,A little
9756,R_74ah3JiYGhmpmy5,b17,17,1,310,heart,1,Not at all
9757,R_74ah3JiYGhmpmy5,b19,19,1,371,mechanical arm,1,Not at all
9758,R_74ah3JiYGhmpmy5,b19,19,2,376,scissors,1,Not at all
9759,R_74ah3JiYGhmpmy5,b19,19,3,387,ying yang,1,Not at all
9760,R_74ah3JiYGhmpmy5,b20,20,1,400,hot air balloon,2,A little
9761,R_74ah3JiYGhmpmy5,b20,20,2,406,magnifying glass,2,A little
9762,R_74ah3JiYGhmpmy5,b21,21,1,422,Bulb,1,Not at all
9763,R_74ah3JiYGhmpmy5,b22,22,1,459,fish,2,A little
9764,R_74ah3JiYGhmpmy5,b22,22,2,469,padlock,1,Not at all
9765,R_74ah3JiYGhmpmy5,b22,22,3,476,speaker sign,2,A little
9766,R_74ah3JiYGhmpmy5,b28,28,1,605,cherries,2,A little
9767,R_74ah3JiYGhmpmy5,b29,29,1,622,basket,1,Not at all
9768,R_74ah3JiYGhmpmy5,b29,29,2,634,hospital sign,1,Not at all
9769,R_74ah3JiYGhmpmy5,b29,29,3,640,power button,1,Not at all
9770,R_74ah3JiYGhmpmy5,b30,30,1,669,letters id,2,A little
9771,R_74ah3JiYGhmpmy5,b31,31,1,688,magnifying glass,2,A little
9772,R_74ah3JiYGhmpmy5,b42,42,1,960,hash sign,1,Not at all
9773,R_74ah3JiYGhmpmy5,b42,42,2,965,present,3,Moderately
9774,R_74ah3JiYGhmpmy5,b44,44,1,1041,sunglasses,1,Not at all
9775,R_74ah3JiYGhmpmy5,b46,46,1,1062,anchor,2,A little
9776,R_74ah3JiYGhmpmy5,b46,46,2,1080,ice cream,3,Moderately
9777,R_74ah3JiYGhmpmy5,b48,48,1,1137,inverted T,1,Not at all
9778,R_74ah3JiYGhmpmy5,b52,52,1,1230,picket fence,1,Not at all
9779,R_74ah3JiYGhmpmy5,b57,57,1,1336,window,1,Not at all
9780,R_76kUZxjO8GtMQiV,b3,3,1,24,butterfly,2,A little
9781,R_76kUZxjO8GtMQiV,b4,4,1,46,bra,3,Moderately
9782,R_76kUZxjO8GtMQiV,b4,4,2,49,dumbbell,1,Not at all
9783,R_76kUZxjO8GtMQiV,b10,10,1,157,Sideways E,3,Moderately
9784,R_76kUZxjO8GtMQiV,b11,11,1,177,pitchfork,5,Completely
9785,R_76kUZxjO8GtMQiV,b12,12,1,204,Umbrella,2,A little
9786,R_76kUZxjO8GtMQiV,b14,14,1,244,face,1,Not at all
9787,R_76kUZxjO8GtMQiV,b15,15,1,271,square,2,A little
9788,R_76kUZxjO8GtMQiV,b16,16,1,274,Cone,5,Completely
9789,R_76kUZxjO8GtMQiV,b18,18,1,348,revolver,1,Not at all
9790,R_76kUZxjO8GtMQiV,b20,20,1,394,eight,2,A little
9791,R_76kUZxjO8GtMQiV,b24,24,1,519,letter N,1,Not at all
9792,R_76kUZxjO8GtMQiV,b27,27,1,587,door,4,A lot
9793,R_76kUZxjO8GtMQiV,b27,27,2,596,parking lot,2,A little
9794,R_76kUZxjO8GtMQiV,b29,29,1,627,chair,2,A little
9795,R_76kUZxjO8GtMQiV,b33,33,1,754,umbrella,2,A little
9796,R_76kUZxjO8GtMQiV,b36,36,1,802,dowsing rod,2,A little
9797,R_76kUZxjO8GtMQiV,b37,37,1,844,information icon,1,Not at all
9798,R_76kUZxjO8GtMQiV,b37,37,2,848,Race track,2,A little
9799,R_76kUZxjO8GtMQiV,b39,39,1,888,person's torso,2,A little
9800,R_76kUZxjO8GtMQiV,b40,40,1,898,bucket,2,A little
9801,R_76kUZxjO8GtMQiV,b43,43,1,1006,zooming ball,2,A little
9802,R_76kUZxjO8GtMQiV,b45,45,1,1051,hanging target,1,Not at all
9803,R_76kUZxjO8GtMQiV,b46,46,1,1097,window,2,A little
9804,R_76kUZxjO8GtMQiV,b47,47,1,1123,Square,1,Not at all
9805,R_76kUZxjO8GtMQiV,b49,49,1,1165,heart,4,A lot
9806,R_76kUZxjO8GtMQiV,b52,52,1,1219,comb,2,A little
9807,R_76kUZxjO8GtMQiV,b52,52,2,1231,plus sign,1,Not at all
9808,R_76kUZxjO8GtMQiV,b54,54,1,1275,music note,4,A lot
9809,R_76kUZxjO8GtMQiV,b57,57,1,1329,Spring,1,Not at all
9810,R_77V6ZuoASpafN88,b1,1,1,3,scaffolding tower,3,Moderately
9811,R_77V6ZuoASpafN88,b6,6,1,12,spectacles frame,3,Moderately
9812,R_77V6ZuoASpafN88,b7,7,1,18,arrowhead,3,Moderately
9813,R_77V6ZuoASpafN88,b8,8,1,24,crown hourglass,2,A little
9814,R_77V6ZuoASpafN88,b10,10,1,31,candle holder,3,Moderately
9815,R_77V6ZuoASpafN88,b11,11,1,32,keyhole slot,1,Not at all
9816,R_77V6ZuoASpafN88,b18,18,1,54,arrowhead,2,A little
9817,R_77V6ZuoASpafN88,b19,19,1,58,electric plug,4,A lot
9818,R_77V6ZuoASpafN88,b19,19,2,61,compact disc,1,Not at all
9819,R_77V6ZuoASpafN88,b21,21,1,65,key,2,A little
9820,R_77V6ZuoASpafN88,b27,27,1,85,mail slot,2,A little
9821,R_77V6ZuoASpafN88,b29,29,1,94,turnstile gate,1,Not at all
9822,R_77V6ZuoASpafN88,b30,30,1,102,gate,2,A little
9823,R_77V6ZuoASpafN88,b31,31,1,104,lollipop stick,4,A lot
9824,R_77V6ZuoASpafN88,b33,33,1,111,golf tee,2,A little
9825,R_77V6ZuoASpafN88,b36,36,1,121,harpoon,1,Not at all
9826,R_77V6ZuoASpafN88,b38,38,1,127,flower emblem,2,A little
9827,R_77V6ZuoASpafN88,b40,40,1,133,capital b,1,Not at all
9828,R_77V6ZuoASpafN88,b45,45,1,155,analog clock,4,A lot
9829,R_77V6ZuoASpafN88,b45,45,2,157,life buoy,1,Not at all
9830,R_77V6ZuoASpafN88,b46,46,1,163,shattered pact,1,Not at all
9831,R_77V6ZuoASpafN88,b46,46,2,165,winged arch,1,Not at all
9832,R_77V6ZuoASpafN88,b47,47,1,167,capital b,1,Not at all
9833,R_77V6ZuoASpafN88,b49,49,1,175,flying buttress,1,Not at all
9834,R_77V6ZuoASpafN88,b49,49,2,176,candelabrum,1,Not at all
9835,R_77V6ZuoASpafN88,b52,52,1,183,parking meter,1,Not at all
9836,R_77V6ZuoASpafN88,b53,53,1,187,flag pole,1,Not at all
9837,R_77V6ZuoASpafN88,b55,55,1,190,radiation symbol,1,Not at all
9838,R_77V6ZuoASpafN88,b58,58,1,200,grapnel anchor,3,Moderately
9839,R_77V6ZuoASpafN88,b59,59,1,204,shelf bracket,2,A little
9840,R_7A5nghufXFfhaRb,b2,2,1,15,two attached triangles,1,Not at all
9841,R_7A5nghufXFfhaRb,b2,2,2,16,two boxes,1,Not at all
9842,R_7A5nghufXFfhaRb,b3,3,1,23,broom,1,Not at all
9843,R_7A5nghufXFfhaRb,b9,9,1,137,cat ears,1,Not at all
9844,R_7A5nghufXFfhaRb,b11,11,1,166,bug,1,Not at all
9845,R_7A5nghufXFfhaRb,b12,12,1,198,person,1,Not at all
9846,R_7A5nghufXFfhaRb,b13,13,1,222,Mushroom,1,Not at all
9847,R_7A5nghufXFfhaRb,b14,14,1,240,crab claw,1,Not at all
9848,R_7A5nghufXFfhaRb,b14,14,2,255,semi-circle,1,Not at all
9849,R_7A5nghufXFfhaRb,b16,16,1,296,whale tail,1,Not at all
9850,R_7A5nghufXFfhaRb,b25,25,1,560,wrench,1,Not at all
9851,R_7A5nghufXFfhaRb,b28,28,1,615,Lollipops,1,Not at all
9852,R_7A5nghufXFfhaRb,b29,29,1,629,crane,1,Not at all
9853,R_7A5nghufXFfhaRb,b32,32,1,706,Fraction Symbol,1,Not at all
9854,R_7A5nghufXFfhaRb,b33,33,1,733,golf club,1,Not at all
9855,R_7A5nghufXFfhaRb,b33,33,2,754,umbrella,1,Not at all
9856,R_7A5nghufXFfhaRb,b35,35,1,787,film camera,1,Not at all
9857,R_7A5nghufXFfhaRb,b36,36,1,803,fishing rod,1,Not at all
9858,R_7A5nghufXFfhaRb,b36,36,2,811,rake,1,Not at all
9859,R_7A5nghufXFfhaRb,b36,36,3,816,tree branch,1,Not at all
9860,R_7A5nghufXFfhaRb,b37,37,1,834,cup and ball,1,Not at all
9861,R_7A5nghufXFfhaRb,b42,42,1,957,bookshelf,2,A little
9862,R_7A5nghufXFfhaRb,b42,42,2,959,grid,3,Moderately
9863,R_7A5nghufXFfhaRb,b45,45,1,1056,logo,4,A lot
9864,R_7A5nghufXFfhaRb,b46,46,1,1095,treble clef,1,Not at all
9865,R_7A5nghufXFfhaRb,b47,47,1,1110,dog shape,1,Not at all
9866,R_7A5nghufXFfhaRb,b47,47,2,1118,musical clef,1,Not at all
9867,R_7A5nghufXFfhaRb,b48,48,1,1141,letter T,5,Completely
9868,R_7A5nghufXFfhaRb,b52,52,1,1229,pattern,1,Not at all
9869,R_7A5nghufXFfhaRb,b55,55,1,1286,glass,2,A little
9870,R_7Alpgx9gPtLktI5,b3,3,1,30,dumbbell,1,Not at all
9871,R_7Alpgx9gPtLktI5,b7,7,1,111,skewered chevron,4,A lot
9872,R_7Alpgx9gPtLktI5,b10,10,1,143,barcode,2,A little
9873,R_7Alpgx9gPtLktI5,b11,11,1,163,broom,4,A lot
9874,R_7Alpgx9gPtLktI5,b13,13,1,227,skeleton key,1,Not at all
9875,R_7Alpgx9gPtLktI5,b17,17,1,314,icecream cone,5,Completely
9876,R_7Alpgx9gPtLktI5,b17,17,2,318,Paris,1,Not at all
9877,R_7Alpgx9gPtLktI5,b18,18,1,350,shield,2,A little
9878,R_7Alpgx9gPtLktI5,b20,20,1,409,person,3,Moderately
9879,R_7Alpgx9gPtLktI5,b21,21,1,443,coffee mug,2,A little
9880,R_7Alpgx9gPtLktI5,b21,21,2,445,magnifying glass,2,A little
9881,R_7Alpgx9gPtLktI5,b22,22,1,475,rewind button,3,Moderately
9882,R_7Alpgx9gPtLktI5,b29,29,1,638,lamp,2,A little
9883,R_7Alpgx9gPtLktI5,b31,31,1,681,bird,2,A little
9884,R_7Alpgx9gPtLktI5,b34,34,1,758,bow tie,5,Completely
9885,R_7Alpgx9gPtLktI5,b37,37,1,827,boy,1,Not at all
9886,R_7Alpgx9gPtLktI5,b38,38,1,859,fruit bowl,2,A little
9887,R_7Alpgx9gPtLktI5,b41,41,1,946,pistol,1,Not at all
9888,R_7Alpgx9gPtLktI5,b43,43,1,990,power button,3,Moderately
9889,R_7Alpgx9gPtLktI5,b44,44,1,1031,pitchfork,1,Not at all
9890,R_7Alpgx9gPtLktI5,b47,47,1,1104,butterfly,1,Not at all
9891,R_7Alpgx9gPtLktI5,b47,47,2,1126,treble clef,1,Not at all
9892,R_7Alpgx9gPtLktI5,b49,49,1,1164,evil face,1,Not at all
9893,R_7Alpgx9gPtLktI5,b50,50,1,1195,trident,1,Not at all
9894,R_7Alpgx9gPtLktI5,b52,52,1,1234,star,1,Not at all
9895,R_7Alpgx9gPtLktI5,b53,53,1,1239,Abstract umbrella,2,A little
9896,R_7Alpgx9gPtLktI5,b54,54,1,1267,dumbbell,2,A little
9897,R_7Alpgx9gPtLktI5,b55,55,1,1288,peace sign,2,A little
9898,R_7Alpgx9gPtLktI5,b57,57,1,1336,window,2,A little
9899,R_7Alpgx9gPtLktI5,b58,58,1,1343,letter G,1,Not at all
9900,R_7Bs6VM4CMSJYR1Y,b4,4,1,57,owl,2,A little
9901,R_7Bs6VM4CMSJYR1Y,b6,6,1,97,hourglass,1,Not at all
9902,R_7Bs6VM4CMSJYR1Y,b9,9,1,142,owl,1,Not at all
9903,R_7Bs6VM4CMSJYR1Y,b12,12,1,195,lamp,3,Moderately
9904,R_7Bs6VM4CMSJYR1Y,b13,13,1,206,anchor,1,Not at all
9905,R_7Bs6VM4CMSJYR1Y,b13,13,2,227,skeleton key,1,Not at all
9906,R_7Bs6VM4CMSJYR1Y,b15,15,1,263,flag,2,A little
9907,R_7Bs6VM4CMSJYR1Y,b15,15,2,264,honeycomb,1,Not at all
9908,R_7Bs6VM4CMSJYR1Y,b17,17,1,298,Balloon,1,Not at all
9909,R_7Bs6VM4CMSJYR1Y,b17,17,2,309,Head,1,Not at all
9910,R_7Bs6VM4CMSJYR1Y,b17,17,3,319,shelf bracket,1,Not at all
9911,R_7Bs6VM4CMSJYR1Y,b21,21,1,427,Ear,1,Not at all
9912,R_7Bs6VM4CMSJYR1Y,b24,24,1,531,trident,1,Not at all
9913,R_7Bs6VM4CMSJYR1Y,b25,25,1,544,key,2,A little
9914,R_7Bs6VM4CMSJYR1Y,b26,26,1,571,letter P,4,A lot
9915,R_7Bs6VM4CMSJYR1Y,b29,29,1,622,basket,2,A little
9916,R_7Bs6VM4CMSJYR1Y,b35,35,1,786,face,2,A little
9917,R_7Bs6VM4CMSJYR1Y,b36,36,1,820,tuning fork,2,A little
9918,R_7Bs6VM4CMSJYR1Y,b37,37,1,849,snow man,1,Not at all
9919,R_7Bs6VM4CMSJYR1Y,b40,40,1,895,bar clamp,1,Not at all
9920,R_7Bs6VM4CMSJYR1Y,b40,40,2,915,PC,1,Not at all
9921,R_7Bs6VM4CMSJYR1Y,b42,42,1,965,present,3,Moderately
9922,R_7Bs6VM4CMSJYR1Y,b44,44,1,1029,necklace,2,A little
9923,R_7Bs6VM4CMSJYR1Y,b48,48,1,1144,line graph,1,Not at all
9924,R_7Bs6VM4CMSJYR1Y,b49,49,1,1158,bikini set,1,Not at all
9925,R_7Bs6VM4CMSJYR1Y,b50,50,1,1176,arrow,1,Not at all
9926,R_7Bs6VM4CMSJYR1Y,b56,56,1,1305,eye,1,Not at all
9927,R_7Bs6VM4CMSJYR1Y,b56,56,2,1308,peace sign,1,Not at all
9928,R_7Bs6VM4CMSJYR1Y,b56,56,3,1313,sign,1,Not at all
9929,R_7Bs6VM4CMSJYR1Y,b57,57,1,1332,tape dispenser,1,Not at all
9930,R_7Bsnjf6E0Xw6GQg,b2,2,1,10,ladder,5,Completely
9931,R_7Bsnjf6E0Xw6GQg,b4,4,1,52,goal posts,1,Not at all
9932,R_7Bsnjf6E0Xw6GQg,b13,13,1,214,Half circle,1,Not at all
9933,R_7Bsnjf6E0Xw6GQg,b13,13,2,219,martini glass,5,Completely
9934,R_7Bsnjf6E0Xw6GQg,b13,13,3,229,tear drop,1,Not at all
9935,R_7Bsnjf6E0Xw6GQg,b14,14,1,242,elephant head,1,Not at all
9936,R_7Bsnjf6E0Xw6GQg,b14,14,2,257,tent,1,Not at all
9937,R_7Bsnjf6E0Xw6GQg,b15,15,1,268,pentagon,1,Not at all
9938,R_7Bsnjf6E0Xw6GQg,b16,16,1,284,Icecream cone,5,Completely
9939,R_7Bsnjf6E0Xw6GQg,b18,18,1,345,parabola,1,Not at all
9940,R_7Bsnjf6E0Xw6GQg,b21,21,1,440,snowman,1,Not at all
9941,R_7Bsnjf6E0Xw6GQg,b24,24,1,521,pickaxe,1,Not at all
9942,R_7Bsnjf6E0Xw6GQg,b26,26,1,564,baseball pendant,5,Completely
9943,R_7Bsnjf6E0Xw6GQg,b29,29,1,638,lamp,1,Not at all
9944,R_7Bsnjf6E0Xw6GQg,b29,29,2,641,road,1,Not at all
9945,R_7Bsnjf6E0Xw6GQg,b31,31,1,693,stick figure,3,Moderately
9946,R_7Bsnjf6E0Xw6GQg,b33,33,1,749,spade,5,Completely
9947,R_7Bsnjf6E0Xw6GQg,b34,34,1,768,infinity symbol,2,A little
9948,R_7Bsnjf6E0Xw6GQg,b44,44,1,1031,pitchfork,1,Not at all
9949,R_7Bsnjf6E0Xw6GQg,b45,45,1,1061,wheelchair,1,Not at all
9950,R_7Bsnjf6E0Xw6GQg,b47,47,1,1101,ball,1,Not at all
9951,R_7Bsnjf6E0Xw6GQg,b47,47,2,1123,Square,1,Not at all
9952,R_7Bsnjf6E0Xw6GQg,b49,49,1,1162,butterfly,1,Not at all
9953,R_7Bsnjf6E0Xw6GQg,b50,50,1,1176,arrow,1,Not at all
9954,R_7Bsnjf6E0Xw6GQg,b52,52,1,1222,flagpole,1,Not at all
9955,R_7Bsnjf6E0Xw6GQg,b52,52,2,1230,picket fence,1,Not at all
9956,R_7Bsnjf6E0Xw6GQg,b53,53,1,1246,golf club,1,Not at all
9957,R_7Bsnjf6E0Xw6GQg,b55,55,1,1279,anchor,1,Not at all
9958,R_7Bsnjf6E0Xw6GQg,b56,56,1,1300,checkmark,1,Not at all
9959,R_7Bsnjf6E0Xw6GQg,b56,56,2,1312,registered trademark,1,Not at all
9960,R_7CC1uMTEiWemz3P,b1,1,1,1,door knob,1,Not at all
9961,R_7CC1uMTEiWemz3P,b3,3,1,35,hook,1,Not at all
9962,R_7CC1uMTEiWemz3P,b7,7,1,109,railroad track,1,Not at all
9963,R_7CC1uMTEiWemz3P,b10,10,1,155,pitchfork,5,Completely
9964,R_7CC1uMTEiWemz3P,b16,16,1,282,house,1,Not at all
9965,R_7CC1uMTEiWemz3P,b16,16,2,284,Icecream cone,5,Completely
9966,R_7CC1uMTEiWemz3P,b17,17,1,322,snowcone,5,Completely
9967,R_7CC1uMTEiWemz3P,b18,18,1,344,music symbol,1,Not at all
9968,R_7CC1uMTEiWemz3P,b22,22,1,455,dart,1,Not at all
9969,R_7CC1uMTEiWemz3P,b26,26,1,574,sailboat,1,Not at all
9970,R_7CC1uMTEiWemz3P,b27,27,1,584,coconut,1,Not at all
9971,R_7CC1uMTEiWemz3P,b29,29,1,637,ladder,1,Not at all
9972,R_7CC1uMTEiWemz3P,b31,31,1,692,speaker,1,Not at all
9973,R_7CC1uMTEiWemz3P,b32,32,1,701,Champagne glass,5,Completely
9974,R_7CC1uMTEiWemz3P,b32,32,2,721,teeball,1,Not at all
9975,R_7CC1uMTEiWemz3P,b33,33,1,734,hanging lamp,5,Completely
9976,R_7CC1uMTEiWemz3P,b40,40,1,898,bucket,1,Not at all
9977,R_7CC1uMTEiWemz3P,b42,42,1,963,Lined square,1,Not at all
9978,R_7CC1uMTEiWemz3P,b44,44,1,1014,dollar sign,1,Not at all
9979,R_7CC1uMTEiWemz3P,b44,44,2,1041,sunglasses,1,Not at all
9980,R_7CC1uMTEiWemz3P,b45,45,1,1051,hanging target,1,Not at all
9981,R_7CC1uMTEiWemz3P,b46,46,1,1071,clover,1,Not at all
9982,R_7CC1uMTEiWemz3P,b48,48,1,1133,flagpole,1,Not at all
9983,R_7CC1uMTEiWemz3P,b48,48,2,1151,tee,3,Moderately
9984,R_7CC1uMTEiWemz3P,b50,50,1,1181,Electric tower,1,Not at all
9985,R_7CC1uMTEiWemz3P,b51,51,1,1204,medal,3,Moderately
9986,R_7CC1uMTEiWemz3P,b52,52,1,1221,crosshair,1,Not at all
9987,R_7CC1uMTEiWemz3P,b56,56,1,1300,checkmark,1,Not at all
9988,R_7CC1uMTEiWemz3P,b57,57,1,1325,not equal,1,Not at all
9989,R_7CC1uMTEiWemz3P,b59,59,1,1364,sailboat,1,Not at all
9990,R_7DSeRVaOnbgrI1r,b2,2,1,1388,three-rung ladder,5,Completely
9991,R_7DSeRVaOnbgrI1r,b3,3,1,1394,butterfly wings,1,Not at all
9992,R_7DSeRVaOnbgrI1r,b8,8,1,1434,long diamond,2,A little
9993,R_7DSeRVaOnbgrI1r,b11,11,1,1454,rotated table,1,Not at all
9994,R_7DSeRVaOnbgrI1r,b13,13,1,1468,boat,1,Not at all
9995,R_7DSeRVaOnbgrI1r,b13,13,2,1473,arched window,1,Not at all
9996,R_7DSeRVaOnbgrI1r,b16,16,1,1495,wine glass,1,Not at all
9997,R_7DSeRVaOnbgrI1r,b16,16,2,1498,church bell,1,Not at all
9998,R_7DSeRVaOnbgrI1r,b16,16,3,1499,Trophy cup,2,A little
9999,R_7DSeRVaOnbgrI1r,b19,19,1,1521,smash ball,1,Not at all
10000,R_7DSeRVaOnbgrI1r,b19,19,2,1527,skeleton key,1,Not at all
10001,R_7DSeRVaOnbgrI1r,b23,23,1,1563,Stethoscope silhouette,2,A little
10002,R_7DSeRVaOnbgrI1r,b24,24,1,1574,pipe wrench,3,Moderately
10003,R_7DSeRVaOnbgrI1r,b25,25,1,1576,shelf bracket,2,A little
10004,R_7DSeRVaOnbgrI1r,b25,25,2,1580,Skeleton key,2,A little
10005,R_7DSeRVaOnbgrI1r,b26,26,1,1591,anchor symbol,1,Not at all
10006,R_7DSeRVaOnbgrI1r,b28,28,1,1611,Binoculars,2,A little
10007,R_7DSeRVaOnbgrI1r,b29,29,1,1623,plunger,2,A little
10008,R_7DSeRVaOnbgrI1r,b30,30,1,1642,HD monogram,4,A lot
10009,R_7DSeRVaOnbgrI1r,b31,31,1,1649,martini glass,1,Not at all
10010,R_7DSeRVaOnbgrI1r,b33,33,1,1666,spoon,1,Not at all
10011,R_7DSeRVaOnbgrI1r,b33,33,2,1668,Upsidedown Umbrella,1,Not at all
10012,R_7DSeRVaOnbgrI1r,b34,34,1,1671,owl,2,A little
10013,R_7DSeRVaOnbgrI1r,b34,34,2,1673,butterfly mask,2,A little
10014,R_7DSeRVaOnbgrI1r,b39,39,1,1711,pulley system,1,Not at all
10015,R_7DSeRVaOnbgrI1r,b43,43,1,1738,Power symbol,1,Not at all
10016,R_7DSeRVaOnbgrI1r,b43,43,2,1745,Lollipop swirl,1,Not at all
10017,R_7DSeRVaOnbgrI1r,b48,48,1,1777,handgun,1,Not at all
10018,R_7DSeRVaOnbgrI1r,b52,52,1,1811,shelf bracket,1,Not at all
10019,R_7DSeRVaOnbgrI1r,b59,59,1,1888,Arrowhead ladder,1,Not at all
10020,R_7DwdeBWSsGYYCtm,b10,10,1,160,Trident,5,Completely
10021,R_7DwdeBWSsGYYCtm,b12,12,1,201,shovel,2,A little
10022,R_7DwdeBWSsGYYCtm,b13,13,1,221,mortar & pestle,2,A little
10023,R_7DwdeBWSsGYYCtm,b14,14,1,238,butterfly,1,Not at all
10024,R_7DwdeBWSsGYYCtm,b14,14,2,257,tent,1,Not at all
10025,R_7DwdeBWSsGYYCtm,b17,17,1,304,flower,2,A little
10026,R_7DwdeBWSsGYYCtm,b19,19,1,374,purse,2,A little
10027,R_7DwdeBWSsGYYCtm,b21,21,1,433,pictogram,5,Completely
10028,R_7DwdeBWSsGYYCtm,b21,21,2,438,headphones,1,Not at all
10029,R_7DwdeBWSsGYYCtm,b21,21,3,447,treble clef,1,Not at all
10030,R_7DwdeBWSsGYYCtm,b22,22,1,457,duck beak,3,Moderately
10031,R_7DwdeBWSsGYYCtm,b27,27,1,579,belt buckle,4,A lot
10032,R_7DwdeBWSsGYYCtm,b27,27,2,590,gate latch,3,Moderately
10033,R_7DwdeBWSsGYYCtm,b27,27,3,598,rail tracks,2,A little
10034,R_7DwdeBWSsGYYCtm,b29,29,1,621,arch,2,A little
10035,R_7DwdeBWSsGYYCtm,b30,30,1,677,window,1,Not at all
10036,R_7DwdeBWSsGYYCtm,b31,31,1,686,flower,3,Moderately
10037,R_7DwdeBWSsGYYCtm,b32,32,1,716,nine,1,Not at all
10038,R_7DwdeBWSsGYYCtm,b35,35,1,777,berry,3,Moderately
10039,R_7DwdeBWSsGYYCtm,b36,36,1,819,tripod,4,A lot
10040,R_7DwdeBWSsGYYCtm,b39,39,1,891,small circles,2,A little
10041,R_7DwdeBWSsGYYCtm,b43,43,1,984,keyhole,2,A little
10042,R_7DwdeBWSsGYYCtm,b43,43,2,986,musical symbol,1,Not at all
10043,R_7DwdeBWSsGYYCtm,b44,44,1,1034,question mrk,1,Not at all
10044,R_7DwdeBWSsGYYCtm,b47,47,1,1124,stethoscope,2,A little
10045,R_7DwdeBWSsGYYCtm,b50,50,1,1195,trident,1,Not at all
10046,R_7DwdeBWSsGYYCtm,b52,52,1,1238,triangle,1,Not at all
10047,R_7DwdeBWSsGYYCtm,b53,53,1,1258,turtle,1,Not at all
10048,R_7DwdeBWSsGYYCtm,b54,54,1,1267,dumbbell,1,Not at all
10049,R_7DwdeBWSsGYYCtm,b54,54,2,1269,gas pump,1,Not at all
10050,R_7FENBAm3HEWJQP5,b3,3,1,31,eye glasses,4,A lot
10051,R_7FENBAm3HEWJQP5,b3,3,2,42,wine glass,2,A little
10052,R_7FENBAm3HEWJQP5,b5,5,1,65,belly button,2,A little
10053,R_7FENBAm3HEWJQP5,b5,5,2,84,woman,1,Not at all
10054,R_7FENBAm3HEWJQP5,b9,9,1,138,stylized emblem,3,Moderately
10055,R_7FENBAm3HEWJQP5,b13,13,1,206,anchor,1,Not at all
10056,R_7FENBAm3HEWJQP5,b14,14,1,258,toilet,1,Not at all
10057,R_7FENBAm3HEWJQP5,b20,20,1,393,crystal ball,1,Not at all
10058,R_7FENBAm3HEWJQP5,b20,20,2,409,person,4,A lot
10059,R_7FENBAm3HEWJQP5,b21,21,1,423,Capital B,2,A little
10060,R_7FENBAm3HEWJQP5,b22,22,1,476,speaker sign,3,Moderately
10061,R_7FENBAm3HEWJQP5,b25,25,1,538,chair,4,A lot
10062,R_7FENBAm3HEWJQP5,b25,25,2,550,Lower H,5,Completely
10063,R_7FENBAm3HEWJQP5,b28,28,1,612,handcuffs,4,A lot
10064,R_7FENBAm3HEWJQP5,b29,29,1,620,Anchor,5,Completely
10065,R_7FENBAm3HEWJQP5,b29,29,2,625,boat,2,A little
10066,R_7FENBAm3HEWJQP5,b36,36,1,798,arrow,3,Moderately
10067,R_7FENBAm3HEWJQP5,b36,36,2,812,roof shape,5,Completely
10068,R_7FENBAm3HEWJQP5,b39,39,1,875,clubs suit,1,Not at all
10069,R_7FENBAm3HEWJQP5,b40,40,1,894,balcony,2,A little
10070,R_7FENBAm3HEWJQP5,b40,40,2,904,ear,4,A lot
10071,R_7FENBAm3HEWJQP5,b41,41,1,925,chair,3,Moderately
10072,R_7FENBAm3HEWJQP5,b44,44,1,1015,Elephant ears,3,Moderately
10073,R_7FENBAm3HEWJQP5,b45,45,1,1047,clock,5,Completely
10074,R_7FENBAm3HEWJQP5,b46,46,1,1068,Chinese Character,2,A little
10075,R_7FENBAm3HEWJQP5,b46,46,2,1072,eight,2,A little
10076,R_7FENBAm3HEWJQP5,b47,47,1,1110,dog shape,2,A little
10077,R_7FENBAm3HEWJQP5,b53,53,1,1246,golf club,2,A little
10078,R_7FENBAm3HEWJQP5,b54,54,1,1278,wrench,3,Moderately
10079,R_7FENBAm3HEWJQP5,b57,57,1,1332,tape dispenser,4,A lot
10080,R_7FIKkw4IA0QrpiI,b4,4,1,45,belly button,1,Not at all
10081,R_7FIKkw4IA0QrpiI,b4,4,2,46,bra,3,Moderately
10082,R_7FIKkw4IA0QrpiI,b6,6,1,88,bed,1,Not at all
10083,R_7FIKkw4IA0QrpiI,b6,6,2,97,hourglass,1,Not at all
10084,R_7FIKkw4IA0QrpiI,b12,12,1,191,downward umbrella,1,Not at all
10085,R_7FIKkw4IA0QrpiI,b13,13,1,213,goblet,5,Completely
10086,R_7FIKkw4IA0QrpiI,b13,13,2,215,hammer,1,Not at all
10087,R_7FIKkw4IA0QrpiI,b13,13,3,227,skeleton key,1,Not at all
10088,R_7FIKkw4IA0QrpiI,b15,15,1,262,diamond,1,Not at all
10089,R_7FIKkw4IA0QrpiI,b19,19,1,368,jellyfish,1,Not at all
10090,R_7FIKkw4IA0QrpiI,b20,20,1,419,woman,2,A little
10091,R_7FIKkw4IA0QrpiI,b23,23,1,494,Pool,1,Not at all
10092,R_7FIKkw4IA0QrpiI,b26,26,1,563,arrowhead,1,Not at all
10093,R_7FIKkw4IA0QrpiI,b28,28,1,611,glasses,3,Moderately
10094,R_7FIKkw4IA0QrpiI,b28,28,2,618,ribbon,1,Not at all
10095,R_7FIKkw4IA0QrpiI,b34,34,1,763,glasses on nose,1,Not at all
10096,R_7FIKkw4IA0QrpiI,b34,34,2,766,ice cream,1,Not at all
10097,R_7FIKkw4IA0QrpiI,b34,34,3,770,movie projector,2,A little
10098,R_7FIKkw4IA0QrpiI,b36,36,1,809,pitchfork,2,A little
10099,R_7FIKkw4IA0QrpiI,b36,36,2,815,Teepee,2,A little
10100,R_7FIKkw4IA0QrpiI,b37,37,1,852,weightlifter,1,Not at all
10101,R_7FIKkw4IA0QrpiI,b40,40,1,896,bed,1,Not at all
10102,R_7FIKkw4IA0QrpiI,b40,40,2,898,bucket,1,Not at all
10103,R_7FIKkw4IA0QrpiI,b41,41,1,930,dog,1,Not at all
10104,R_7FIKkw4IA0QrpiI,b41,41,2,955,turtle,1,Not at all
10105,R_7FIKkw4IA0QrpiI,b42,42,1,972,waffle,2,A little
10106,R_7FIKkw4IA0QrpiI,b45,45,1,1050,fishing pole,1,Not at all
10107,R_7FIKkw4IA0QrpiI,b48,48,1,1138,knife,1,Not at all
10108,R_7FIKkw4IA0QrpiI,b52,52,1,1228,lowercase r,1,Not at all
10109,R_7FIKkw4IA0QrpiI,b52,52,2,1237,toothbrush,1,Not at all
10110,R_7HXQ0bYrHkjkbzc,b4,4,1,7,hourglass,1,Not at all
10111,R_7HXQ0bYrHkjkbzc,b7,7,1,17,bow tie,1,Not at all
10112,R_7HXQ0bYrHkjkbzc,b10,10,1,30,eject button,1,Not at all
10113,R_7HXQ0bYrHkjkbzc,b12,12,1,35,hot air balloon,1,Not at all
10114,R_7HXQ0bYrHkjkbzc,b16,16,1,48,tent shelter,1,Not at all
10115,R_7HXQ0bYrHkjkbzc,b18,18,1,52,bow tie,1,Not at all
10116,R_7HXQ0bYrHkjkbzc,b19,19,1,56,fish,1,Not at all
10117,R_7HXQ0bYrHkjkbzc,b19,19,2,57,light bulb,1,Not at all
10118,R_7HXQ0bYrHkjkbzc,b20,20,1,63,chess pawn,3,Moderately
10119,R_7HXQ0bYrHkjkbzc,b22,22,1,70,hourglass,1,Not at all
10120,R_7HXQ0bYrHkjkbzc,b24,24,1,76,fishing hook,1,Not at all
10121,R_7HXQ0bYrHkjkbzc,b24,24,2,77,enter key,1,Not at all
10122,R_7HXQ0bYrHkjkbzc,b25,25,1,79,l bracket,1,Not at all
10123,R_7HXQ0bYrHkjkbzc,b27,27,1,87,stapler frame,1,Not at all
10124,R_7HXQ0bYrHkjkbzc,b29,29,1,95,b,1,Not at all
10125,R_7HXQ0bYrHkjkbzc,b32,32,1,108,hanging lantern,1,Not at all
10126,R_7HXQ0bYrHkjkbzc,b33,33,1,110,spoon cup,3,Moderately
10127,R_7HXQ0bYrHkjkbzc,b34,34,1,114,bicycle,1,Not at all
10128,R_7HXQ0bYrHkjkbzc,b34,34,2,115,open scissors,3,Moderately
10129,R_7HXQ0bYrHkjkbzc,b35,35,1,120,twin crown,1,Not at all
10130,R_7HXQ0bYrHkjkbzc,b38,38,1,125,stacking toy,1,Not at all
10131,R_7HXQ0bYrHkjkbzc,b45,45,1,152,lollipop,2,A little
10132,R_7HXQ0bYrHkjkbzc,b45,45,2,156,floating lid,1,Not at all
10133,R_7HXQ0bYrHkjkbzc,b46,46,1,164,arrowhead,1,Not at all
10134,R_7HXQ0bYrHkjkbzc,b47,47,1,168,key lock,1,Not at all
10135,R_7HXQ0bYrHkjkbzc,b49,49,1,174,steep curve,1,Not at all
10136,R_7HXQ0bYrHkjkbzc,b50,50,1,180,lamp post,1,Not at all
10137,R_7HXQ0bYrHkjkbzc,b51,51,1,182,compass dial,1,Not at all
10138,R_7HXQ0bYrHkjkbzc,b56,56,1,194,circular pointer,3,Moderately
10139,R_7HXQ0bYrHkjkbzc,b59,59,1,202,ground rod,1,Not at all
10140,R_7HkQn7K3ZEFqMu6,b2,2,1,1384,fence,1,Not at all
10141,R_7HkQn7K3ZEFqMu6,b5,5,1,1408,binoculars,3,Moderately
10142,R_7HkQn7K3ZEFqMu6,b6,6,1,1417,eyeglasses with antennas,4,A lot
10143,R_7HkQn7K3ZEFqMu6,b8,8,1,1427,winged scepter,1,Not at all
10144,R_7HkQn7K3ZEFqMu6,b10,10,1,1450,two open attached triangles,1,Not at all
10145,R_7HkQn7K3ZEFqMu6,b11,11,1,1453,Stapler silhouette,1,Not at all
10146,R_7HkQn7K3ZEFqMu6,b12,12,1,1466,Dried,1,Not at all
10147,R_7HkQn7K3ZEFqMu6,b14,14,1,1477,Skull,3,Moderately
10148,R_7HkQn7K3ZEFqMu6,b15,15,1,1489,Square bucket,1,Not at all
10149,R_7HkQn7K3ZEFqMu6,b17,17,1,1506,hanging lantern,1,Not at all
10150,R_7HkQn7K3ZEFqMu6,b21,21,1,1543,Letter B,1,Not at all
10151,R_7HkQn7K3ZEFqMu6,b26,26,1,1594,arrow sign,3,Moderately
10152,R_7HkQn7K3ZEFqMu6,b30,30,1,1636,park bench,1,Not at all
10153,R_7HkQn7K3ZEFqMu6,b33,33,1,1662,bell clapper,5,Completely
10154,R_7HkQn7K3ZEFqMu6,b36,36,1,1685,utility pole,2,A little
10155,R_7HkQn7K3ZEFqMu6,b42,42,1,1731,3x3 grid,1,Not at all
10156,R_7HkQn7K3ZEFqMu6,b45,45,1,1760,Skeleton key,1,Not at all
10157,R_7HkQn7K3ZEFqMu6,b45,45,2,1761,padlock,1,Not at all
10158,R_7HkQn7K3ZEFqMu6,b46,46,1,1910,arch bridge,1,Not at all
10159,R_7HkQn7K3ZEFqMu6,b47,47,1,1772,snail shell,1,Not at all
10160,R_7HkQn7K3ZEFqMu6,b47,47,2,1775,glasses,2,A little
10161,R_7HkQn7K3ZEFqMu6,b49,49,1,1786,sad face,1,Not at all
10162,R_7HkQn7K3ZEFqMu6,b49,49,2,1795,ice-cream cone,1,Not at all
10163,R_7HkQn7K3ZEFqMu6,b51,51,1,1804,stick figure,3,Moderately
10164,R_7HkQn7K3ZEFqMu6,b53,53,1,1828,Fish hook,1,Not at all
10165,R_7HkQn7K3ZEFqMu6,b54,54,1,1835,pound sign,1,Not at all
10166,R_7HkQn7K3ZEFqMu6,b55,55,1,1845,anchor spear,1,Not at all
10167,R_7HkQn7K3ZEFqMu6,b56,56,1,1853,letter k,1,Not at all
10168,R_7HkQn7K3ZEFqMu6,b56,56,2,1856,flag pole,1,Not at all
10169,R_7HkQn7K3ZEFqMu6,b59,59,1,1885,up arrow,3,Moderately
10170,R_7I4TvFm1XuLG4Wg,b6,6,1,16,infinity antenna,3,Moderately
10171,R_7I4TvFm1XuLG4Wg,b8,8,1,21,binder clip,1,Not at all
10172,R_7I4TvFm1XuLG4Wg,b8,8,2,25,spectacle frame,1,Not at all
10173,R_7I4TvFm1XuLG4Wg,b14,14,1,42,fish hook,1,Not at all
10174,R_7I4TvFm1XuLG4Wg,b15,15,1,46,diamond shape,1,Not at all
10175,R_7I4TvFm1XuLG4Wg,b19,19,1,57,light bulb,1,Not at all
10176,R_7I4TvFm1XuLG4Wg,b19,19,2,60,safety pin,1,Not at all
10177,R_7I4TvFm1XuLG4Wg,b21,21,1,65,key,1,Not at all
10178,R_7I4TvFm1XuLG4Wg,b23,23,1,73,snake vase,1,Not at all
10179,R_7I4TvFm1XuLG4Wg,b25,25,1,78,paint roller,1,Not at all
10180,R_7I4TvFm1XuLG4Wg,b26,26,1,82,javelin,1,Not at all
10181,R_7I4TvFm1XuLG4Wg,b29,29,1,91,key,1,Not at all
10182,R_7I4TvFm1XuLG4Wg,b29,29,2,92,sailboat,1,Not at all
10183,R_7I4TvFm1XuLG4Wg,b30,30,1,99,belt buckle,1,Not at all
10184,R_7I4TvFm1XuLG4Wg,b31,31,1,105,ice cream,1,Not at all
10185,R_7I4TvFm1XuLG4Wg,b38,38,1,126,crown jewel,1,Not at all
10186,R_7I4TvFm1XuLG4Wg,b39,39,1,128,hot-air balloon,2,A little
10187,R_7I4TvFm1XuLG4Wg,b40,40,1,134,hook gate,1,Not at all
10188,R_7I4TvFm1XuLG4Wg,b40,40,2,135,mail box,1,Not at all
10189,R_7I4TvFm1XuLG4Wg,b41,41,1,137,stapler head,1,Not at all
10190,R_7I4TvFm1XuLG4Wg,b43,43,1,147,greek phi,1,Not at all
10191,R_7I4TvFm1XuLG4Wg,b44,44,1,149,cartoon bomb,2,A little
10192,R_7I4TvFm1XuLG4Wg,b45,45,1,155,analog clock,4,A lot
10193,R_7I4TvFm1XuLG4Wg,b48,48,1,169,t,5,Completely
10194,R_7I4TvFm1XuLG4Wg,b51,51,1,181,circle cradle,1,Not at all
10195,R_7I4TvFm1XuLG4Wg,b53,53,1,185,cradle snapped,1,Not at all
10196,R_7I4TvFm1XuLG4Wg,b54,54,1,188,sixteenth note,1,Not at all
10197,R_7I4TvFm1XuLG4Wg,b55,55,1,191,perpendicular arrow,1,Not at all
10198,R_7I4TvFm1XuLG4Wg,b59,59,1,203,tent pole,2,A little
10199,R_7I4TvFm1XuLG4Wg,b60,60,1,207,tiny house,2,A little
10200,R_7JqLe0nBxZTDmCu,b10,10,1,152,key,1,Not at all
10201,R_7JqLe0nBxZTDmCu,b11,11,1,168,comb,1,Not at all
10202,R_7JqLe0nBxZTDmCu,b18,18,1,336,heart,1,Not at all
10203,R_7JqLe0nBxZTDmCu,b18,18,2,343,medal,1,Not at all
10204,R_7JqLe0nBxZTDmCu,b19,19,1,379,start line,1,Not at all
10205,R_7JqLe0nBxZTDmCu,b21,21,1,447,treble clef,1,Not at all
10206,R_7JqLe0nBxZTDmCu,b23,23,1,484,caduceus,1,Not at all
10207,R_7JqLe0nBxZTDmCu,b29,29,1,622,basket,1,Not at all
10208,R_7JqLe0nBxZTDmCu,b32,32,1,723,umbrella,1,Not at all
10209,R_7JqLe0nBxZTDmCu,b33,33,1,725,anchor,2,A little
10210,R_7JqLe0nBxZTDmCu,b33,33,2,735,key,1,Not at all
10211,R_7JqLe0nBxZTDmCu,b34,34,1,767,Infinity pyramid,1,Not at all
10212,R_7JqLe0nBxZTDmCu,b35,35,1,792,owl face,1,Not at all
10213,R_7JqLe0nBxZTDmCu,b35,35,2,795,spade,1,Not at all
10214,R_7JqLe0nBxZTDmCu,b37,37,1,845,key,2,A little
10215,R_7JqLe0nBxZTDmCu,b38,38,1,860,gift bow,1,Not at all
10216,R_7JqLe0nBxZTDmCu,b39,39,1,873,bucket,1,Not at all
10217,R_7JqLe0nBxZTDmCu,b39,39,2,880,glasses,1,Not at all
10218,R_7JqLe0nBxZTDmCu,b40,40,1,908,key,1,Not at all
10219,R_7JqLe0nBxZTDmCu,b40,40,2,916,pitcher,4,A lot
10220,R_7JqLe0nBxZTDmCu,b44,44,1,1015,Elephant ears,1,Not at all
10221,R_7JqLe0nBxZTDmCu,b44,44,2,1021,infinity symbol,1,Not at all
10222,R_7JqLe0nBxZTDmCu,b44,44,3,1040,sun glasses,1,Not at all
10223,R_7JqLe0nBxZTDmCu,b46,46,1,1086,mustache,1,Not at all
10224,R_7JqLe0nBxZTDmCu,b47,47,1,1102,balloon,1,Not at all
10225,R_7JqLe0nBxZTDmCu,b47,47,2,1108,cross circle,2,A little
10226,R_7JqLe0nBxZTDmCu,b53,53,1,1242,bell,1,Not at all
10227,R_7JqLe0nBxZTDmCu,b56,56,1,1301,circle,5,Completely
10228,R_7JqLe0nBxZTDmCu,b57,57,1,1334,truss bridge,1,Not at all
10229,R_7JqLe0nBxZTDmCu,b59,59,1,1356,campfire,1,Not at all
10230,R_7KI7G011POQndsz,b4,4,1,51,glasses,2,A little
10231,R_7KI7G011POQndsz,b5,5,1,81,two chairs,2,A little
10232,R_7KI7G011POQndsz,b6,6,1,89,binoculars,2,A little
10233,R_7KI7G011POQndsz,b6,6,2,100,insect head,1,Not at all
10234,R_7KI7G011POQndsz,b6,6,3,104,snail,1,Not at all
10235,R_7KI7G011POQndsz,b11,11,1,179,stairs,1,Not at all
10236,R_7KI7G011POQndsz,b13,13,1,220,monogram,1,Not at all
10237,R_7KI7G011POQndsz,b20,20,1,394,eight,1,Not at all
10238,R_7KI7G011POQndsz,b20,20,2,397,golf ball,1,Not at all
10239,R_7KI7G011POQndsz,b22,22,1,472,play button,2,A little
10240,R_7KI7G011POQndsz,b23,23,1,490,Kite,2,A little
10241,R_7KI7G011POQndsz,b24,24,1,516,inverted chair,1,Not at all
10242,R_7KI7G011POQndsz,b26,26,1,567,Cone,1,Not at all
10243,R_7KI7G011POQndsz,b27,27,1,603,table chair,1,Not at all
10244,R_7KI7G011POQndsz,b30,30,1,675,train car,1,Not at all
10245,R_7KI7G011POQndsz,b33,33,1,753,Triangle,1,Not at all
10246,R_7KI7G011POQndsz,b34,34,1,763,glasses on nose,2,A little
10247,R_7KI7G011POQndsz,b35,35,1,776,beak,2,A little
10248,R_7KI7G011POQndsz,b42,42,1,958,four squares,5,Completely
10249,R_7KI7G011POQndsz,b43,43,1,987,Oval pile,1,Not at all
10250,R_7KI7G011POQndsz,b45,45,1,1046,Circle,1,Not at all
10251,R_7KI7G011POQndsz,b46,46,1,1064,Bride,1,Not at all
10252,R_7KI7G011POQndsz,b46,46,2,1070,circle square,1,Not at all
10253,R_7KI7G011POQndsz,b48,48,1,1131,anchor,1,Not at all
10254,R_7KI7G011POQndsz,b48,48,2,1146,plus sign,1,Not at all
10255,R_7KI7G011POQndsz,b49,49,1,1161,bull skull,1,Not at all
10256,R_7KI7G011POQndsz,b50,50,1,1187,mirror,1,Not at all
10257,R_7KI7G011POQndsz,b51,51,1,1199,figure,1,Not at all
10258,R_7KI7G011POQndsz,b54,54,1,1266,concave,1,Not at all
10259,R_7KI7G011POQndsz,b55,55,1,1289,shovel,2,A little
10260,R_7LBwVaXbBBxaaEo,b4,4,1,48,cherries,1,Not at all
10261,R_7LBwVaXbBBxaaEo,b5,5,1,83,vase,1,Not at all
10262,R_7LBwVaXbBBxaaEo,b6,6,1,87,batman mask,2,A little
10263,R_7LBwVaXbBBxaaEo,b7,7,1,111,skewered chevron,1,Not at all
10264,R_7LBwVaXbBBxaaEo,b7,7,2,113,spire,4,A lot
10265,R_7LBwVaXbBBxaaEo,b11,11,1,182,two squares,1,Not at all
10266,R_7LBwVaXbBBxaaEo,b12,12,1,197,mushroom,1,Not at all
10267,R_7LBwVaXbBBxaaEo,b16,16,1,293,Triangular diamond,1,Not at all
10268,R_7LBwVaXbBBxaaEo,b19,19,1,361,coffee cup,1,Not at all
10269,R_7LBwVaXbBBxaaEo,b20,20,1,403,ice cream,1,Not at all
10270,R_7LBwVaXbBBxaaEo,b24,24,1,520,lowercase h,4,A lot
10271,R_7LBwVaXbBBxaaEo,b26,26,1,569,flag pole,5,Completely
10272,R_7LBwVaXbBBxaaEo,b27,27,1,579,belt buckle,1,Not at all
10273,R_7LBwVaXbBBxaaEo,b30,30,1,653,Boat,1,Not at all
10274,R_7LBwVaXbBBxaaEo,b30,30,2,668,key,2,A little
10275,R_7LBwVaXbBBxaaEo,b32,32,1,719,stick figure,1,Not at all
10276,R_7LBwVaXbBBxaaEo,b35,35,1,780,bow tie,1,Not at all
10277,R_7LBwVaXbBBxaaEo,b37,37,1,844,information icon,1,Not at all
10278,R_7LBwVaXbBBxaaEo,b40,40,1,919,Race track,1,Not at all
10279,R_7LBwVaXbBBxaaEo,b43,43,1,983,hospital sign,1,Not at all
10280,R_7LBwVaXbBBxaaEo,b43,43,2,1001,theta,1,Not at all
10281,R_7LBwVaXbBBxaaEo,b46,46,1,1078,hourglass,1,Not at all
10282,R_7LBwVaXbBBxaaEo,b46,46,2,1081,lamp,3,Moderately
10283,R_7LBwVaXbBBxaaEo,b47,47,1,1125,teapot,1,Not at all
10284,R_7LBwVaXbBBxaaEo,b48,48,1,1154,uppercase pi,1,Not at all
10285,R_7LBwVaXbBBxaaEo,b49,49,1,1156,arrow,1,Not at all
10286,R_7LBwVaXbBBxaaEo,b52,52,1,1229,pattern,1,Not at all
10287,R_7LBwVaXbBBxaaEo,b54,54,1,1263,Brush,1,Not at all
10288,R_7LBwVaXbBBxaaEo,b56,56,1,1301,circle,2,A little
10289,R_7LBwVaXbBBxaaEo,b56,56,2,1316,verified icon,1,Not at all
10290,R_7LO9ihC39pV5Cb6,b3,3,1,1390,handcuffs,3,Moderately
10291,R_7LO9ihC39pV5Cb6,b7,7,1,1426,wow,1,Not at all
10292,R_7LO9ihC39pV5Cb6,b13,13,1,1474,padlock,1,Not at all
10293,R_7LO9ihC39pV5Cb6,b15,15,1,1486,pennant flag,2,A little
10294,R_7LO9ihC39pV5Cb6,b17,17,1,1504,manta ray,2,A little
10295,R_7LO9ihC39pV5Cb6,b17,17,2,1505,flying saucer,1,Not at all
10296,R_7LO9ihC39pV5Cb6,b18,18,1,1514,Trumpet mouthpiece,4,A lot
10297,R_7LO9ihC39pV5Cb6,b19,19,1,1526,clothesline,1,Not at all
10298,R_7LO9ihC39pV5Cb6,b19,19,2,1531,Currency symbol,1,Not at all
10299,R_7LO9ihC39pV5Cb6,b21,21,1,1544,american football,1,Not at all
10300,R_7LO9ihC39pV5Cb6,b21,21,2,1553,2 circles,1,Not at all
10301,R_7LO9ihC39pV5Cb6,b23,23,1,1566,Swirl lollipop,5,Completely
10302,R_7LO9ihC39pV5Cb6,b28,28,1,1904,face with eyes,2,A little
10303,R_7LO9ihC39pV5Cb6,b29,29,1,1617,coat hook,1,Not at all
10304,R_7LO9ihC39pV5Cb6,b30,30,1,1641,Church window,1,Not at all
10305,R_7LO9ihC39pV5Cb6,b32,32,1,1654,mushroom anchor,2,A little
10306,R_7LO9ihC39pV5Cb6,b33,33,1,1665,Mushroom stem,2,A little
10307,R_7LO9ihC39pV5Cb6,b35,35,1,1676,owl,3,Moderately
10308,R_7LO9ihC39pV5Cb6,b36,36,1,1670,chickenfoot,5,Completely
10309,R_7LO9ihC39pV5Cb6,b36,36,2,1682,telephone pole,1,Not at all
10310,R_7LO9ihC39pV5Cb6,b39,39,1,1714,ice cream cone with three scoops,5,Completely
10311,R_7LO9ihC39pV5Cb6,b40,40,1,1718,shopping cart,1,Not at all
10312,R_7LO9ihC39pV5Cb6,b40,40,2,1721,rectangle,3,Moderately
10313,R_7LO9ihC39pV5Cb6,b44,44,1,1751,saxophone key,1,Not at all
10314,R_7LO9ihC39pV5Cb6,b48,48,1,1779,capital T,5,Completely
10315,R_7LO9ihC39pV5Cb6,b48,48,2,1784,Right angle,4,A lot
10316,R_7LO9ihC39pV5Cb6,b53,53,1,1824,snow globe,1,Not at all
10317,R_7LO9ihC39pV5Cb6,b55,55,1,1843,pushpin,4,A lot
10318,R_7LO9ihC39pV5Cb6,b56,56,1,1858,compass needle,4,A lot
10319,R_7LO9ihC39pV5Cb6,b56,56,2,1865,half k,3,Moderately
10320,R_7Lu8T99ee3tJcEF,b4,4,1,60,stingray,1,Not at all
10321,R_7Lu8T99ee3tJcEF,b5,5,1,84,woman,1,Not at all
10322,R_7Lu8T99ee3tJcEF,b7,7,1,110,rocket exhaust,2,A little
10323,R_7Lu8T99ee3tJcEF,b8,8,1,127,coat rack,2,A little
10324,R_7Lu8T99ee3tJcEF,b10,10,1,154,Numeral Three,2,A little
10325,R_7Lu8T99ee3tJcEF,b12,12,1,193,goblet,5,Completely
10326,R_7Lu8T99ee3tJcEF,b12,12,2,198,person,1,Not at all
10327,R_7Lu8T99ee3tJcEF,b13,13,1,210,cup,5,Completely
10328,R_7Lu8T99ee3tJcEF,b13,13,2,233,window,1,Not at all
10329,R_7Lu8T99ee3tJcEF,b16,16,1,294,trophy,3,Moderately
10330,R_7Lu8T99ee3tJcEF,b19,19,1,380,Steam,2,A little
10331,R_7Lu8T99ee3tJcEF,b21,21,1,445,magnifying glass,1,Not at all
10332,R_7Lu8T99ee3tJcEF,b22,22,1,467,magnifying glass,2,A little
10333,R_7Lu8T99ee3tJcEF,b23,23,1,490,Kite,1,Not at all
10334,R_7Lu8T99ee3tJcEF,b25,25,1,558,table,2,A little
10335,R_7Lu8T99ee3tJcEF,b26,26,1,567,Cone,2,A little
10336,R_7Lu8T99ee3tJcEF,b29,29,1,641,road,1,Not at all
10337,R_7Lu8T99ee3tJcEF,b39,39,1,886,love knot,2,A little
10338,R_7Lu8T99ee3tJcEF,b42,42,1,967,square,5,Completely
10339,R_7Lu8T99ee3tJcEF,b44,44,1,1008,bike,1,Not at all
10340,R_7Lu8T99ee3tJcEF,b45,45,1,1054,LG symbol,1,Not at all
10341,R_7Lu8T99ee3tJcEF,b46,46,1,1085,mushroom,4,A lot
10342,R_7Lu8T99ee3tJcEF,b47,47,1,1126,treble clef,1,Not at all
10343,R_7Lu8T99ee3tJcEF,b47,47,2,1128,Wings,1,Not at all
10344,R_7Lu8T99ee3tJcEF,b48,48,1,1148,square,1,Not at all
10345,R_7Lu8T99ee3tJcEF,b51,51,1,1218,wheelbarrow,2,A little
10346,R_7Lu8T99ee3tJcEF,b52,52,1,1232,signpost,3,Moderately
10347,R_7Lu8T99ee3tJcEF,b53,53,1,1254,sailboat,5,Completely
10348,R_7Lu8T99ee3tJcEF,b56,56,1,1302,clock,5,Completely
10349,R_7Lu8T99ee3tJcEF,b59,59,1,1355,bridge,1,Not at all
10350,R_7M5uRYPv4Vg0ESM,b2,2,1,17,zibracrossing,1,Not at all
10351,R_7M5uRYPv4Vg0ESM,b3,3,1,22,bra,3,Moderately
10352,R_7M5uRYPv4Vg0ESM,b4,4,1,56,music notes,3,Moderately
10353,R_7M5uRYPv4Vg0ESM,b5,5,1,81,two chairs,2,A little
10354,R_7M5uRYPv4Vg0ESM,b9,9,1,132,ant,3,Moderately
10355,R_7M5uRYPv4Vg0ESM,b13,13,1,212,dustpan,3,Moderately
10356,R_7M5uRYPv4Vg0ESM,b13,13,2,215,hammer,1,Not at all
10357,R_7M5uRYPv4Vg0ESM,b15,15,1,259,arrow,1,Not at all
10358,R_7M5uRYPv4Vg0ESM,b17,17,1,315,lantern,2,A little
10359,R_7M5uRYPv4Vg0ESM,b17,17,2,318,Paris,1,Not at all
10360,R_7M5uRYPv4Vg0ESM,b19,19,1,356,bee,1,Not at all
10361,R_7M5uRYPv4Vg0ESM,b21,21,1,420,beanie,1,Not at all
10362,R_7M5uRYPv4Vg0ESM,b23,23,1,490,Kite,2,A little
10363,R_7M5uRYPv4Vg0ESM,b27,27,1,586,door,5,Completely
10364,R_7M5uRYPv4Vg0ESM,b27,27,2,588,euro symbol,1,Not at all
10365,R_7M5uRYPv4Vg0ESM,b27,27,3,602,staple remover,1,Not at all
10366,R_7M5uRYPv4Vg0ESM,b31,31,1,682,birthday hat,1,Not at all
10367,R_7M5uRYPv4Vg0ESM,b32,32,1,707,Glass,5,Completely
10368,R_7M5uRYPv4Vg0ESM,b32,32,2,708,goblet,5,Completely
10369,R_7M5uRYPv4Vg0ESM,b32,32,3,721,teeball,2,A little
10370,R_7M5uRYPv4Vg0ESM,b34,34,1,758,bow tie,3,Moderately
10371,R_7M5uRYPv4Vg0ESM,b34,34,2,760,camcorder,1,Not at all
10372,R_7M5uRYPv4Vg0ESM,b34,34,3,774,Volcano,1,Not at all
10373,R_7M5uRYPv4Vg0ESM,b38,38,1,857,flower bouquet,3,Moderately
10374,R_7M5uRYPv4Vg0ESM,b39,39,1,884,Ice cream cone,5,Completely
10375,R_7M5uRYPv4Vg0ESM,b39,39,2,885,infinity symbol,1,Not at all
10376,R_7M5uRYPv4Vg0ESM,b39,39,3,888,person's torso,1,Not at all
10377,R_7M5uRYPv4Vg0ESM,b41,41,1,926,coffee cup,5,Completely
10378,R_7M5uRYPv4Vg0ESM,b46,46,1,1067,chalice,1,Not at all
10379,R_7M5uRYPv4Vg0ESM,b46,46,2,1077,heart,1,Not at all
10380,R_7MB9Yo2YBGt7FGF,b3,3,1,41,umbrella,1,Not at all
10381,R_7MB9Yo2YBGt7FGF,b5,5,1,81,two chairs,1,Not at all
10382,R_7MB9Yo2YBGt7FGF,b10,10,1,155,pitchfork,5,Completely
10383,R_7MB9Yo2YBGt7FGF,b11,11,1,176,milking stool,1,Not at all
10384,R_7MB9Yo2YBGt7FGF,b14,14,1,238,butterfly,1,Not at all
10385,R_7MB9Yo2YBGt7FGF,b15,15,1,266,hut,3,Moderately
10386,R_7MB9Yo2YBGt7FGF,b17,17,1,325,wine glass,1,Not at all
10387,R_7MB9Yo2YBGt7FGF,b18,18,1,339,Incomplete heart,1,Not at all
10388,R_7MB9Yo2YBGt7FGF,b21,21,1,446,bowler hat,1,Not at all
10389,R_7MB9Yo2YBGt7FGF,b23,23,1,490,Kite,1,Not at all
10390,R_7MB9Yo2YBGt7FGF,b23,23,2,496,staff,1,Not at all
10391,R_7MB9Yo2YBGt7FGF,b25,25,1,554,open box,1,Not at all
10392,R_7MB9Yo2YBGt7FGF,b30,30,1,662,fish,1,Not at all
10393,R_7MB9Yo2YBGt7FGF,b33,33,1,750,Stake,1,Not at all
10394,R_7MB9Yo2YBGt7FGF,b34,34,1,759,butterfly,1,Not at all
10395,R_7MB9Yo2YBGt7FGF,b37,37,1,828,bubble pipe,1,Not at all
10396,R_7MB9Yo2YBGt7FGF,b40,40,1,901,coffee mug,5,Completely
10397,R_7MB9Yo2YBGt7FGF,b41,41,1,955,turtle,1,Not at all
10398,R_7MB9Yo2YBGt7FGF,b42,42,1,967,square,2,A little
10399,R_7MB9Yo2YBGt7FGF,b43,43,1,1004,weather vane,1,Not at all
10400,R_7MB9Yo2YBGt7FGF,b46,46,1,1096,tuning fork,1,Not at all
10401,R_7MB9Yo2YBGt7FGF,b48,48,1,1135,hammer,2,A little
10402,R_7MB9Yo2YBGt7FGF,b48,48,2,1145,pedestal table,3,Moderately
10403,R_7MB9Yo2YBGt7FGF,b50,50,1,1186,martini glass,1,Not at all
10404,R_7MB9Yo2YBGt7FGF,b51,51,1,1217,weight balance,1,Not at all
10405,R_7MB9Yo2YBGt7FGF,b53,53,1,1240,aircraft,1,Not at all
10406,R_7MB9Yo2YBGt7FGF,b55,55,1,1284,coat rack,2,A little
10407,R_7MB9Yo2YBGt7FGF,b56,56,1,1297,arrow,1,Not at all
10408,R_7MB9Yo2YBGt7FGF,b59,59,1,1361,house,2,A little
10409,R_7MB9Yo2YBGt7FGF,b59,59,2,1365,ship sail,2,A little
10410,R_7MtzuZYbJ0HnMIj,b4,4,1,54,heart,1,Not at all
10411,R_7MtzuZYbJ0HnMIj,b11,11,1,179,stairs,1,Not at all
10412,R_7MtzuZYbJ0HnMIj,b12,12,1,188,circle,1,Not at all
10413,R_7MtzuZYbJ0HnMIj,b16,16,1,294,trophy,2,A little
10414,R_7MtzuZYbJ0HnMIj,b19,19,1,373,oval,2,A little
10415,R_7MtzuZYbJ0HnMIj,b20,20,1,403,ice cream,1,Not at all
10416,R_7MtzuZYbJ0HnMIj,b21,21,1,443,coffee mug,1,Not at all
10417,R_7MtzuZYbJ0HnMIj,b24,24,1,525,rake,1,Not at all
10418,R_7MtzuZYbJ0HnMIj,b25,25,1,553,number 7,1,Not at all
10419,R_7MtzuZYbJ0HnMIj,b27,27,1,587,door,5,Completely
10420,R_7MtzuZYbJ0HnMIj,b31,31,1,685,fish,2,A little
10421,R_7MtzuZYbJ0HnMIj,b31,31,2,694,stick person,3,Moderately
10422,R_7MtzuZYbJ0HnMIj,b32,32,1,705,door knocker,1,Not at all
10423,R_7MtzuZYbJ0HnMIj,b33,33,1,726,Antenna,1,Not at all
10424,R_7MtzuZYbJ0HnMIj,b33,33,2,727,bell,3,Moderately
10425,R_7MtzuZYbJ0HnMIj,b33,33,3,744,plunger,5,Completely
10426,R_7MtzuZYbJ0HnMIj,b33,33,4,745,pot lid,1,Not at all
10427,R_7MtzuZYbJ0HnMIj,b35,35,1,776,beak,1,Not at all
10428,R_7MtzuZYbJ0HnMIj,b39,39,1,880,glasses,1,Not at all
10429,R_7MtzuZYbJ0HnMIj,b39,39,2,887,owl,1,Not at all
10430,R_7MtzuZYbJ0HnMIj,b43,43,1,1002,unicycle,1,Not at all
10431,R_7MtzuZYbJ0HnMIj,b44,44,1,1023,keychain,1,Not at all
10432,R_7MtzuZYbJ0HnMIj,b44,44,2,1043,sword,1,Not at all
10433,R_7MtzuZYbJ0HnMIj,b51,51,1,1212,Square,2,A little
10434,R_7MtzuZYbJ0HnMIj,b53,53,1,1240,aircraft,1,Not at all
10435,R_7MtzuZYbJ0HnMIj,b55,55,1,1286,glass,5,Completely
10436,R_7MtzuZYbJ0HnMIj,b57,57,1,1322,heavy lift,1,Not at all
10437,R_7MtzuZYbJ0HnMIj,b59,59,1,1368,vortex,1,Not at all
10438,R_7MtzuZYbJ0HnMIj,b60,60,1,1371,cube,1,Not at all
10439,R_7MtzuZYbJ0HnMIj,b60,60,2,1374,house,3,Moderately
10440,R_7Naz7m5Sb67D0LC,b4,4,1,62,two ds,2,A little
10441,R_7Naz7m5Sb67D0LC,b12,12,1,184,buoy,3,Moderately
10442,R_7Naz7m5Sb67D0LC,b14,14,1,240,crab claw,1,Not at all
10443,R_7Naz7m5Sb67D0LC,b17,17,1,303,cupcake,1,Not at all
10444,R_7Naz7m5Sb67D0LC,b17,17,2,322,snowcone,5,Completely
10445,R_7Naz7m5Sb67D0LC,b19,19,1,362,computer mouse,5,Completely
10446,R_7Naz7m5Sb67D0LC,b19,19,2,365,fruit,1,Not at all
10447,R_7Naz7m5Sb67D0LC,b19,19,3,371,mechanical arm,1,Not at all
10448,R_7Naz7m5Sb67D0LC,b20,20,1,401,Hourglass,3,Moderately
10449,R_7Naz7m5Sb67D0LC,b21,21,1,427,Ear,1,Not at all
10450,R_7Naz7m5Sb67D0LC,b21,21,2,442,crystal ball,1,Not at all
10451,R_7Naz7m5Sb67D0LC,b22,22,1,455,dart,3,Moderately
10452,R_7Naz7m5Sb67D0LC,b22,22,2,478,stick figure,1,Not at all
10453,R_7Naz7m5Sb67D0LC,b23,23,1,481,ball string,2,A little
10454,R_7Naz7m5Sb67D0LC,b25,25,1,545,lamp,1,Not at all
10455,R_7Naz7m5Sb67D0LC,b25,25,2,555,pickaxe,1,Not at all
10456,R_7Naz7m5Sb67D0LC,b27,27,1,586,door,5,Completely
10457,R_7Naz7m5Sb67D0LC,b28,28,1,606,circle,1,Not at all
10458,R_7Naz7m5Sb67D0LC,b30,30,1,658,chair,1,Not at all
10459,R_7Naz7m5Sb67D0LC,b32,32,1,710,hammerhead shark,1,Not at all
10460,R_7Naz7m5Sb67D0LC,b34,34,1,771,Owl face,1,Not at all
10461,R_7Naz7m5Sb67D0LC,b35,35,1,796,tree,1,Not at all
10462,R_7Naz7m5Sb67D0LC,b41,41,1,956,Water Pitcher,4,A lot
10463,R_7Naz7m5Sb67D0LC,b46,46,1,1073,face,1,Not at all
10464,R_7Naz7m5Sb67D0LC,b49,49,1,1161,bull skull,1,Not at all
10465,R_7Naz7m5Sb67D0LC,b50,50,1,1184,human sketch,5,Completely
10466,R_7Naz7m5Sb67D0LC,b51,51,1,1218,wheelbarrow,1,Not at all
10467,R_7Naz7m5Sb67D0LC,b56,56,1,1301,circle,2,A little
10468,R_7Naz7m5Sb67D0LC,b58,58,1,1347,Radius,1,Not at all
10469,R_7Naz7m5Sb67D0LC,b59,59,1,1356,campfire,1,Not at all
10470,R_7Nxn15bItA7pOVN,b3,3,1,1391,Handlebar mustache,1,Not at all
10471,R_7Nxn15bItA7pOVN,b3,3,2,1393,two cherries,2,A little
10472,R_7Nxn15bItA7pOVN,b3,3,3,1395,playing spade,1,Not at all
10473,R_7Nxn15bItA7pOVN,b4,4,1,1404,TIE fighter,1,Not at all
10474,R_7Nxn15bItA7pOVN,b7,7,1,1420,christmas tree,3,Moderately
10475,R_7Nxn15bItA7pOVN,b15,15,1,1484,hexagon,1,Not at all
10476,R_7Nxn15bItA7pOVN,b16,16,1,1500,bookmark,2,A little
10477,R_7Nxn15bItA7pOVN,b20,20,1,1538,person icon,5,Completely
10478,R_7Nxn15bItA7pOVN,b21,21,1,1547,overturned cup,3,Moderately
10479,R_7Nxn15bItA7pOVN,b24,24,1,1571,jib crane,1,Not at all
10480,R_7Nxn15bItA7pOVN,b26,26,1,1586,signpost,4,A lot
10481,R_7Nxn15bItA7pOVN,b26,26,2,1589,pennant flag,4,A lot
10482,R_7Nxn15bItA7pOVN,b26,26,3,1595,Flagpole arrow,5,Completely
10483,R_7Nxn15bItA7pOVN,b29,29,1,1628,hard drive,2,A little
10484,R_7Nxn15bItA7pOVN,b32,32,1,1906,table lamp,3,Moderately
10485,R_7Nxn15bItA7pOVN,b34,34,1,1675,bowbow,5,Completely
10486,R_7Nxn15bItA7pOVN,b37,37,1,1693,club symbol,2,A little
10487,R_7Nxn15bItA7pOVN,b40,40,1,1717,table frame,1,Not at all
10488,R_7Nxn15bItA7pOVN,b40,40,2,1718,shopping cart,1,Not at all
10489,R_7Nxn15bItA7pOVN,b40,40,3,1720,EP,2,A little
10490,R_7Nxn15bItA7pOVN,b46,46,1,1769,Playing spade,1,Not at all
10491,R_7Nxn15bItA7pOVN,b46,46,2,1770,Figure eight,1,Not at all
10492,R_7Nxn15bItA7pOVN,b48,48,1,1781,sledge hammer,3,Moderately
10493,R_7Nxn15bItA7pOVN,b49,49,1,1789,spade,2,A little
10494,R_7Nxn15bItA7pOVN,b50,50,1,1797,radio tower,1,Not at all
10495,R_7Nxn15bItA7pOVN,b54,54,1,1832,treble clef,4,A lot
10496,R_7Nxn15bItA7pOVN,b55,55,1,1845,anchor spear,1,Not at all
10497,R_7Nxn15bItA7pOVN,b55,55,2,1846,christmas tree,1,Not at all
10498,R_7Nxn15bItA7pOVN,b57,57,1,1873,windmill blades,3,Moderately
10499,R_7Nxn15bItA7pOVN,b57,57,2,1875,window pane,1,Not at all
10500,R_7OUlp3pSLUpWuWn,b3,3,1,22,bra,3,Moderately
10501,R_7OUlp3pSLUpWuWn,b4,4,1,47,butterfly,1,Not at all
10502,R_7OUlp3pSLUpWuWn,b5,5,1,65,belly button,1,Not at all
10503,R_7OUlp3pSLUpWuWn,b11,11,1,163,broom,2,A little
10504,R_7OUlp3pSLUpWuWn,b17,17,1,302,cone,4,A lot
10505,R_7OUlp3pSLUpWuWn,b18,18,1,327,butterfly,1,Not at all
10506,R_7OUlp3pSLUpWuWn,b18,18,2,329,cone,4,A lot
10507,R_7OUlp3pSLUpWuWn,b18,18,3,332,flag,1,Not at all
10508,R_7OUlp3pSLUpWuWn,b18,18,4,335,harp,1,Not at all
10509,R_7OUlp3pSLUpWuWn,b21,21,1,435,statue,2,A little
10510,R_7OUlp3pSLUpWuWn,b25,25,1,539,chair,4,A lot
10511,R_7OUlp3pSLUpWuWn,b25,25,2,540,crane,1,Not at all
10512,R_7OUlp3pSLUpWuWn,b31,31,1,682,birthday hat,1,Not at all
10513,R_7OUlp3pSLUpWuWn,b33,33,1,743,planted sapling,3,Moderately
10514,R_7OUlp3pSLUpWuWn,b35,35,1,790,heart,1,Not at all
10515,R_7OUlp3pSLUpWuWn,b36,36,1,804,fork,3,Moderately
10516,R_7OUlp3pSLUpWuWn,b37,37,1,833,club suit,4,A lot
10517,R_7OUlp3pSLUpWuWn,b37,37,2,843,Hammer,1,Not at all
10518,R_7OUlp3pSLUpWuWn,b39,39,1,880,glasses,1,Not at all
10519,R_7OUlp3pSLUpWuWn,b40,40,1,902,cup,5,Completely
10520,R_7OUlp3pSLUpWuWn,b41,41,1,956,Water Pitcher,3,Moderately
10521,R_7OUlp3pSLUpWuWn,b42,42,1,959,grid,3,Moderately
10522,R_7OUlp3pSLUpWuWn,b44,44,1,1015,Elephant ears,1,Not at all
10523,R_7OUlp3pSLUpWuWn,b44,44,2,1031,pitchfork,1,Not at all
10524,R_7OUlp3pSLUpWuWn,b49,49,1,1160,bird head,1,Not at all
10525,R_7OUlp3pSLUpWuWn,b49,49,2,1174,Triangle,1,Not at all
10526,R_7OUlp3pSLUpWuWn,b51,51,1,1207,present,1,Not at all
10527,R_7OUlp3pSLUpWuWn,b56,56,1,1305,eye,1,Not at all
10528,R_7OUlp3pSLUpWuWn,b57,57,1,1327,scissors,1,Not at all
10529,R_7OUlp3pSLUpWuWn,b60,60,1,1378,television,1,Not at all
10530,R_7OW7Z2RfPW5cZ1q,b1,1,1,6,two squares,1,Not at all
10531,R_7OW7Z2RfPW5cZ1q,b5,5,1,79,scissors,1,Not at all
10532,R_7OW7Z2RfPW5cZ1q,b6,6,1,99,infinity sign,1,Not at all
10533,R_7OW7Z2RfPW5cZ1q,b10,10,1,158,square,1,Not at all
10534,R_7OW7Z2RfPW5cZ1q,b12,12,1,183,bridge,1,Not at all
10535,R_7OW7Z2RfPW5cZ1q,b16,16,1,286,magnifying glass,1,Not at all
10536,R_7OW7Z2RfPW5cZ1q,b20,20,1,391,Boat,1,Not at all
10537,R_7OW7Z2RfPW5cZ1q,b22,22,1,467,magnifying glass,3,Moderately
10538,R_7OW7Z2RfPW5cZ1q,b25,25,1,542,flagpole,1,Not at all
10539,R_7OW7Z2RfPW5cZ1q,b26,26,1,573,pickaxe,4,A lot
10540,R_7OW7Z2RfPW5cZ1q,b27,27,1,592,handle,2,A little
10541,R_7OW7Z2RfPW5cZ1q,b30,30,1,666,helicopter,2,A little
10542,R_7OW7Z2RfPW5cZ1q,b31,31,1,691,snowman,1,Not at all
10543,R_7OW7Z2RfPW5cZ1q,b34,34,1,761,diving mask,2,A little
10544,R_7OW7Z2RfPW5cZ1q,b35,35,1,791,nose/eyes,3,Moderately
10545,R_7OW7Z2RfPW5cZ1q,b36,36,1,818,triangle,1,Not at all
10546,R_7OW7Z2RfPW5cZ1q,b37,37,1,836,dumbbell,1,Not at all
10547,R_7OW7Z2RfPW5cZ1q,b40,40,1,916,pitcher,5,Completely
10548,R_7OW7Z2RfPW5cZ1q,b44,44,1,1023,keychain,2,A little
10549,R_7OW7Z2RfPW5cZ1q,b44,44,2,1039,Stringray,2,A little
10550,R_7OW7Z2RfPW5cZ1q,b44,44,3,1044,tadpole,2,A little
10551,R_7OW7Z2RfPW5cZ1q,b47,47,1,1119,Pill,1,Not at all
10552,R_7OW7Z2RfPW5cZ1q,b49,49,1,1168,M triangle,3,Moderately
10553,R_7OW7Z2RfPW5cZ1q,b50,50,1,1186,martini glass,1,Not at all
10554,R_7OW7Z2RfPW5cZ1q,b51,51,1,1199,figure,1,Not at all
10555,R_7OW7Z2RfPW5cZ1q,b52,52,1,1238,triangle,1,Not at all
10556,R_7OW7Z2RfPW5cZ1q,b55,55,1,1294,wine glass,4,A lot
10557,R_7OW7Z2RfPW5cZ1q,b57,57,1,1318,concave quadrilateral,3,Moderately
10558,R_7OW7Z2RfPW5cZ1q,b58,58,1,1341,fishing hook,2,A little
10559,R_7OW7Z2RfPW5cZ1q,b60,60,1,1375,hut,4,A lot
10560,R_7OayS1vBa8eJBap,b3,3,1,27,cup,1,Not at all
10561,R_7OayS1vBa8eJBap,b3,3,2,37,poll,1,Not at all
10562,R_7OayS1vBa8eJBap,b11,11,1,170,dining chair,3,Moderately
10563,R_7OayS1vBa8eJBap,b12,12,1,187,church bell,2,A little
10564,R_7OayS1vBa8eJBap,b13,13,1,221,mortar & pestle,1,Not at all
10565,R_7OayS1vBa8eJBap,b15,15,1,268,pentagon,5,Completely
10566,R_7OayS1vBa8eJBap,b16,16,1,288,pizza slice,1,Not at all
10567,R_7OayS1vBa8eJBap,b16,16,2,295,Volcano,1,Not at all
10568,R_7OayS1vBa8eJBap,b18,18,1,341,magnifying glass,1,Not at all
10569,R_7OayS1vBa8eJBap,b19,19,1,377,Sd,3,Moderately
10570,R_7OayS1vBa8eJBap,b21,21,1,442,crystal ball,1,Not at all
10571,R_7OayS1vBa8eJBap,b22,22,1,464,Icecream cone,1,Not at all
10572,R_7OayS1vBa8eJBap,b24,24,1,507,coat hook,3,Moderately
10573,R_7OayS1vBa8eJBap,b27,27,1,577,barcode,2,A little
10574,R_7OayS1vBa8eJBap,b29,29,1,636,keyhole,2,A little
10575,R_7OayS1vBa8eJBap,b30,30,1,677,window,1,Not at all
10576,R_7OayS1vBa8eJBap,b33,33,1,749,spade,1,Not at all
10577,R_7OayS1vBa8eJBap,b37,37,1,850,stick figure,2,A little
10578,R_7OayS1vBa8eJBap,b40,40,1,894,balcony,1,Not at all
10579,R_7OayS1vBa8eJBap,b42,42,1,962,ladder,1,Not at all
10580,R_7OayS1vBa8eJBap,b43,43,1,1005,yo-yo,4,A lot
10581,R_7OayS1vBa8eJBap,b44,44,1,1043,sword,1,Not at all
10582,R_7OayS1vBa8eJBap,b45,45,1,1060,power button,3,Moderately
10583,R_7OayS1vBa8eJBap,b52,52,1,1224,letter E,1,Not at all
10584,R_7OayS1vBa8eJBap,b54,54,1,1268,flag,2,A little
10585,R_7OayS1vBa8eJBap,b56,56,1,1314,sliced pie,5,Completely
10586,R_7OayS1vBa8eJBap,b57,57,1,1328,Small Peaks,1,Not at all
10587,R_7OayS1vBa8eJBap,b57,57,2,1332,tape dispenser,1,Not at all
10588,R_7OayS1vBa8eJBap,b57,57,3,1337,zipper,1,Not at all
10589,R_7OayS1vBa8eJBap,b58,58,1,1346,pipe wrench,2,A little
10590,R_7PQEIH4MZJDHZst,b3,3,1,29,dried,1,Not at all
10591,R_7PQEIH4MZJDHZst,b3,3,2,42,wine glass,1,Not at all
10592,R_7PQEIH4MZJDHZst,b6,6,1,90,bra,2,A little
10593,R_7PQEIH4MZJDHZst,b11,11,1,175,interval graph,2,A little
10594,R_7PQEIH4MZJDHZst,b12,12,1,203,swimming,1,Not at all
10595,R_7PQEIH4MZJDHZst,b17,17,1,301,chalice,2,A little
10596,R_7PQEIH4MZJDHZst,b18,18,1,332,flag,1,Not at all
10597,R_7PQEIH4MZJDHZst,b20,20,1,412,ring,2,A little
10598,R_7PQEIH4MZJDHZst,b21,21,1,431,person,3,Moderately
10599,R_7PQEIH4MZJDHZst,b22,22,1,459,fish,1,Not at all
10600,R_7PQEIH4MZJDHZst,b22,22,2,461,goggles,2,A little
10601,R_7PQEIH4MZJDHZst,b23,23,1,482,balloon,3,Moderately
10602,R_7PQEIH4MZJDHZst,b24,24,1,522,Pie symbol,2,A little
10603,R_7PQEIH4MZJDHZst,b27,27,1,583,candy bar,2,A little
10604,R_7PQEIH4MZJDHZst,b27,27,2,593,ladder,1,Not at all
10605,R_7PQEIH4MZJDHZst,b28,28,1,604,bucket,1,Not at all
10606,R_7PQEIH4MZJDHZst,b31,31,1,685,fish,2,A little
10607,R_7PQEIH4MZJDHZst,b33,33,1,728,car,1,Not at all
10608,R_7PQEIH4MZJDHZst,b36,36,1,797,anchor,2,A little
10609,R_7PQEIH4MZJDHZst,b38,38,1,866,smiley face,1,Not at all
10610,R_7PQEIH4MZJDHZst,b40,40,1,917,point right,2,A little
10611,R_7PQEIH4MZJDHZst,b43,43,1,998,stethoscope,1,Not at all
10612,R_7PQEIH4MZJDHZst,b44,44,1,1019,heart,1,Not at all
10613,R_7PQEIH4MZJDHZst,b44,44,2,1028,musical note,2,A little
10614,R_7PQEIH4MZJDHZst,b47,47,1,1105,c clamp,2,A little
10615,R_7PQEIH4MZJDHZst,b50,50,1,1182,Female Logo,5,Completely
10616,R_7PQEIH4MZJDHZst,b54,54,1,1269,gas pump,1,Not at all
10617,R_7PQEIH4MZJDHZst,b56,56,1,1297,arrow,1,Not at all
10618,R_7PQEIH4MZJDHZst,b57,57,1,1321,hashtag,1,Not at all
10619,R_7PQEIH4MZJDHZst,b60,60,1,1372,diamond,1,Not at all
10620,R_7Q0gwqZILFwG5Gv,b3,3,1,25,cherry,1,Not at all
10621,R_7Q0gwqZILFwG5Gv,b3,3,2,29,dried,1,Not at all
10622,R_7Q0gwqZILFwG5Gv,b7,7,1,107,arrow,5,Completely
10623,R_7Q0gwqZILFwG5Gv,b10,10,1,148,Forklift Icon,3,Moderately
10624,R_7Q0gwqZILFwG5Gv,b10,10,2,160,Trident,5,Completely
10625,R_7Q0gwqZILFwG5Gv,b11,11,1,176,milking stool,1,Not at all
10626,R_7Q0gwqZILFwG5Gv,b18,18,1,351,speech bubble,3,Moderately
10627,R_7Q0gwqZILFwG5Gv,b24,24,1,505,Baketball hoop,1,Not at all
10628,R_7Q0gwqZILFwG5Gv,b24,24,2,511,flag,1,Not at all
10629,R_7Q0gwqZILFwG5Gv,b25,25,1,537,broken hurdle,3,Moderately
10630,R_7Q0gwqZILFwG5Gv,b25,25,2,554,open box,1,Not at all
10631,R_7Q0gwqZILFwG5Gv,b29,29,1,625,boat,1,Not at all
10632,R_7Q0gwqZILFwG5Gv,b29,29,2,635,House,1,Not at all
10633,R_7Q0gwqZILFwG5Gv,b29,29,3,640,power button,1,Not at all
10634,R_7Q0gwqZILFwG5Gv,b34,34,1,765,hourglass,1,Not at all
10635,R_7Q0gwqZILFwG5Gv,b35,35,1,793,party hat,4,A lot
10636,R_7Q0gwqZILFwG5Gv,b41,41,1,926,coffee cup,5,Completely
10637,R_7Q0gwqZILFwG5Gv,b43,43,1,979,dollar sign,3,Moderately
10638,R_7Q0gwqZILFwG5Gv,b44,44,1,1008,bike,1,Not at all
10639,R_7Q0gwqZILFwG5Gv,b44,44,2,1010,butterfly,1,Not at all
10640,R_7Q0gwqZILFwG5Gv,b44,44,3,1026,lollipop,1,Not at all
10641,R_7Q0gwqZILFwG5Gv,b44,44,4,1038,snake,2,A little
10642,R_7Q0gwqZILFwG5Gv,b46,46,1,1090,port,1,Not at all
10643,R_7Q0gwqZILFwG5Gv,b50,50,1,1186,martini glass,1,Not at all
10644,R_7Q0gwqZILFwG5Gv,b51,51,1,1204,medal,4,A lot
10645,R_7Q0gwqZILFwG5Gv,b51,51,2,1213,television,4,A lot
10646,R_7Q0gwqZILFwG5Gv,b52,52,1,1234,star,1,Not at all
10647,R_7Q0gwqZILFwG5Gv,b56,56,1,1304,down arrow,1,Not at all
10648,R_7Q0gwqZILFwG5Gv,b56,56,2,1313,sign,1,Not at all
10649,R_7Q0gwqZILFwG5Gv,b57,57,1,1333,tie,1,Not at all
10650,R_7QQfUIAFGhGPrds,b1,1,1,3,stacked H's,1,Not at all
10651,R_7QQfUIAFGhGPrds,b2,2,1,10,ladder,4,A lot
10652,R_7QQfUIAFGhGPrds,b3,3,1,32,fancy binoculars,2,A little
10653,R_7QQfUIAFGhGPrds,b8,8,1,124,butterfly,3,Moderately
10654,R_7QQfUIAFGhGPrds,b9,9,1,142,owl,1,Not at all
10655,R_7QQfUIAFGhGPrds,b10,10,1,146,cyrillic letter,1,Not at all
10656,R_7QQfUIAFGhGPrds,b13,13,1,217,letter T,1,Not at all
10657,R_7QQfUIAFGhGPrds,b19,19,1,367,hanger,3,Moderately
10658,R_7QQfUIAFGhGPrds,b19,19,2,385,USD symbol,1,Not at all
10659,R_7QQfUIAFGhGPrds,b20,20,1,397,golf ball,1,Not at all
10660,R_7QQfUIAFGhGPrds,b23,23,1,489,keyhole,1,Not at all
10661,R_7QQfUIAFGhGPrds,b25,25,1,559,triangle,1,Not at all
10662,R_7QQfUIAFGhGPrds,b29,29,1,629,crane,1,Not at all
10663,R_7QQfUIAFGhGPrds,b29,29,2,642,shovel,2,A little
10664,R_7QQfUIAFGhGPrds,b32,32,1,708,goblet,4,A lot
10665,R_7QQfUIAFGhGPrds,b33,33,1,745,pot lid,1,Not at all
10666,R_7QQfUIAFGhGPrds,b35,35,1,778,bicycle,1,Not at all
10667,R_7QQfUIAFGhGPrds,b35,35,2,786,face,2,A little
10668,R_7QQfUIAFGhGPrds,b36,36,1,813,slingshot handle,1,Not at all
10669,R_7QQfUIAFGhGPrds,b39,39,1,876,dragon fly,1,Not at all
10670,R_7QQfUIAFGhGPrds,b41,41,1,945,pipe clamp,1,Not at all
10671,R_7QQfUIAFGhGPrds,b41,41,2,948,pregnancy,1,Not at all
10672,R_7QQfUIAFGhGPrds,b43,43,1,983,hospital sign,1,Not at all
10673,R_7QQfUIAFGhGPrds,b43,43,2,992,royal scepter,1,Not at all
10674,R_7QQfUIAFGhGPrds,b43,43,3,993,saxophone,1,Not at all
10675,R_7QQfUIAFGhGPrds,b45,45,1,1060,power button,3,Moderately
10676,R_7QQfUIAFGhGPrds,b51,51,1,1206,plant,1,Not at all
10677,R_7QQfUIAFGhGPrds,b52,52,1,1226,letter T,1,Not at all
10678,R_7QQfUIAFGhGPrds,b54,54,1,1278,wrench,1,Not at all
10679,R_7QQfUIAFGhGPrds,b57,57,1,1320,Electric symbol,1,Not at all
10680,R_7QhReSeb3h3tAIE,b4,4,1,51,glasses,1,Not at all
10681,R_7QhReSeb3h3tAIE,b5,5,1,66,bra,2,A little
10682,R_7QhReSeb3h3tAIE,b6,6,1,94,goal post,1,Not at all
10683,R_7QhReSeb3h3tAIE,b6,6,2,99,infinity sign,1,Not at all
10684,R_7QhReSeb3h3tAIE,b8,8,1,131,winged sceptor,1,Not at all
10685,R_7QhReSeb3h3tAIE,b13,13,1,232,upended umbrella,1,Not at all
10686,R_7QhReSeb3h3tAIE,b14,14,1,239,car,1,Not at all
10687,R_7QhReSeb3h3tAIE,b14,14,2,248,horseshoe,1,Not at all
10688,R_7QhReSeb3h3tAIE,b18,18,1,351,speech bubble,2,A little
10689,R_7QhReSeb3h3tAIE,b20,20,1,389,balloon animal,2,A little
10690,R_7QhReSeb3h3tAIE,b20,20,2,390,bird,1,Not at all
10691,R_7QhReSeb3h3tAIE,b20,20,3,410,propeller hat,1,Not at all
10692,R_7QhReSeb3h3tAIE,b22,22,1,473,power button,3,Moderately
10693,R_7QhReSeb3h3tAIE,b29,29,1,630,door hinge,2,A little
10694,R_7QhReSeb3h3tAIE,b29,29,2,637,ladder,1,Not at all
10695,R_7QhReSeb3h3tAIE,b31,31,1,698,umbrella,1,Not at all
10696,R_7QhReSeb3h3tAIE,b33,33,1,750,Stake,1,Not at all
10697,R_7QhReSeb3h3tAIE,b34,34,1,768,infinity symbol,3,Moderately
10698,R_7QhReSeb3h3tAIE,b36,36,1,811,rake,3,Moderately
10699,R_7QhReSeb3h3tAIE,b38,38,1,857,flower bouquet,2,A little
10700,R_7QhReSeb3h3tAIE,b38,38,2,858,fruit basket,2,A little
10701,R_7QhReSeb3h3tAIE,b39,39,1,874,butterfly,1,Not at all
10702,R_7QhReSeb3h3tAIE,b39,39,2,878,football player,1,Not at all
10703,R_7QhReSeb3h3tAIE,b39,39,3,889,pulley,1,Not at all
10704,R_7QhReSeb3h3tAIE,b44,44,1,1027,magnifying glass,1,Not at all
10705,R_7QhReSeb3h3tAIE,b44,44,2,1037,smoking pipe,1,Not at all
10706,R_7QhReSeb3h3tAIE,b51,51,1,1212,Square,3,Moderately
10707,R_7QhReSeb3h3tAIE,b53,53,1,1241,arrow,1,Not at all
10708,R_7QhReSeb3h3tAIE,b56,56,1,1296,arm,1,Not at all
10709,R_7QhReSeb3h3tAIE,b56,56,2,1310,Potato,1,Not at all
10710,R_7QmMpgKGJEDYCyk,b11,11,1,166,bug,1,Not at all
10711,R_7QmMpgKGJEDYCyk,b12,12,1,196,magnifying glass,1,Not at all
10712,R_7QmMpgKGJEDYCyk,b13,13,1,212,dustpan,1,Not at all
10713,R_7QmMpgKGJEDYCyk,b15,15,1,261,cat,1,Not at all
10714,R_7QmMpgKGJEDYCyk,b16,16,1,296,whale tail,1,Not at all
10715,R_7QmMpgKGJEDYCyk,b17,17,1,310,heart,1,Not at all
10716,R_7QmMpgKGJEDYCyk,b20,20,1,391,Boat,1,Not at all
10717,R_7QmMpgKGJEDYCyk,b20,20,2,393,crystal ball,2,A little
10718,R_7QmMpgKGJEDYCyk,b20,20,3,415,speech bubble,1,Not at all
10719,R_7QmMpgKGJEDYCyk,b21,21,1,425,Crane,1,Not at all
10720,R_7QmMpgKGJEDYCyk,b21,21,2,445,magnifying glass,1,Not at all
10721,R_7QmMpgKGJEDYCyk,b22,22,1,467,magnifying glass,1,Not at all
10722,R_7QmMpgKGJEDYCyk,b23,23,1,496,staff,1,Not at all
10723,R_7QmMpgKGJEDYCyk,b28,28,1,618,ribbon,1,Not at all
10724,R_7QmMpgKGJEDYCyk,b30,30,1,651,bed,1,Not at all
10725,R_7QmMpgKGJEDYCyk,b36,36,1,821,volcano,1,Not at all
10726,R_7QmMpgKGJEDYCyk,b40,40,1,913,mug,4,A lot
10727,R_7QmMpgKGJEDYCyk,b41,41,1,943,paper clip,1,Not at all
10728,R_7QmMpgKGJEDYCyk,b41,41,2,955,turtle,1,Not at all
10729,R_7QmMpgKGJEDYCyk,b43,43,1,987,Oval pile,1,Not at all
10730,R_7QmMpgKGJEDYCyk,b43,43,2,996,snake donut,1,Not at all
10731,R_7QmMpgKGJEDYCyk,b44,44,1,1028,musical note,1,Not at all
10732,R_7QmMpgKGJEDYCyk,b44,44,2,1039,Stringray,2,A little
10733,R_7QmMpgKGJEDYCyk,b45,45,1,1045,balloon,1,Not at all
10734,R_7QmMpgKGJEDYCyk,b47,47,1,1110,dog shape,1,Not at all
10735,R_7QmMpgKGJEDYCyk,b47,47,2,1128,Wings,1,Not at all
10736,R_7QmMpgKGJEDYCyk,b49,49,1,1167,love,2,A little
10737,R_7QmMpgKGJEDYCyk,b50,50,1,1191,stick figure,4,A lot
10738,R_7QmMpgKGJEDYCyk,b53,53,1,1243,Boat,4,A lot
10739,R_7QmMpgKGJEDYCyk,b60,60,1,1373,envelope,2,A little
10740,R_7R2zZiF9PpiMD3K,b2,2,1,17,zibracrossing,2,A little
10741,R_7R2zZiF9PpiMD3K,b10,10,1,153,letter A,1,Not at all
10742,R_7R2zZiF9PpiMD3K,b10,10,2,159,Tree,1,Not at all
10743,R_7R2zZiF9PpiMD3K,b13,13,1,228,stapler,1,Not at all
10744,R_7R2zZiF9PpiMD3K,b13,13,2,231,umbrella,1,Not at all
10745,R_7R2zZiF9PpiMD3K,b15,15,1,270,shield,2,A little
10746,R_7R2zZiF9PpiMD3K,b19,19,1,379,start line,1,Not at all
10747,R_7R2zZiF9PpiMD3K,b21,21,1,426,cup,1,Not at all
10748,R_7R2zZiF9PpiMD3K,b22,22,1,479,triangle circle,1,Not at all
10749,R_7R2zZiF9PpiMD3K,b23,23,1,492,magnifying glass,1,Not at all
10750,R_7R2zZiF9PpiMD3K,b25,25,1,541,Fallen tree,1,Not at all
10751,R_7R2zZiF9PpiMD3K,b25,25,2,545,lamp,1,Not at all
10752,R_7R2zZiF9PpiMD3K,b29,29,1,625,boat,1,Not at all
10753,R_7R2zZiF9PpiMD3K,b31,31,1,689,person,2,A little
10754,R_7R2zZiF9PpiMD3K,b32,32,1,704,coat hook,1,Not at all
10755,R_7R2zZiF9PpiMD3K,b34,34,1,761,diving mask,1,Not at all
10756,R_7R2zZiF9PpiMD3K,b34,34,2,770,movie projector,1,Not at all
10757,R_7R2zZiF9PpiMD3K,b40,40,1,894,balcony,1,Not at all
10758,R_7R2zZiF9PpiMD3K,b42,42,1,970,two boxes,1,Not at all
10759,R_7R2zZiF9PpiMD3K,b43,43,1,976,cartoon bomb,2,A little
10760,R_7R2zZiF9PpiMD3K,b44,44,1,1018,head,1,Not at all
10761,R_7R2zZiF9PpiMD3K,b44,44,2,1019,heart,1,Not at all
10762,R_7R2zZiF9PpiMD3K,b46,46,1,1063,arch,1,Not at all
10763,R_7R2zZiF9PpiMD3K,b48,48,1,1143,letter Y,1,Not at all
10764,R_7R2zZiF9PpiMD3K,b51,51,1,1215,TV,5,Completely
10765,R_7R2zZiF9PpiMD3K,b53,53,1,1249,lightening bolt,1,Not at all
10766,R_7R2zZiF9PpiMD3K,b54,54,1,1261,Basketball hoop,1,Not at all
10767,R_7R2zZiF9PpiMD3K,b54,54,2,1263,Brush,1,Not at all
10768,R_7R2zZiF9PpiMD3K,b56,56,1,1309,pie chart,1,Not at all
10769,R_7R2zZiF9PpiMD3K,b58,58,1,1344,Motor Boat,1,Not at all
10770,R_7RdTmEHd54wSx69,b1,1,1,2,ladder,5,Completely
10771,R_7RdTmEHd54wSx69,b6,6,1,97,hourglass,1,Not at all
10772,R_7RdTmEHd54wSx69,b8,8,1,122,bow tie,2,A little
10773,R_7RdTmEHd54wSx69,b8,8,2,125,caduceus staff,1,Not at all
10774,R_7RdTmEHd54wSx69,b8,8,3,128,diamond,1,Not at all
10775,R_7RdTmEHd54wSx69,b10,10,1,152,key,1,Not at all
10776,R_7RdTmEHd54wSx69,b13,13,1,222,Mushroom,1,Not at all
10777,R_7RdTmEHd54wSx69,b14,14,1,248,horseshoe,1,Not at all
10778,R_7RdTmEHd54wSx69,b17,17,1,301,chalice,1,Not at all
10779,R_7RdTmEHd54wSx69,b20,20,1,402,Human Profile,5,Completely
10780,R_7RdTmEHd54wSx69,b22,22,1,459,fish,2,A little
10781,R_7RdTmEHd54wSx69,b23,23,1,487,flower,2,A little
10782,R_7RdTmEHd54wSx69,b23,23,2,501,weathervane,1,Not at all
10783,R_7RdTmEHd54wSx69,b30,30,1,662,fish,2,A little
10784,R_7RdTmEHd54wSx69,b30,30,2,666,helicopter,1,Not at all
10785,R_7RdTmEHd54wSx69,b33,33,1,733,golf club,1,Not at all
10786,R_7RdTmEHd54wSx69,b34,34,1,773,spade,1,Not at all
10787,R_7RdTmEHd54wSx69,b36,36,1,800,broadcast tower,2,A little
10788,R_7RdTmEHd54wSx69,b37,37,1,839,flower,1,Not at all
10789,R_7RdTmEHd54wSx69,b38,38,1,858,fruit basket,1,Not at all
10790,R_7RdTmEHd54wSx69,b40,40,1,918,pouch,1,Not at all
10791,R_7RdTmEHd54wSx69,b41,41,1,937,letter R,1,Not at all
10792,R_7RdTmEHd54wSx69,b41,41,2,944,paperclip holder,3,Moderately
10793,R_7RdTmEHd54wSx69,b43,43,1,988,pendulum,2,A little
10794,R_7RdTmEHd54wSx69,b46,46,1,1070,circle square,1,Not at all
10795,R_7RdTmEHd54wSx69,b48,48,1,1144,line graph,1,Not at all
10796,R_7RdTmEHd54wSx69,b49,49,1,1164,evil face,1,Not at all
10797,R_7RdTmEHd54wSx69,b54,54,1,1265,coat hook,1,Not at all
10798,R_7RdTmEHd54wSx69,b55,55,1,1292,Tree,1,Not at all
10799,R_7RdTmEHd54wSx69,b56,56,1,1308,peace sign,1,Not at all
10800,R_7Rr6lMaVmcFbu9U,b1,1,1,2,ladder section,5,Completely
10801,R_7Rr6lMaVmcFbu9U,b3,3,1,6,eyeglasses bridge,1,Not at all
10802,R_7Rr6lMaVmcFbu9U,b5,5,1,10,greek beta,3,Moderately
10803,R_7Rr6lMaVmcFbu9U,b6,6,1,13,round glasses,3,Moderately
10804,R_7Rr6lMaVmcFbu9U,b6,6,2,14,horse blinders,1,Not at all
10805,R_7Rr6lMaVmcFbu9U,b6,6,3,15,sunglasses,3,Moderately
10806,R_7Rr6lMaVmcFbu9U,b7,7,1,20,double‑headed arrow,5,Completely
10807,R_7Rr6lMaVmcFbu9U,b8,8,1,22,scarab beetle,2,A little
10808,R_7Rr6lMaVmcFbu9U,b9,9,1,26,stone archway,1,Not at all
10809,R_7Rr6lMaVmcFbu9U,b12,12,1,36,martini glass,5,Completely
10810,R_7Rr6lMaVmcFbu9U,b12,12,2,39,flagpole,1,Not at all
10811,R_7Rr6lMaVmcFbu9U,b13,13,1,40,watering can,1,Not at all
10812,R_7Rr6lMaVmcFbu9U,b14,14,1,43,scoop handle,1,Not at all
10813,R_7Rr6lMaVmcFbu9U,b15,15,1,44,hourglass,1,Not at all
10814,R_7Rr6lMaVmcFbu9U,b17,17,1,51,teardrop,1,Not at all
10815,R_7Rr6lMaVmcFbu9U,b19,19,1,55,violin scroll,1,Not at all
10816,R_7Rr6lMaVmcFbu9U,b26,26,1,81,diamond,1,Not at all
10817,R_7Rr6lMaVmcFbu9U,b26,26,2,83,plumb line,1,Not at all
10818,R_7Rr6lMaVmcFbu9U,b34,34,1,116,quantum anchor,1,Not at all
10819,R_7Rr6lMaVmcFbu9U,b34,34,2,118,double keyhole,1,Not at all
10820,R_7Rr6lMaVmcFbu9U,b41,41,1,136,door handle,1,Not at all
10821,R_7Rr6lMaVmcFbu9U,b43,43,1,143,curled ribbon,2,A little
10822,R_7Rr6lMaVmcFbu9U,b43,43,2,145,swing hook,1,Not at all
10823,R_7Rr6lMaVmcFbu9U,b45,45,1,153,lexus logo,1,Not at all
10824,R_7Rr6lMaVmcFbu9U,b46,46,1,159,dual torus,1,Not at all
10825,R_7Rr6lMaVmcFbu9U,b46,46,2,161,mailbox,1,Not at all
10826,R_7Rr6lMaVmcFbu9U,b49,49,1,173,rocket ship,1,Not at all
10827,R_7Rr6lMaVmcFbu9U,b50,50,1,179,sprouting seed,1,Not at all
10828,R_7Rr6lMaVmcFbu9U,b56,56,1,193,roof gable,1,Not at all
10829,R_7Rr6lMaVmcFbu9U,b57,57,1,198,rotated x,2,A little
10830,R_7TnMGVlmYSJAIdj,b4,4,1,7,hourglass,1,Not at all
10831,R_7TnMGVlmYSJAIdj,b7,7,1,17,bow tie,1,Not at all
10832,R_7TnMGVlmYSJAIdj,b8,8,1,23,chain link,1,Not at all
10833,R_7TnMGVlmYSJAIdj,b11,11,1,32,keyhole slot,1,Not at all
10834,R_7TnMGVlmYSJAIdj,b19,19,1,60,safety pin,1,Not at all
10835,R_7TnMGVlmYSJAIdj,b23,23,1,73,snake vase,1,Not at all
10836,R_7TnMGVlmYSJAIdj,b25,25,1,80,greek gamma,1,Not at all
10837,R_7TnMGVlmYSJAIdj,b27,27,1,86,open frame,2,A little
10838,R_7TnMGVlmYSJAIdj,b28,28,1,88,spectacle temples,3,Moderately
10839,R_7TnMGVlmYSJAIdj,b29,29,1,92,sailboat,4,A lot
10840,R_7TnMGVlmYSJAIdj,b30,30,1,100,capital b,1,Not at all
10841,R_7TnMGVlmYSJAIdj,b32,32,1,107,teeter totter,1,Not at all
10842,R_7TnMGVlmYSJAIdj,b33,33,1,110,spoon cup,2,A little
10843,R_7TnMGVlmYSJAIdj,b34,34,1,113,hourglass infinity,2,A little
10844,R_7TnMGVlmYSJAIdj,b37,37,1,123,scissors closed,1,Not at all
10845,R_7TnMGVlmYSJAIdj,b37,37,2,124,pendulum bob,2,A little
10846,R_7TnMGVlmYSJAIdj,b38,38,1,126,crown jewel,2,A little
10847,R_7TnMGVlmYSJAIdj,b39,39,1,130,grounded infinity,1,Not at all
10848,R_7TnMGVlmYSJAIdj,b40,40,1,135,mail box,2,A little
10849,R_7TnMGVlmYSJAIdj,b41,41,1,136,door handle,1,Not at all
10850,R_7TnMGVlmYSJAIdj,b41,41,2,137,stapler head,1,Not at all
10851,R_7TnMGVlmYSJAIdj,b42,42,1,140,windowpane,4,A lot
10852,R_7TnMGVlmYSJAIdj,b44,44,1,149,cartoon bomb,1,Not at all
10853,R_7TnMGVlmYSJAIdj,b46,46,1,162,ionic column,1,Not at all
10854,R_7TnMGVlmYSJAIdj,b49,49,1,175,flying buttress,1,Not at all
10855,R_7TnMGVlmYSJAIdj,b50,50,1,179,sprouting seed,1,Not at all
10856,R_7TnMGVlmYSJAIdj,b51,51,1,181,circle cradle,2,A little
10857,R_7TnMGVlmYSJAIdj,b54,54,1,189,anchor symbol,1,Not at all
10858,R_7TnMGVlmYSJAIdj,b56,56,1,195,keyhole,1,Not at all
10859,R_7TnMGVlmYSJAIdj,b58,58,1,201,hanger,2,A little
10860,R_7Y3ecJoLRja2Oxa,b1,1,1,1,iron bars,4,A lot
10861,R_7Y3ecJoLRja2Oxa,b3,3,1,6,eyeglasses bridge,2,A little
10862,R_7Y3ecJoLRja2Oxa,b4,4,1,9,bow tie,1,Not at all
10863,R_7Y3ecJoLRja2Oxa,b8,8,1,21,binder clip,1,Not at all
10864,R_7Y3ecJoLRja2Oxa,b9,9,1,27,rabbit,2,A little
10865,R_7Y3ecJoLRja2Oxa,b10,10,1,30,eject button,1,Not at all
10866,R_7Y3ecJoLRja2Oxa,b12,12,1,39,flagpole,1,Not at all
10867,R_7Y3ecJoLRja2Oxa,b13,13,1,40,watering can,1,Not at all
10868,R_7Y3ecJoLRja2Oxa,b15,15,1,46,diamond shape,1,Not at all
10869,R_7Y3ecJoLRja2Oxa,b19,19,1,61,compact disc,1,Not at all
10870,R_7Y3ecJoLRja2Oxa,b21,21,1,65,key,1,Not at all
10871,R_7Y3ecJoLRja2Oxa,b25,25,1,78,paint roller,1,Not at all
10872,R_7Y3ecJoLRja2Oxa,b26,26,1,83,plumb line,1,Not at all
10873,R_7Y3ecJoLRja2Oxa,b30,30,1,97,door jamb,2,A little
10874,R_7Y3ecJoLRja2Oxa,b33,33,1,112,teacup,1,Not at all
10875,R_7Y3ecJoLRja2Oxa,b34,34,1,114,bicycle,1,Not at all
10876,R_7Y3ecJoLRja2Oxa,b34,34,2,118,double keyhole,2,A little
10877,R_7Y3ecJoLRja2Oxa,b37,37,1,124,pendulum bob,1,Not at all
10878,R_7Y3ecJoLRja2Oxa,b40,40,1,133,capital b,1,Not at all
10879,R_7Y3ecJoLRja2Oxa,b40,40,2,135,mail box,2,A little
10880,R_7Y3ecJoLRja2Oxa,b43,43,1,147,greek phi,1,Not at all
10881,R_7Y3ecJoLRja2Oxa,b44,44,1,151,ps ligature,1,Not at all
10882,R_7Y3ecJoLRja2Oxa,b45,45,1,154,clock face,5,Completely
10883,R_7Y3ecJoLRja2Oxa,b46,46,1,159,dual torus,1,Not at all
10884,R_7Y3ecJoLRja2Oxa,b46,46,2,163,shattered pact,1,Not at all
10885,R_7Y3ecJoLRja2Oxa,b51,51,1,182,compass dial,1,Not at all
10886,R_7Y3ecJoLRja2Oxa,b54,54,1,189,anchor symbol,1,Not at all
10887,R_7Y3ecJoLRja2Oxa,b56,56,1,193,roof gable,1,Not at all
10888,R_7Y3ecJoLRja2Oxa,b58,58,1,199,key,1,Not at all
10889,R_7Y3ecJoLRja2Oxa,b60,60,1,206,square pyramid,2,A little
10890,R_7YRoVAA0RaKJs7u,b5,5,1,67,butterfly,1,Not at all
10891,R_7YRoVAA0RaKJs7u,b9,9,1,137,cat ears,1,Not at all
10892,R_7YRoVAA0RaKJs7u,b12,12,1,203,swimming,1,Not at all
10893,R_7YRoVAA0RaKJs7u,b12,12,2,205,wine glass,5,Completely
10894,R_7YRoVAA0RaKJs7u,b13,13,1,216,keyhole,2,A little
10895,R_7YRoVAA0RaKJs7u,b14,14,1,249,Huge circle,1,Not at all
10896,R_7YRoVAA0RaKJs7u,b18,18,1,335,harp,1,Not at all
10897,R_7YRoVAA0RaKJs7u,b18,18,2,337,ice cream,1,Not at all
10898,R_7YRoVAA0RaKJs7u,b21,21,1,430,Infinity symbol,1,Not at all
10899,R_7YRoVAA0RaKJs7u,b23,23,1,483,brain,1,Not at all
10900,R_7YRoVAA0RaKJs7u,b23,23,2,495,sculpture,1,Not at all
10901,R_7YRoVAA0RaKJs7u,b24,24,1,503,anchor,1,Not at all
10902,R_7YRoVAA0RaKJs7u,b24,24,2,506,chair,3,Moderately
10903,R_7YRoVAA0RaKJs7u,b24,24,3,515,Horse,1,Not at all
10904,R_7YRoVAA0RaKJs7u,b24,24,4,525,rake,1,Not at all
10905,R_7YRoVAA0RaKJs7u,b25,25,1,553,number 7,1,Not at all
10906,R_7YRoVAA0RaKJs7u,b32,32,1,706,Fraction Symbol,1,Not at all
10907,R_7YRoVAA0RaKJs7u,b33,33,1,727,bell,2,A little
10908,R_7YRoVAA0RaKJs7u,b34,34,1,761,diving mask,1,Not at all
10909,R_7YRoVAA0RaKJs7u,b40,40,1,902,cup,4,A lot
10910,R_7YRoVAA0RaKJs7u,b40,40,2,919,Race track,1,Not at all
10911,R_7YRoVAA0RaKJs7u,b44,44,1,1013,Computer Mouse,2,A little
10912,R_7YRoVAA0RaKJs7u,b46,46,1,1069,Circle,1,Not at all
10913,R_7YRoVAA0RaKJs7u,b50,50,1,1185,Key,1,Not at all
10914,R_7YRoVAA0RaKJs7u,b51,51,1,1200,headstanding man,1,Not at all
10915,R_7YRoVAA0RaKJs7u,b51,51,2,1216,upside-down person,1,Not at all
10916,R_7YRoVAA0RaKJs7u,b54,54,1,1261,Basketball hoop,1,Not at all
10917,R_7YRoVAA0RaKJs7u,b54,54,2,1262,bottle opener,1,Not at all
10918,R_7YRoVAA0RaKJs7u,b56,56,1,1296,arm,1,Not at all
10919,R_7YRoVAA0RaKJs7u,b60,60,1,1379,trapezium,2,A little
10920,R_7YynbjnmnHAYZxD,b3,3,1,40,spectacles,2,A little
10921,R_7YynbjnmnHAYZxD,b4,4,1,46,bra,2,A little
10922,R_7YynbjnmnHAYZxD,b11,11,1,171,door key,1,Not at all
10923,R_7YynbjnmnHAYZxD,b14,14,1,251,Music Note,1,Not at all
10924,R_7YynbjnmnHAYZxD,b15,15,1,271,square,1,Not at all
10925,R_7YynbjnmnHAYZxD,b19,19,1,360,circle,1,Not at all
10926,R_7YynbjnmnHAYZxD,b22,22,1,471,ping pong,1,Not at all
10927,R_7YynbjnmnHAYZxD,b22,22,2,476,speaker sign,2,A little
10928,R_7YynbjnmnHAYZxD,b24,24,1,506,chair,2,A little
10929,R_7YynbjnmnHAYZxD,b31,31,1,679,anchor,1,Not at all
10930,R_7YynbjnmnHAYZxD,b31,31,2,684,female symbol,1,Not at all
10931,R_7YynbjnmnHAYZxD,b33,33,1,732,eye,1,Not at all
10932,R_7YynbjnmnHAYZxD,b33,33,2,735,key,1,Not at all
10933,R_7YynbjnmnHAYZxD,b33,33,3,754,umbrella,1,Not at all
10934,R_7YynbjnmnHAYZxD,b37,37,1,845,key,1,Not at all
10935,R_7YynbjnmnHAYZxD,b39,39,1,874,butterfly,1,Not at all
10936,R_7YynbjnmnHAYZxD,b39,39,2,882,Hourglass,1,Not at all
10937,R_7YynbjnmnHAYZxD,b40,40,1,901,coffee mug,5,Completely
10938,R_7YynbjnmnHAYZxD,b40,40,2,911,letter R,1,Not at all
10939,R_7YynbjnmnHAYZxD,b41,41,1,924,boat,1,Not at all
10940,R_7YynbjnmnHAYZxD,b42,42,1,971,vertical rectangles,1,Not at all
10941,R_7YynbjnmnHAYZxD,b43,43,1,1003,watch,1,Not at all
10942,R_7YynbjnmnHAYZxD,b44,44,1,1013,Computer Mouse,3,Moderately
10943,R_7YynbjnmnHAYZxD,b44,44,2,1038,snake,2,A little
10944,R_7YynbjnmnHAYZxD,b46,46,1,1094,staple remover,2,A little
10945,R_7YynbjnmnHAYZxD,b49,49,1,1166,ice cream,2,A little
10946,R_7YynbjnmnHAYZxD,b56,56,1,1314,sliced pie,2,A little
10947,R_7YynbjnmnHAYZxD,b57,57,1,1335,windmill,1,Not at all
10948,R_7YynbjnmnHAYZxD,b58,58,1,1345,musical clef,2,A little
10949,R_7YynbjnmnHAYZxD,b59,59,1,1353,beach umbrella,3,Moderately
10950,R_7aKv7EbDUnVIMwt,b6,6,1,96,handcuffs,3,Moderately
10951,R_7aKv7EbDUnVIMwt,b7,7,1,117,tetrahedron,2,A little
10952,R_7aKv7EbDUnVIMwt,b12,12,1,193,goblet,5,Completely
10953,R_7aKv7EbDUnVIMwt,b15,15,1,265,house,4,A lot
10954,R_7aKv7EbDUnVIMwt,b20,20,1,400,hot air balloon,2,A little
10955,R_7aKv7EbDUnVIMwt,b20,20,2,405,lightbulb,1,Not at all
10956,R_7aKv7EbDUnVIMwt,b21,21,1,443,coffee mug,1,Not at all
10957,R_7aKv7EbDUnVIMwt,b23,23,1,492,magnifying glass,3,Moderately
10958,R_7aKv7EbDUnVIMwt,b26,26,1,561,arrow,2,A little
10959,R_7aKv7EbDUnVIMwt,b29,29,1,635,House,1,Not at all
10960,R_7aKv7EbDUnVIMwt,b29,29,2,639,potted plant,3,Moderately
10961,R_7aKv7EbDUnVIMwt,b31,31,1,680,arrow,1,Not at all
10962,R_7aKv7EbDUnVIMwt,b35,35,1,785,eyes nose,2,A little
10963,R_7aKv7EbDUnVIMwt,b35,35,2,787,film camera,4,A lot
10964,R_7aKv7EbDUnVIMwt,b36,36,1,797,anchor,3,Moderately
10965,R_7aKv7EbDUnVIMwt,b36,36,2,812,roof shape,2,A little
10966,R_7aKv7EbDUnVIMwt,b37,37,1,840,flower,3,Moderately
10967,R_7aKv7EbDUnVIMwt,b40,40,1,918,pouch,2,A little
10968,R_7aKv7EbDUnVIMwt,b41,41,1,938,luggage tag,3,Moderately
10969,R_7aKv7EbDUnVIMwt,b43,43,1,996,snake donut,2,A little
10970,R_7aKv7EbDUnVIMwt,b44,44,1,1008,bike,1,Not at all
10971,R_7aKv7EbDUnVIMwt,b44,44,2,1033,pumpkin,2,A little
10972,R_7aKv7EbDUnVIMwt,b49,49,1,1173,scissors,1,Not at all
10973,R_7aKv7EbDUnVIMwt,b50,50,1,1192,stick person,5,Completely
10974,R_7aKv7EbDUnVIMwt,b51,51,1,1202,key,1,Not at all
10975,R_7aKv7EbDUnVIMwt,b51,51,2,1217,weight balance,1,Not at all
10976,R_7aKv7EbDUnVIMwt,b53,53,1,1255,spade,1,Not at all
10977,R_7aKv7EbDUnVIMwt,b56,56,1,1312,registered trademark,2,A little
10978,R_7aKv7EbDUnVIMwt,b59,59,1,1354,bird feeder,4,A lot
10979,R_7aKv7EbDUnVIMwt,b59,59,2,1355,bridge,2,A little
10980,R_7axyHC8c9d19RTG,b2,2,1,15,two attached triangles,1,Not at all
10981,R_7axyHC8c9d19RTG,b12,12,1,188,circle,1,Not at all
10982,R_7axyHC8c9d19RTG,b12,12,2,203,swimming,1,Not at all
10983,R_7axyHC8c9d19RTG,b13,13,1,219,martini glass,4,A lot
10984,R_7axyHC8c9d19RTG,b15,15,1,263,flag,1,Not at all
10985,R_7axyHC8c9d19RTG,b16,16,1,275,cube,2,A little
10986,R_7axyHC8c9d19RTG,b17,17,1,300,chalice,1,Not at all
10987,R_7axyHC8c9d19RTG,b22,22,1,456,duck,1,Not at all
10988,R_7axyHC8c9d19RTG,b25,25,1,544,key,2,A little
10989,R_7axyHC8c9d19RTG,b29,29,1,635,House,1,Not at all
10990,R_7axyHC8c9d19RTG,b31,31,1,685,fish,1,Not at all
10991,R_7axyHC8c9d19RTG,b32,32,1,707,Glass,5,Completely
10992,R_7axyHC8c9d19RTG,b35,35,1,794,scissors,4,A lot
10993,R_7axyHC8c9d19RTG,b37,37,1,838,flower,3,Moderately
10994,R_7axyHC8c9d19RTG,b39,39,1,883,ice cream,4,A lot
10995,R_7axyHC8c9d19RTG,b41,41,1,953,staple gun,1,Not at all
10996,R_7axyHC8c9d19RTG,b43,43,1,1001,theta,4,A lot
10997,R_7axyHC8c9d19RTG,b46,46,1,1066,butterfly,1,Not at all
10998,R_7axyHC8c9d19RTG,b46,46,2,1073,face,1,Not at all
10999,R_7axyHC8c9d19RTG,b46,46,3,1078,hourglass,2,A little
11000,R_7axyHC8c9d19RTG,b47,47,1,1127,Vase,1,Not at all
11001,R_7axyHC8c9d19RTG,b49,49,1,1164,evil face,1,Not at all
11002,R_7axyHC8c9d19RTG,b50,50,1,1182,Female Logo,2,A little
11003,R_7axyHC8c9d19RTG,b50,50,2,1196,wine glass,1,Not at all
11004,R_7axyHC8c9d19RTG,b51,51,1,1216,upside-down person,1,Not at all
11005,R_7axyHC8c9d19RTG,b53,53,1,1245,flag bracket,1,Not at all
11006,R_7axyHC8c9d19RTG,b57,57,1,1328,Small Peaks,1,Not at all
11007,R_7axyHC8c9d19RTG,b58,58,1,1340,elephant trunk,1,Not at all
11008,R_7axyHC8c9d19RTG,b58,58,2,1345,musical clef,2,A little
11009,R_7axyHC8c9d19RTG,b59,59,1,1362,rhombus,3,Moderately
11010,R_7bSkb6a0yfyZVQZ,b3,3,1,21,bed,3,Moderately
11011,R_7bSkb6a0yfyZVQZ,b3,3,2,24,butterfly,1,Not at all
11012,R_7bSkb6a0yfyZVQZ,b4,4,1,48,cherries,2,A little
11013,R_7bSkb6a0yfyZVQZ,b7,7,1,107,arrow,5,Completely
11014,R_7bSkb6a0yfyZVQZ,b9,9,1,139,coat rack,2,A little
11015,R_7bSkb6a0yfyZVQZ,b12,12,1,188,circle,1,Not at all
11016,R_7bSkb6a0yfyZVQZ,b14,14,1,250,mushroom,1,Not at all
11017,R_7bSkb6a0yfyZVQZ,b16,16,1,287,paper airplane,1,Not at all
11018,R_7bSkb6a0yfyZVQZ,b17,17,1,300,chalice,2,A little
11019,R_7bSkb6a0yfyZVQZ,b17,17,2,326,wishbone,1,Not at all
11020,R_7bSkb6a0yfyZVQZ,b18,18,1,327,butterfly,1,Not at all
11021,R_7bSkb6a0yfyZVQZ,b18,18,2,346,Pencil,1,Not at all
11022,R_7bSkb6a0yfyZVQZ,b21,21,1,433,pictogram,2,A little
11023,R_7bSkb6a0yfyZVQZ,b24,24,1,517,lamp post,2,A little
11024,R_7bSkb6a0yfyZVQZ,b24,24,2,528,Square,2,A little
11025,R_7bSkb6a0yfyZVQZ,b27,27,1,596,parking lot,2,A little
11026,R_7bSkb6a0yfyZVQZ,b28,28,1,610,face,1,Not at all
11027,R_7bSkb6a0yfyZVQZ,b30,30,1,668,key,3,Moderately
11028,R_7bSkb6a0yfyZVQZ,b33,33,1,751,Stick,2,A little
11029,R_7bSkb6a0yfyZVQZ,b34,34,1,773,spade,1,Not at all
11030,R_7bSkb6a0yfyZVQZ,b41,41,1,934,gift box,2,A little
11031,R_7bSkb6a0yfyZVQZ,b41,41,2,954,trapezium,1,Not at all
11032,R_7bSkb6a0yfyZVQZ,b43,43,1,1001,theta,1,Not at all
11033,R_7bSkb6a0yfyZVQZ,b43,43,2,1002,unicycle,1,Not at all
11034,R_7bSkb6a0yfyZVQZ,b44,44,1,1027,magnifying glass,1,Not at all
11035,R_7bSkb6a0yfyZVQZ,b44,44,2,1032,pocketwatch,1,Not at all
11036,R_7bSkb6a0yfyZVQZ,b46,46,1,1064,Bride,2,A little
11037,R_7bSkb6a0yfyZVQZ,b46,46,2,1067,chalice,2,A little
11038,R_7bSkb6a0yfyZVQZ,b53,53,1,1253,pitching wedge,1,Not at all
11039,R_7bSkb6a0yfyZVQZ,b60,60,1,1370,cake,1,Not at all
11040,R_7c1pBgxFTHwz0bv,b2,2,1,1384,fence,1,Not at all
11041,R_7c1pBgxFTHwz0bv,b5,5,1,1411,spectacles,2,A little
11042,R_7c1pBgxFTHwz0bv,b6,6,1,1414,butterfly,1,Not at all
11043,R_7c1pBgxFTHwz0bv,b6,6,2,1415,eyeglasses,2,A little
11044,R_7c1pBgxFTHwz0bv,b10,10,1,1444,Cyrillic letter,3,Moderately
11045,R_7c1pBgxFTHwz0bv,b10,10,2,1447,Fork and trident,4,A lot
11046,R_7c1pBgxFTHwz0bv,b11,11,1,1454,rotated table,1,Not at all
11047,R_7c1pBgxFTHwz0bv,b12,12,1,1461,lying person,1,Not at all
11048,R_7c1pBgxFTHwz0bv,b12,12,2,1463,anchor,1,Not at all
11049,R_7c1pBgxFTHwz0bv,b15,15,1,1488,Pentagon house,4,A lot
11050,R_7c1pBgxFTHwz0bv,b18,18,1,1517,Arch bridge,1,Not at all
11051,R_7c1pBgxFTHwz0bv,b20,20,1,1533,key,1,Not at all
11052,R_7c1pBgxFTHwz0bv,b20,20,2,1536,teapot lid,1,Not at all
11053,R_7c1pBgxFTHwz0bv,b21,21,1,1549,pregnant woman,1,Not at all
11054,R_7c1pBgxFTHwz0bv,b24,24,1,1572,periscope,2,A little
11055,R_7c1pBgxFTHwz0bv,b25,25,1,1581,pipe wrench,2,A little
11056,R_7c1pBgxFTHwz0bv,b26,26,1,1901,slingshot,2,A little
11057,R_7c1pBgxFTHwz0bv,b27,27,1,1605,window,2,A little
11058,R_7c1pBgxFTHwz0bv,b29,29,1,1619,magnifying glass,1,Not at all
11059,R_7c1pBgxFTHwz0bv,b33,33,1,1661,capitol dome,3,Moderately
11060,R_7c1pBgxFTHwz0bv,b37,37,1,1689,info icon,1,Not at all
11061,R_7c1pBgxFTHwz0bv,b37,37,2,1690,snowman,1,Not at all
11062,R_7c1pBgxFTHwz0bv,b39,39,1,1708,stylized person,2,A little
11063,R_7c1pBgxFTHwz0bv,b39,39,2,1711,pulley system,1,Not at all
11064,R_7c1pBgxFTHwz0bv,b39,39,3,1715,stacked symbol,4,A lot
11065,R_7c1pBgxFTHwz0bv,b54,54,1,1829,planted sword,1,Not at all
11066,R_7c1pBgxFTHwz0bv,b56,56,1,1858,compass needle,4,A lot
11067,R_7c1pBgxFTHwz0bv,b57,57,1,1876,two triangles,3,Moderately
11068,R_7c1pBgxFTHwz0bv,b59,59,1,1882,trophy cup,2,A little
11069,R_7c1pBgxFTHwz0bv,b59,59,2,1888,Arrowhead ladder,2,A little
11070,R_7cnjtn460cuhDNb,b3,3,1,33,female torso,4,A lot
11071,R_7cnjtn460cuhDNb,b6,6,1,103,shades,3,Moderately
11072,R_7cnjtn460cuhDNb,b7,7,1,110,rocket exhaust,2,A little
11073,R_7cnjtn460cuhDNb,b8,8,1,124,butterfly,4,A lot
11074,R_7cnjtn460cuhDNb,b8,8,2,125,caduceus staff,1,Not at all
11075,R_7cnjtn460cuhDNb,b10,10,1,159,Tree,3,Moderately
11076,R_7cnjtn460cuhDNb,b13,13,1,224,Scale,1,Not at all
11077,R_7cnjtn460cuhDNb,b16,16,1,294,trophy,1,Not at all
11078,R_7cnjtn460cuhDNb,b17,17,1,307,goblet,1,Not at all
11079,R_7cnjtn460cuhDNb,b20,20,1,405,lightbulb,2,A little
11080,R_7cnjtn460cuhDNb,b22,22,1,450,Angle,1,Not at all
11081,R_7cnjtn460cuhDNb,b22,22,2,451,Audio Symbol,2,A little
11082,R_7cnjtn460cuhDNb,b26,26,1,574,sailboat,2,A little
11083,R_7cnjtn460cuhDNb,b27,27,1,587,door,5,Completely
11084,R_7cnjtn460cuhDNb,b29,29,1,641,road,1,Not at all
11085,R_7cnjtn460cuhDNb,b32,32,1,708,goblet,5,Completely
11086,R_7cnjtn460cuhDNb,b35,35,1,795,spade,1,Not at all
11087,R_7cnjtn460cuhDNb,b39,39,1,889,pulley,1,Not at all
11088,R_7cnjtn460cuhDNb,b40,40,1,894,balcony,1,Not at all
11089,R_7cnjtn460cuhDNb,b41,41,1,933,gate,2,A little
11090,R_7cnjtn460cuhDNb,b41,41,2,945,pipe clamp,1,Not at all
11091,R_7cnjtn460cuhDNb,b46,46,1,1098,yin yang,1,Not at all
11092,R_7cnjtn460cuhDNb,b47,47,1,1107,computer mouse,5,Completely
11093,R_7cnjtn460cuhDNb,b47,47,2,1113,keychain,1,Not at all
11094,R_7cnjtn460cuhDNb,b51,51,1,1203,keyhole,1,Not at all
11095,R_7cnjtn460cuhDNb,b52,52,1,1220,Cross,1,Not at all
11096,R_7cnjtn460cuhDNb,b52,52,2,1231,plus sign,1,Not at all
11097,R_7cnjtn460cuhDNb,b52,52,3,1235,step stool,1,Not at all
11098,R_7cnjtn460cuhDNb,b57,57,1,1332,tape dispenser,1,Not at all
11099,R_7cnjtn460cuhDNb,b59,59,1,1360,hat,2,A little
11100,R_7cw00BTbggxsTwp,b3,3,1,41,umbrella,1,Not at all
11101,R_7cw00BTbggxsTwp,b6,6,1,91,circle,1,Not at all
11102,R_7cw00BTbggxsTwp,b6,6,2,100,insect head,1,Not at all
11103,R_7cw00BTbggxsTwp,b14,14,1,256,sunglasses,1,Not at all
11104,R_7cw00BTbggxsTwp,b18,18,1,344,music symbol,1,Not at all
11105,R_7cw00BTbggxsTwp,b20,20,1,388,Ant,1,Not at all
11106,R_7cw00BTbggxsTwp,b20,20,2,395,flower pot,1,Not at all
11107,R_7cw00BTbggxsTwp,b21,21,1,443,coffee mug,1,Not at all
11108,R_7cw00BTbggxsTwp,b22,22,1,455,dart,1,Not at all
11109,R_7cw00BTbggxsTwp,b23,23,1,486,dollar sign,1,Not at all
11110,R_7cw00BTbggxsTwp,b25,25,1,543,hammer,1,Not at all
11111,R_7cw00BTbggxsTwp,b27,27,1,591,goal post,1,Not at all
11112,R_7cw00BTbggxsTwp,b27,27,2,594,letter W,1,Not at all
11113,R_7cw00BTbggxsTwp,b28,28,1,607,cylinder,1,Not at all
11114,R_7cw00BTbggxsTwp,b30,30,1,658,chair,1,Not at all
11115,R_7cw00BTbggxsTwp,b33,33,1,736,keyhole,1,Not at all
11116,R_7cw00BTbggxsTwp,b34,34,1,769,man,1,Not at all
11117,R_7cw00BTbggxsTwp,b37,37,1,830,Cherries,1,Not at all
11118,R_7cw00BTbggxsTwp,b38,38,1,855,cone,1,Not at all
11119,R_7cw00BTbggxsTwp,b40,40,1,921,Toilet,2,A little
11120,R_7cw00BTbggxsTwp,b41,41,1,939,magnifying glass,1,Not at all
11121,R_7cw00BTbggxsTwp,b43,43,1,1003,watch,1,Not at all
11122,R_7cw00BTbggxsTwp,b44,44,1,1026,lollipop,1,Not at all
11123,R_7cw00BTbggxsTwp,b46,46,1,1079,human face,1,Not at all
11124,R_7cw00BTbggxsTwp,b46,46,2,1095,treble clef,1,Not at all
11125,R_7cw00BTbggxsTwp,b50,50,1,1179,cartoon image,1,Not at all
11126,R_7cw00BTbggxsTwp,b51,51,1,1197,birdhouse,1,Not at all
11127,R_7cw00BTbggxsTwp,b51,51,2,1199,figure,1,Not at all
11128,R_7cw00BTbggxsTwp,b57,57,1,1325,not equal,2,A little
11129,R_7cw00BTbggxsTwp,b60,60,1,1376,party hat,1,Not at all
11130,R_7dg67MOJkB4p0Tm,b4,4,1,50,eyeglasses,4,A lot
11131,R_7dg67MOJkB4p0Tm,b6,6,1,90,bra,3,Moderately
11132,R_7dg67MOJkB4p0Tm,b7,7,1,114,star,1,Not at all
11133,R_7dg67MOJkB4p0Tm,b7,7,2,115,stick figure,1,Not at all
11134,R_7dg67MOJkB4p0Tm,b10,10,1,143,barcode,1,Not at all
11135,R_7dg67MOJkB4p0Tm,b10,10,2,158,square,1,Not at all
11136,R_7dg67MOJkB4p0Tm,b13,13,1,207,c clamp,1,Not at all
11137,R_7dg67MOJkB4p0Tm,b13,13,2,217,letter T,1,Not at all
11138,R_7dg67MOJkB4p0Tm,b16,16,1,290,shield,1,Not at all
11139,R_7dg67MOJkB4p0Tm,b20,20,1,392,Bun,1,Not at all
11140,R_7dg67MOJkB4p0Tm,b20,20,2,399,hill,1,Not at all
11141,R_7dg67MOJkB4p0Tm,b20,20,3,411,pulley,2,A little
11142,R_7dg67MOJkB4p0Tm,b22,22,1,462,heart,1,Not at all
11143,R_7dg67MOJkB4p0Tm,b22,22,2,479,triangle circle,5,Completely
11144,R_7dg67MOJkB4p0Tm,b23,23,1,488,head and shoulders,1,Not at all
11145,R_7dg67MOJkB4p0Tm,b23,23,2,495,sculpture,2,A little
11146,R_7dg67MOJkB4p0Tm,b25,25,1,539,chair,3,Moderately
11147,R_7dg67MOJkB4p0Tm,b25,25,2,540,crane,1,Not at all
11148,R_7dg67MOJkB4p0Tm,b25,25,3,551,lowercase h,4,A lot
11149,R_7dg67MOJkB4p0Tm,b29,29,1,620,Anchor,1,Not at all
11150,R_7dg67MOJkB4p0Tm,b37,37,1,834,cup and ball,1,Not at all
11151,R_7dg67MOJkB4p0Tm,b37,37,2,849,snow man,1,Not at all
11152,R_7dg67MOJkB4p0Tm,b39,39,1,883,ice cream,2,A little
11153,R_7dg67MOJkB4p0Tm,b42,42,1,957,bookshelf,2,A little
11154,R_7dg67MOJkB4p0Tm,b44,44,1,1033,pumpkin,2,A little
11155,R_7dg67MOJkB4p0Tm,b47,47,1,1108,cross circle,1,Not at all
11156,R_7dg67MOJkB4p0Tm,b47,47,2,1129,Yo-yo,1,Not at all
11157,R_7dg67MOJkB4p0Tm,b48,48,1,1143,letter Y,1,Not at all
11158,R_7dg67MOJkB4p0Tm,b49,49,1,1158,bikini set,1,Not at all
11159,R_7dg67MOJkB4p0Tm,b50,50,1,1184,human sketch,4,A lot
11160,R_7dzPMoVkhXppqIg,b2,2,1,8,H,3,Moderately
11161,R_7dzPMoVkhXppqIg,b3,3,1,31,eye glasses,3,Moderately
11162,R_7dzPMoVkhXppqIg,b5,5,1,83,vase,1,Not at all
11163,R_7dzPMoVkhXppqIg,b11,11,1,174,harmer,1,Not at all
11164,R_7dzPMoVkhXppqIg,b18,18,1,337,ice cream,5,Completely
11165,R_7dzPMoVkhXppqIg,b19,19,1,373,oval,1,Not at all
11166,R_7dzPMoVkhXppqIg,b21,21,1,432,person's torso,1,Not at all
11167,R_7dzPMoVkhXppqIg,b21,21,2,434,pool,1,Not at all
11168,R_7dzPMoVkhXppqIg,b22,22,1,469,padlock,3,Moderately
11169,R_7dzPMoVkhXppqIg,b24,24,1,524,plus sign,1,Not at all
11170,R_7dzPMoVkhXppqIg,b25,25,1,545,lamp,1,Not at all
11171,R_7dzPMoVkhXppqIg,b27,27,1,585,Cubes,1,Not at all
11172,R_7dzPMoVkhXppqIg,b27,27,2,598,rail tracks,1,Not at all
11173,R_7dzPMoVkhXppqIg,b29,29,1,639,potted plant,3,Moderately
11174,R_7dzPMoVkhXppqIg,b30,30,1,658,chair,1,Not at all
11175,R_7dzPMoVkhXppqIg,b31,31,1,696,tripod,5,Completely
11176,R_7dzPMoVkhXppqIg,b32,32,1,714,martini glass,5,Completely
11177,R_7dzPMoVkhXppqIg,b34,34,1,768,infinity symbol,3,Moderately
11178,R_7dzPMoVkhXppqIg,b36,36,1,804,fork,1,Not at all
11179,R_7dzPMoVkhXppqIg,b37,37,1,828,bubble pipe,1,Not at all
11180,R_7dzPMoVkhXppqIg,b38,38,1,863,Mickey Mouse,1,Not at all
11181,R_7dzPMoVkhXppqIg,b41,41,1,925,chair,1,Not at all
11182,R_7dzPMoVkhXppqIg,b43,43,1,992,royal scepter,1,Not at all
11183,R_7dzPMoVkhXppqIg,b47,47,1,1099,anchor,1,Not at all
11184,R_7dzPMoVkhXppqIg,b51,51,1,1200,headstanding man,1,Not at all
11185,R_7dzPMoVkhXppqIg,b51,51,2,1218,wheelbarrow,1,Not at all
11186,R_7dzPMoVkhXppqIg,b53,53,1,1252,number 6,1,Not at all
11187,R_7dzPMoVkhXppqIg,b53,53,2,1254,sailboat,5,Completely
11188,R_7dzPMoVkhXppqIg,b55,55,1,1293,Tulip,1,Not at all
11189,R_7dzPMoVkhXppqIg,b58,58,1,1349,umbrella,5,Completely
11190,R_7eJ04OHWrVUCdD0,b1,1,1,2,ladder,5,Completely
11191,R_7eJ04OHWrVUCdD0,b4,4,1,52,goal posts,1,Not at all
11192,R_7eJ04OHWrVUCdD0,b7,7,1,115,stick figure,3,Moderately
11193,R_7eJ04OHWrVUCdD0,b7,7,2,120,wine glass,1,Not at all
11194,R_7eJ04OHWrVUCdD0,b12,12,1,194,House,2,A little
11195,R_7eJ04OHWrVUCdD0,b14,14,1,248,horseshoe,1,Not at all
11196,R_7eJ04OHWrVUCdD0,b19,19,1,359,chess,1,Not at all
11197,R_7eJ04OHWrVUCdD0,b19,19,2,364,faucet,3,Moderately
11198,R_7eJ04OHWrVUCdD0,b20,20,1,411,pulley,1,Not at all
11199,R_7eJ04OHWrVUCdD0,b22,22,1,453,closed eye,1,Not at all
11200,R_7eJ04OHWrVUCdD0,b23,23,1,494,Pool,2,A little
11201,R_7eJ04OHWrVUCdD0,b24,24,1,528,Square,1,Not at all
11202,R_7eJ04OHWrVUCdD0,b28,28,1,607,cylinder,3,Moderately
11203,R_7eJ04OHWrVUCdD0,b30,30,1,661,Drill,3,Moderately
11204,R_7eJ04OHWrVUCdD0,b31,31,1,683,Circle,3,Moderately
11205,R_7eJ04OHWrVUCdD0,b37,37,1,837,eyeglasses,2,A little
11206,R_7eJ04OHWrVUCdD0,b39,39,1,888,person's torso,2,A little
11207,R_7eJ04OHWrVUCdD0,b41,41,1,928,cup,3,Moderately
11208,R_7eJ04OHWrVUCdD0,b41,41,2,951,shopping cart,2,A little
11209,R_7eJ04OHWrVUCdD0,b44,44,1,1010,butterfly,2,A little
11210,R_7eJ04OHWrVUCdD0,b45,45,1,1048,cup,1,Not at all
11211,R_7eJ04OHWrVUCdD0,b46,46,1,1067,chalice,3,Moderately
11212,R_7eJ04OHWrVUCdD0,b46,46,2,1080,ice cream,3,Moderately
11213,R_7eJ04OHWrVUCdD0,b47,47,1,1124,stethoscope,3,Moderately
11214,R_7eJ04OHWrVUCdD0,b48,48,1,1149,T-square,5,Completely
11215,R_7eJ04OHWrVUCdD0,b49,49,1,1166,ice cream,2,A little
11216,R_7eJ04OHWrVUCdD0,b50,50,1,1188,person,3,Moderately
11217,R_7eJ04OHWrVUCdD0,b52,52,1,1231,plus sign,3,Moderately
11218,R_7eJ04OHWrVUCdD0,b56,56,1,1298,balloon,3,Moderately
11219,R_7eJ04OHWrVUCdD0,b59,59,1,1354,bird feeder,3,Moderately
11220,R_7eq8dxOAAM6KcqB,b5,5,1,69,cherry,1,Not at all
11221,R_7eq8dxOAAM6KcqB,b10,10,1,148,Forklift Icon,4,A lot
11222,R_7eq8dxOAAM6KcqB,b11,11,1,164,brush,1,Not at all
11223,R_7eq8dxOAAM6KcqB,b11,11,2,179,stairs,1,Not at all
11224,R_7eq8dxOAAM6KcqB,b12,12,1,186,chalice,5,Completely
11225,R_7eq8dxOAAM6KcqB,b12,12,2,204,Umbrella,3,Moderately
11226,R_7eq8dxOAAM6KcqB,b16,16,1,274,Cone,5,Completely
11227,R_7eq8dxOAAM6KcqB,b20,20,1,406,magnifying glass,1,Not at all
11228,R_7eq8dxOAAM6KcqB,b26,26,1,566,check mark,2,A little
11229,R_7eq8dxOAAM6KcqB,b27,27,1,594,letter W,1,Not at all
11230,R_7eq8dxOAAM6KcqB,b29,29,1,632,goal post,2,A little
11231,R_7eq8dxOAAM6KcqB,b30,30,1,647,anchor,3,Moderately
11232,R_7eq8dxOAAM6KcqB,b30,30,2,678,wing ding,1,Not at all
11233,R_7eq8dxOAAM6KcqB,b33,33,1,736,keyhole,2,A little
11234,R_7eq8dxOAAM6KcqB,b37,37,1,830,Cherries,2,A little
11235,R_7eq8dxOAAM6KcqB,b38,38,1,853,butterfly,1,Not at all
11236,R_7eq8dxOAAM6KcqB,b39,39,1,882,Hourglass,1,Not at all
11237,R_7eq8dxOAAM6KcqB,b39,39,2,892,snowman,1,Not at all
11238,R_7eq8dxOAAM6KcqB,b41,41,1,946,pistol,1,Not at all
11239,R_7eq8dxOAAM6KcqB,b42,42,1,970,two boxes,1,Not at all
11240,R_7eq8dxOAAM6KcqB,b44,44,1,1044,tadpole,3,Moderately
11241,R_7eq8dxOAAM6KcqB,b45,45,1,1054,LG symbol,1,Not at all
11242,R_7eq8dxOAAM6KcqB,b47,47,1,1113,keychain,1,Not at all
11243,R_7eq8dxOAAM6KcqB,b47,47,2,1125,teapot,1,Not at all
11244,R_7eq8dxOAAM6KcqB,b48,48,1,1139,lamp,1,Not at all
11245,R_7eq8dxOAAM6KcqB,b50,50,1,1182,Female Logo,2,A little
11246,R_7eq8dxOAAM6KcqB,b56,56,1,1298,balloon,1,Not at all
11247,R_7eq8dxOAAM6KcqB,b56,56,2,1315,tabacco pipe,1,Not at all
11248,R_7eq8dxOAAM6KcqB,b58,58,1,1340,elephant trunk,2,A little
11249,R_7eq8dxOAAM6KcqB,b59,59,1,1366,tree,5,Completely
11250,R_7f07S41ehjMOHLP,b3,3,1,29,dried,1,Not at all
11251,R_7f07S41ehjMOHLP,b6,6,1,86,barbell,4,A lot
11252,R_7f07S41ehjMOHLP,b6,6,2,89,binoculars,2,A little
11253,R_7f07S41ehjMOHLP,b12,12,1,190,desk,1,Not at all
11254,R_7f07S41ehjMOHLP,b13,13,1,214,Half circle,1,Not at all
11255,R_7f07S41ehjMOHLP,b13,13,2,219,martini glass,5,Completely
11256,R_7f07S41ehjMOHLP,b14,14,1,245,Flower,1,Not at all
11257,R_7f07S41ehjMOHLP,b17,17,1,305,funnel,3,Moderately
11258,R_7f07S41ehjMOHLP,b18,18,1,352,Speed Bump,1,Not at all
11259,R_7f07S41ehjMOHLP,b21,21,1,449,music note,1,Not at all
11260,R_7f07S41ehjMOHLP,b23,23,1,487,flower,5,Completely
11261,R_7f07S41ehjMOHLP,b27,27,1,595,parallel lines,1,Not at all
11262,R_7f07S41ehjMOHLP,b29,29,1,628,chalice,1,Not at all
11263,R_7f07S41ehjMOHLP,b32,32,1,700,chalice,5,Completely
11264,R_7f07S41ehjMOHLP,b32,32,2,714,martini glass,5,Completely
11265,R_7f07S41ehjMOHLP,b34,34,1,770,movie projector,1,Not at all
11266,R_7f07S41ehjMOHLP,b40,40,1,894,balcony,1,Not at all
11267,R_7f07S41ehjMOHLP,b41,41,1,949,road,1,Not at all
11268,R_7f07S41ehjMOHLP,b43,43,1,974,Balloon,1,Not at all
11269,R_7f07S41ehjMOHLP,b43,43,2,985,lollipop,1,Not at all
11270,R_7f07S41ehjMOHLP,b43,43,3,993,saxophone,1,Not at all
11271,R_7f07S41ehjMOHLP,b44,44,1,1016,fan,1,Not at all
11272,R_7f07S41ehjMOHLP,b47,47,1,1102,balloon,1,Not at all
11273,R_7f07S41ehjMOHLP,b47,47,2,1126,treble clef,3,Moderately
11274,R_7f07S41ehjMOHLP,b48,48,1,1151,tee,5,Completely
11275,R_7f07S41ehjMOHLP,b51,51,1,1203,keyhole,1,Not at all
11276,R_7f07S41ehjMOHLP,b53,53,1,1243,Boat,5,Completely
11277,R_7f07S41ehjMOHLP,b55,55,1,1281,arrow,1,Not at all
11278,R_7f07S41ehjMOHLP,b59,59,1,1367,tripod,1,Not at all
11279,R_7f07S41ehjMOHLP,b60,60,1,1376,party hat,2,A little
11280,R_7g6CmmeRdBlV3FC,b1,1,1,3,scaffolding tower,4,A lot
11281,R_7g6CmmeRdBlV3FC,b2,2,1,4,roman numeral,1,Not at all
11282,R_7g6CmmeRdBlV3FC,b3,3,1,6,eyeglasses bridge,2,A little
11283,R_7g6CmmeRdBlV3FC,b6,6,1,12,spectacles frame,4,A lot
11284,R_7g6CmmeRdBlV3FC,b6,6,2,13,round glasses,4,A lot
11285,R_7g6CmmeRdBlV3FC,b7,7,1,19,h,1,Not at all
11286,R_7g6CmmeRdBlV3FC,b8,8,1,25,spectacle frame,1,Not at all
11287,R_7g6CmmeRdBlV3FC,b14,14,1,41,anchor,1,Not at all
11288,R_7g6CmmeRdBlV3FC,b15,15,1,44,hourglass,1,Not at all
11289,R_7g6CmmeRdBlV3FC,b17,17,1,49,snake tongue,3,Moderately
11290,R_7g6CmmeRdBlV3FC,b18,18,1,52,bow tie,1,Not at all
11291,R_7g6CmmeRdBlV3FC,b21,21,1,65,key,2,A little
11292,R_7g6CmmeRdBlV3FC,b24,24,1,75,water tap,1,Not at all
11293,R_7g6CmmeRdBlV3FC,b24,24,2,76,fishing hook,1,Not at all
11294,R_7g6CmmeRdBlV3FC,b25,25,1,78,paint roller,2,A little
11295,R_7g6CmmeRdBlV3FC,b29,29,1,94,turnstile gate,3,Moderately
11296,R_7g6CmmeRdBlV3FC,b29,29,2,96,bridge,2,A little
11297,R_7g6CmmeRdBlV3FC,b31,31,1,103,hourglass,1,Not at all
11298,R_7g6CmmeRdBlV3FC,b32,32,1,108,hanging lantern,1,Not at all
11299,R_7g6CmmeRdBlV3FC,b39,39,1,129,angel,1,Not at all
11300,R_7g6CmmeRdBlV3FC,b40,40,1,133,capital b,1,Not at all
11301,R_7g6CmmeRdBlV3FC,b40,40,2,134,hook gate,1,Not at all
11302,R_7g6CmmeRdBlV3FC,b43,43,1,144,apple,2,A little
11303,R_7g6CmmeRdBlV3FC,b45,45,1,153,lexus logo,1,Not at all
11304,R_7g6CmmeRdBlV3FC,b46,46,1,165,winged arch,2,A little
11305,R_7g6CmmeRdBlV3FC,b47,47,1,166,cartoon bomb,2,A little
11306,R_7g6CmmeRdBlV3FC,b51,51,1,182,compass dial,1,Not at all
11307,R_7g6CmmeRdBlV3FC,b57,57,1,197,capped diamond,2,A little
11308,R_7g6CmmeRdBlV3FC,b58,58,1,199,key,2,A little
11309,R_7g6CmmeRdBlV3FC,b59,59,1,202,ground rod,3,Moderately
11310,R_7gO3VpHBAlE296G,b4,4,1,48,cherries,1,Not at all
11311,R_7gO3VpHBAlE296G,b6,6,1,102,percentage sign,2,A little
11312,R_7gO3VpHBAlE296G,b13,13,1,229,tear drop,2,A little
11313,R_7gO3VpHBAlE296G,b16,16,1,278,fish hook,1,Not at all
11314,R_7gO3VpHBAlE296G,b16,16,2,292,Trapezoid,1,Not at all
11315,R_7gO3VpHBAlE296G,b17,17,1,311,hot air balloon,2,A little
11316,R_7gO3VpHBAlE296G,b18,18,1,346,Pencil,2,A little
11317,R_7gO3VpHBAlE296G,b20,20,1,393,crystal ball,2,A little
11318,R_7gO3VpHBAlE296G,b25,25,1,555,pickaxe,1,Not at all
11319,R_7gO3VpHBAlE296G,b27,27,1,580,book,1,Not at all
11320,R_7gO3VpHBAlE296G,b27,27,2,583,candy bar,1,Not at all
11321,R_7gO3VpHBAlE296G,b28,28,1,618,ribbon,1,Not at all
11322,R_7gO3VpHBAlE296G,b32,32,1,713,lollipop,1,Not at all
11323,R_7gO3VpHBAlE296G,b33,33,1,739,magnifying glass,1,Not at all
11324,R_7gO3VpHBAlE296G,b35,35,1,791,nose/eyes,3,Moderately
11325,R_7gO3VpHBAlE296G,b36,36,1,818,triangle,1,Not at all
11326,R_7gO3VpHBAlE296G,b37,37,1,831,circled triangle,2,A little
11327,R_7gO3VpHBAlE296G,b37,37,2,841,flower bud,3,Moderately
11328,R_7gO3VpHBAlE296G,b38,38,1,853,butterfly,1,Not at all
11329,R_7gO3VpHBAlE296G,b41,41,1,942,note,2,A little
11330,R_7gO3VpHBAlE296G,b42,42,1,971,vertical rectangles,3,Moderately
11331,R_7gO3VpHBAlE296G,b43,43,1,977,cat,1,Not at all
11332,R_7gO3VpHBAlE296G,b44,44,1,1009,Butterfly,1,Not at all
11333,R_7gO3VpHBAlE296G,b47,47,1,1117,Mouse,4,A lot
11334,R_7gO3VpHBAlE296G,b52,52,1,1225,letter F,5,Completely
11335,R_7gO3VpHBAlE296G,b55,55,1,1291,stand,3,Moderately
11336,R_7gO3VpHBAlE296G,b56,56,1,1301,circle,4,A lot
11337,R_7gO3VpHBAlE296G,b57,57,1,1319,cross brace,1,Not at all
11338,R_7gO3VpHBAlE296G,b57,57,2,1323,hourglass,4,A lot
11339,R_7gO3VpHBAlE296G,b57,57,3,1330,stacked triangles,2,A little
11340,R_7gT1t2iN3EzY9qv,b3,3,1,1389,heart,1,Not at all
11341,R_7gT1t2iN3EzY9qv,b4,4,1,1400,infinity symbol,1,Not at all
11342,R_7gT1t2iN3EzY9qv,b7,7,1,1423,fletched arrow,5,Completely
11343,R_7gT1t2iN3EzY9qv,b8,8,1,1430,human figure,1,Not at all
11344,R_7gT1t2iN3EzY9qv,b10,10,1,1446,fork and knife,2,A little
11345,R_7gT1t2iN3EzY9qv,b11,11,1,1451,picket fence,1,Not at all
11346,R_7gT1t2iN3EzY9qv,b14,14,1,1477,Skull,2,A little
11347,R_7gT1t2iN3EzY9qv,b17,17,1,1507,slingshot,2,A little
11348,R_7gT1t2iN3EzY9qv,b20,20,1,1537,user icon,4,A lot
11349,R_7gT1t2iN3EzY9qv,b21,21,1,1547,overturned cup,2,A little
11350,R_7gT1t2iN3EzY9qv,b25,25,1,1580,Skeleton key,2,A little
11351,R_7gT1t2iN3EzY9qv,b30,30,1,1638,trident fork,1,Not at all
11352,R_7gT1t2iN3EzY9qv,b32,32,1,1651,bell,2,A little
11353,R_7gT1t2iN3EzY9qv,b32,32,2,1653,upside-down table,1,Not at all
11354,R_7gT1t2iN3EzY9qv,b33,33,1,1660,spiked helmet,2,A little
11355,R_7gT1t2iN3EzY9qv,b33,33,2,1662,bell clapper,2,A little
11356,R_7gT1t2iN3EzY9qv,b35,35,1,1679,spade symbol,1,Not at all
11357,R_7gT1t2iN3EzY9qv,b38,38,1,1695,owl face,2,A little
11358,R_7gT1t2iN3EzY9qv,b39,39,1,1705,club symbol,1,Not at all
11359,R_7gT1t2iN3EzY9qv,b40,40,1,1722,Skeleton key,1,Not at all
11360,R_7gT1t2iN3EzY9qv,b42,42,1,1731,3x3 grid,1,Not at all
11361,R_7gT1t2iN3EzY9qv,b43,43,1,1742,Apple stem,2,A little
11362,R_7gT1t2iN3EzY9qv,b44,44,1,1749,power button,1,Not at all
11363,R_7gT1t2iN3EzY9qv,b48,48,1,1779,capital T,5,Completely
11364,R_7gT1t2iN3EzY9qv,b49,49,1,1786,sad face,1,Not at all
11365,R_7gT1t2iN3EzY9qv,b49,49,2,1796,evil chibi face,1,Not at all
11366,R_7gT1t2iN3EzY9qv,b51,51,1,1804,stick figure,1,Not at all
11367,R_7gT1t2iN3EzY9qv,b53,53,1,1821,hanging lamp,2,A little
11368,R_7gT1t2iN3EzY9qv,b55,55,1,1846,christmas tree,1,Not at all
11369,R_7gT1t2iN3EzY9qv,b56,56,1,1852,lowercase r,1,Not at all
11370,R_7hGVtKfiDOEjk9k,b2,2,1,12,sideways H,3,Moderately
11371,R_7hGVtKfiDOEjk9k,b3,3,1,23,broom,1,Not at all
11372,R_7hGVtKfiDOEjk9k,b5,5,1,72,glasses,3,Moderately
11373,R_7hGVtKfiDOEjk9k,b5,5,2,83,vase,1,Not at all
11374,R_7hGVtKfiDOEjk9k,b11,11,1,164,brush,2,A little
11375,R_7hGVtKfiDOEjk9k,b12,12,1,192,drinking fountain,3,Moderately
11376,R_7hGVtKfiDOEjk9k,b14,14,1,235,alien,2,A little
11377,R_7hGVtKfiDOEjk9k,b14,14,2,251,Music Note,1,Not at all
11378,R_7hGVtKfiDOEjk9k,b15,15,1,270,shield,2,A little
11379,R_7hGVtKfiDOEjk9k,b17,17,1,309,Head,2,A little
11380,R_7hGVtKfiDOEjk9k,b17,17,2,311,hot air balloon,4,A lot
11381,R_7hGVtKfiDOEjk9k,b20,20,1,388,Ant,1,Not at all
11382,R_7hGVtKfiDOEjk9k,b21,21,1,420,beanie,2,A little
11383,R_7hGVtKfiDOEjk9k,b21,21,2,430,Infinity symbol,2,A little
11384,R_7hGVtKfiDOEjk9k,b21,21,3,441,hot air balloon,2,A little
11385,R_7hGVtKfiDOEjk9k,b22,22,1,470,padlock,2,A little
11386,R_7hGVtKfiDOEjk9k,b23,23,1,497,Stop sign,2,A little
11387,R_7hGVtKfiDOEjk9k,b24,24,1,516,inverted chair,3,Moderately
11388,R_7hGVtKfiDOEjk9k,b27,27,1,580,book,3,Moderately
11389,R_7hGVtKfiDOEjk9k,b28,28,1,609,eyes,1,Not at all
11390,R_7hGVtKfiDOEjk9k,b29,29,1,644,stool,2,A little
11391,R_7hGVtKfiDOEjk9k,b32,32,1,716,nine,1,Not at all
11392,R_7hGVtKfiDOEjk9k,b32,32,2,719,stick figure,2,A little
11393,R_7hGVtKfiDOEjk9k,b34,34,1,772,scissors,4,A lot
11394,R_7hGVtKfiDOEjk9k,b41,41,1,935,heart,1,Not at all
11395,R_7hGVtKfiDOEjk9k,b47,47,1,1128,Wings,1,Not at all
11396,R_7hGVtKfiDOEjk9k,b50,50,1,1178,candelabra,2,A little
11397,R_7hGVtKfiDOEjk9k,b52,52,1,1222,flagpole,4,A lot
11398,R_7hGVtKfiDOEjk9k,b54,54,1,1270,golf club,1,Not at all
11399,R_7hGVtKfiDOEjk9k,b57,57,1,1335,windmill,1,Not at all
11400,R_7iJAt2J1bzCqsb4,b3,3,1,37,poll,1,Not at all
11401,R_7iJAt2J1bzCqsb4,b6,6,1,102,percentage sign,1,Not at all
11402,R_7iJAt2J1bzCqsb4,b8,8,1,123,bread,1,Not at all
11403,R_7iJAt2J1bzCqsb4,b10,10,1,159,Tree,1,Not at all
11404,R_7iJAt2J1bzCqsb4,b11,11,1,166,bug,1,Not at all
11405,R_7iJAt2J1bzCqsb4,b12,12,1,193,goblet,3,Moderately
11406,R_7iJAt2J1bzCqsb4,b13,13,1,221,mortar & pestle,1,Not at all
11407,R_7iJAt2J1bzCqsb4,b17,17,1,299,bridge,1,Not at all
11408,R_7iJAt2J1bzCqsb4,b17,17,2,305,funnel,1,Not at all
11409,R_7iJAt2J1bzCqsb4,b19,19,1,370,Kite,1,Not at all
11410,R_7iJAt2J1bzCqsb4,b19,19,2,387,ying yang,1,Not at all
11411,R_7iJAt2J1bzCqsb4,b22,22,1,458,face,1,Not at all
11412,R_7iJAt2J1bzCqsb4,b22,22,2,470,padlock,1,Not at all
11413,R_7iJAt2J1bzCqsb4,b23,23,1,500,traffic stop,1,Not at all
11414,R_7iJAt2J1bzCqsb4,b25,25,1,559,triangle,1,Not at all
11415,R_7iJAt2J1bzCqsb4,b27,27,1,600,Ruler,1,Not at all
11416,R_7iJAt2J1bzCqsb4,b30,30,1,666,helicopter,1,Not at all
11417,R_7iJAt2J1bzCqsb4,b30,30,2,676,wheelchair,1,Not at all
11418,R_7iJAt2J1bzCqsb4,b32,32,1,715,mushroom,1,Not at all
11419,R_7iJAt2J1bzCqsb4,b36,36,1,800,broadcast tower,1,Not at all
11420,R_7iJAt2J1bzCqsb4,b40,40,1,918,pouch,1,Not at all
11421,R_7iJAt2J1bzCqsb4,b41,41,1,926,coffee cup,4,A lot
11422,R_7iJAt2J1bzCqsb4,b43,43,1,980,earring,1,Not at all
11423,R_7iJAt2J1bzCqsb4,b43,43,2,983,hospital sign,1,Not at all
11424,R_7iJAt2J1bzCqsb4,b45,45,1,1052,key,1,Not at all
11425,R_7iJAt2J1bzCqsb4,b46,46,1,1081,lamp,2,A little
11426,R_7iJAt2J1bzCqsb4,b48,48,1,1135,hammer,1,Not at all
11427,R_7iJAt2J1bzCqsb4,b53,53,1,1255,spade,1,Not at all
11428,R_7iJAt2J1bzCqsb4,b56,56,1,1310,Potato,1,Not at all
11429,R_7iJAt2J1bzCqsb4,b60,60,1,1375,hut,2,A little
11430,R_7ifxkhAwjla8YO5,b3,3,1,1391,Handlebar mustache,1,Not at all
11431,R_7ifxkhAwjla8YO5,b3,3,2,1395,playing spade,1,Not at all
11432,R_7ifxkhAwjla8YO5,b4,4,1,1404,TIE fighter,1,Not at all
11433,R_7ifxkhAwjla8YO5,b5,5,1,1407,goggles,3,Moderately
11434,R_7ifxkhAwjla8YO5,b18,18,1,1515,butterfly wings,1,Not at all
11435,R_7ifxkhAwjla8YO5,b19,19,1,1520,wheelchair,1,Not at all
11436,R_7ifxkhAwjla8YO5,b19,19,2,1524,CD slot,1,Not at all
11437,R_7ifxkhAwjla8YO5,b20,20,1,1537,user icon,5,Completely
11438,R_7ifxkhAwjla8YO5,b23,23,1,1564,hand mirror,5,Completely
11439,R_7ifxkhAwjla8YO5,b25,25,1,1578,Tuning fork,3,Moderately
11440,R_7ifxkhAwjla8YO5,b25,25,2,1583,Flagpole signpost,1,Not at all
11441,R_7ifxkhAwjla8YO5,b29,29,1,1626,hand,1,Not at all
11442,R_7ifxkhAwjla8YO5,b30,30,1,1645,Hinge pin,2,A little
11443,R_7ifxkhAwjla8YO5,b36,36,1,1669,bird footprint,5,Completely
11444,R_7ifxkhAwjla8YO5,b36,36,2,1683,downward arrow,2,A little
11445,R_7ifxkhAwjla8YO5,b38,38,1,1702,ice cream scoops on a cone,5,Completely
11446,R_7ifxkhAwjla8YO5,b41,41,1,1725,pipe,1,Not at all
11447,R_7ifxkhAwjla8YO5,b41,41,2,1728,Flag sign,1,Not at all
11448,R_7ifxkhAwjla8YO5,b42,42,1,1732,tic-tac-toe board,2,A little
11449,R_7ifxkhAwjla8YO5,b45,45,1,1758,hanging target,1,Not at all
11450,R_7ifxkhAwjla8YO5,b49,49,1,1786,sad face,1,Not at all
11451,R_7ifxkhAwjla8YO5,b49,49,2,1788,spade symbol,1,Not at all
11452,R_7ifxkhAwjla8YO5,b49,49,3,1790,butterfly knife,1,Not at all
11453,R_7ifxkhAwjla8YO5,b49,49,4,1793,Owl face,1,Not at all
11454,R_7ifxkhAwjla8YO5,b51,51,1,1807,flag emblem,2,A little
11455,R_7ifxkhAwjla8YO5,b52,52,1,1812,sideways T,1,Not at all
11456,R_7ifxkhAwjla8YO5,b54,54,1,1832,treble clef,4,A lot
11457,R_7ifxkhAwjla8YO5,b56,56,1,1859,kite emblem,1,Not at all
11458,R_7ifxkhAwjla8YO5,b56,56,2,1868,circle with a V towards the top,4,A lot
11459,R_7ifxkhAwjla8YO5,b59,59,1,1884,Greek temple,3,Moderately
11460,R_7jOjhISef8ZaFGr,b2,2,1,9,hash,1,Not at all
11461,R_7jOjhISef8ZaFGr,b4,4,1,61,tongs,1,Not at all
11462,R_7jOjhISef8ZaFGr,b5,5,1,84,woman,1,Not at all
11463,R_7jOjhISef8ZaFGr,b6,6,1,96,handcuffs,2,A little
11464,R_7jOjhISef8ZaFGr,b7,7,1,120,wine glass,1,Not at all
11465,R_7jOjhISef8ZaFGr,b8,8,1,121,abstract glyph,1,Not at all
11466,R_7jOjhISef8ZaFGr,b11,11,1,176,milking stool,1,Not at all
11467,R_7jOjhISef8ZaFGr,b15,15,1,260,bucket,1,Not at all
11468,R_7jOjhISef8ZaFGr,b18,18,1,331,face,1,Not at all
11469,R_7jOjhISef8ZaFGr,b20,20,1,409,person,5,Completely
11470,R_7jOjhISef8ZaFGr,b21,21,1,425,Crane,1,Not at all
11471,R_7jOjhISef8ZaFGr,b21,21,2,439,keyhole,2,A little
11472,R_7jOjhISef8ZaFGr,b22,22,1,472,play button,1,Not at all
11473,R_7jOjhISef8ZaFGr,b22,22,2,477,speech bubble,1,Not at all
11474,R_7jOjhISef8ZaFGr,b23,23,1,482,balloon,5,Completely
11475,R_7jOjhISef8ZaFGr,b25,25,1,554,open box,3,Moderately
11476,R_7jOjhISef8ZaFGr,b26,26,1,567,Cone,1,Not at all
11477,R_7jOjhISef8ZaFGr,b27,27,1,596,parking lot,1,Not at all
11478,R_7jOjhISef8ZaFGr,b30,30,1,670,person,1,Not at all
11479,R_7jOjhISef8ZaFGr,b31,31,1,694,stick person,3,Moderately
11480,R_7jOjhISef8ZaFGr,b32,32,1,701,Champagne glass,5,Completely
11481,R_7jOjhISef8ZaFGr,b38,38,1,860,gift bow,1,Not at all
11482,R_7jOjhISef8ZaFGr,b41,41,1,935,heart,1,Not at all
11483,R_7jOjhISef8ZaFGr,b43,43,1,981,eighth note,1,Not at all
11484,R_7jOjhISef8ZaFGr,b45,45,1,1054,LG symbol,2,A little
11485,R_7jOjhISef8ZaFGr,b47,47,1,1112,key,1,Not at all
11486,R_7jOjhISef8ZaFGr,b49,49,1,1167,love,3,Moderately
11487,R_7jOjhISef8ZaFGr,b49,49,2,1171,pendant lights,1,Not at all
11488,R_7jOjhISef8ZaFGr,b50,50,1,1194,tree,1,Not at all
11489,R_7jOjhISef8ZaFGr,b52,52,1,1232,signpost,2,A little
11490,R_7jVUCXR2kk7WGvQ,b3,3,1,32,fancy binoculars,1,Not at all
11491,R_7jVUCXR2kk7WGvQ,b5,5,1,67,butterfly,1,Not at all
11492,R_7jVUCXR2kk7WGvQ,b5,5,2,75,key,1,Not at all
11493,R_7jVUCXR2kk7WGvQ,b6,6,1,102,percentage sign,1,Not at all
11494,R_7jVUCXR2kk7WGvQ,b7,7,1,113,spire,1,Not at all
11495,R_7jVUCXR2kk7WGvQ,b10,10,1,144,Broken ladder,1,Not at all
11496,R_7jVUCXR2kk7WGvQ,b14,14,1,249,Huge circle,1,Not at all
11497,R_7jVUCXR2kk7WGvQ,b16,16,1,281,hourglass,1,Not at all
11498,R_7jVUCXR2kk7WGvQ,b18,18,1,354,van,1,Not at all
11499,R_7jVUCXR2kk7WGvQ,b19,19,1,370,Kite,2,A little
11500,R_7jVUCXR2kk7WGvQ,b24,24,1,526,rectangle,1,Not at all
11501,R_7jVUCXR2kk7WGvQ,b27,27,1,594,letter W,1,Not at all
11502,R_7jVUCXR2kk7WGvQ,b29,29,1,626,bow and arrow,1,Not at all
11503,R_7jVUCXR2kk7WGvQ,b31,31,1,689,person,1,Not at all
11504,R_7jVUCXR2kk7WGvQ,b34,34,1,762,face,1,Not at all
11505,R_7jVUCXR2kk7WGvQ,b35,35,1,784,cone,1,Not at all
11506,R_7jVUCXR2kk7WGvQ,b39,39,1,878,football player,1,Not at all
11507,R_7jVUCXR2kk7WGvQ,b40,40,1,896,bed,1,Not at all
11508,R_7jVUCXR2kk7WGvQ,b40,40,2,911,letter R,1,Not at all
11509,R_7jVUCXR2kk7WGvQ,b41,41,1,940,Mailbox,1,Not at all
11510,R_7jVUCXR2kk7WGvQ,b42,42,1,972,waffle,4,A lot
11511,R_7jVUCXR2kk7WGvQ,b43,43,1,974,Balloon,2,A little
11512,R_7jVUCXR2kk7WGvQ,b43,43,2,993,saxophone,1,Not at all
11513,R_7jVUCXR2kk7WGvQ,b43,43,3,999,sucker,1,Not at all
11514,R_7jVUCXR2kk7WGvQ,b45,45,1,1053,lefty,1,Not at all
11515,R_7jVUCXR2kk7WGvQ,b50,50,1,1192,stick person,5,Completely
11516,R_7jVUCXR2kk7WGvQ,b50,50,2,1193,stickman,5,Completely
11517,R_7jVUCXR2kk7WGvQ,b50,50,3,1194,tree,1,Not at all
11518,R_7jVUCXR2kk7WGvQ,b52,52,1,1227,line,3,Moderately
11519,R_7jVUCXR2kk7WGvQ,b55,55,1,1291,stand,2,A little
11520,R_7k4Bmv5lvZxfyu6,b3,3,1,36,key,1,Not at all
11521,R_7k4Bmv5lvZxfyu6,b7,7,1,109,railroad track,2,A little
11522,R_7k4Bmv5lvZxfyu6,b9,9,1,132,ant,1,Not at all
11523,R_7k4Bmv5lvZxfyu6,b10,10,1,147,fork,4,A lot
11524,R_7k4Bmv5lvZxfyu6,b12,12,1,183,bridge,1,Not at all
11525,R_7k4Bmv5lvZxfyu6,b12,12,2,197,mushroom,1,Not at all
11526,R_7k4Bmv5lvZxfyu6,b14,14,1,244,face,1,Not at all
11527,R_7k4Bmv5lvZxfyu6,b19,19,1,373,oval,1,Not at all
11528,R_7k4Bmv5lvZxfyu6,b20,20,1,418,Vessel,1,Not at all
11529,R_7k4Bmv5lvZxfyu6,b21,21,1,431,person,5,Completely
11530,R_7k4Bmv5lvZxfyu6,b21,21,2,441,hot air balloon,1,Not at all
11531,R_7k4Bmv5lvZxfyu6,b23,23,1,492,magnifying glass,4,A lot
11532,R_7k4Bmv5lvZxfyu6,b29,29,1,639,potted plant,3,Moderately
11533,R_7k4Bmv5lvZxfyu6,b29,29,2,645,top,2,A little
11534,R_7k4Bmv5lvZxfyu6,b30,30,1,653,Boat,1,Not at all
11535,R_7k4Bmv5lvZxfyu6,b30,30,2,674,train,1,Not at all
11536,R_7k4Bmv5lvZxfyu6,b36,36,1,806,letter M,2,A little
11537,R_7k4Bmv5lvZxfyu6,b36,36,2,813,slingshot handle,4,A lot
11538,R_7k4Bmv5lvZxfyu6,b38,38,1,854,clubs symbol,3,Moderately
11539,R_7k4Bmv5lvZxfyu6,b39,39,1,872,bow tie,1,Not at all
11540,R_7k4Bmv5lvZxfyu6,b39,39,2,887,owl,1,Not at all
11541,R_7k4Bmv5lvZxfyu6,b43,43,1,982,Hook,1,Not at all
11542,R_7k4Bmv5lvZxfyu6,b43,43,2,1003,watch,1,Not at all
11543,R_7k4Bmv5lvZxfyu6,b43,43,3,1004,weather vane,1,Not at all
11544,R_7k4Bmv5lvZxfyu6,b44,44,1,1030,OVAL,3,Moderately
11545,R_7k4Bmv5lvZxfyu6,b46,46,1,1085,mushroom,2,A little
11546,R_7k4Bmv5lvZxfyu6,b47,47,1,1114,Kite,3,Moderately
11547,R_7k4Bmv5lvZxfyu6,b50,50,1,1189,slingshot,1,Not at all
11548,R_7k4Bmv5lvZxfyu6,b51,51,1,1208,RADIO,1,Not at all
11549,R_7k4Bmv5lvZxfyu6,b53,53,1,1258,turtle,1,Not at all
11550,R_7lLirAzkNbEOlhP,b2,2,1,10,ladder,5,Completely
11551,R_7lLirAzkNbEOlhP,b2,2,2,17,zibracrossing,4,A lot
11552,R_7lLirAzkNbEOlhP,b9,9,1,141,clover,3,Moderately
11553,R_7lLirAzkNbEOlhP,b12,12,1,187,church bell,1,Not at all
11554,R_7lLirAzkNbEOlhP,b14,14,1,240,crab claw,3,Moderately
11555,R_7lLirAzkNbEOlhP,b16,16,1,283,ice cream,5,Completely
11556,R_7lLirAzkNbEOlhP,b18,18,1,351,speech bubble,1,Not at all
11557,R_7lLirAzkNbEOlhP,b19,19,1,366,globe,1,Not at all
11558,R_7lLirAzkNbEOlhP,b19,19,2,371,mechanical arm,2,A little
11559,R_7lLirAzkNbEOlhP,b19,19,3,383,teapot,1,Not at all
11560,R_7lLirAzkNbEOlhP,b24,24,1,517,lamp post,1,Not at all
11561,R_7lLirAzkNbEOlhP,b24,24,2,519,letter N,1,Not at all
11562,R_7lLirAzkNbEOlhP,b25,25,1,546,letter C,1,Not at all
11563,R_7lLirAzkNbEOlhP,b25,25,2,555,pickaxe,1,Not at all
11564,R_7lLirAzkNbEOlhP,b26,26,1,567,Cone,2,A little
11565,R_7lLirAzkNbEOlhP,b27,27,1,588,euro symbol,1,Not at all
11566,R_7lLirAzkNbEOlhP,b28,28,1,607,cylinder,1,Not at all
11567,R_7lLirAzkNbEOlhP,b31,31,1,679,anchor,1,Not at all
11568,R_7lLirAzkNbEOlhP,b32,32,1,713,lollipop,1,Not at all
11569,R_7lLirAzkNbEOlhP,b32,32,2,714,martini glass,5,Completely
11570,R_7lLirAzkNbEOlhP,b33,33,1,735,key,1,Not at all
11571,R_7lLirAzkNbEOlhP,b34,34,1,765,hourglass,1,Not at all
11572,R_7lLirAzkNbEOlhP,b35,35,1,780,bow tie,3,Moderately
11573,R_7lLirAzkNbEOlhP,b35,35,2,782,cherries,2,A little
11574,R_7lLirAzkNbEOlhP,b37,37,1,847,person,1,Not at all
11575,R_7lLirAzkNbEOlhP,b37,37,2,848,Race track,1,Not at all
11576,R_7lLirAzkNbEOlhP,b41,41,1,954,trapezium,1,Not at all
11577,R_7lLirAzkNbEOlhP,b43,43,1,984,keyhole,1,Not at all
11578,R_7lLirAzkNbEOlhP,b44,44,1,1044,tadpole,3,Moderately
11579,R_7lLirAzkNbEOlhP,b54,54,1,1271,key,1,Not at all
11580,R_7ltX2GlaXMhto10,b1,1,1,3,stacked H's,3,Moderately
11581,R_7ltX2GlaXMhto10,b3,3,1,29,dried,1,Not at all
11582,R_7ltX2GlaXMhto10,b13,13,1,211,door hinge,1,Not at all
11583,R_7ltX2GlaXMhto10,b18,18,1,333,flower,1,Not at all
11584,R_7ltX2GlaXMhto10,b19,19,1,381,tape dispenser,1,Not at all
11585,R_7ltX2GlaXMhto10,b20,20,1,391,Boat,1,Not at all
11586,R_7ltX2GlaXMhto10,b21,21,1,440,snowman,2,A little
11587,R_7ltX2GlaXMhto10,b23,23,1,493,microphone,3,Moderately
11588,R_7ltX2GlaXMhto10,b30,30,1,674,train,1,Not at all
11589,R_7ltX2GlaXMhto10,b32,32,1,708,goblet,5,Completely
11590,R_7ltX2GlaXMhto10,b32,32,2,719,stick figure,2,A little
11591,R_7ltX2GlaXMhto10,b32,32,3,720,table,1,Not at all
11592,R_7ltX2GlaXMhto10,b33,33,1,725,anchor,2,A little
11593,R_7ltX2GlaXMhto10,b33,33,2,730,cupcake,1,Not at all
11594,R_7ltX2GlaXMhto10,b36,36,1,817,tree diagram,2,A little
11595,R_7ltX2GlaXMhto10,b37,37,1,828,bubble pipe,1,Not at all
11596,R_7ltX2GlaXMhto10,b38,38,1,855,cone,2,A little
11597,R_7ltX2GlaXMhto10,b41,41,1,949,road,1,Not at all
11598,R_7ltX2GlaXMhto10,b42,42,1,973,window,5,Completely
11599,R_7ltX2GlaXMhto10,b44,44,1,1040,sun glasses,1,Not at all
11600,R_7ltX2GlaXMhto10,b46,46,1,1075,handcuffs,1,Not at all
11601,R_7ltX2GlaXMhto10,b47,47,1,1122,snail,1,Not at all
11602,R_7ltX2GlaXMhto10,b47,47,2,1126,treble clef,1,Not at all
11603,R_7ltX2GlaXMhto10,b48,48,1,1145,pedestal table,2,A little
11604,R_7ltX2GlaXMhto10,b48,48,2,1146,plus sign,1,Not at all
11605,R_7ltX2GlaXMhto10,b49,49,1,1169,mountain,1,Not at all
11606,R_7ltX2GlaXMhto10,b53,53,1,1249,lightening bolt,1,Not at all
11607,R_7ltX2GlaXMhto10,b55,55,1,1294,wine glass,3,Moderately
11608,R_7ltX2GlaXMhto10,b57,57,1,1334,truss bridge,1,Not at all
11609,R_7ltX2GlaXMhto10,b57,57,2,1336,window,1,Not at all
11610,R_7lyN6Q5wZkuVgNR,b4,4,1,45,belly button,1,Not at all
11611,R_7lyN6Q5wZkuVgNR,b4,4,2,58,pulley,1,Not at all
11612,R_7lyN6Q5wZkuVgNR,b5,5,1,68,chair,1,Not at all
11613,R_7lyN6Q5wZkuVgNR,b10,10,1,147,fork,4,A lot
11614,R_7lyN6Q5wZkuVgNR,b11,11,1,180,table,1,Not at all
11615,R_7lyN6Q5wZkuVgNR,b12,12,1,188,circle,1,Not at all
11616,R_7lyN6Q5wZkuVgNR,b12,12,2,205,wine glass,5,Completely
11617,R_7lyN6Q5wZkuVgNR,b13,13,1,217,letter T,1,Not at all
11618,R_7lyN6Q5wZkuVgNR,b18,18,1,329,cone,4,A lot
11619,R_7lyN6Q5wZkuVgNR,b18,18,2,345,parabola,1,Not at all
11620,R_7lyN6Q5wZkuVgNR,b18,18,3,347,Pie,1,Not at all
11621,R_7lyN6Q5wZkuVgNR,b19,19,1,375,s-hook,1,Not at all
11622,R_7lyN6Q5wZkuVgNR,b20,20,1,393,crystal ball,4,A lot
11623,R_7lyN6Q5wZkuVgNR,b21,21,1,428,head and shoulders,3,Moderately
11624,R_7lyN6Q5wZkuVgNR,b22,22,1,479,triangle circle,2,A little
11625,R_7lyN6Q5wZkuVgNR,b23,23,1,483,brain,1,Not at all
11626,R_7lyN6Q5wZkuVgNR,b29,29,1,632,goal post,1,Not at all
11627,R_7lyN6Q5wZkuVgNR,b30,30,1,652,bench,1,Not at all
11628,R_7lyN6Q5wZkuVgNR,b33,33,1,743,planted sapling,1,Not at all
11629,R_7lyN6Q5wZkuVgNR,b35,35,1,788,glasses,2,A little
11630,R_7lyN6Q5wZkuVgNR,b37,37,1,835,dragonfly,1,Not at all
11631,R_7lyN6Q5wZkuVgNR,b42,42,1,967,square,4,A lot
11632,R_7lyN6Q5wZkuVgNR,b43,43,1,988,pendulum,1,Not at all
11633,R_7lyN6Q5wZkuVgNR,b46,46,1,1076,heart,1,Not at all
11634,R_7lyN6Q5wZkuVgNR,b47,47,1,1121,scissors,1,Not at all
11635,R_7lyN6Q5wZkuVgNR,b54,54,1,1276,paperclip,1,Not at all
11636,R_7lyN6Q5wZkuVgNR,b55,55,1,1285,flagpole,2,A little
11637,R_7lyN6Q5wZkuVgNR,b56,56,1,1306,eyeball,1,Not at all
11638,R_7lyN6Q5wZkuVgNR,b56,56,2,1311,power button,1,Not at all
11639,R_7lyN6Q5wZkuVgNR,b57,57,1,1322,heavy lift,1,Not at all
11640,R_7mcX4TCYVPAWjwR,b6,6,1,1413,bow tie,2,A little
11641,R_7mcX4TCYVPAWjwR,b8,8,1,1429,Ship anchor,1,Not at all
11642,R_7mcX4TCYVPAWjwR,b9,9,1,1437,butterfly bow,4,A lot
11643,R_7mcX4TCYVPAWjwR,b10,10,1,1448,Hair comb,1,Not at all
11644,R_7mcX4TCYVPAWjwR,b10,10,2,1895,inverted comb,1,Not at all
11645,R_7mcX4TCYVPAWjwR,b12,12,1,1460,table lamp,1,Not at all
11646,R_7mcX4TCYVPAWjwR,b13,13,1,1469,bulb,1,Not at all
11647,R_7mcX4TCYVPAWjwR,b14,14,1,1481,Contained Ds,2,A little
11648,R_7mcX4TCYVPAWjwR,b19,19,1,1528,hot coffee,1,Not at all
11649,R_7mcX4TCYVPAWjwR,b20,20,1,1532,mushroom,1,Not at all
11650,R_7mcX4TCYVPAWjwR,b20,20,2,1541,pulley hook,3,Moderately
11651,R_7mcX4TCYVPAWjwR,b21,21,1,1554,ice cream,1,Not at all
11652,R_7mcX4TCYVPAWjwR,b23,23,1,1563,Stethoscope silhouette,1,Not at all
11653,R_7mcX4TCYVPAWjwR,b24,24,1,1574,pipe wrench,3,Moderately
11654,R_7mcX4TCYVPAWjwR,b26,26,1,1589,pennant flag,5,Completely
11655,R_7mcX4TCYVPAWjwR,b26,26,2,1592,less-than sign,1,Not at all
11656,R_7mcX4TCYVPAWjwR,b26,26,3,1595,Flagpole arrow,1,Not at all
11657,R_7mcX4TCYVPAWjwR,b26,26,4,1597,coat hanger,1,Not at all
11658,R_7mcX4TCYVPAWjwR,b27,27,1,1602,battery symbol,5,Completely
11659,R_7mcX4TCYVPAWjwR,b29,29,1,1627,wine glass,1,Not at all
11660,R_7mcX4TCYVPAWjwR,b48,48,1,1781,sledge hammer,1,Not at all
11661,R_7mcX4TCYVPAWjwR,b50,50,1,1798,inverted trident,1,Not at all
11662,R_7mcX4TCYVPAWjwR,b50,50,2,1801,Boat anchor,2,A little
11663,R_7mcX4TCYVPAWjwR,b52,52,1,1811,shelf bracket,4,A lot
11664,R_7mcX4TCYVPAWjwR,b53,53,1,1828,Fish hook,1,Not at all
11665,R_7mcX4TCYVPAWjwR,b54,54,1,1838,fishing hook,1,Not at all
11666,R_7mcX4TCYVPAWjwR,b55,55,1,1842,letter T,1,Not at all
11667,R_7mcX4TCYVPAWjwR,b57,57,1,1870,scissor jack,1,Not at all
11668,R_7mcX4TCYVPAWjwR,b57,57,2,1912,Rotated grid,1,Not at all
11669,R_7mcX4TCYVPAWjwR,b59,59,1,1881,triangular signpost,5,Completely
11670,R_7nGygYTHGbFGsqb,b8,8,1,124,butterfly,2,A little
11671,R_7nGygYTHGbFGsqb,b10,10,1,160,Trident,5,Completely
11672,R_7nGygYTHGbFGsqb,b11,11,1,173,goal post,1,Not at all
11673,R_7nGygYTHGbFGsqb,b13,13,1,218,magnifying glass,1,Not at all
11674,R_7nGygYTHGbFGsqb,b13,13,2,220,monogram,1,Not at all
11675,R_7nGygYTHGbFGsqb,b15,15,1,261,cat,1,Not at all
11676,R_7nGygYTHGbFGsqb,b16,16,1,290,shield,2,A little
11677,R_7nGygYTHGbFGsqb,b17,17,1,314,icecream cone,5,Completely
11678,R_7nGygYTHGbFGsqb,b18,18,1,331,face,1,Not at all
11679,R_7nGygYTHGbFGsqb,b18,18,2,351,speech bubble,1,Not at all
11680,R_7nGygYTHGbFGsqb,b18,18,3,354,van,1,Not at all
11681,R_7nGygYTHGbFGsqb,b19,19,1,359,chess,1,Not at all
11682,R_7nGygYTHGbFGsqb,b19,19,2,364,faucet,1,Not at all
11683,R_7nGygYTHGbFGsqb,b19,19,3,382,teapot,1,Not at all
11684,R_7nGygYTHGbFGsqb,b20,20,1,396,glasses,1,Not at all
11685,R_7nGygYTHGbFGsqb,b21,21,1,439,keyhole,3,Moderately
11686,R_7nGygYTHGbFGsqb,b22,22,1,453,closed eye,1,Not at all
11687,R_7nGygYTHGbFGsqb,b23,23,1,488,head and shoulders,1,Not at all
11688,R_7nGygYTHGbFGsqb,b24,24,1,509,comb,1,Not at all
11689,R_7nGygYTHGbFGsqb,b24,24,2,524,plus sign,1,Not at all
11690,R_7nGygYTHGbFGsqb,b25,25,1,536,bed,1,Not at all
11691,R_7nGygYTHGbFGsqb,b29,29,1,633,hanger,1,Not at all
11692,R_7nGygYTHGbFGsqb,b32,32,1,705,door knocker,1,Not at all
11693,R_7nGygYTHGbFGsqb,b35,35,1,779,bow,2,A little
11694,R_7nGygYTHGbFGsqb,b39,39,1,881,glasses and nose,1,Not at all
11695,R_7nGygYTHGbFGsqb,b44,44,1,1021,infinity symbol,1,Not at all
11696,R_7nGygYTHGbFGsqb,b44,44,2,1026,lollipop,1,Not at all
11697,R_7nGygYTHGbFGsqb,b46,46,1,1089,pop-up toaster,1,Not at all
11698,R_7nGygYTHGbFGsqb,b57,57,1,1320,Electric symbol,1,Not at all
11699,R_7nGygYTHGbFGsqb,b57,57,2,1326,railroad crossing,1,Not at all
11700,R_7nYOYITzlvWnAdW,b5,5,1,79,scissors,1,Not at all
11701,R_7nYOYITzlvWnAdW,b13,13,1,230,toilet,1,Not at all
11702,R_7nYOYITzlvWnAdW,b14,14,1,237,bear face,1,Not at all
11703,R_7nYOYITzlvWnAdW,b17,17,1,300,chalice,1,Not at all
11704,R_7nYOYITzlvWnAdW,b18,18,1,349,sailboat,1,Not at all
11705,R_7nYOYITzlvWnAdW,b19,19,1,378,Sphere,1,Not at all
11706,R_7nYOYITzlvWnAdW,b19,19,2,381,tape dispenser,1,Not at all
11707,R_7nYOYITzlvWnAdW,b20,20,1,407,padlock,2,A little
11708,R_7nYOYITzlvWnAdW,b21,21,1,437,woman,4,A lot
11709,R_7nYOYITzlvWnAdW,b22,22,1,471,ping pong,1,Not at all
11710,R_7nYOYITzlvWnAdW,b22,22,2,474,rectangle,1,Not at all
11711,R_7nYOYITzlvWnAdW,b23,23,1,498,streetlamp,2,A little
11712,R_7nYOYITzlvWnAdW,b24,24,1,527,robot claw,1,Not at all
11713,R_7nYOYITzlvWnAdW,b25,25,1,546,letter C,1,Not at all
11714,R_7nYOYITzlvWnAdW,b31,31,1,691,snowman,1,Not at all
11715,R_7nYOYITzlvWnAdW,b32,32,1,722,tree,1,Not at all
11716,R_7nYOYITzlvWnAdW,b36,36,1,811,rake,4,A lot
11717,R_7nYOYITzlvWnAdW,b37,37,1,848,Race track,1,Not at all
11718,R_7nYOYITzlvWnAdW,b37,37,2,850,stick figure,1,Not at all
11719,R_7nYOYITzlvWnAdW,b38,38,1,866,smiley face,1,Not at all
11720,R_7nYOYITzlvWnAdW,b41,41,1,948,pregnancy,1,Not at all
11721,R_7nYOYITzlvWnAdW,b43,43,1,999,sucker,1,Not at all
11722,R_7nYOYITzlvWnAdW,b44,44,1,1013,Computer Mouse,4,A lot
11723,R_7nYOYITzlvWnAdW,b44,44,2,1022,ink pencil,1,Not at all
11724,R_7nYOYITzlvWnAdW,b45,45,1,1059,person,1,Not at all
11725,R_7nYOYITzlvWnAdW,b47,47,1,1115,lamp,1,Not at all
11726,R_7nYOYITzlvWnAdW,b48,48,1,1133,flagpole,1,Not at all
11727,R_7nYOYITzlvWnAdW,b52,52,1,1225,letter F,5,Completely
11728,R_7nYOYITzlvWnAdW,b58,58,1,1346,pipe wrench,1,Not at all
11729,R_7nYOYITzlvWnAdW,b59,59,1,1364,sailboat,1,Not at all
11730,R_7o5MNOipq0Gagmh,b2,2,1,1388,three-rung ladder,5,Completely
11731,R_7o5MNOipq0Gagmh,b5,5,1,1406,butterfly wings,1,Not at all
11732,R_7o5MNOipq0Gagmh,b6,6,1,1413,bow tie,3,Moderately
11733,R_7o5MNOipq0Gagmh,b6,6,2,1417,eyeglasses with antennas,5,Completely
11734,R_7o5MNOipq0Gagmh,b13,13,1,1475,table lamp,2,A little
11735,R_7o5MNOipq0Gagmh,b13,13,2,1896,greek phi,1,Not at all
11736,R_7o5MNOipq0Gagmh,b15,15,1,1482,Yield sign,1,Not at all
11737,R_7o5MNOipq0Gagmh,b16,16,1,1499,Trophy cup,2,A little
11738,R_7o5MNOipq0Gagmh,b20,20,1,1535,lollipop,2,A little
11739,R_7o5MNOipq0Gagmh,b21,21,1,1548,coffee cup,1,Not at all
11740,R_7o5MNOipq0Gagmh,b24,24,1,1574,pipe wrench,2,A little
11741,R_7o5MNOipq0Gagmh,b26,26,1,1596,axe,2,A little
11742,R_7o5MNOipq0Gagmh,b26,26,2,1598,triangle attached to a straight line,5,Completely
11743,R_7o5MNOipq0Gagmh,b27,27,1,1609,2 square stacked into each other,5,Completely
11744,R_7o5MNOipq0Gagmh,b28,28,1,1612,bra,4,A lot
11745,R_7o5MNOipq0Gagmh,b29,29,1,1623,plunger,3,Moderately
11746,R_7o5MNOipq0Gagmh,b33,33,1,1657,hammer,2,A little
11747,R_7o5MNOipq0Gagmh,b33,33,2,1659,toilet plunger,4,A lot
11748,R_7o5MNOipq0Gagmh,b36,36,1,1669,bird footprint,5,Completely
11749,R_7o5MNOipq0Gagmh,b45,45,1,1762,power button,2,A little
11750,R_7o5MNOipq0Gagmh,b50,50,1,1801,Boat anchor,1,Not at all
11751,R_7o5MNOipq0Gagmh,b51,51,1,1806,tripod camera,4,A lot
11752,R_7o5MNOipq0Gagmh,b52,52,1,1812,sideways T,2,A little
11753,R_7o5MNOipq0Gagmh,b53,53,1,1824,snow globe,1,Not at all
11754,R_7o5MNOipq0Gagmh,b53,53,2,1828,Fish hook,1,Not at all
11755,R_7o5MNOipq0Gagmh,b54,54,1,1829,planted sword,1,Not at all
11756,R_7o5MNOipq0Gagmh,b56,56,1,1857,registered symbol,1,Not at all
11757,R_7o5MNOipq0Gagmh,b58,58,1,1878,Umbrella handle,4,A lot
11758,R_7o5MNOipq0Gagmh,b59,59,1,1885,up arrow,4,A lot
11759,R_7o5MNOipq0Gagmh,b59,59,2,1887,Campfire tripod,1,Not at all
11760,R_7oOI4Br4XJ23Qrf,b3,3,1,19,barbell,1,Not at all
11761,R_7oOI4Br4XJ23Qrf,b4,4,1,53,goggles,1,Not at all
11762,R_7oOI4Br4XJ23Qrf,b6,6,1,90,bra,2,A little
11763,R_7oOI4Br4XJ23Qrf,b10,10,1,143,barcode,1,Not at all
11764,R_7oOI4Br4XJ23Qrf,b10,10,2,154,Numeral Three,1,Not at all
11765,R_7oOI4Br4XJ23Qrf,b11,11,1,163,broom,1,Not at all
11766,R_7oOI4Br4XJ23Qrf,b17,17,1,308,guitar pick,2,A little
11767,R_7oOI4Br4XJ23Qrf,b22,22,1,462,heart,1,Not at all
11768,R_7oOI4Br4XJ23Qrf,b24,24,1,530,Thread holder,1,Not at all
11769,R_7oOI4Br4XJ23Qrf,b27,27,1,583,candy bar,1,Not at all
11770,R_7oOI4Br4XJ23Qrf,b27,27,2,584,coconut,1,Not at all
11771,R_7oOI4Br4XJ23Qrf,b30,30,1,655,box,1,Not at all
11772,R_7oOI4Br4XJ23Qrf,b31,31,1,695,Sun Horizon,1,Not at all
11773,R_7oOI4Br4XJ23Qrf,b35,35,1,789,goggles,1,Not at all
11774,R_7oOI4Br4XJ23Qrf,b36,36,1,820,tuning fork,2,A little
11775,R_7oOI4Br4XJ23Qrf,b37,37,1,845,key,2,A little
11776,R_7oOI4Br4XJ23Qrf,b41,41,1,935,heart,1,Not at all
11777,R_7oOI4Br4XJ23Qrf,b43,43,1,984,keyhole,1,Not at all
11778,R_7oOI4Br4XJ23Qrf,b43,43,2,995,Snake,1,Not at all
11779,R_7oOI4Br4XJ23Qrf,b44,44,1,1031,pitchfork,1,Not at all
11780,R_7oOI4Br4XJ23Qrf,b46,46,1,1080,ice cream,1,Not at all
11781,R_7oOI4Br4XJ23Qrf,b47,47,1,1116,mountain,1,Not at all
11782,R_7oOI4Br4XJ23Qrf,b50,50,1,1183,hourglass,1,Not at all
11783,R_7oOI4Br4XJ23Qrf,b51,51,1,1201,house,1,Not at all
11784,R_7oOI4Br4XJ23Qrf,b52,52,1,1229,pattern,1,Not at all
11785,R_7oOI4Br4XJ23Qrf,b54,54,1,1276,paperclip,1,Not at all
11786,R_7oOI4Br4XJ23Qrf,b56,56,1,1303,diagram,1,Not at all
11787,R_7oOI4Br4XJ23Qrf,b57,57,1,1333,tie,1,Not at all
11788,R_7oOI4Br4XJ23Qrf,b59,59,1,1368,vortex,1,Not at all
11789,R_7oOI4Br4XJ23Qrf,b60,60,1,1380,TV,1,Not at all
11790,R_7pMoZVtX8fbCqaL,b7,7,1,107,arrow,4,A lot
11791,R_7pMoZVtX8fbCqaL,b9,9,1,134,butterfly,4,A lot
11792,R_7pMoZVtX8fbCqaL,b9,9,2,135,Mountain,1,Not at all
11793,R_7pMoZVtX8fbCqaL,b11,11,1,175,interval graph,1,Not at all
11794,R_7pMoZVtX8fbCqaL,b17,17,1,318,Paris,1,Not at all
11795,R_7pMoZVtX8fbCqaL,b18,18,1,333,flower,1,Not at all
11796,R_7pMoZVtX8fbCqaL,b19,19,1,361,coffee cup,1,Not at all
11797,R_7pMoZVtX8fbCqaL,b19,19,2,375,s-hook,2,A little
11798,R_7pMoZVtX8fbCqaL,b21,21,1,422,Bulb,1,Not at all
11799,R_7pMoZVtX8fbCqaL,b23,23,1,491,Lollipop,5,Completely
11800,R_7pMoZVtX8fbCqaL,b24,24,1,513,gun barrel,1,Not at all
11801,R_7pMoZVtX8fbCqaL,b27,27,1,582,Box,2,A little
11802,R_7pMoZVtX8fbCqaL,b27,27,2,598,rail tracks,1,Not at all
11803,R_7pMoZVtX8fbCqaL,b27,27,3,600,Ruler,1,Not at all
11804,R_7pMoZVtX8fbCqaL,b28,28,1,615,Lollipops,1,Not at all
11805,R_7pMoZVtX8fbCqaL,b30,30,1,664,fish skeleton,5,Completely
11806,R_7pMoZVtX8fbCqaL,b31,31,1,686,flower,1,Not at all
11807,R_7pMoZVtX8fbCqaL,b32,32,1,717,scarecrow,1,Not at all
11808,R_7pMoZVtX8fbCqaL,b33,33,1,741,mushroom,2,A little
11809,R_7pMoZVtX8fbCqaL,b37,37,1,840,flower,2,A little
11810,R_7pMoZVtX8fbCqaL,b40,40,1,905,flagpole,1,Not at all
11811,R_7pMoZVtX8fbCqaL,b42,42,1,969,tic-tac-toe,1,Not at all
11812,R_7pMoZVtX8fbCqaL,b43,43,1,979,dollar sign,1,Not at all
11813,R_7pMoZVtX8fbCqaL,b43,43,2,991,question mark,1,Not at all
11814,R_7pMoZVtX8fbCqaL,b46,46,1,1069,Circle,2,A little
11815,R_7pMoZVtX8fbCqaL,b47,47,1,1106,circular shrug,1,Not at all
11816,R_7pMoZVtX8fbCqaL,b48,48,1,1133,flagpole,1,Not at all
11817,R_7pMoZVtX8fbCqaL,b48,48,2,1136,I imagined a X,1,Not at all
11818,R_7pMoZVtX8fbCqaL,b58,58,1,1344,Motor Boat,1,Not at all
11819,R_7pMoZVtX8fbCqaL,b59,59,1,1362,rhombus,1,Not at all
11820,R_7pgvy0k0EPrRvlT,b1,1,1,1382,ladder rungs,5,Completely
11821,R_7pgvy0k0EPrRvlT,b6,6,1,1416,headphones,1,Not at all
11822,R_7pgvy0k0EPrRvlT,b8,8,1,1432,caduceus,1,Not at all
11823,R_7pgvy0k0EPrRvlT,b9,9,1,1437,butterfly bow,2,A little
11824,R_7pgvy0k0EPrRvlT,b11,11,1,1452,dinner fork,1,Not at all
11825,R_7pgvy0k0EPrRvlT,b12,12,1,1466,Dried,1,Not at all
11826,R_7pgvy0k0EPrRvlT,b17,17,1,1507,slingshot,3,Moderately
11827,R_7pgvy0k0EPrRvlT,b18,18,1,1509,speech balloon,2,A little
11828,R_7pgvy0k0EPrRvlT,b19,19,1,1524,CD slot,1,Not at all
11829,R_7pgvy0k0EPrRvlT,b25,25,1,1578,Tuning fork,4,A lot
11830,R_7pgvy0k0EPrRvlT,b25,25,2,1580,Skeleton key,2,A little
11831,R_7pgvy0k0EPrRvlT,b26,26,1,1587,stick figure,3,Moderately
11832,R_7pgvy0k0EPrRvlT,b26,26,2,1591,anchor symbol,2,A little
11833,R_7pgvy0k0EPrRvlT,b33,33,1,1657,hammer,1,Not at all
11834,R_7pgvy0k0EPrRvlT,b33,33,2,1667,Church bell,1,Not at all
11835,R_7pgvy0k0EPrRvlT,b35,35,1,1679,spade symbol,1,Not at all
11836,R_7pgvy0k0EPrRvlT,b38,38,1,1695,owl face,1,Not at all
11837,R_7pgvy0k0EPrRvlT,b39,39,1,1715,stacked symbol,2,A little
11838,R_7pgvy0k0EPrRvlT,b40,40,1,1720,EP,1,Not at all
11839,R_7pgvy0k0EPrRvlT,b41,41,1,1727,parking sign,1,Not at all
11840,R_7pgvy0k0EPrRvlT,b41,41,2,1729,flag,1,Not at all
11841,R_7pgvy0k0EPrRvlT,b42,42,1,1736,Lined square,5,Completely
11842,R_7pgvy0k0EPrRvlT,b44,44,1,1751,saxophone key,2,A little
11843,R_7pgvy0k0EPrRvlT,b48,48,1,1785,corner bracket,3,Moderately
11844,R_7pgvy0k0EPrRvlT,b49,49,1,1792,broken heart,1,Not at all
11845,R_7pgvy0k0EPrRvlT,b49,49,2,1796,evil chibi face,1,Not at all
11846,R_7pgvy0k0EPrRvlT,b53,53,1,1828,Fish hook,1,Not at all
11847,R_7pgvy0k0EPrRvlT,b54,54,1,1836,Flag stand,4,A lot
11848,R_7pgvy0k0EPrRvlT,b59,59,1,1883,Sword,1,Not at all
11849,R_7pgvy0k0EPrRvlT,b59,59,2,1886,upward arrow,2,A little
11850,R_7rjtp9uNaX6Hywq,b4,4,1,53,goggles,1,Not at all
11851,R_7rjtp9uNaX6Hywq,b13,13,1,222,Mushroom,1,Not at all
11852,R_7rjtp9uNaX6Hywq,b16,16,1,291,sno-cone,5,Completely
11853,R_7rjtp9uNaX6Hywq,b18,18,1,328,Catapult,1,Not at all
11854,R_7rjtp9uNaX6Hywq,b19,19,1,364,faucet,1,Not at all
11855,R_7rjtp9uNaX6Hywq,b21,21,1,424,circles,1,Not at all
11856,R_7rjtp9uNaX6Hywq,b22,22,1,463,horn,5,Completely
11857,R_7rjtp9uNaX6Hywq,b26,26,1,566,check mark,1,Not at all
11858,R_7rjtp9uNaX6Hywq,b30,30,1,661,Drill,2,A little
11859,R_7rjtp9uNaX6Hywq,b30,30,2,676,wheelchair,1,Not at all
11860,R_7rjtp9uNaX6Hywq,b33,33,1,730,cupcake,1,Not at all
11861,R_7rjtp9uNaX6Hywq,b33,33,2,752,tank turret,1,Not at all
11862,R_7rjtp9uNaX6Hywq,b35,35,1,778,bicycle,1,Not at all
11863,R_7rjtp9uNaX6Hywq,b35,35,2,783,cloudy mountain,1,Not at all
11864,R_7rjtp9uNaX6Hywq,b36,36,1,804,fork,2,A little
11865,R_7rjtp9uNaX6Hywq,b38,38,1,858,fruit basket,1,Not at all
11866,R_7rjtp9uNaX6Hywq,b39,39,1,870,balloons,5,Completely
11867,R_7rjtp9uNaX6Hywq,b39,39,2,879,gift bow,1,Not at all
11868,R_7rjtp9uNaX6Hywq,b40,40,1,914,padlock,5,Completely
11869,R_7rjtp9uNaX6Hywq,b41,41,1,934,gift box,1,Not at all
11870,R_7rjtp9uNaX6Hywq,b44,44,1,1017,hanger,1,Not at all
11871,R_7rjtp9uNaX6Hywq,b46,46,1,1074,Grenade,1,Not at all
11872,R_7rjtp9uNaX6Hywq,b47,47,1,1129,Yo-yo,1,Not at all
11873,R_7rjtp9uNaX6Hywq,b48,48,1,1132,Drawn Bow,1,Not at all
11874,R_7rjtp9uNaX6Hywq,b49,49,1,1161,bull skull,1,Not at all
11875,R_7rjtp9uNaX6Hywq,b51,51,1,1207,present,1,Not at all
11876,R_7rjtp9uNaX6Hywq,b52,52,1,1228,lowercase r,1,Not at all
11877,R_7rjtp9uNaX6Hywq,b55,55,1,1284,coat rack,1,Not at all
11878,R_7rjtp9uNaX6Hywq,b56,56,1,1298,balloon,1,Not at all
11879,R_7rjtp9uNaX6Hywq,b60,60,1,1372,diamond,1,Not at all
11880,R_7sGdfWZWx3ARb3P,b1,1,1,1383,ladder structure,5,Completely
11881,R_7sGdfWZWx3ARb3P,b4,4,1,1400,infinity symbol,1,Not at all
11882,R_7sGdfWZWx3ARb3P,b8,8,1,1427,winged scepter,2,A little
11883,R_7sGdfWZWx3ARb3P,b8,8,2,1430,human figure,1,Not at all
11884,R_7sGdfWZWx3ARb3P,b10,10,1,1444,Cyrillic letter,4,A lot
11885,R_7sGdfWZWx3ARb3P,b10,10,2,1449,table,1,Not at all
11886,R_7sGdfWZWx3ARb3P,b12,12,1,1461,lying person,1,Not at all
11887,R_7sGdfWZWx3ARb3P,b12,12,2,1462,Desk lamp,3,Moderately
11888,R_7sGdfWZWx3ARb3P,b17,17,1,1502,bell,1,Not at all
11889,R_7sGdfWZWx3ARb3P,b19,19,1,1527,skeleton key,1,Not at all
11890,R_7sGdfWZWx3ARb3P,b20,20,1,1537,user icon,4,A lot
11891,R_7sGdfWZWx3ARb3P,b21,21,1,1551,snail,1,Not at all
11892,R_7sGdfWZWx3ARb3P,b24,24,1,1574,pipe wrench,1,Not at all
11893,R_7sGdfWZWx3ARb3P,b26,26,1,1586,signpost,4,A lot
11894,R_7sGdfWZWx3ARb3P,b26,26,2,1587,stick figure,1,Not at all
11895,R_7sGdfWZWx3ARb3P,b27,27,1,1600,picture frame,2,A little
11896,R_7sGdfWZWx3ARb3P,b28,28,1,1615,headphones,2,A little
11897,R_7sGdfWZWx3ARb3P,b29,29,1,1624,exclamation mark,1,Not at all
11898,R_7sGdfWZWx3ARb3P,b30,30,1,1637,comb,1,Not at all
11899,R_7sGdfWZWx3ARb3P,b30,30,2,1643,HD icon,4,A lot
11900,R_7sGdfWZWx3ARb3P,b30,30,3,1645,Hinge pin,3,Moderately
11901,R_7sGdfWZWx3ARb3P,b33,33,1,1667,Church bell,2,A little
11902,R_7sGdfWZWx3ARb3P,b38,38,1,1701,triple scoop ice cream cone,4,A lot
11903,R_7sGdfWZWx3ARb3P,b39,39,1,1705,club symbol,1,Not at all
11904,R_7sGdfWZWx3ARb3P,b39,39,2,1711,pulley system,3,Moderately
11905,R_7sGdfWZWx3ARb3P,b43,43,1,1747,Treble clef,1,Not at all
11906,R_7sGdfWZWx3ARb3P,b46,46,1,1768,Butterfly wings,1,Not at all
11907,R_7sGdfWZWx3ARb3P,b49,49,1,1789,spade,1,Not at all
11908,R_7sGdfWZWx3ARb3P,b49,49,2,1792,broken heart,2,A little
11909,R_7sGdfWZWx3ARb3P,b54,54,1,1831,skeleton key,4,A lot
11910,R_7sakxPWNecIxUaH,b3,3,1,19,barbell,1,Not at all
11911,R_7sakxPWNecIxUaH,b8,8,1,129,flower,1,Not at all
11912,R_7sakxPWNecIxUaH,b9,9,1,142,owl,1,Not at all
11913,R_7sakxPWNecIxUaH,b10,10,1,145,Comb,1,Not at all
11914,R_7sakxPWNecIxUaH,b14,14,1,237,bear face,1,Not at all
11915,R_7sakxPWNecIxUaH,b15,15,1,264,honeycomb,1,Not at all
11916,R_7sakxPWNecIxUaH,b17,17,1,314,icecream cone,5,Completely
11917,R_7sakxPWNecIxUaH,b17,17,2,318,Paris,1,Not at all
11918,R_7sakxPWNecIxUaH,b18,18,1,332,flag,1,Not at all
11919,R_7sakxPWNecIxUaH,b23,23,1,495,sculpture,1,Not at all
11920,R_7sakxPWNecIxUaH,b27,27,1,576,2 squares,3,Moderately
11921,R_7sakxPWNecIxUaH,b28,28,1,613,hydrogen peroxide,1,Not at all
11922,R_7sakxPWNecIxUaH,b32,32,1,699,anchor,1,Not at all
11923,R_7sakxPWNecIxUaH,b33,33,1,739,magnifying glass,1,Not at all
11924,R_7sakxPWNecIxUaH,b33,33,2,747,semicircle,1,Not at all
11925,R_7sakxPWNecIxUaH,b36,36,1,814,spearhead,1,Not at all
11926,R_7sakxPWNecIxUaH,b37,37,1,824,animal,1,Not at all
11927,R_7sakxPWNecIxUaH,b37,37,2,830,Cherries,1,Not at all
11928,R_7sakxPWNecIxUaH,b38,38,1,854,clubs symbol,1,Not at all
11929,R_7sakxPWNecIxUaH,b39,39,1,881,glasses and nose,1,Not at all
11930,R_7sakxPWNecIxUaH,b41,41,1,930,dog,1,Not at all
11931,R_7sakxPWNecIxUaH,b49,49,1,1174,Triangle,1,Not at all
11932,R_7sakxPWNecIxUaH,b51,51,1,1198,crest,1,Not at all
11933,R_7sakxPWNecIxUaH,b51,51,2,1209,Robot,2,A little
11934,R_7sakxPWNecIxUaH,b53,53,1,1250,microscope,1,Not at all
11935,R_7sakxPWNecIxUaH,b53,53,2,1256,swing set,1,Not at all
11936,R_7sakxPWNecIxUaH,b56,56,1,1310,Potato,1,Not at all
11937,R_7sakxPWNecIxUaH,b56,56,2,1314,sliced pie,5,Completely
11938,R_7sakxPWNecIxUaH,b57,57,1,1330,stacked triangles,3,Moderately
11939,R_7sakxPWNecIxUaH,b57,57,2,1337,zipper,1,Not at all
11940,R_7vFzL4kvS6w0pEZ,b3,3,1,19,barbell,1,Not at all
11941,R_7vFzL4kvS6w0pEZ,b4,4,1,62,two ds,2,A little
11942,R_7vFzL4kvS6w0pEZ,b5,5,1,67,butterfly,1,Not at all
11943,R_7vFzL4kvS6w0pEZ,b13,13,1,208,chalice,4,A lot
11944,R_7vFzL4kvS6w0pEZ,b13,13,2,224,Scale,1,Not at all
11945,R_7vFzL4kvS6w0pEZ,b14,14,1,235,alien,1,Not at all
11946,R_7vFzL4kvS6w0pEZ,b16,16,1,277,download icon,1,Not at all
11947,R_7vFzL4kvS6w0pEZ,b17,17,1,324,tulip,1,Not at all
11948,R_7vFzL4kvS6w0pEZ,b18,18,1,334,guitar pick,1,Not at all
11949,R_7vFzL4kvS6w0pEZ,b20,20,1,409,person,3,Moderately
11950,R_7vFzL4kvS6w0pEZ,b21,21,1,431,person,4,A lot
11951,R_7vFzL4kvS6w0pEZ,b24,24,1,503,anchor,1,Not at all
11952,R_7vFzL4kvS6w0pEZ,b24,24,2,523,pipe fitting,1,Not at all
11953,R_7vFzL4kvS6w0pEZ,b24,24,3,530,Thread holder,1,Not at all
11954,R_7vFzL4kvS6w0pEZ,b25,25,1,535,backwards L,1,Not at all
11955,R_7vFzL4kvS6w0pEZ,b27,27,1,601,Square,1,Not at all
11956,R_7vFzL4kvS6w0pEZ,b29,29,1,644,stool,1,Not at all
11957,R_7vFzL4kvS6w0pEZ,b31,31,1,696,tripod,1,Not at all
11958,R_7vFzL4kvS6w0pEZ,b31,31,2,697,tuning fork,1,Not at all
11959,R_7vFzL4kvS6w0pEZ,b34,34,1,764,heart,1,Not at all
11960,R_7vFzL4kvS6w0pEZ,b34,34,2,774,Volcano,1,Not at all
11961,R_7vFzL4kvS6w0pEZ,b35,35,1,776,beak,1,Not at all
11962,R_7vFzL4kvS6w0pEZ,b36,36,1,812,roof shape,1,Not at all
11963,R_7vFzL4kvS6w0pEZ,b44,44,1,1011,christmas ornament,1,Not at all
11964,R_7vFzL4kvS6w0pEZ,b44,44,2,1029,necklace,1,Not at all
11965,R_7vFzL4kvS6w0pEZ,b46,46,1,1070,circle square,1,Not at all
11966,R_7vFzL4kvS6w0pEZ,b47,47,1,1112,key,1,Not at all
11967,R_7vFzL4kvS6w0pEZ,b54,54,1,1268,flag,1,Not at all
11968,R_7vFzL4kvS6w0pEZ,b54,54,2,1276,paperclip,1,Not at all
11969,R_7vFzL4kvS6w0pEZ,b57,57,1,1326,railroad crossing,1,Not at all
11970,R_7wuGxf4zxSe7lml,b3,3,1,32,fancy binoculars,2,A little
11971,R_7wuGxf4zxSe7lml,b5,5,1,67,butterfly,1,Not at all
11972,R_7wuGxf4zxSe7lml,b5,5,2,75,key,1,Not at all
11973,R_7wuGxf4zxSe7lml,b6,6,1,102,percentage sign,2,A little
11974,R_7wuGxf4zxSe7lml,b7,7,1,113,spire,1,Not at all
11975,R_7wuGxf4zxSe7lml,b10,10,1,144,Broken ladder,1,Not at all
11976,R_7wuGxf4zxSe7lml,b14,14,1,249,Huge circle,1,Not at all
11977,R_7wuGxf4zxSe7lml,b16,16,1,281,hourglass,1,Not at all
11978,R_7wuGxf4zxSe7lml,b17,17,1,326,wishbone,1,Not at all
11979,R_7wuGxf4zxSe7lml,b18,18,1,354,van,1,Not at all
11980,R_7wuGxf4zxSe7lml,b19,19,1,370,Kite,1,Not at all
11981,R_7wuGxf4zxSe7lml,b24,24,1,526,rectangle,1,Not at all
11982,R_7wuGxf4zxSe7lml,b25,25,1,559,triangle,1,Not at all
11983,R_7wuGxf4zxSe7lml,b27,27,1,594,letter W,1,Not at all
11984,R_7wuGxf4zxSe7lml,b29,29,1,626,bow and arrow,1,Not at all
11985,R_7wuGxf4zxSe7lml,b31,31,1,689,person,4,A lot
11986,R_7wuGxf4zxSe7lml,b34,34,1,762,face,1,Not at all
11987,R_7wuGxf4zxSe7lml,b35,35,1,777,berry,1,Not at all
11988,R_7wuGxf4zxSe7lml,b35,35,2,784,cone,1,Not at all
11989,R_7wuGxf4zxSe7lml,b39,39,1,878,football player,1,Not at all
11990,R_7wuGxf4zxSe7lml,b40,40,1,896,bed,1,Not at all
11991,R_7wuGxf4zxSe7lml,b40,40,2,910,letter B,1,Not at all
11992,R_7wuGxf4zxSe7lml,b40,40,3,911,letter R,2,A little
11993,R_7wuGxf4zxSe7lml,b42,42,1,972,waffle,4,A lot
11994,R_7wuGxf4zxSe7lml,b43,43,1,974,Balloon,1,Not at all
11995,R_7wuGxf4zxSe7lml,b43,43,2,993,saxophone,1,Not at all
11996,R_7wuGxf4zxSe7lml,b43,43,3,999,sucker,1,Not at all
11997,R_7wuGxf4zxSe7lml,b45,45,1,1053,lefty,1,Not at all
11998,R_7wuGxf4zxSe7lml,b47,47,1,1110,dog shape,1,Not at all
11999,R_7wuGxf4zxSe7lml,b55,55,1,1280,arm,1,Not at all
12000,R_7yOFgP0c0Kfd8aZ,b2,2,1,13,stairs,1,Not at all
12001,R_7yOFgP0c0Kfd8aZ,b3,3,1,34,glasses,2,A little
12002,R_7yOFgP0c0Kfd8aZ,b5,5,1,74,joined letters,2,A little
12003,R_7yOFgP0c0Kfd8aZ,b5,5,2,82,two lungs,1,Not at all
12004,R_7yOFgP0c0Kfd8aZ,b6,6,1,93,glasses,4,A lot
12005,R_7yOFgP0c0Kfd8aZ,b8,8,1,122,bow tie,1,Not at all
12006,R_7yOFgP0c0Kfd8aZ,b15,15,1,259,arrow,1,Not at all
12007,R_7yOFgP0c0Kfd8aZ,b17,17,1,312,house roof,1,Not at all
12008,R_7yOFgP0c0Kfd8aZ,b17,17,2,313,ice cream,4,A lot
12009,R_7yOFgP0c0Kfd8aZ,b19,19,1,364,faucet,1,Not at all
12010,R_7yOFgP0c0Kfd8aZ,b19,19,2,365,fruit,1,Not at all
12011,R_7yOFgP0c0Kfd8aZ,b19,19,3,378,Sphere,1,Not at all
12012,R_7yOFgP0c0Kfd8aZ,b22,22,1,464,Icecream cone,1,Not at all
12013,R_7yOFgP0c0Kfd8aZ,b26,26,1,569,flag pole,4,A lot
12014,R_7yOFgP0c0Kfd8aZ,b26,26,2,570,letter K,1,Not at all
12015,R_7yOFgP0c0Kfd8aZ,b37,37,1,822,anchor,1,Not at all
12016,R_7yOFgP0c0Kfd8aZ,b39,39,1,882,Hourglass,1,Not at all
12017,R_7yOFgP0c0Kfd8aZ,b40,40,1,909,keyhole,1,Not at all
12018,R_7yOFgP0c0Kfd8aZ,b41,41,1,947,Point,2,A little
12019,R_7yOFgP0c0Kfd8aZ,b41,41,2,955,turtle,3,Moderately
12020,R_7yOFgP0c0Kfd8aZ,b43,43,1,975,bike handle,1,Not at all
12021,R_7yOFgP0c0Kfd8aZ,b43,43,2,991,question mark,1,Not at all
12022,R_7yOFgP0c0Kfd8aZ,b45,45,1,1048,cup,1,Not at all
12023,R_7yOFgP0c0Kfd8aZ,b45,45,2,1058,magnifying glass,1,Not at all
12024,R_7yOFgP0c0Kfd8aZ,b47,47,1,1111,dollar sign,1,Not at all
12025,R_7yOFgP0c0Kfd8aZ,b47,47,2,1118,musical clef,1,Not at all
12026,R_7yOFgP0c0Kfd8aZ,b53,53,1,1243,Boat,5,Completely
12027,R_7yOFgP0c0Kfd8aZ,b53,53,2,1251,musical note,1,Not at all
12028,R_7yOFgP0c0Kfd8aZ,b56,56,1,1316,verified icon,1,Not at all
12029,R_7yOFgP0c0Kfd8aZ,b58,58,1,1341,fishing hook,1,Not at all
12030,R_7yipXFEi07M0alP,b2,2,1,4,roman numeral,1,Not at all
12031,R_7yipXFEi07M0alP,b3,3,1,5,scale hourglass,1,Not at all
12032,R_7yipXFEi07M0alP,b4,4,1,8,parentheses,1,Not at all
12033,R_7yipXFEi07M0alP,b9,9,1,28,hourglass seal,1,Not at all
12034,R_7yipXFEi07M0alP,b11,11,1,33,trident fork,5,Completely
12035,R_7yipXFEi07M0alP,b11,11,2,34,power plug,2,A little
12036,R_7yipXFEi07M0alP,b12,12,1,37,serif y,2,A little
12037,R_7yipXFEi07M0alP,b16,16,1,47,stone arch,1,Not at all
12038,R_7yipXFEi07M0alP,b19,19,1,59,spacer bar,1,Not at all
12039,R_7yipXFEi07M0alP,b21,21,1,67,skeleton key,1,Not at all
12040,R_7yipXFEi07M0alP,b26,26,1,84,arrow shaft,1,Not at all
12041,R_7yipXFEi07M0alP,b27,27,1,86,open frame,1,Not at all
12042,R_7yipXFEi07M0alP,b28,28,1,89,bed,1,Not at all
12043,R_7yipXFEi07M0alP,b28,28,2,90,male symbol,1,Not at all
12044,R_7yipXFEi07M0alP,b29,29,1,96,bridge,2,A little
12045,R_7yipXFEi07M0alP,b30,30,1,97,door jamb,1,Not at all
12046,R_7yipXFEi07M0alP,b30,30,2,98,beer mug,1,Not at all
12047,R_7yipXFEi07M0alP,b32,32,1,106,skeleton key,1,Not at all
12048,R_7yipXFEi07M0alP,b32,32,2,107,teeter totter,1,Not at all
12049,R_7yipXFEi07M0alP,b33,33,1,112,teacup,1,Not at all
12050,R_7yipXFEi07M0alP,b40,40,1,132,door window,1,Not at all
12051,R_7yipXFEi07M0alP,b42,42,1,140,windowpane,4,A lot
12052,R_7yipXFEi07M0alP,b44,44,1,151,ps ligature,2,A little
12053,R_7yipXFEi07M0alP,b45,45,1,158,doughnut stand,1,Not at all
12054,R_7yipXFEi07M0alP,b46,46,1,160,ionic capital,1,Not at all
12055,R_7yipXFEi07M0alP,b48,48,1,172,t shape,5,Completely
12056,R_7yipXFEi07M0alP,b50,50,1,177,balloon man,2,A little
12057,R_7yipXFEi07M0alP,b53,53,1,186,cave entrance,1,Not at all
12058,R_7yipXFEi07M0alP,b54,54,1,189,anchor symbol,1,Not at all
12059,R_7yipXFEi07M0alP,b56,56,1,192,drawer pull,1,Not at all
