,ResponseId,overall_score,normal_score,expert_score,diff_normed_score,n_graded,n_ungraded,n_total,mean_score_per_item,mean_diff_normed_score_per_item,accumulated_difficulty,VVIQ_sum,VVIQ_mean,VVIQ_std,VVIQ - 01,VVIQ - 02,VVIQ - 03,VVIQ - 04,VVIQ - 05,VVIQ - 06,VVIQ - 07,VVIQ - 08,VVIQ - 09,VVIQ - 10,VVIQ - 11,VVIQ - 12,VVIQ - 13,VVIQ - 14,VVIQ - 15,VVIQ - 16
14,R_6G88HMPnMd2CyLe,52.47857142857143,50.457142857142856,54.5,19.824248153122102,14,1,15,3.4985714285714287,1.3216165435414735,9.465862333449325,29,1.8125,0.4031128874149275,2,2,2,2,2,2,2,2,1,2,1,1,2,2,2,2
52,R_18IHc8q1xLCnQHe,40.416666666666664,35.333333333333336,45.5,15.133635648938732,8,7,15,2.694444444444444,1.0089090432625822,9.553487459670759,29,1.8125,0.6551081335677849,2,1,2,1,2,1,1,1,3,2,2,2,2,2,3,2
55,R_5IME3bnJF5C8vPK,38.800000000000004,38.6,39.0,16.047455791207188,15,0,15,2.586666666666667,1.0698303860804792,9.307465428303,23,1.4375,0.6291528696058958,2,3,1,1,2,1,1,2,2,1,2,1,1,1,1,1
